ds,trend,yhat_lower,yhat_upper,trend_lower,trend_upper,additive_terms,additive_terms_lower,additive_terms_upper,weekly,weekly_lower,weekly_upper,yearly,yearly_lower,yearly_upper,multiplicative_terms,multiplicative_terms_lower,multiplicative_terms_upper,yhat
2018-01-01,1190.69564026,1157.5771367192222,1412.1079724271187,1190.69564026,1190.69564026,96.52859846505964,96.52859846505964,96.52859846505964,-11.318739975438312,-11.318739975438312,-11.318739975438312,107.84733844049796,107.84733844049796,107.84733844049796,0.0,0.0,0.0,1287.2242387250594
2018-01-02,1195.1321275420512,1172.6901531180104,1432.1550248751298,1195.1321275420512,1195.1321275420512,102.45401518433346,102.45401518433346,102.45401518433346,-9.813608091913663,-9.813608091913663,-9.813608091913663,112.26762327624712,112.26762327624712,112.26762327624712,0.0,0.0,0.0,1297.5861427263847
2018-01-03,1199.5686148241027,1173.904387451977,1430.1607173758832,1199.5686148241027,1199.5686148241027,108.30906684406608,108.30906684406608,108.30906684406608,-8.435019098179035,-8.435019098179035,-8.435019098179035,116.74408594224512,116.74408594224512,116.74408594224512,0.0,0.0,0.0,1307.8776816681689
2018-01-04,1204.0051021061538,1179.9818660581543,1439.1770711055492,1204.0051021061538,1204.0051021061538,111.19031828012702,111.19031828012702,111.19031828012702,-10.075088241784643,-10.075088241784643,-10.075088241784643,121.26540652191166,121.26540652191166,121.26540652191166,0.0,0.0,0.0,1315.1954203862808
2018-01-05,1208.441589388205,1186.9293636570662,1449.7744252202592,1208.441589388205,1208.441589388205,114.21878726493033,114.21878726493033,114.21878726493033,-11.600021620783792,-11.600021620783792,-11.600021620783792,125.81880888571412,125.81880888571412,125.81880888571412,0.0,0.0,0.0,1322.6603766531355
2018-01-08,1221.751051234359,1217.0466597952454,1479.2584385365546,1221.751051234359,1221.751051234359,128.2054867636799,128.2054867636799,128.2054867636799,-11.31873997546231,-11.31873997546231,-11.31873997546231,139.52422673914222,139.52422673914222,139.52422673914222,0.0,0.0,0.0,1349.9565379980388
2018-01-09,1226.18753851641,1234.8823537240473,1489.174621321422,1226.18753851641,1226.18753851641,134.23959953950907,134.23959953950907,134.23959953950907,-9.813608091919011,-9.813608091919011,-9.813608091919011,144.05320763142808,144.05320763142808,144.05320763142808,0.0,0.0,0.0,1360.4271380559192
2018-01-10,1230.6240257984614,1235.7355532098065,1504.3665276947063,1230.6240257984614,1230.6240257984614,140.0980411420941,140.0980411420941,140.0980411420941,-8.435019098242083,-8.435019098242083,-8.435019098242083,148.5330602403362,148.5330602403362,148.5330602403362,0.0,0.0,0.0,1370.7220669405556
2018-01-11,1235.060513080513,1248.848492766908,1512.375858739812,1235.060513080513,1235.060513080513,142.8702403251891,142.8702403251891,142.8702403251891,-10.075088241779412,-10.075088241779412,-10.075088241779412,152.9453285669685,152.9453285669685,152.9453285669685,0.0,0.0,0.0,1377.930753405702
2018-01-12,1239.497000362564,1256.9405488125758,1525.4246512763432,1239.497000362564,1239.497000362564,145.67129860308287,145.67129860308287,145.67129860308287,-11.600021620757106,-11.600021620757106,-11.600021620757106,157.27132022384,157.27132022384,157.27132022384,0.0,0.0,0.0,1385.168298965647
2018-01-15,1252.806462208718,1289.3724849158016,1538.9747212378331,1252.806462208718,1252.806462208718,158.22731801036514,158.22731801036514,158.22731801036514,-11.318739975501186,-11.318739975501186,-11.318739975501186,169.5460579858663,169.5460579858663,169.5460579858663,0.0,0.0,0.0,1411.033780219083
2018-01-16,1257.2429494907692,1294.0940307048284,1554.8613587316295,1257.2429494907692,1257.2429494907692,163.52979868852535,163.52979868852535,163.52979868852535,-9.813608091951243,-9.813608091951243,-9.813608091951243,173.3434067804766,173.3434067804766,173.3434067804766,0.0,0.0,0.0,1420.7727481792945
2018-01-17,1261.6794367728205,1304.7439727429792,1568.5455944477935,1261.6794367728205,1261.6794367728205,168.53047477296218,168.53047477296218,168.53047477296218,-8.435019098220199,-8.435019098220199,-8.435019098220199,176.9654938711824,176.9654938711824,176.9654938711824,0.0,0.0,0.0,1430.2099115457827
2018-01-18,1266.1159240548716,1306.4959459091483,1559.7191845144905,1266.1159240548716,1266.1159240548716,170.32179390947672,170.32179390947672,170.32179390947672,-10.075088241808908,-10.075088241808908,-10.075088241808908,180.39688215128564,180.39688215128564,180.39688215128564,0.0,0.0,0.0,1436.4377179643484
2018-01-19,1270.5524113369231,1313.87200658327,1585.2358236103346,1270.5524113369231,1270.5524113369231,172.02329597635963,172.02329597635963,172.02329597635963,-11.60002162073042,-11.60002162073042,-11.60002162073042,183.62331759709005,183.62331759709005,183.62331759709005,0.0,0.0,0.0,1442.5757073132827
2018-01-22,1283.8618731830768,1333.6737422594215,1606.7321420518401,1283.8618731830768,1283.8618731830768,180.6315364526314,180.6315364526314,180.6315364526314,-11.318739975449772,-11.318739975449772,-11.318739975449772,191.95027642808117,191.95027642808117,191.95027642808117,0.0,0.0,0.0,1464.4934096357083
2018-01-23,1288.298360465128,1344.564208966867,1613.6205369249258,1288.298360465128,1288.298360465128,184.4276974490434,184.4276974490434,184.4276974490434,-9.81360809195659,-9.81360809195659,-9.81360809195659,194.24130554099997,194.24130554099997,194.24130554099997,0.0,0.0,0.0,1472.7260579141714
2018-01-24,1292.7348477471794,1356.707162121898,1607.5162968820875,1292.7348477471794,1292.7348477471794,187.8416338250719,187.8416338250719,187.8416338250719,-8.435019098198309,-8.435019098198309,-8.435019098198309,196.27665292327023,196.27665292327023,196.27665292327023,0.0,0.0,0.0,1480.5764815722514
2018-01-25,1297.1713350292307,1357.6223322651304,1618.2649872388033,1297.1713350292307,1297.1713350292307,187.97526083062843,187.97526083062843,187.97526083062843,-10.075088241838404,-10.075088241838404,-10.075088241838404,198.05034907246684,198.05034907246684,198.05034907246684,0.0,0.0,0.0,1485.1465958598592
2018-01-29,1314.9172841574357,1379.5715223717687,1637.7294755838338,1314.9172841574357,1314.9172841574357,191.13179076406044,191.13179076406044,191.13179076406044,-11.318739975473772,-11.318739975473772,-11.318739975473772,202.4505307395342,202.4505307395342,202.4505307395342,0.0,0.0,0.0,1506.0490749214962
2018-01-30,1319.3537714394872,1384.7554942206764,1635.3146100064557,1319.3537714394872,1319.3537714394872,193.05217771560305,193.05217771560305,193.05217771560305,-9.813608091961939,-9.813608091961939,-9.813608091961939,202.865785807565,202.865785807565,202.865785807565,0.0,0.0,0.0,1512.4059491550902
2018-01-31,1323.7902587215385,1391.0957125806756,1661.4692742724055,1323.7902587215385,1323.7902587215385,194.5700984641389,194.5700984641389,194.5700984641389,-8.435019098242531,-8.435019098242531,-8.435019098242531,203.00511756238146,203.00511756238146,203.00511756238146,0.0,0.0,0.0,1518.3603571856775
2018-02-01,1328.2267460035896,1401.9166290575113,1652.2717660515634,1328.2267460035896,1328.2267460035896,192.79318009011507,192.79318009011507,192.79318009011507,-10.075088241758998,-10.075088241758998,-10.075088241758998,202.86826833187408,202.86826833187408,202.86826833187408,0.0,0.0,0.0,1521.0199260937047
2018-02-02,1332.663233285641,1399.2007390644185,1648.8891199436825,1332.663233285641,1332.663233285641,190.855119816404,190.855119816404,190.855119816404,-11.600021620739327,-11.600021620739327,-11.600021620739327,202.45514143714334,202.45514143714334,202.45514143714334,0.0,0.0,0.0,1523.5183531020448
2018-02-05,1345.9726951317948,1397.0524065422983,1664.0606651340295,1345.9726951317948,1345.9726951317948,188.23789596260093,188.23789596260093,188.23789596260093,-11.318739975497778,-11.318739975497778,-11.318739975497778,199.55663593809874,199.55663593809874,199.55663593809874,0.0,0.0,0.0,1534.2105910943958
2018-02-06,1350.4091824138463,1404.9188365157402,1675.0154334176832,1350.4091824138463,1350.4091824138463,188.22243644541447,188.22243644541447,188.22243644541447,-9.813608091935789,-9.813608091935789,-9.813608091935789,198.03604453735028,198.03604453735028,198.03604453735028,0.0,0.0,0.0,1538.631618859261
2018-02-07,1354.8456696958974,1414.6603617658286,1675.3855530309224,1354.8456696958974,1354.8456696958974,187.80186845766818,187.80186845766818,187.80186845766818,-8.435019098239472,-8.435019098239472,-8.435019098239472,196.23688755590766,196.23688755590766,196.23688755590766,0.0,0.0,0.0,1542.6475381535656
2018-02-08,1359.2821569779487,1413.7737691027096,1663.4770423359453,1359.2821569779487,1359.2821569779487,184.08284035238677,184.08284035238677,184.08284035238677,-10.075088241788496,-10.075088241788496,-10.075088241788496,194.15792859417527,194.15792859417527,194.15792859417527,0.0,0.0,0.0,1543.3649973303354
2018-02-09,1363.7186442599998,1410.1659260835022,1680.1089038005575,1363.7186442599998,1363.7186442599998,180.1976849018738,180.1976849018738,180.1976849018738,-11.600021620712639,-11.600021620712639,-11.600021620712639,191.7977065225864,191.7977065225864,191.7977065225864,0.0,0.0,0.0,1543.9163291618736
2018-02-12,1377.0281061061537,1412.7089648892995,1673.1468934711886,1377.0281061061537,1377.0281061061537,171.69504534942345,171.69504534942345,171.69504534942345,-11.318739975370944,-11.318739975370944,-11.318739975370944,183.01378532479438,183.01378532479438,183.01378532479438,0.0,0.0,0.0,1548.7231514555772
2018-02-14,1385.9010806702565,1425.6926423685657,1678.2906935571034,1385.9010806702565,1385.9010806702565,167.29119847745463,167.29119847745463,167.29119847745463,-8.435019098217587,-8.435019098217587,-8.435019098217587,175.72621757567222,175.72621757567222,175.72621757567222,0.0,0.0,0.0,1553.1922791477111
2018-02-15,1390.3375679523076,1429.4563518369437,1680.081046088605,1390.3375679523076,1390.3375679523076,161.5770316582581,161.5770316582581,161.5770316582581,-10.075088241817992,-10.075088241817992,-10.075088241817992,171.6521199000761,171.6521199000761,171.6521199000761,0.0,0.0,0.0,1551.9145996105658
2018-02-16,1394.774055234359,1427.7082216341003,1684.7442913218106,1394.774055234359,1394.774055234359,155.69296504113404,155.69296504113404,155.69296504113404,-11.600021620753509,-11.600021620753509,-11.600021620753509,167.29298666188754,167.29298666188754,167.29298666188754,0.0,0.0,0.0,1550.467020275493
2018-02-19,1408.0835170805128,1416.3085387264234,1673.8621795198537,1408.0835170805128,1408.0835170805128,141.22662170729708,141.22662170729708,141.22662170729708,-11.318739975394946,-11.318739975394946,-11.318739975394946,152.54536168269203,152.54536168269203,152.54536168269203,0.0,0.0,0.0,1549.3101387878098
2018-02-20,1412.5200043625641,1417.699875360536,1676.4518446315503,1412.5200043625641,1412.5200043625641,137.28211155572524,137.28211155572524,137.28211155572524,-9.813608091946488,-9.813608091946488,-9.813608091946488,147.09571964767173,147.09571964767173,147.09571964767173,0.0,0.0,0.0,1549.8021159182895
2018-02-21,1416.9564916446152,1415.705731264832,1684.4792505405157,1416.9564916446152,1416.9564916446152,132.96133666806978,132.96133666806978,132.96133666806978,-8.435019098195703,-8.435019098195703,-8.435019098195703,141.3963557662655,141.3963557662655,141.3963557662655,0.0,0.0,0.0,1549.917828312685
2018-02-22,1421.3929789266667,1408.3505142978152,1681.2715176002187,1421.3929789266667,1421.3929789266667,125.3863073795253,125.3863073795253,125.3863073795253,-10.075088241773312,-10.075088241773312,-10.075088241773312,135.4613956212986,135.4613956212986,135.4613956212986,0.0,0.0,0.0,1546.779286306192
2018-02-23,1425.829466208718,1421.5237907669039,1668.8618240659844,1425.829466208718,1425.829466208718,117.70769982046127,117.70769982046127,117.70769982046127,-11.600021620757962,-11.600021620757962,-11.600021620757962,129.30772144121923,129.30772144121923,129.30772144121923,0.0,0.0,0.0,1543.5371660291794
2018-02-26,1439.1389280548717,1398.999622717049,1674.5839432175449,1439.1389280548717,1439.1389280548717,98.42704177084212,98.42704177084212,98.42704177084212,-11.318739975418948,-11.318739975418948,-11.318739975418948,109.74578174626107,109.74578174626107,109.74578174626107,0.0,0.0,0.0,1537.5659698257139
2018-02-27,1443.575415336923,1402.0852813240353,1673.978320045523,1443.575415336923,1443.575415336923,93.1290113292656,93.1290113292656,93.1290113292656,-9.813608091906898,-9.813608091906898,-9.813608091906898,102.9426194211725,102.9426194211725,102.9426194211725,0.0,0.0,0.0,1536.7044266661885
2018-02-28,1448.0119026189743,1412.2787289146795,1660.095685299655,1448.0119026189743,1448.0119026189743,87.612009117829,87.612009117829,87.612009117829,-8.435019098258751,-8.435019098258751,-8.435019098258751,96.04702821608775,96.04702821608775,96.04702821608775,0.0,0.0,0.0,1535.6239117368034
2018-03-01,1452.4483899010254,1402.8683103464136,1653.787595926292,1452.4483899010254,1452.4483899010254,79.01674765729777,79.01674765729777,79.01674765729777,-10.07508824180753,-10.07508824180753,-10.07508824180753,89.0918358991053,89.0918358991053,89.0918358991053,0.0,0.0,0.0,1531.4651375583232
2018-03-05,1470.1943390292308,1397.4015620281457,1653.0573525401328,1470.1943390292308,1470.1943390292308,50.07255321604416,50.07255321604416,50.07255321604416,-11.318739975382403,-11.318739975382403,-11.318739975382403,61.39129319142656,61.39129319142656,61.39129319142656,0.0,0.0,0.0,1520.266892245275
2018-03-06,1474.6308263112821,1384.9271536578092,1649.98929373259,1474.6308263112821,1474.6308263112821,44.87057421357795,44.87057421357795,44.87057421357795,-9.813608091925687,-9.813608091925687,-9.813608091925687,54.68418230550364,54.68418230550364,54.68418230550364,0.0,0.0,0.0,1519.5014005248602
2018-03-07,1479.0673135933332,1384.7047714186351,1654.3339287255656,1479.0673135933332,1479.0673135933332,39.70522983509924,39.70522983509924,39.70522983509924,-8.435019098236866,-8.435019098236866,-8.435019098236866,48.1402489333361,48.1402489333361,48.1402489333361,0.0,0.0,0.0,1518.7725434284325
2018-03-08,1483.5038008753845,1379.114944600298,1645.6679846103484,1483.5038008753845,1483.5038008753845,31.72125524495575,31.72125524495575,31.72125524495575,-10.075088241837026,-10.075088241837026,-10.075088241837026,41.79634348679277,41.79634348679277,41.79634348679277,0.0,0.0,0.0,1515.2250561203402
2018-03-09,1487.9402881574358,1386.8706880376749,1643.7346141014182,1487.9402881574358,1487.9402881574358,24.087739045642056,24.087739045642056,24.087739045642056,-11.600021620704588,-11.600021620704588,-11.600021620704588,35.68776066634664,35.68776066634664,35.68776066634664,0.0,0.0,0.0,1512.028027203078
2018-03-12,1501.2497500035897,1371.6921308656786,1631.9627063313228,1501.2497500035897,1501.2497500035897,7.773106062846736,7.773106062846736,7.773106062846736,-11.318739975406407,-11.318739975406407,-11.318739975406407,19.09184603825314,19.09184603825314,19.09184603825314,0.0,0.0,0.0,1509.0228560664364
2018-03-13,1505.686237285641,1379.0993874427538,1640.9507444571384,1505.686237285641,1505.686237285641,4.413507508373425,4.413507508373425,4.413507508373425,-9.813608091931034,-9.813608091931034,-9.813608091931034,14.22711560030446,14.22711560030446,14.22711560030446,0.0,0.0,0.0,1510.0997447940144
2018-03-14,1510.1227245676923,1372.6106553822742,1636.265734226015,1510.1227245676923,1510.1227245676923,1.2970054373269682,1.2970054373269682,1.2970054373269682,-8.435019098214978,-8.435019098214978,-8.435019098214978,9.732024535541946,9.732024535541946,9.732024535541946,0.0,0.0,0.0,1511.4197300050193
2018-03-15,1514.5592118497434,1391.280987868213,1644.3634530146542,1514.5592118497434,1514.5592118497434,-4.453298970870945,-4.453298970870945,-4.453298970870945,-10.075088241792345,-10.075088241792345,-10.075088241792345,5.6217892709214015,5.6217892709214015,5.6217892709214015,0.0,0.0,0.0,1510.1059128788725
2018-03-16,1518.9956991317947,1378.7180411740057,1639.8913134788233,1518.9956991317947,1518.9956991317947,-9.69307346198206,-9.69307346198206,-9.69307346198206,-11.600021620776598,-11.600021620776598,-11.600021620776598,1.9069481587945378,1.9069481587945378,1.9069481587945378,0.0,0.0,0.0,1509.3026256698126
2018-03-19,1532.3051604639375,1391.6380315722593,1641.4320737105243,1532.3051604639375,1532.3051604639375,-18.152106307071733,-18.152106307071733,-18.152106307071733,-11.318739975430407,-11.318739975430407,-11.318739975430407,-6.833366331641324,-6.833366331641324,-6.833366331641324,0.0,0.0,0.0,1514.1530541568657
2018-03-20,1536.7416475746516,1400.7365229075758,1646.3539963224125,1536.7416475746516,1536.7416475746516,-18.77319841667707,-18.77319841667707,-18.77319841667707,-9.813608091936382,-9.813608091936382,-9.813608091936382,-8.959590324740688,-8.959590324740688,-8.959590324740688,0.0,0.0,0.0,1517.9684491579744
2018-03-21,1541.1781346853659,1392.5113044063305,1652.1357928487066,1541.1781346853659,1541.1781346853659,-19.14644013103088,-19.14644013103088,-19.14644013103088,-8.435019098259195,-8.435019098259195,-8.435019098259195,-10.711421032771682,-10.711421032771682,-10.711421032771682,0.0,0.0,0.0,1522.031694554335
2018-03-22,1545.6146217960802,1394.7916809993903,1665.3894627800678,1545.6146217960802,1545.6146217960802,-22.1823237128559,-22.1823237128559,-22.1823237128559,-10.075088241787114,-10.075088241787114,-10.075088241787114,-12.107235471068785,-12.107235471068785,-12.107235471068785,0.0,0.0,0.0,1523.4322980832244
2018-03-23,1550.051108906794,1384.364495675206,1655.2607478954142,1550.051108906794,1550.051108906794,-24.76955547729291,-24.76955547729291,-24.76955547729291,-11.600021620749912,-11.600021620749912,-11.600021620749912,-13.169533856543,-13.169533856543,-13.169533856543,0.0,0.0,0.0,1525.2815534295012
2018-03-26,1563.3605702389368,1417.9478758124421,1671.595686891267,1563.3605702389368,1563.3605702389368,-25.95162882261919,-25.95162882261919,-25.95162882261919,-11.318739975469281,-11.318739975469281,-11.318739975469281,-14.632888847149909,-14.632888847149909,-14.632888847149909,0.0,0.0,0.0,1537.4089414163177
2018-03-27,1567.797057349651,1416.6155865039123,1673.2547188374024,1567.797057349651,1567.797057349651,-24.466134584277643,-24.466134584277643,-24.466134584277643,-9.813608091910234,-9.813608091910234,-9.813608091910234,-14.65252649236741,-14.65252649236741,-14.65252649236741,0.0,0.0,0.0,1543.3309227653733
2018-03-28,1572.2335444603655,1412.388458027943,1679.87105794443,1572.2335444603655,1572.2335444603655,-22.93116337331505,-22.93116337331505,-22.93116337331505,-8.435019098208867,-8.435019098208867,-8.435019098208867,-14.496144275106188,-14.496144275106188,-14.496144275106188,0.0,0.0,0.0,1549.3023810870504
2018-04-02,1594.4159800139364,1441.3708083288745,1696.0055734373934,1594.4159800139364,1594.4159800139364,-23.66082913711385,-23.66082913711385,-23.66082913711385,-11.318739975417868,-11.318739975417868,-11.318739975417868,-12.342089161695982,-12.342089161695982,-12.342089161695982,0.0,0.0,0.0,1570.7551508768227
2018-04-03,1598.8524671246507,1435.179285407253,1710.8679839371327,1598.8524671246507,1598.8524671246507,-21.692718172572075,-21.692718172572075,-21.692718172572075,-9.813608091915587,-9.813608091915587,-9.813608091915587,-11.879110080656488,-11.879110080656488,-11.879110080656488,0.0,0.0,0.0,1577.1597489520786
2018-04-04,1603.2889542353646,1458.238285065502,1714.9259255941463,1603.2889542353646,1603.2889542353646,-19.912634115043964,-19.912634115043964,-19.912634115043964,-8.435019098186983,-8.435019098186983,-8.435019098186983,-11.477615016856982,-11.477615016856982,-11.477615016856982,0.0,0.0,0.0,1583.3763201203205
2018-04-05,1607.7254413460792,1453.4671606561317,1720.9780866437216,1607.7254413460792,1607.7254413460792,-21.238245982355416,-21.238245982355416,-21.238245982355416,-10.075088241846109,-10.075088241846109,-10.075088241846109,-11.163157740509307,-11.163157740509307,-11.163157740509307,0.0,0.0,0.0,1586.4871953637237
2018-04-06,1612.1619284567932,1465.7172932315718,1719.2405351817436,1612.1619284567932,1612.1619284567932,-22.557955667433816,-22.557955667433816,-22.557955667433816,-11.600021620764096,-11.600021620764096,-11.600021620764096,-10.957934046669717,-10.957934046669717,-10.957934046669717,0.0,0.0,0.0,1589.6039727893594
2018-04-09,1625.471389788936,1474.056839574323,1735.2255978125115,1625.471389788936,1625.471389788936,-22.483658126504146,-22.483658126504146,-22.483658126504146,-11.318739975441867,-11.318739975441867,-11.318739975441867,-11.16491815106228,-11.16491815106228,-11.16491815106228,0.0,0.0,0.0,1602.9877316624318
2018-04-10,1629.90787689965,1481.9347077926152,1731.5413573561912,1629.90787689965,1629.90787689965,-21.358625842862985,-21.358625842862985,-21.358625842862985,-9.813608091920933,-9.813608091920933,-9.813608091920933,-11.54501775094205,-11.54501775094205,-11.54501775094205,0.0,0.0,0.0,1608.5492510567872
2018-04-11,1634.3443640103644,1475.3799214101819,1744.322799212185,1634.3443640103644,1634.3443640103644,-20.524790929780426,-20.524790929780426,-20.524790929780426,-8.435019098231198,-8.435019098231198,-8.435019098231198,-12.08977183154923,-12.08977183154923,-12.08977183154923,0.0,0.0,0.0,1613.819573080584
2018-04-12,1638.7808511210785,1484.2655531710518,1737.810242766793,1638.7808511210785,1638.7808511210785,-22.87441294831741,-22.87441294831741,-22.87441294831741,-10.075088241766702,-10.075088241766702,-10.075088241766702,-12.799324706550708,-12.799324706550708,-12.799324706550708,0.0,0.0,0.0,1615.906438172761
2018-04-13,1643.2173382317928,1484.8493931069563,1750.9079516450895,1643.2173382317928,1643.2173382317928,-25.270631830582044,-25.270631830582044,-25.270631830582044,-11.600021620768546,-11.600021620768546,-11.600021620768546,-13.670610209813495,-13.670610209813495,-13.670610209813495,0.0,0.0,0.0,1617.9467064012108
2018-04-16,1656.5267995639354,1501.5266316264808,1764.2536816606184,1656.5267995639354,1656.5267995639354,-28.502010453123184,-28.502010453123184,-28.502010453123184,-11.318739975465869,-11.318739975465869,-11.318739975465869,-17.183270477657317,-17.183270477657317,-17.183270477657317,0.0,0.0,0.0,1628.0247891108122
2018-04-17,1660.9632866746495,1500.739603266855,1770.6664603135123,1660.9632866746495,1660.9632866746495,-28.432705603821397,-28.432705603821397,-28.432705603821397,-9.813608091881344,-9.813608091881344,-9.813608091881344,-18.619097511940055,-18.619097511940055,-18.619097511940055,0.0,0.0,0.0,1632.530581070828
2018-04-18,1665.3997737853638,1511.015148240871,1763.9369080498166,1665.3997737853638,1665.3997737853638,-28.60125453095599,-28.60125453095599,-28.60125453095599,-8.435019098228143,-8.435019098228143,-8.435019098228143,-20.16623543272785,-20.16623543272785,-20.16623543272785,0.0,0.0,0.0,1636.798519254408
2018-04-19,1669.8362608960779,1510.2679582842095,1773.5834994442187,1669.8362608960779,1669.8362608960779,-31.885763301093668,-31.885763301093668,-31.885763301093668,-10.075088241796198,-10.075088241796198,-10.075088241796198,-21.810675059297473,-21.810675059297473,-21.810675059297473,0.0,0.0,0.0,1637.9504975949842
2018-04-20,1674.2727480067922,1504.0243881931547,1765.3611408308261,1674.2727480067922,1674.2727480067922,-35.138205426399956,-35.138205426399956,-35.138205426399956,-11.60002162074186,-11.60002162074186,-11.60002162074186,-23.538183805658093,-23.538183805658093,-23.538183805658093,0.0,0.0,0.0,1639.1345425803922
2018-04-23,1687.5822093389347,1521.878704584678,1778.976297065198,1687.5822093389347,1687.5822093389347,-40.401218978248295,-40.401218978248295,-40.401218978248295,-11.318739975429327,-11.318739975429327,-11.318739975429327,-29.082479002818964,-29.082479002818964,-29.082479002818964,0.0,0.0,0.0,1647.1809903606863
2018-04-24,1692.018696449649,1522.79229566797,1785.4032188108658,1692.018696449649,1692.018696449649,-40.82376281177789,-40.82376281177789,-40.82376281177789,-9.813608091958512,-9.813608091958512,-9.813608091958512,-31.01015471981938,-31.01015471981938,-31.01015471981938,0.0,0.0,0.0,1651.1949336378711
2018-04-25,1696.4551835603631,1525.3659634106152,1782.2119708279952,1696.4551835603631,1696.4551835603631,-41.39548085746916,-41.39548085746916,-41.39548085746916,-8.435019098206256,-8.435019098206256,-8.435019098206256,-32.960461759262905,-32.960461759262905,-32.960461759262905,0.0,0.0,0.0,1655.059702702894
2018-04-26,1700.8916706710775,1533.418696323829,1783.0991381093552,1700.8916706710775,1700.8916706710775,-45.00068023465635,-45.00068023465635,-45.00068023465635,-10.075088241825695,-10.075088241825695,-10.075088241825695,-34.92559199283066,-34.92559199283066,-34.92559199283066,0.0,0.0,0.0,1655.8909904364211
2018-04-27,1705.3281577817916,1527.8458275018888,1790.7725481479024,1705.3281577817916,1705.3281577817916,-48.49960760004114,-48.49960760004114,-48.49960760004114,-11.600021620715175,-11.600021620715175,-11.600021620715175,-36.89958597932597,-36.89958597932597,-36.89958597932597,0.0,0.0,0.0,1656.8285501817504
2018-04-30,1718.6376191139345,1531.6834250781865,1797.0257148907042,1718.6376191139345,1718.6376191139345,-54.161994537555174,-54.161994537555174,-54.161994537555174,-11.31873997545333,-11.31873997545333,-11.31873997545333,-42.84325456210184,-42.84325456210184,-42.84325456210184,0.0,0.0,0.0,1664.4756245763795
2018-05-02,1727.510593335363,1543.0286687012353,1805.2252895247102,1727.510593335363,1727.510593335363,-55.2576505084605,-55.2576505084605,-55.2576505084605,-8.435019098184371,-8.435019098184371,-8.435019098184371,-46.822631410276124,-46.822631410276124,-46.822631410276124,0.0,0.0,0.0,1672.2529428269024
2018-05-03,1731.9470804460768,1543.2591581335785,1800.654569916443,1731.9470804460768,1731.9470804460768,-58.899726568291165,-58.899726568291165,-58.899726568291165,-10.075088241781016,-10.075088241781016,-10.075088241781016,-48.82463832651015,-48.82463832651015,-48.82463832651015,0.0,0.0,0.0,1673.0473538777856
2018-05-04,1736.3835675567914,1550.1411358085425,1803.7631535097746,1736.3835675567914,1736.3835675567914,-62.440488597999476,-62.440488597999476,-62.440488597999476,-11.600021620787182,-11.600021620787182,-11.600021620787182,-50.8404669772123,-50.8404669772123,-50.8404669772123,0.0,0.0,0.0,1673.9430789587918
2018-05-07,1749.693028888934,1551.8709594619456,1812.3762498709234,1749.693028888934,1749.693028888934,-68.33804302126262,-68.33804302126262,-68.33804302126262,-11.318739975477333,-11.318739975477333,-11.318739975477333,-57.0193030457853,-57.0193030457853,-57.0193030457853,0.0,0.0,0.0,1681.3549858676713
2018-05-08,1754.1295159996482,1561.4864777150287,1827.4686609319863,1754.1295159996482,1754.1295159996482,-68.9513294761644,-68.9513294761644,-68.9513294761644,-9.813608091924275,-9.813608091924275,-9.813608091924275,-59.13772138424014,-59.13772138424014,-59.13772138424014,0.0,0.0,0.0,1685.1781865234839
2018-05-09,1758.566003110362,1547.20113605258,1816.621177784482,1758.566003110362,1758.566003110362,-69.72623772868269,-69.72623772868269,-69.72623772868269,-8.435019098247416,-8.435019098247416,-8.435019098247416,-61.291218630435274,-61.291218630435274,-61.291218630435274,0.0,0.0,0.0,1688.8397653816794
2018-05-10,1763.0024902210764,1557.9278285169166,1822.0567266316152,1763.0024902210764,1763.0024902210764,-73.55647077117209,-73.55647077117209,-73.55647077117209,-10.075088241775784,-10.075088241775784,-10.075088241775784,-63.481382529396306,-63.481382529396306,-63.481382529396306,0.0,0.0,0.0,1689.4460194499043
2018-05-11,1767.4389773317905,1572.541488574287,1822.0572409095587,1767.4389773317905,1767.4389773317905,-77.30819337785937,-77.30819337785937,-77.30819337785937,-11.600021620724078,-11.600021620724078,-11.600021620724078,-65.70817175713529,-65.70817175713529,-65.70817175713529,0.0,0.0,0.0,1690.130783953931
2018-05-14,1780.7484386639333,1561.0181511902235,1823.735260375744,1780.7484386639333,1780.7484386639333,-83.89758980736238,-83.89758980736238,-83.89758980736238,-11.318739975516205,-11.318739975516205,-11.318739975516205,-72.57884983184617,-72.57884983184617,-72.57884983184617,0.0,0.0,0.0,1696.8508488565708
2018-05-15,1785.1849257746476,1576.923739681073,1825.1155920309172,1785.1849257746476,1785.1849257746476,-84.72565809480511,-84.72565809480511,-84.72565809480511,-9.813608091943063,-9.813608091943063,-9.813608091943063,-74.91205000286205,-74.91205000286205,-74.91205000286205,0.0,0.0,0.0,1700.4592676798425
2018-05-16,1789.6214128853617,1565.3580504757592,1831.2301232922646,1789.6214128853617,1789.6214128853617,-85.68602490152001,-85.68602490152001,-85.68602490152001,-8.435019098225535,-8.435019098225535,-8.435019098225535,-77.25100580329448,-77.25100580329448,-77.25100580329448,0.0,0.0,0.0,1703.9353879838416
2018-05-17,1794.057899996076,1560.83300834632,1833.1997134044618,1794.057899996076,1794.057899996076,-89.65815795446775,-89.65815795446775,-89.65815795446775,-10.075088241805283,-10.075088241805283,-10.075088241805283,-79.58306971266248,-79.58306971266248,-79.58306971266248,0.0,0.0,0.0,1704.3997420416083
2018-05-18,1798.49438710679,1567.9327530620615,1825.3793396044002,1798.49438710679,1798.49438710679,-93.49366995012491,-93.49366995012491,-93.49366995012491,-11.600021620697392,-11.600021620697392,-11.600021620697392,-81.89364832942752,-81.89364832942752,-81.89364832942752,0.0,0.0,0.0,1705.0007171566651
2018-05-21,1811.8038484389328,1579.067348094087,1832.1760556605525,1811.8038484389328,1811.8038484389328,-99.84532837960568,-99.84532837960568,-99.84532837960568,-11.318739975464792,-11.318739975464792,-11.318739975464792,-88.52658840414088,-88.52658840414088,-88.52658840414088,0.0,0.0,0.0,1711.9585200593272
2018-05-22,1816.240335549647,1588.3842205426774,1854.4002882227614,1816.240335549647,1816.240335549647,-100.3892575944772,-100.3892575944772,-100.3892575944772,-9.81360809194841,-9.81360809194841,-9.81360809194841,-90.57564950252879,-90.57564950252879,-90.57564950252879,0.0,0.0,0.0,1715.8510779551698
2018-05-23,1820.6768226603613,1597.0597190232002,1848.368181517748,1820.6768226603613,1820.6768226603613,-100.9461343415165,-100.9461343415165,-100.9461343415165,-8.435019098203647,-8.435019098203647,-8.435019098203647,-92.51111524331284,-92.51111524331284,-92.51111524331284,0.0,0.0,0.0,1719.7306883188448
2018-05-24,1825.1133097710754,1596.031492288826,1855.918216311828,1825.1133097710754,1825.1133097710754,-104.38852932011251,-104.38852932011251,-104.38852932011251,-10.075088241834779,-10.075088241834779,-10.075088241834779,-94.31344107827773,-94.31344107827773,-94.31344107827773,0.0,0.0,0.0,1720.724780450963
2018-05-25,1829.54979688179,1594.4723907463763,1855.7875545295892,1829.54979688179,1829.54979688179,-107.5637840226919,-107.5637840226919,-107.5637840226919,-11.600021620769402,-11.600021620769402,-11.600021620769402,-95.96376240192251,-95.96376240192251,-95.96376240192251,0.0,0.0,0.0,1721.986012859098
2018-05-28,1842.8592582139322,1601.0538394882049,1866.6352787252881,1842.8592582139322,1842.8592582139322,-111.15291790518506,-111.15291790518506,-111.15291790518506,-11.318739975398504,-11.318739975398504,-11.318739975398504,-99.83417792978655,-99.83417792978655,-99.83417792978655,0.0,0.0,0.0,1731.7063403087473
2018-05-29,1847.2957453246465,1609.1791304626927,1865.9595732397765,1847.2957453246465,1847.2957453246465,-110.53143001065435,-110.53143001065435,-110.53143001065435,-9.813608091953759,-9.813608091953759,-9.813608091953759,-100.71782191870058,-100.71782191870058,-100.71782191870058,0.0,0.0,0.0,1736.7643153139923
2018-05-30,1851.7322324353609,1610.6183337915777,1863.4555471778147,1851.7322324353609,1851.7322324353609,-109.81644119457198,-109.81644119457198,-109.81644119457198,-8.435019098247864,-8.435019098247864,-8.435019098247864,-101.38142209632412,-101.38142209632412,-101.38142209632412,0.0,0.0,0.0,1741.9157912407888
2018-05-31,1854.9057444331627,1612.9733209554754,1868.1239400773745,1854.9057444331627,1854.9057444331627,-111.89453254763448,-111.89453254763448,-111.89453254763448,-10.07508824175537,-10.07508824175537,-10.07508824175537,-101.81944430587913,-101.81944430587913,-101.81944430587913,0.0,0.0,0.0,1743.0112118855282
2018-06-01,1858.0792564309645,1608.6097075540606,1869.8215531543485,1858.0792564309645,1858.0792564309645,-113.62978165375546,-113.62978165375546,-113.62978165375546,-11.600021620742716,-11.600021620742716,-11.600021620742716,-102.02976003301275,-102.02976003301275,-102.02976003301275,0.0,0.0,0.0,1744.4494747772092
2018-06-04,1867.59979242437,1625.0627346558417,1889.849513554878,1867.59979242437,1867.59979242437,-112.646197568692,-112.646197568692,-112.646197568692,-11.31873997543738,-11.31873997543738,-11.31873997543738,-101.32745759325465,-101.32745759325465,-101.32745759325465,0.0,0.0,0.0,1754.953594855678
2018-06-05,1870.7733044221718,1619.5987817097591,1893.3838596937417,1870.7733044221718,1870.7733044221718,-110.49197137685265,-110.49197137685265,-110.49197137685265,-9.81360809192761,-9.81360809192761,-9.81360809192761,-100.67836328492503,-100.67836328492503,-100.67836328492503,0.0,0.0,0.0,1760.2813330453191
2018-06-06,1873.9468164199739,1638.4791381622304,1902.0923323354227,1873.9468164199739,1873.9468164199739,-108.28050678664852,-108.28050678664852,-108.28050678664852,-8.435019098244808,-8.435019098244808,-8.435019098244808,-99.8454876884037,-99.8454876884037,-99.8454876884037,0.0,0.0,0.0,1765.6663096333255
2018-06-07,1877.1203284177755,1635.421194676127,1905.273028952235,1877.1203284177755,1877.1203284177755,-108.92319999266108,-108.92319999266108,-108.92319999266108,-10.075088241824316,-10.075088241824316,-10.075088241824316,-98.84811175083678,-98.84811175083678,-98.84811175083678,0.0,0.0,0.0,1768.1971284251144
2018-06-08,1880.2938404155773,1649.7865695061741,1892.6277332688842,1880.2938404155773,1880.2938404155773,-109.30852856222148,-109.30852856222148,-109.30852856222148,-11.600021620716028,-11.600021620716028,-11.600021620716028,-97.70850694150545,-97.70850694150545,-97.70850694150545,0.0,0.0,0.0,1770.9853118533558
2018-06-11,1889.8143764089828,1653.6835726126153,1907.5605292673683,1889.8143764089828,1889.8143764089828,-105.01458460643175,-105.01458460643175,-105.01458460643175,-11.318739975385965,-11.318739975385965,-11.318739975385965,-93.6958446310458,-93.6958446310458,-93.6958446310458,0.0,0.0,0.0,1784.799791802551
2018-06-12,1892.9878884067844,1661.038276124082,1917.0434387817797,1892.9878884067844,1892.9878884067844,-102.06952477080263,-102.06952477080263,-102.06952477080263,-9.813608091932963,-9.813608091932963,-9.813608091932963,-92.25591667886967,-92.25591667886967,-92.25591667886967,0.0,0.0,0.0,1790.9183636359817
2018-06-13,1896.1614004045864,1669.124513428295,1938.295461675932,1896.1614004045864,1896.1614004045864,-99.25033951468096,-99.25033951468096,-99.25033951468096,-8.435019098222924,-8.435019098222924,-8.435019098222924,-90.81532041645804,-90.81532041645804,-90.81532041645804,0.0,0.0,0.0,1796.9110608899055
2018-06-14,1899.334912402388,1673.3634427649085,1936.589255452199,1899.334912402388,1899.334912402388,-99.47993165251123,-99.47993165251123,-99.47993165251123,-10.075088241853813,-10.075088241853813,-10.075088241853813,-89.40484341065742,-89.40484341065742,-89.40484341065742,0.0,0.0,0.0,1799.8549807498769
2018-06-15,1902.50842440019,1671.1918265586958,1934.8068803666486,1902.50842440019,1902.50842440019,-99.65481255604617,-99.65481255604617,-99.65481255604617,-11.600021620756898,-11.600021620756898,-11.600021620756898,-88.05479093528928,-88.05479093528928,-88.05479093528928,0.0,0.0,0.0,1802.8536118441439
2018-06-18,1912.0289603935953,1684.8035906176715,1940.1467161925555,1912.0289603935953,1912.0289603935953,-95.96994158381037,-95.96994158381037,-95.96994158381037,-11.318739975409967,-11.318739975409967,-11.318739975409967,-84.65120160840041,-84.65120160840041,-84.65120160840041,0.0,0.0,0.0,1816.059018809785
2018-06-19,1915.2024723913971,1681.5484230956263,1954.5628725372942,1915.2024723913971,1915.2024723913971,-93.63042795893867,-93.63042795893867,-93.63042795893867,-9.81360809193831,-9.81360809193831,-9.81360809193831,-83.81681986700038,-83.81681986700038,-83.81681986700038,0.0,0.0,0.0,1821.5720444324584
2018-06-20,1918.375984389199,1705.4760921171371,1963.5639278229744,1918.375984389199,1918.375984389199,-91.6031474513857,-91.6031474513857,-91.6031474513857,-8.435019098201039,-8.435019098201039,-8.435019098201039,-83.16812835318466,-83.16812835318466,-83.16812835318466,0.0,0.0,0.0,1826.7728369378133
2018-06-21,1921.549496387001,1693.9391023906935,1957.40272052624,1921.549496387001,1921.549496387001,-92.79670676897446,-92.79670676897446,-92.79670676897446,-10.075088241774404,-10.075088241774404,-10.075088241774404,-82.72161852720005,-82.72161852720005,-82.72161852720005,0.0,0.0,0.0,1828.7527896180266
2018-06-22,1924.7230083848028,1710.3811905706657,1959.6116057193,1924.7230083848028,1924.7230083848028,-94.09009266757279,-94.09009266757279,-94.09009266757279,-11.60002162076135,-11.60002162076135,-11.60002162076135,-82.49007104681145,-82.49007104681145,-82.49007104681145,0.0,0.0,0.0,1830.63291571723
2018-06-25,1934.2435443782083,1706.3336305730143,1974.3976639906507,1934.2435443782083,1934.2435443782083,-94.47169147580819,-94.47169147580819,-94.47169147580819,-11.318739975433969,-11.318739975433969,-11.318739975433969,-83.15295150037421,-83.15295150037421,-83.15295150037421,0.0,0.0,0.0,1839.7718529024
2018-06-26,1937.41705637601,1711.5126874438895,1976.7825806325384,1937.41705637601,1937.41705637601,-93.64183961602255,-93.64183961602255,-93.64183961602255,-9.813608091898717,-9.813608091898717,-9.813608091898717,-83.82823152412384,-83.82823152412384,-83.82823152412384,0.0,0.0,0.0,1843.7752167599874
2018-06-27,1940.5905683738117,1721.6105721254205,1981.695461635474,1940.5905683738117,1940.5905683738117,-93.15619825204656,-93.15619825204656,-93.15619825204656,-8.435019098264084,-8.435019098264084,-8.435019098264084,-84.72117915378249,-84.72117915378249,-84.72117915378249,0.0,0.0,0.0,1847.4343701217651
2018-06-28,1943.7640803716135,1724.1591575387397,1973.8243803346263,1943.7640803716135,1943.7640803716135,-95.89515372581596,-95.89515372581596,-95.89515372581596,-10.0750882418039,-10.0750882418039,-10.0750882418039,-85.82006548401205,-85.82006548401205,-85.82006548401205,0.0,0.0,0.0,1847.8689266457975
2018-06-29,1946.9375923694156,1722.1133557226256,1981.094469906911,1946.9375923694156,1946.9375923694156,-98.70943265178272,-98.70943265178272,-98.70943265178272,-11.600021620734662,-11.600021620734662,-11.600021620734662,-87.10941103104805,-87.10941103104805,-87.10941103104805,0.0,0.0,0.0,1848.228159717633
2018-07-02,1956.4581283628208,1724.4357182284803,1983.9930595994263,1956.4581283628208,1956.4581283628208,-103.23420090990959,-103.23420090990959,-103.23420090990959,-11.318739975397426,-11.318739975397426,-11.318739975397426,-91.91546093451217,-91.91546093451217,-91.91546093451217,0.0,0.0,0.0,1853.2239274529113
2018-07-03,1959.631640360623,1726.0291002836943,1989.5810116662785,1959.631640360623,1959.631640360623,-103.56145651470214,-103.56145651470214,-103.56145651470214,-9.813608091917509,-9.813608091917509,-9.813608091917509,-93.74784842278464,-93.74784842278464,-93.74784842278464,0.0,0.0,0.0,1856.0701838459208
2018-07-04,1962.8051523584245,1731.0811293767256,1986.8547281162641,1962.8051523584245,1962.8051523584245,-104.08375762316355,-104.08375762316355,-104.08375762316355,-8.435019098242199,-8.435019098242199,-8.435019098242199,-95.64873852492136,-95.64873852492136,-95.64873852492136,0.0,0.0,0.0,1858.721394735261
2018-07-05,1965.9786643562263,1730.218263781976,1984.0634755488777,1965.9786643562263,1965.9786643562263,-107.66287088010706,-107.66287088010706,-107.66287088010706,-10.075088241833399,-10.075088241833399,-10.075088241833399,-97.58778263827367,-97.58778263827367,-97.58778263827367,0.0,0.0,0.0,1858.3157934761193
2018-07-06,1969.1521763540281,1728.7438580691987,1990.693270216868,1969.1521763540281,1969.1521763540281,-111.13378173662126,-111.13378173662126,-111.13378173662126,-11.600021620707976,-11.600021620707976,-11.600021620707976,-99.53376011591328,-99.53376011591328,-99.53376011591328,0.0,0.0,0.0,1858.0183946174068
2018-07-09,1978.6727123474336,1729.1992416464088,1989.9792057088332,1978.6727123474336,1978.6727123474336,-116.41715850601706,-116.41715850601706,-116.41715850601706,-11.318739975421426,-11.318739975421426,-11.318739975421426,-105.09841853059564,-105.09841853059564,-105.09841853059564,0.0,0.0,0.0,1862.2555538414165
2018-07-10,1981.8462243452354,1744.2589169083976,1998.353863684148,1981.8462243452354,1981.8462243452354,-116.57334081141433,-116.57334081141433,-116.57334081141433,-9.813608091922857,-9.813608091922857,-9.813608091922857,-106.75973271949147,-106.75973271949147,-106.75973271949147,0.0,0.0,0.0,1865.2728835338212
2018-07-11,1985.0197363430375,1736.64036531234,1997.8231558817556,1985.0197363430375,1985.0197363430375,-116.71086097257209,-116.71086097257209,-116.71086097257209,-8.435019098173038,-8.435019098173038,-8.435019098173038,-108.27584187439905,-108.27584187439905,-108.27584187439905,0.0,0.0,0.0,1868.3088753704653
2018-07-12,1988.193248340839,1746.8738559190922,1998.7380045817906,1988.193248340839,1988.193248340839,-119.69533901229354,-119.69533901229354,-119.69533901229354,-10.07508824178872,-10.07508824178872,-10.07508824178872,-109.62025077050482,-109.62025077050482,-109.62025077050482,0.0,0.0,0.0,1868.4979093285456
2018-07-13,1991.366760338641,1736.5559734128333,1996.789950881114,1991.366760338641,1991.366760338641,-122.36869406003503,-122.36869406003503,-122.36869406003503,-11.600021620779987,-11.600021620779987,-11.600021620779987,-110.76867243925503,-110.76867243925503,-110.76867243925503,0.0,0.0,0.0,1868.9980662786058
2018-07-16,2000.8872963320462,1744.748337060737,2006.3690948064125,2000.8872963320462,2000.8872963320462,-124.15299170670345,-124.15299170670345,-124.15299170670345,-11.318739975445428,-11.318739975445428,-11.318739975445428,-112.83425173125802,-112.83425173125802,-112.83425173125802,0.0,0.0,0.0,1876.7343046253427
2018-07-17,2004.0608083298482,1759.6718773775258,2016.0424507894957,2004.0608083298482,2004.0608083298482,-122.82314062161694,-122.82314062161694,-122.82314062161694,-9.813608091928206,-9.813608091928206,-9.813608091928206,-113.00953252968874,-113.00953252968874,-113.00953252968874,0.0,0.0,0.0,1881.2376677082314
2018-07-18,2007.23432032765,1759.6003161433596,2016.441348961249,2007.23432032765,2007.23432032765,-121.34435073594068,-121.34435073594068,-121.34435073594068,-8.435019098236083,-8.435019098236083,-8.435019098236083,-112.90933163770458,-112.90933163770458,-112.90933163770458,0.0,0.0,0.0,1885.8899695917094
2018-07-19,2010.407832325452,1768.523731808272,2029.7818783202224,2010.407832325452,2010.407832325452,-122.60228952629198,-122.60228952629198,-122.60228952629198,-10.075088241783488,-10.075088241783488,-10.075088241783488,-112.5272012845085,-112.5272012845085,-112.5272012845085,0.0,0.0,0.0,1887.80554279916
2018-07-20,2013.5813443232537,1752.8798862503327,2021.1346088468579,2013.5813443232537,2013.5813443232537,-123.45998815734968,-123.45998815734968,-123.45998815734968,-11.600021620753301,-11.600021620753301,-11.600021620753301,-111.85996653659639,-111.85996653659639,-111.85996653659639,0.0,0.0,0.0,1890.121356165904
2018-07-23,2023.1018803166592,1772.389333710915,2043.7100041181561,2023.1018803166592,2023.1018803166592,-119.4825714198364,-119.4825714198364,-119.4825714198364,-11.3187399754843,-11.3187399754843,-11.3187399754843,-108.1638314443521,-108.1638314443521,-108.1638314443521,0.0,0.0,0.0,1903.6193088968228
2018-07-24,2026.2753923144608,1779.8092359404322,2043.3938966038177,2026.2753923144608,2026.2753923144608,-116.20121333655128,-116.20121333655128,-116.20121333655128,-9.813608091902058,-9.813608091902058,-9.813608091902058,-106.38760524464922,-106.38760524464922,-106.38760524464922,0.0,0.0,0.0,1910.0741789779095
2018-07-25,2029.4489043122628,1783.0000564032193,2039.6023313573755,2029.4489043122628,2029.4489043122628,-112.79170110445445,-112.79170110445445,-112.79170110445445,-8.435019098214198,-8.435019098214198,-8.435019098214198,-104.35668200624023,-104.35668200624023,-104.35668200624023,0.0,0.0,0.0,1916.6572032078084
2018-07-26,2032.6224163100646,1798.8256569231405,2057.6110770960177,2032.6224163100646,2032.6224163100646,-112.16043014931589,-112.16043014931589,-112.16043014931589,-10.075088241812985,-10.075088241812985,-10.075088241812985,-102.08534190750291,-102.08534190750291,-102.08534190750291,0.0,0.0,0.0,1920.4619861607487
2018-07-27,2035.7959283078667,1792.403125947627,2045.287997091074,2035.7959283078667,2035.7959283078667,-111.19013629294007,-111.19013629294007,-111.19013629294007,-11.600021620726615,-11.600021620726615,-11.600021620726615,-99.59011467221346,-99.59011467221346,-99.59011467221346,0.0,0.0,0.0,1924.6057920149267
2018-07-30,2045.316464301272,1818.139224600158,2070.740762659628,2045.316464301272,2045.316464301272,-102.27358709198906,-102.27358709198906,-102.27358709198906,-11.318739975432887,-11.318739975432887,-11.318739975432887,-90.95484711655617,-90.95484711655617,-90.95484711655617,0.0,0.0,0.0,1943.0428772092828
2018-07-31,2048.4899762990735,1833.6363004803104,2082.6783039766747,2048.4899762990735,2048.4899762990735,-97.57902189834589,-97.57902189834589,-97.57902189834589,-9.813608091907405,-9.813608091907405,-9.813608091907405,-87.76541380643849,-87.76541380643849,-87.76541380643849,0.0,0.0,0.0,1950.9109544007276
2018-08-01,2051.6634882968756,1826.0164734411776,2084.810928658184,2051.6634882968756,2051.6634882968756,-92.89441861478926,-92.89441861478926,-92.89441861478926,-8.435019098192315,-8.435019098192315,-8.435019098192315,-84.45939951659693,-84.45939951659693,-84.45939951659693,0.0,0.0,0.0,1958.7690696820864
2018-08-02,2054.837000294677,1826.522662662784,2095.0994063299213,2054.837000294677,2054.837000294677,-91.13635454349811,-91.13635454349811,-91.13635454349811,-10.075088241842481,-10.075088241842481,-10.075088241842481,-81.06126630165562,-81.06126630165562,-81.06126630165562,0.0,0.0,0.0,1963.700645751179
2018-08-03,2058.0105122924792,1836.624376514947,2092.5908226959855,2058.0105122924792,2058.0105122924792,-89.19584114148871,-89.19584114148871,-89.19584114148871,-11.600021620767482,-11.600021620767482,-11.600021620767482,-77.59581952072122,-77.59581952072122,-77.59581952072122,0.0,0.0,0.0,1968.8146711509905
2018-08-06,2067.5310482858845,1858.3161950412477,2118.5276647376872,2067.5310482858845,2067.5310482858845,-78.36172253460916,-78.36172253460916,-78.36172253460916,-11.31873997545689,-11.31873997545689,-11.31873997545689,-67.04298255915226,-67.04298255915226,-67.04298255915226,0.0,0.0,0.0,1989.1693257512752
2018-08-07,2070.7045602836865,1865.7806868045393,2125.130168847488,2070.7045602836865,2070.7045602836865,-73.36716519782138,-73.36716519782138,-73.36716519782138,-9.813608091971133,-9.813608091971133,-9.813608091971133,-63.55355710585025,-63.55355710585025,-63.55355710585025,0.0,0.0,0.0,1997.3373950858652
2018-08-08,2073.878072281488,1864.05206208287,2133.230110942191,2073.878072281488,2073.878072281488,-68.55145804759029,-68.55145804759029,-68.55145804759029,-8.435019098236532,-8.435019098236532,-8.435019098236532,-60.11643894935375,-60.11643894935375,-60.11643894935375,0.0,0.0,0.0,2005.3266142338978
2018-08-09,2077.05158427929,1873.9735054611879,2130.4881523635504,2077.05158427929,2077.05158427929,-66.82794877218538,-66.82794877218538,-66.82794877218538,-10.075088241763074,-10.075088241763074,-10.075088241763074,-56.7528605304223,-56.7528605304223,-56.7528605304223,0.0,0.0,0.0,2010.2236355071047
2018-08-10,2075.7012308518783,1886.0290096992599,2139.519746818896,2075.7012308518783,2075.7012308518783,-65.08262044392812,-65.08262044392812,-65.08262044392812,-11.600021620771935,-11.600021620771935,-11.600021620771935,-53.48259882315619,-53.48259882315619,-53.48259882315619,0.0,0.0,0.0,2010.6186104079502
2018-08-13,2071.650170569643,1880.7313051002934,2137.899354786176,2071.650170569643,2071.650170569643,-55.72199073077499,-55.72199073077499,-55.72199073077499,-11.318739975480892,-11.318739975480892,-11.318739975480892,-44.40325075529409,-44.40325075529409,-44.40325075529409,0.0,0.0,0.0,2015.928179838868
2018-08-14,2070.299817142231,1892.9582321567013,2142.15460436902,2070.299817142231,2070.299817142231,-51.48134062677754,-51.48134062677754,-51.48134062677754,-9.813608091944987,-9.813608091944987,-9.813608091944987,-41.66773253483255,-41.66773253483255,-41.66773253483255,0.0,0.0,0.0,2018.8184765154533
2018-08-16,2067.5991102874073,1890.2194472096885,2150.1587552749725,2067.5991102874073,2067.5991102874073,-46.76919073963064,-46.76919073963064,-46.76919073963064,-10.075088241792573,-10.075088241792573,-10.075088241792573,-36.69410249783807,-36.69410249783807,-36.69410249783807,0.0,0.0,0.0,2020.8299195477766
2018-08-17,2066.2487568599954,1885.879120937974,2149.3174903958998,2066.2487568599954,2066.2487568599954,-46.06770838960691,-46.06770838960691,-46.06770838960691,-11.600021620745247,-11.600021620745247,-11.600021620745247,-34.46768676886167,-34.46768676886167,-34.46768676886167,0.0,0.0,0.0,2020.1810484703885
2018-08-20,2062.19769657776,1886.6549410424084,2146.3979945283704,2062.19769657776,2062.19769657776,-40.16384896074079,-40.16384896074079,-40.16384896074079,-11.318739975444348,-11.318739975444348,-11.318739975444348,-28.84510898529644,-28.84510898529644,-28.84510898529644,0.0,0.0,0.0,2022.033847617019
2018-08-21,2060.847343150348,1897.7155450804596,2155.747256643722,2060.847343150348,2060.847343150348,-37.1254265967812,-37.1254265967812,-37.1254265967812,-9.813608091950336,-9.813608091950336,-9.813608091950336,-27.311818504830867,-27.311818504830867,-27.311818504830867,0.0,0.0,0.0,2023.7219165535669
2018-08-23,2058.1466362955243,1885.8125892918451,2151.2518856114834,2058.1466362955243,2058.1466362955243,-34.78407730026601,-34.78407730026601,-34.78407730026601,-10.075088241822069,-10.075088241822069,-10.075088241822069,-24.70898905844394,-24.70898905844394,-24.70898905844394,0.0,0.0,0.0,2023.3625589952583
2018-08-24,2056.796282868112,1889.3940175945318,2158.0549308208933,2056.796282868112,2056.796282868112,-35.215085944783574,-35.215085944783574,-35.215085944783574,-11.600021620749699,-11.600021620749699,-11.600021620749699,-23.61506432403388,-23.61506432403388,-23.61506432403388,0.0,0.0,0.0,2021.5811969233284
2018-08-27,2052.745222585877,1879.1316638286357,2144.559524517232,2052.745222585877,2052.745222585877,-32.2917771592334,-32.2917771592334,-32.2917771592334,-11.318739975468349,-11.318739975468349,-11.318739975468349,-20.97303718376505,-20.97303718376505,-20.97303718376505,0.0,0.0,0.0,2020.4534454266436
2018-08-28,2051.394869158465,1885.2833127223157,2150.8255535505077,2051.394869158465,2051.394869158465,-30.056463593835588,-30.056463593835588,-30.056463593835588,-9.813608091955683,-9.813608091955683,-9.813608091955683,-20.242855501879905,-20.242855501879905,-20.242855501879905,0.0,0.0,0.0,2021.3384055646295
2018-08-29,2050.0445157310533,1890.1035282169346,2151.6669683046525,2050.0445157310533,2050.0445157310533,-27.988509263387925,-27.988509263387925,-27.988509263387925,-8.43501909818971,-8.43501909818971,-8.43501909818971,-19.55349016519822,-19.55349016519822,-19.55349016519822,0.0,0.0,0.0,2022.0560064676654
2018-08-30,2048.694162303641,1891.177875128102,2149.3440371085144,2048.694162303641,2048.694162303641,-28.958271947043883,-28.958271947043883,-28.958271947043883,-10.075088241777388,-10.075088241777388,-10.075088241777388,-18.883183705266493,-18.883183705266493,-18.883183705266493,0.0,0.0,0.0,2019.735890356597
2018-08-31,2047.3438088762296,1886.933642429411,2150.9465284392677,2047.3438088762296,2047.3438088762296,-29.81000722094007,-29.81000722094007,-29.81000722094007,-11.600021620754154,-11.600021620754154,-11.600021620754154,-18.209985600185917,-18.209985600185917,-18.209985600185917,0.0,0.0,0.0,2017.5338016552894
2018-09-03,2043.2927485939938,1885.1118564146066,2153.443346069793,2043.2927485939938,2043.2927485939938,-27.27813534166306,-27.27813534166306,-27.27813534166306,-11.318739975402064,-11.318739975402064,-11.318739975402064,-15.959395366260996,-15.959395366260996,-15.959395366260996,0.0,0.0,0.0,2016.0146132523307
2018-09-04,2041.942395166582,1890.5114902882945,2147.279744296268,2041.942395166582,2041.942395166582,-24.879543297911823,-24.879543297911823,-24.879543297911823,-9.813608091916093,-9.813608091916093,-9.813608091916093,-15.065935205995729,-15.065935205995729,-15.065935205995729,0.0,0.0,0.0,2017.0628518686701
2018-09-05,2040.59204173917,1884.9612618116512,2151.3444450210864,2040.59204173917,2040.59204173917,-22.506698226672203,-22.506698226672203,-22.506698226672203,-8.435019098252754,-8.435019098252754,-8.435019098252754,-14.071679128419449,-14.071679128419449,-14.071679128419449,0.0,0.0,0.0,2018.085343512498
2018-09-06,2039.2416883117583,1889.4216330161414,2150.2136366665572,2039.2416883117583,2039.2416883117583,-23.0374606356923,-23.0374606356923,-23.0374606356923,-10.075088241772157,-10.075088241772157,-10.075088241772157,-12.962372393920143,-12.962372393920143,-12.962372393920143,0.0,0.0,0.0,2016.204227676066
2018-09-07,2037.8913348843464,1890.9975102390442,2147.620232255836,2037.8913348843464,2037.8913348843464,-23.32647742711324,-23.32647742711324,-23.32647742711324,-11.600021620727468,-11.600021620727468,-11.600021620727468,-11.726455806385777,-11.726455806385777,-11.726455806385777,0.0,0.0,0.0,2014.564857457233
2018-09-10,2033.8402746021106,1886.199845987167,2144.053764598209,2033.8402746021106,2033.8402746021106,-18.50936674890444,-18.50936674890444,-18.50936674890444,-11.318739975365519,-11.318739975365519,-11.318739975365519,-7.190626773538919,-7.190626773538919,-7.190626773538919,0.0,0.0,0.0,2015.330907853206
2018-09-11,2032.4899211746988,1884.1309084850882,2152.7843357599877,2032.4899211746988,2032.4899211746988,-15.210976540433917,-15.210976540433917,-15.210976540433917,-9.813608091934881,-9.813608091934881,-9.813608091934881,-5.397368448499034,-5.397368448499034,-5.397368448499034,0.0,0.0,0.0,2017.278944634265
2018-09-12,2031.139567747287,1890.7562839144107,2139.174878923891,2031.139567747287,2031.139567747287,-11.90521428558696,-11.90521428558696,-11.90521428558696,-8.43501909823087,-8.43501909823087,-8.43501909823087,-3.4701951873560932,-3.4701951873560932,-3.4701951873560932,0.0,0.0,0.0,2019.2343534617
2018-09-14,2028.4388608924635,1892.5789833412389,2146.870599980876,2028.4388608924635,2028.4388608924635,-10.857495189788652,-10.857495189788652,-10.857495189788652,-11.60002162070078,-11.60002162070078,-11.60002162070078,0.742526430912127,0.742526430912127,0.742526430912127,0.0,0.0,0.0,2017.581365702675
2018-09-17,2024.3878006102277,1878.984715604341,2145.122712685416,2024.3878006102277,2024.3878006102277,-3.6230261333122917,-3.6230261333122917,-3.6230261333122917,-11.318739975389523,-11.318739975389523,-11.318739975389523,7.69571384207723,7.69571384207723,7.69571384207723,0.0,0.0,0.0,2020.7647744769154
2018-09-18,2023.037447182816,1897.4105940573693,2151.88896253227,2023.037447182816,2023.037447182816,0.2747914261786736,0.2747914261786736,0.2747914261786736,-9.813608091940234,-9.813608091940234,-9.813608091940234,10.088399518118907,10.088399518118907,10.088399518118907,0.0,0.0,0.0,2023.3122386089947
2018-09-19,2021.687093755404,1891.0493673594242,2160.3649696193665,2021.687093755404,2021.687093755404,4.035595838107961,4.035595838107961,4.035595838107961,-8.435019098208983,-8.435019098208983,-8.435019098208983,12.470614936316942,12.470614936316942,12.470614936316942,0.0,0.0,0.0,2025.722689593512
2018-09-21,2018.9863869005806,1899.12860571973,2153.117064254351,2018.9863869005806,2018.9863869005806,5.4728278465335976,5.4728278465335976,5.4728278465335976,-11.600021620772788,-11.600021620772788,-11.600021620772788,17.072849467306384,17.072849467306384,17.072849467306384,0.0,0.0,0.0,2024.4592147471142
2018-09-24,2014.9353266183448,1899.2237406530842,2153.620399827574,2014.9353266183448,2014.9353266183448,11.730297052517345,11.730297052517345,11.730297052517345,-11.318739975413523,-11.318739975413523,-11.318739975413523,23.04903702793087,23.04903702793087,23.04903702793087,0.0,0.0,0.0,2026.665623670862
2018-09-25,2013.584973190933,1899.7873460401772,2156.783851355625,2013.584973190933,2013.584973190933,14.83952729517855,14.83952729517855,14.83952729517855,-9.813608091945582,-9.813608091945582,-9.813608091945582,24.65313538712413,24.65313538712413,24.65313538712413,0.0,0.0,0.0,2028.4245004861116
2018-09-26,2012.234619763521,1903.9835467957942,2147.7897940270473,2012.234619763521,2012.234619763521,17.571877264254585,17.571877264254585,17.571877264254585,-8.4350190982532,-8.4350190982532,-8.4350190982532,26.006896362507785,26.006896362507785,26.006896362507785,0.0,0.0,0.0,2029.8064970277758
2018-09-27,2010.8842663361092,1887.1196750496174,2154.5763179633877,2010.8842663361092,2010.8842663361092,17.004120359547883,17.004120359547883,17.004120359547883,-10.07508824179119,-10.07508824179119,-10.07508824179119,27.079208601339076,27.079208601339076,27.079208601339076,0.0,0.0,0.0,2027.8883866956571
2018-09-28,2009.5339129086974,1892.140030593555,2147.55631604291,2009.5339129086974,2009.5339129086974,16.241603490349462,16.241603490349462,16.241603490349462,-11.600021620746102,-11.600021620746102,-11.600021620746102,27.841625111095563,27.841625111095563,27.841625111095563,0.0,0.0,0.0,2025.7755163990469
2018-10-01,2005.4828526264619,1883.5212106489805,2147.20041657753,2005.4828526264619,2005.4828526264619,16.717963336327816,16.717963336327816,16.717963336327816,-11.318739975452399,-11.318739975452399,-11.318739975452399,28.03670331178021,28.03670331178021,28.03670331178021,0.0,0.0,0.0,2022.2008159627896
2018-10-03,2002.7821457716382,1885.2571077353273,2143.692810403753,2002.7821457716382,2002.7821457716382,17.82903952931683,17.82903952931683,17.82903952931683,-8.435019098250143,-8.435019098250143,-8.435019098250143,26.26405862756697,26.26405862756697,26.26405862756697,0.0,0.0,0.0,2020.611185300955
2018-10-04,2001.4317923442263,1883.4937011261288,2136.716951538296,2001.4317923442263,2001.4317923442263,14.709257985939322,14.709257985939322,14.709257985939322,-10.075088241820689,-10.075088241820689,-10.075088241820689,24.78434622776001,24.78434622776001,24.78434622776001,0.0,0.0,0.0,2016.1410503301656
2018-10-05,2000.0814389168145,1888.579996853453,2139.898335777876,2000.0814389168145,2000.0814389168145,11.311105773134878,11.311105773134878,11.311105773134878,-11.600021620719415,-11.600021620719415,-11.600021620719415,22.911127393854294,22.911127393854294,22.911127393854294,0.0,0.0,0.0,2011.3925446899493
2018-10-08,1996.030378634579,1869.933700640175,2121.054267629961,1996.030378634579,1996.030378634579,3.721184140530931,3.721184140530931,3.721184140530931,-11.318739975400982,-11.318739975400982,-11.318739975400982,15.039924115931914,15.039924115931914,15.039924115931914,0.0,0.0,0.0,1999.75156277511
2018-10-09,1994.680025207167,1873.5298892023563,2138.5904665528537,1994.680025207167,1994.680025207167,1.9146558019843347,1.9146558019843347,1.9146558019843347,-9.813608091924781,-9.813608091924781,-9.813608091924781,11.728263893909114,11.728263893909114,11.728263893909114,0.0,0.0,0.0,1996.5946810091514
2018-10-10,1993.3296717797552,1866.4164075136969,2121.561258930854,1993.3296717797552,1993.3296717797552,-0.3188407955374668,-0.3188407955374668,-0.3188407955374668,-8.435019098228258,-8.435019098228258,-8.435019098228258,8.116178302690791,8.116178302690791,8.116178302690791,0.0,0.0,0.0,1993.0108309842178
2018-10-11,1991.9793183523434,1854.157504495269,2110.932484968988,1991.9793183523434,1991.9793183523434,-5.838680031583349,-5.838680031583349,-5.838680031583349,-10.075088241850185,-10.075088241850185,-10.075088241850185,4.236408210266836,4.236408210266836,4.236408210266836,0.0,0.0,0.0,1986.14063832076
2018-10-12,1990.6289649249313,1837.8320608573201,2111.7460923259105,1990.6289649249313,1990.6289649249313,-11.474547479729573,-11.474547479729573,-11.474547479729573,-11.600021620760288,-11.600021620760288,-11.600021620760288,0.1254741410307114,0.1254741410307114,0.1254741410307114,0.0,0.0,0.0,1979.1544174452017
2018-10-15,1986.5779046426958,1827.281256638824,2098.62175324913,1986.5779046426958,1986.5779046426958,-24.502918948697815,-24.502918948697815,-24.502918948697815,-11.318739975424984,-11.318739975424984,-11.318739975424984,-13.184178973272829,-13.184178973272829,-13.184178973272829,0.0,0.0,0.0,1962.0749856939979
2018-10-16,1985.227551215284,1825.906544117187,2087.9443345523896,1985.227551215284,1985.227551215284,-27.61263758533922,-27.61263758533922,-27.61263758533922,-9.813608091930126,-9.813608091930126,-9.813608091930126,-17.799029493409094,-17.799029493409094,-17.799029493409094,0.0,0.0,0.0,1957.6149136299448
2018-10-17,1983.877197787872,1828.4588534081315,2081.1461236311466,1983.877197787872,1983.877197787872,-30.861420580223772,-30.861420580223772,-30.861420580223772,-8.435019098225201,-8.435019098225201,-8.435019098225201,-22.42640148199857,-22.42640148199857,-22.42640148199857,0.0,0.0,0.0,1953.0157772076484
2018-10-19,1981.1764909330484,1800.4406164321465,2073.901379562225,1981.1764909330484,1981.1764909330484,-43.13419752867077,-43.13419752867077,-43.13419752867077,-11.60002162076474,-11.60002162076474,-11.60002162076474,-31.534175907906018,-31.534175907906018,-31.534175907906018,0.0,0.0,0.0,1938.0422934043777
2018-10-22,1977.1254306508129,1795.4912225607325,2054.5918956602013,1977.1254306508129,1977.1254306508129,-55.48791673626055,-55.48791673626055,-55.48791673626055,-11.318739975448985,-11.318739975448985,-11.318739975448985,-44.16917676081156,-44.16917676081156,-44.16917676081156,0.0,0.0,0.0,1921.6375139145523
2018-10-23,1975.775077223401,1781.7119159312354,2044.668115771212,1975.775077223401,1975.775077223401,-57.760464439664055,-57.760464439664055,-57.760464439664055,-9.813608091890536,-9.813608091890536,-9.813608091890536,-47.94685634777351,-47.94685634777351,-47.94685634777351,0.0,0.0,0.0,1918.014612783737
2018-10-24,1974.4247237959894,1778.6783174558132,2040.574211384621,1974.4247237959894,1974.4247237959894,-59.88479901746155,-59.88479901746155,-59.88479901746155,-8.435019098222142,-8.435019098222142,-8.435019098222142,-51.44977991923941,-51.44977991923941,-51.44977991923941,0.0,0.0,0.0,1914.5399247785278
2018-10-25,1973.0743703685773,1773.9967228754356,2034.812127556242,1973.0743703685773,1973.0743703685773,-64.72405726869425,-64.72405726869425,-64.72405726869425,-10.075088241800275,-10.075088241800275,-10.075088241800275,-54.64896902689398,-54.64896902689398,-54.64896902689398,0.0,0.0,0.0,1908.3503130998831
2018-10-26,1971.724016941165,1773.7663639300908,2035.7066467840104,1971.724016941165,1971.724016941165,-69.11971157608669,-69.11971157608669,-69.11971157608669,-11.600021620738055,-11.600021620738055,-11.600021620738055,-57.51968995534863,-57.51968995534863,-57.51968995534863,0.0,0.0,0.0,1902.6043053650783
2018-10-29,1967.6729567919645,1773.6348828205842,2025.429994937194,1967.6729567919645,1967.6729567919645,-75.30012785883305,-75.30012785883305,-75.30012785883305,-11.318739975412443,-11.318739975412443,-11.318739975412443,-63.98138788342062,-63.98138788342062,-63.98138788342062,0.0,0.0,0.0,1892.3728289331314
2018-10-30,1966.3226034088975,1763.1323395814234,2012.4403571514056,1966.3226034088975,1966.3226034088975,-75.19529859032326,-75.19529859032326,-75.19529859032326,-9.813608091909327,-9.813608091909327,-9.813608091909327,-65.38169049841393,-65.38169049841393,-65.38169049841393,0.0,0.0,0.0,1891.1273048185742
2018-10-31,1964.9722500258306,1774.446381290656,2017.3131911118337,1964.9722500258306,1964.9722500258306,-74.8332705149388,-74.8332705149388,-74.8332705149388,-8.43501909820026,-8.43501909820026,-8.43501909820026,-66.39825141673855,-66.39825141673855,-66.39825141673855,0.0,0.0,0.0,1890.1389795108919
2018-11-01,1963.6218966427639,1748.273177348047,2015.3567395938971,1963.6218966427639,1963.6218966427639,-77.10857387041574,-77.10857387041574,-77.10857387041574,-10.075088241829771,-10.075088241829771,-10.075088241829771,-67.03348562858596,-67.03348562858596,-67.03348562858596,0.0,0.0,0.0,1886.5133227723481
2018-11-02,1962.271543259697,1754.6640012439286,2010.0407231520762,1962.271543259697,1962.271543259697,-78.89389384619237,-78.89389384619237,-78.89389384619237,-11.600021620711365,-11.600021620711365,-11.600021620711365,-67.293872225481,-67.293872225481,-67.293872225481,0.0,0.0,0.0,1883.3776494135045
2018-11-05,1958.2204831104962,1756.1599719779845,2012.4576283103345,1958.2204831104962,1958.2204831104962,-77.26350865416572,-77.26350865416572,-77.26350865416572,-11.318739975436445,-11.318739975436445,-11.318739975436445,-65.94476867872928,-65.94476867872928,-65.94476867872928,0.0,0.0,0.0,1880.9569744563305
2018-11-06,1956.8701297274295,1753.2609317311392,2018.5858417586805,1956.8701297274295,1956.8701297274295,-74.65347248766885,-74.65347248766885,-74.65347248766885,-9.813608091914675,-9.813608091914675,-9.813608091914675,-64.83986439575418,-64.83986439575418,-64.83986439575418,0.0,0.0,0.0,1882.2166572397607
2018-11-07,1955.5197763443625,1757.8857845656755,2012.231270280393,1955.5197763443625,1955.5197763443625,-71.87594036540202,-71.87594036540202,-71.87594036540202,-8.435019098178376,-8.435019098178376,-8.435019098178376,-63.44092126722365,-63.44092126722365,-63.44092126722365,0.0,0.0,0.0,1883.6438359789604
2018-11-09,1952.819069578229,1754.0716853463612,2013.157164562598,1952.819069578229,1952.819069578229,-71.45347217141035,-71.45347217141035,-71.45347217141035,-11.600021620783375,-11.600021620783375,-11.600021620783375,-59.85345055062698,-59.85345055062698,-59.85345055062698,0.0,0.0,0.0,1881.3655974068186
2018-11-12,1948.768009429028,1750.1221269506007,2008.6269513060029,1948.768009429028,1948.768009429028,-64.18475647542492,-64.18475647542492,-64.18475647542492,-11.318739975460447,-11.318739975460447,-11.318739975460447,-52.86601649996447,-52.86601649996447,-52.86601649996447,0.0,0.0,0.0,1884.5832529536033
2018-11-13,1947.4176560459614,1747.4057645345351,2015.896929279698,1947.4176560459614,1947.4176560459614,-60.020906196245626,-60.020906196245626,-60.020906196245626,-9.813608091920026,-9.813608091920026,-9.813608091920026,-50.20729810432561,-50.20729810432561,-50.20729810432561,0.0,0.0,0.0,1887.3967498497157
2018-11-14,1946.0673026628945,1753.2902147680888,2024.4481428786394,1946.0673026628945,1946.0673026628945,-55.8584372302795,-55.8584372302795,-55.8584372302795,-8.435019098241419,-8.435019098241419,-8.435019098241419,-47.42341813203808,-47.42341813203808,-47.42341813203808,0.0,0.0,0.0,1890.2088654326149
2018-11-15,1944.7169492798275,1768.7915858642584,2023.521870639834,1944.7169492798275,1944.7169492798275,-54.611664001660245,-54.611664001660245,-54.611664001660245,-10.075088241779863,-10.075088241779863,-10.075088241779863,-44.536575759880385,-44.536575759880385,-44.536575759880385,0.0,0.0,0.0,1890.1052852781672
2018-11-16,1943.3665958967608,1762.5684150002946,2020.6179714508287,1943.3665958967608,1943.3665958967608,-53.167572253444014,-53.167572253444014,-53.167572253444014,-11.600021620756685,-11.600021620756685,-11.600021620756685,-41.56755063268733,-41.56755063268733,-41.56755063268733,0.0,0.0,0.0,1890.1990236433169
2018-11-19,1939.31553574756,1773.4974621925264,2031.0060491460745,1939.31553574756,1939.31553574756,-43.668790471601575,-43.668790471601575,-43.668790471601575,-11.318739975499321,-11.318739975499321,-11.318739975499321,-32.35005049610225,-32.35005049610225,-32.35005049610225,0.0,0.0,0.0,1895.6467452759584
2018-11-20,1937.965182364493,1760.4624068402293,2034.2898651067007,1937.965182364493,1937.965182364493,-39.03937767432292,-39.03937767432292,-39.03937767432292,-9.813608091952256,-9.813608091952256,-9.813608091952256,-29.22576958237066,-29.22576958237066,-29.22576958237066,0.0,0.0,0.0,1898.9258046901703
2018-11-21,1936.6148289814262,1775.0408487931973,2033.3675803578506,1936.6148289814262,1936.6148289814262,-34.53167268571248,-34.53167268571248,-34.53167268571248,-8.435019098219534,-8.435019098219534,-8.435019098219534,-26.096653587492945,-26.096653587492945,-26.096653587492945,0.0,0.0,0.0,1902.0831562957137
2018-11-22,1935.2644755983592,1768.417686083877,2033.5365274297892,1935.2644755983592,1935.2644755983592,-33.047552306112266,-33.047552306112266,-33.047552306112266,-10.07508824180936,-10.07508824180936,-10.07508824180936,-22.97246406430291,-22.97246406430291,-22.97246406430291,0.0,0.0,0.0,1902.216923292247
2018-11-26,1929.863062066092,1781.2450745865078,2043.092702273521,1929.863062066092,1929.863062066092,-21.97654349907929,-21.97654349907929,-21.97654349907929,-11.318739975447905,-11.318739975447905,-11.318739975447905,-10.657803523631388,-10.657803523631388,-10.657803523631388,0.0,0.0,0.0,1907.8865185670127
2018-11-27,1928.5127086830248,1776.5012879300198,2043.377108312196,1928.5127086830248,1928.5127086830248,-17.457464856045387,-17.457464856045387,-17.457464856045387,-9.813608091957608,-9.813608091957608,-9.813608091957608,-7.643856764087773,-7.643856764087773,-7.643856764087773,0.0,0.0,0.0,1911.0552438269794
2018-11-28,1927.1623552999579,1786.8552135685998,2048.787831319186,1927.1623552999579,1927.1623552999579,-13.093656677536003,-13.093656677536003,-13.093656677536003,-8.43501909819765,-8.43501909819765,-8.43501909819765,-4.658637579338353,-4.658637579338353,-4.658637579338353,0.0,0.0,0.0,1914.0686986224218
2018-11-29,1925.812001916891,1777.4847639644527,2046.9454823076833,1925.812001916891,1925.812001916891,-11.776652624881176,-11.776652624881176,-11.776652624881176,-10.075088241838856,-10.075088241838856,-10.075088241838856,-1.701564383042321,-1.701564383042321,-1.701564383042321,0.0,0.0,0.0,1914.0353492920099
2018-11-30,1924.4616485338242,1792.981752085382,2040.1542330778454,1924.4616485338242,1924.4616485338242,-10.37117231892114,-10.37117231892114,-10.37117231892114,-11.60002162076559,-11.60002162076559,-11.60002162076559,1.2288493018444495,1.2288493018444495,1.2288493018444495,0.0,0.0,0.0,1914.090476214903
2018-12-03,1920.4105883846237,1789.7881448751978,2043.5310580568378,1920.4105883846237,1920.4105883846237,-1.4330252793200082,-1.4330252793200082,-1.4330252793200082,-11.318739975471907,-11.318739975471907,-11.318739975471907,9.885714696151897,9.885714696151897,9.885714696151897,0.0,0.0,0.0,1918.9775631053037
2018-12-04,1919.0602350015567,1788.2630752974444,2051.6486018283904,1919.0602350015567,1919.0602350015567,2.924202866413552,2.924202866413552,2.924202866413552,-9.813608091962953,-9.813608091962953,-9.813608091962953,12.737810958376505,12.737810958376505,12.737810958376505,0.0,0.0,0.0,1921.9844378679702
2018-12-05,1917.7098816184898,1801.781577576393,2060.129878802122,1917.7098816184898,1917.7098816184898,7.144782484394615,7.144782484394615,7.144782484394615,-8.43501909824187,-8.43501909824187,-8.43501909824187,15.579801582636483,15.579801582636483,15.579801582636483,0.0,0.0,0.0,1924.8546641028845
2018-12-06,1916.3595282354229,1794.8922444038044,2057.163551276322,1916.3595282354229,1916.3595282354229,8.341044918311642,8.341044918311642,8.341044918311642,-10.075088241759447,-10.075088241759447,-10.075088241759447,18.41613316007109,18.41613316007109,18.41613316007109,0.0,0.0,0.0,1924.7005731537345
2018-12-07,1915.009174852356,1798.782455637786,2060.9786771607323,1915.009174852356,1915.009174852356,9.65145374117204,9.65145374117204,9.65145374117204,-11.600021620738904,-11.600021620738904,-11.600021620738904,21.251475361910945,21.251475361910945,21.251475361910945,0.0,0.0,0.0,1924.660628593528
2018-12-10,1910.9581147031554,1805.8046744892445,2064.079927139972,1910.9581147031554,1910.9581147031554,18.48216940442625,18.48216940442625,18.48216940442625,-11.318739975495909,-11.318739975495909,-11.318739975495909,29.80090937992216,29.80090937992216,29.80090937992216,0.0,0.0,0.0,1929.4402841075816
2018-12-11,1909.6077613200885,1805.0274004817413,2057.806210588681,1909.6077613200885,1909.6077613200885,22.868772253410402,22.868772253410402,22.868772253410402,-9.813608091936809,-9.813608091936809,-9.813608091936809,32.68238034534721,32.68238034534721,32.68238034534721,0.0,0.0,0.0,1932.476533573499
2018-12-12,1908.2574079370215,1804.3011900726283,2065.8959514359667,1908.2574079370215,1908.2574079370215,27.153587558132966,27.153587558132966,27.153587558132966,-8.43501909823881,-8.43501909823881,-8.43501909823881,35.58860665637178,35.58860665637178,35.58860665637178,0.0,0.0,0.0,1935.4109954951546
2018-12-13,1906.9070545539548,1804.6591850674918,2064.1617826365623,1906.9070545539548,1906.9070545539548,28.450034530195776,28.450034530195776,28.450034530195776,-10.075088241788944,-10.075088241788944,-10.075088241788944,38.52512277198472,38.52512277198472,38.52512277198472,0.0,0.0,0.0,1935.3570890841506
2018-12-14,1905.556701170888,1812.8793970933773,2066.1240198864252,1905.556701170888,1905.556701170888,29.897544026051577,29.897544026051577,29.897544026051577,-11.600021620712218,-11.600021620712218,-11.600021620712218,41.497565646763796,41.497565646763796,41.497565646763796,0.0,0.0,0.0,1935.4542451969394
2018-12-17,1901.505641021687,1806.7183127340832,2071.548931232547,1901.505641021687,1901.505641021687,39.3691200400529,39.3691200400529,39.3691200400529,-11.318739975369077,-11.318739975369077,-11.318739975369077,50.687860015421975,50.687860015421975,50.687860015421975,0.0,0.0,0.0,1940.87476106174
2018-12-18,1900.1552876386204,1821.7316837853225,2079.5612385851655,1900.1552876386204,1900.1552876386204,44.047882096500835,44.047882096500835,44.047882096500835,-9.813608091942156,-9.813608091942156,-9.813608091942156,53.86149018844299,53.86149018844299,53.86149018844299,0.0,0.0,0.0,1944.2031697351213
2018-12-19,1898.8049342555535,1813.8359309119248,2066.2743460202005,1898.8049342555535,1898.8049342555535,48.664646473484915,48.664646473484915,48.664646473484915,-8.435019098216925,-8.435019098216925,-8.435019098216925,57.099665571701834,57.099665571701834,57.099665571701834,0.0,0.0,0.0,1947.4695807290384
2018-12-20,1897.4545808724868,1812.881178044721,2080.8094304131905,1897.4545808724868,1897.4545808724868,50.3327116673698,50.3327116673698,50.3327116673698,-10.075088241818442,-10.075088241818442,-10.075088241818442,60.40779990918824,60.40779990918824,60.40779990918824,0.0,0.0,0.0,1947.7872925398565
2018-12-21,1896.1042274894198,1821.727157918384,2077.8553446954247,1896.1042274894198,1896.1042274894198,52.190983913418656,52.190983913418656,52.190983913418656,-11.600021620753088,-11.600021620753088,-11.600021620753088,63.79100553417174,63.79100553417174,63.79100553417174,0.0,0.0,0.0,1948.2952114028385
2018-12-24,1892.053167340219,1830.5298623721317,2089.4304961710127,1892.053167340219,1892.053167340219,63.1164898482319,63.1164898482319,63.1164898482319,-11.31873997539308,-11.31873997539308,-11.31873997539308,74.43522982362498,74.43522982362498,74.43522982362498,0.0,0.0,0.0,1955.1696571884509
2018-12-26,1889.3524605740852,1830.666131852121,2092.2917571008734,1889.3524605740852,1889.3524605740852,73.54101850529116,73.54101850529116,73.54101850529116,-8.43501909819504,-8.43501909819504,-8.43501909819504,81.9760376034862,81.9760376034862,81.9760376034862,0.0,0.0,0.0,1962.8934790793764
2018-12-27,1888.0021071910185,1842.6483277114198,2088.2727455287218,1888.0021071910185,1888.0021071910185,75.80985923140645,75.80985923140645,75.80985923140645,-10.075088241773761,-10.075088241773761,-10.075088241773761,85.88494747318022,85.88494747318022,85.88494747318022,0.0,0.0,0.0,1963.811966422425
2018-12-28,1886.6517538079515,1838.6639267691364,2090.0069026932215,1886.6517538079515,1886.6517538079515,78.28588888116373,78.28588888116373,78.28588888116373,-11.600021620757541,-11.600021620757541,-11.600021620757541,89.88591050192126,89.88591050192126,89.88591050192126,0.0,0.0,0.0,1964.9376426891154
2018-12-31,1882.600693658751,1844.3748439955068,2098.304703231882,1882.600693658751,1882.600693658751,91.09701361413899,91.09701361413899,91.09701361413899,-11.318739975417081,-11.318739975417081,-11.318739975417081,102.41575358955606,102.41575358955606,102.41575358955606,0.0,0.0,0.0,1973.69770727289
2019-01-01,1881.250340275684,1841.2599454827207,2108.1848209470395,1881.250340275684,1881.250340275684,96.93861883363108,96.93861883363108,96.93861883363108,-9.813608091907913,-9.813608091907913,-9.813608091907913,106.75222692553899,106.75222692553899,106.75222692553899,0.0,0.0,0.0,1978.1889591093152
2019-01-02,1879.899986892617,1855.6467949053294,2108.664137103796,1879.899986892617,1879.899986892617,102.72185724184962,102.72185724184962,102.72185724184962,-8.435019098258088,-8.435019098258088,-8.435019098258088,111.1568763401077,111.1568763401077,111.1568763401077,0.0,0.0,0.0,1982.6218441344668
2019-01-03,1878.5496335095502,1855.3415435815994,2112.2586299136774,1878.5496335095502,1878.5496335095502,105.54520888451124,105.54520888451124,105.54520888451124,-10.07508824180798,-10.07508824180798,-10.07508824180798,115.62029712631923,115.62029712631923,115.62029712631923,0.0,0.0,0.0,1984.0948423940615
2019-01-04,1877.1992801264835,1851.2917298441344,2109.5808742356667,1877.1992801264835,1877.1992801264835,108.53152397704746,108.53152397704746,108.53152397704746,-11.600021620730853,-11.600021620730853,-11.600021620730853,120.13154559777831,120.13154559777831,120.13154559777831,0.0,0.0,0.0,1985.730804103531
2019-01-07,1873.1482199772827,1870.4606069901256,2129.8526887196576,1873.1482199772827,1873.1482199772827,122.50252026220927,122.50252026220927,122.50252026220927,-11.31873997538054,-11.31873997538054,-11.31873997538054,133.8212602375898,133.8212602375898,133.8212602375898,0.0,0.0,0.0,1995.650740239492
2019-01-08,1871.7978665942157,1880.3585032055394,2120.9777102834114,1871.7978665942157,1871.7978665942157,128.5728188469662,128.5728188469662,128.5728188469662,-9.813608091926703,-9.813608091926703,-9.813608091926703,138.3864269388929,138.3864269388929,138.3864269388929,0.0,0.0,0.0,2000.3706854411819
2019-01-09,1870.4475132111488,1887.687336259349,2132.059757480609,1870.4475132111488,1870.4475132111488,134.48983664220904,134.48983664220904,134.48983664220904,-8.435019098236204,-8.435019098236204,-8.435019098236204,142.92485574044525,142.92485574044525,142.92485574044525,0.0,0.0,0.0,2004.9373498533578
2019-01-10,1869.0971598280819,1876.7183968429051,2127.434669570189,1869.0971598280819,1869.0971598280819,137.3436181110616,137.3436181110616,137.3436181110616,-10.075088241837477,-10.075088241837477,-10.075088241837477,147.4187063528991,147.4187063528991,147.4187063528991,0.0,0.0,0.0,2006.4407779391436
2019-01-11,1871.597802468733,1878.6452528851157,2125.221327369884,1871.597802468733,1871.597802468733,140.2495962793265,140.2495962793265,140.2495962793265,-11.600021620704167,-11.600021620704167,-11.600021620704167,151.84961790003067,151.84961790003067,151.84961790003067,0.0,0.0,0.0,2011.8473987480597
2019-01-14,1879.0997303906865,1901.778757141542,2163.66391053207,1879.0997303906865,1879.0997303906865,153.25935379195215,153.25935379195215,153.25935379195215,-11.318739975404542,-11.318739975404542,-11.318739975404542,164.5780937673567,164.5780937673567,164.5780937673567,0.0,0.0,0.0,2032.3590841826388
2019-01-15,1881.6003730313375,1913.4094557473065,2161.479784278648,1881.6003730313375,1881.6003730313375,158.75763826475924,158.75763826475924,158.75763826475924,-9.813608091932055,-9.813608091932055,-9.813608091932055,168.5712463566913,168.5712463566913,168.5712463566913,0.0,0.0,0.0,2040.3580112960967
2019-01-16,1884.1010156719885,1918.314652956573,2173.3321406943214,1884.1010156719885,1884.1010156719885,163.97485421550232,163.97485421550232,163.97485421550232,-8.435019098214314,-8.435019098214314,-8.435019098214314,172.40987331371662,172.40987331371662,172.40987331371662,0.0,0.0,0.0,2048.0758698874906
2019-01-17,1886.6016583126395,1916.6835911988705,2180.179407148067,1886.6016583126395,1886.6016583126395,166.00217806341908,166.00217806341908,166.00217806341908,-10.075088241792795,-10.075088241792795,-10.075088241792795,176.07726630521188,176.07726630521188,176.07726630521188,0.0,0.0,0.0,2052.6038363760586
2019-01-18,1889.1023009532905,1919.5664018874295,2194.9317301396077,1889.1023009532905,1889.1023009532905,167.957692399239,167.957692399239,167.957692399239,-11.600021620776179,-11.600021620776179,-11.600021620776179,179.55771402001517,179.55771402001517,179.55771402001517,0.0,0.0,0.0,2057.0599933525295
2019-01-21,1896.604228875244,1936.068357998317,2208.0835313054135,1896.604228875244,1896.604228875244,177.4194765273479,177.4194765273479,177.4194765273479,-11.318739975428544,-11.318739975428544,-11.318739975428544,188.73821650277648,188.73821650277648,188.73821650277648,0.0,0.0,0.0,2074.023705402592
2019-01-22,1899.104871515895,1949.6343080318466,2205.9334606836032,1899.104871515895,1899.104871515895,181.52478755280126,181.52478755280126,181.52478755280126,-9.813608091937402,-9.813608091937402,-9.813608091937402,191.33839564473865,191.33839564473865,191.33839564473865,0.0,0.0,0.0,2080.629659068696
2019-01-23,1901.6055141565457,1946.9696342462278,2218.42296072414,1901.6055141565457,1901.6055141565457,185.25723713278396,185.25723713278396,185.25723713278396,-8.435019098258534,-8.435019098258534,-8.435019098258534,193.6922562310425,193.6922562310425,193.6922562310425,0.0,0.0,0.0,2086.8627512893295
2019-01-24,1904.106156797197,1955.5579644620893,2219.9589592381753,1904.106156797197,1904.106156797197,185.7170467141581,185.7170467141581,185.7170467141581,-10.075088241787565,-10.075088241787565,-10.075088241787565,195.79213495594564,195.79213495594564,195.79213495594564,0.0,0.0,0.0,2089.823203511355
2019-01-25,1906.606799437848,1965.3684821085358,2221.988686709623,1906.606799437848,1906.606799437848,186.0317114486406,186.0317114486406,186.0317114486406,-11.60002162074949,-11.60002162074949,-11.60002162074949,197.6317330693901,197.6317330693901,197.6317330693901,0.0,0.0,0.0,2092.6385108864883
2019-01-28,1914.1087273598012,1971.3821680786868,2222.738703656214,1914.1087273598012,1914.1087273598012,190.22563416273977,190.22563416273977,190.22563416273977,-11.318739975467418,-11.318739975467418,-11.318739975467418,201.5443741382072,201.5443741382072,201.5443741382072,0.0,0.0,0.0,2104.334361522541
2019-01-29,1916.6093700004524,1990.9348407716027,2234.9780144238557,1916.6093700004524,1916.6093700004524,192.49005439780262,192.49005439780262,192.49005439780262,-9.813608091911254,-9.813608091911254,-9.813608091911254,202.30366248971387,202.30366248971387,202.30366248971387,0.0,0.0,0.0,2109.099424398255
2019-01-30,1919.1100126411034,1979.0264254490612,2238.2674558882586,1919.1100126411034,1919.1100126411034,194.35280488454544,194.35280488454544,194.35280488454544,-8.435019098208203,-8.435019098208203,-8.435019098208203,202.78782398275362,202.78782398275362,202.78782398275362,0.0,0.0,0.0,2113.462817525649
2019-01-31,1921.6106552817546,1991.6808702318165,2240.2190048769085,1921.6106552817546,1921.6106552817546,192.92108223648628,192.92108223648628,192.92108223648628,-10.075088241817062,-10.075088241817062,-10.075088241817062,202.99617047830333,202.99617047830333,202.99617047830333,0.0,0.0,0.0,2114.531737518241
2019-02-01,1924.1112979224056,1987.0946556020206,2241.637646208538,1924.1112979224056,1924.1112979224056,191.32835758234572,191.32835758234572,191.32835758234572,-11.600021620722805,-11.600021620722805,-11.600021620722805,202.92837920306852,202.92837920306852,202.92837920306852,0.0,0.0,0.0,2115.4396555047515
2019-02-04,1931.6132258443588,1989.7217569628808,2245.9368193193673,1931.6132258443588,1931.6132258443588,189.74833159606777,189.74833159606777,189.74833159606777,-11.318739975416003,-11.318739975416003,-11.318739975416003,201.06707157148378,201.06707157148378,201.06707157148378,0.0,0.0,0.0,2121.3615574404266
2019-02-05,1934.1138684850098,1989.5683336059228,2261.4651076978516,1934.1138684850098,1934.1138684850098,190.07976844386585,190.07976844386585,190.07976844386585,-9.8136080919166,-9.8136080919166,-9.8136080919166,199.89337653578244,199.89337653578244,199.89337653578244,0.0,0.0,0.0,2124.1936369288755
2019-02-06,1936.614511125661,1993.1520565984504,2256.41695023404,1936.614511125661,1936.614511125661,190.00724641287732,190.00724641287732,190.00724641287732,-8.43501909818632,-8.43501909818632,-8.43501909818632,198.44226551106362,198.44226551106362,198.44226551106362,0.0,0.0,0.0,2126.6217575385385
2019-02-07,1939.1151537663118,1992.376533159149,2254.751285266029,1939.1151537663118,1939.1151537663118,186.63776728757037,186.63776728757037,186.63776728757037,-10.07508824184656,-10.07508824184656,-10.07508824184656,196.71285552941694,196.71285552941694,196.71285552941694,0.0,0.0,0.0,2125.7529210538823
2019-02-08,1941.615796406963,1996.2991087058142,2247.7280717936687,1941.615796406963,1941.615796406963,183.10395497638945,183.10395497638945,183.10395497638945,-11.600021620763675,-11.600021620763675,-11.600021620763675,194.70397659715312,194.70397659715312,194.70397659715312,0.0,0.0,0.0,2124.7197513833526
2019-02-11,1949.1177243289164,1990.7150092059662,2257.9414557569476,1949.1177243289164,1949.1177243289164,175.66700816925587,175.66700816925587,175.66700816925587,-11.318739975440003,-11.318739975440003,-11.318739975440003,186.98574814469586,186.98574814469586,186.98574814469586,0.0,0.0,0.0,2124.784732498172
2019-02-12,1951.6183669695672,1998.6567298634518,2249.569196922312,1951.6183669695672,1951.6183669695672,174.0303724570468,174.0303724570468,174.0303724570468,-9.81360809192195,-9.81360809192195,-9.81360809192195,183.84398054896877,183.84398054896877,183.84398054896877,0.0,0.0,0.0,2125.648739426614
2019-02-14,1956.6196522508692,1996.2523882100174,2256.593043857251,1956.6196522508692,1956.6196522508692,166.6248935212899,166.6248935212899,166.6248935212899,-10.075088241767155,-10.075088241767155,-10.075088241767155,176.69998176305702,176.69998176305702,176.69998176305702,0.0,0.0,0.0,2123.244545772159
2019-02-15,1959.1202948915204,1980.339419454918,2249.546436590195,1959.1202948915204,1959.1202948915204,161.09743251203147,161.09743251203147,161.09743251203147,-11.600021620768127,-11.600021620768127,-11.600021620768127,172.6974541327996,172.6974541327996,172.6974541327996,0.0,0.0,0.0,2120.217727403552
2019-02-18,1966.6222228134739,1984.4594969910438,2233.495502691932,1966.6222228134739,1966.6222228134739,147.67021996278723,147.67021996278723,147.67021996278723,-11.318739975464005,-11.318739975464005,-11.318739975464005,158.9889599382512,158.9889599382512,158.9889599382512,0.0,0.0,0.0,2114.292442776261
2019-02-19,1969.1228654541248,1985.5852466158303,2234.4512287232988,1969.1228654541248,1969.1228654541248,144.05374210419765,144.05374210419765,144.05374210419765,-9.81360809188236,-9.81360809188236,-9.81360809188236,153.86735019608,153.86735019608,153.86735019608,0.0,0.0,0.0,2113.1766075583223
2019-02-20,1971.6235080947758,1984.374558700228,2240.2232827963408,1971.6235080947758,1971.6235080947758,140.0470153513273,140.0470153513273,140.0470153513273,-8.435019098227478,-8.435019098227478,-8.435019098227478,148.4820344495548,148.4820344495548,148.4820344495548,0.0,0.0,0.0,2111.6705234461033
2019-02-21,1974.1241507354266,1969.1104553658872,2227.803945438641,1974.1241507354266,1974.1241507354266,132.76879370902088,132.76879370902088,132.76879370902088,-10.075088241796651,-10.075088241796651,-10.075088241796651,142.84388195081752,142.84388195081752,142.84388195081752,0.0,0.0,0.0,2106.8929444444475
2019-02-22,1976.6247933760778,1965.2432053017844,2239.31578589697,1976.6247933760778,1976.6247933760778,125.36632597554353,125.36632597554353,125.36632597554353,-11.60002162074144,-11.60002162074144,-11.60002162074144,136.96634759628498,136.96634759628498,136.96634759628498,0.0,0.0,0.0,2101.9911193516214
2019-02-25,1984.1267212980313,1968.170714858404,2221.784543894847,1984.1267212980313,1984.1267212980313,106.75468145498525,106.75468145498525,106.75468145498525,-11.318739975427462,-11.318739975427462,-11.318739975427462,118.07342143041272,118.07342143041272,118.07342143041272,0.0,0.0,0.0,2090.8814027530166
2019-02-26,1986.627363938682,1965.0888559706138,2221.3841131716404,1986.627363938682,1986.627363938682,101.61488636753089,101.61488636753089,101.61488636753089,-9.81360809190115,-9.81360809190115,-9.81360809190115,111.42849445943205,111.42849445943205,111.42849445943205,0.0,0.0,0.0,2088.242250306213
2019-02-27,1989.1280065793333,1958.7307892038277,2218.689583201483,1989.1280065793333,1989.1280065793333,96.21829099049314,96.21829099049314,96.21829099049314,-8.435019098205593,-8.435019098205593,-8.435019098205593,104.65331008869875,104.65331008869875,104.65331008869875,0.0,0.0,0.0,2085.346297569826
2019-02-28,1991.6286492199843,1951.9487986245108,2210.321615353265,1991.6286492199843,1991.6286492199843,87.70274356201232,87.70274356201232,87.70274356201232,-10.075088241826148,-10.075088241826148,-10.075088241826148,97.77783180383845,97.77783180383845,97.77783180383845,0.0,0.0,0.0,2079.331392781997
2019-03-01,1994.1292918606352,1953.4861663301945,2205.6446273772663,1994.1292918606352,1994.1292918606352,79.23432832599433,79.23432832599433,79.23432832599433,-11.600021620714754,-11.600021620714754,-11.600021620714754,90.83434994670908,90.83434994670908,90.83434994670908,0.0,0.0,0.0,2073.3636201866298
2019-03-05,2004.1318624232397,1930.6997547288906,2185.5378324069966,2004.1318624232397,2004.1318624232397,53.27553909192371,53.27553909192371,53.27553909192371,-9.813608091964879,-9.813608091964879,-9.813608091964879,63.0891471838886,63.0891471838886,63.0891471838886,0.0,0.0,0.0,2057.407401515163
2019-03-06,2006.6325050638904,1921.6296652748233,2190.67865232871,2006.6325050638904,2006.6325050638904,47.91210851691346,47.91210851691346,47.91210851691346,-8.435019098183707,-8.435019098183707,-8.435019098183707,56.34712761509717,56.34712761509717,56.34712761509717,0.0,0.0,0.0,2054.544613580804
2019-03-07,2009.133147704542,1917.2247613852458,2181.538443651926,2009.133147704542,2009.133147704542,39.683808693897646,39.683808693897646,39.683808693897646,-10.075088241781465,-10.075088241781465,-10.075088241781465,49.75889693567911,49.75889693567911,49.75889693567911,0.0,0.0,0.0,2048.8169563984397
2019-03-08,2011.633790345193,1924.641104202991,2178.6886485663317,2011.633790345193,2011.633790345193,31.761583484591302,31.761583484591302,31.761583484591302,-11.600021620786762,-11.600021620786762,-11.600021620786762,43.36160510537806,43.36160510537806,43.36160510537806,0.0,0.0,0.0,2043.3953738297841
2019-03-11,2019.135718267146,1907.3446233695079,2161.6284634270555,2019.135718267146,2019.135718267146,14.343538313056367,14.343538313056367,14.343538313056367,-11.318739975475467,-11.318739975475467,-11.318739975475467,25.66227828853183,25.66227828853183,25.66227828853183,0.0,0.0,0.0,2033.4792565802024
2019-03-12,2021.636360907797,1907.5277599755311,2158.374172690251,2021.636360907797,2021.636360907797,10.549969328886796,10.549969328886796,10.549969328886796,-9.813608091925289,-9.813608091925289,-9.813608091925289,20.363577420812085,20.363577420812085,20.363577420812085,0.0,0.0,0.0,2032.186330236684
2019-03-13,2024.137003548448,1892.5971788710876,2156.3321955962665,2024.137003548448,2024.137003548448,6.97431904505892,6.97431904505892,6.97431904505892,-8.435019098246752,-8.435019098246752,-8.435019098246752,15.409338143305673,15.409338143305673,15.409338143305673,0.0,0.0,0.0,2031.111322593507
2019-03-14,2026.6376461890993,1893.9601332481745,2157.850556820269,2026.6376461890993,2026.6376461890993,0.745145084208194,0.745145084208194,0.745145084208194,-10.075088241776236,-10.075088241776236,-10.075088241776236,10.82023332598443,10.82023332598443,10.82023332598443,0.0,0.0,0.0,2027.3827912733075
2019-03-15,2029.1382888297503,1896.0027070898875,2148.361557324074,2029.1382888297503,2029.1382888297503,-4.987412112843899,-4.987412112843899,-4.987412112843899,-11.600021620723657,-11.600021620723657,-11.600021620723657,6.612609507879758,6.612609507879758,6.612609507879758,0.0,0.0,0.0,2024.1508767169064
2019-03-18,2036.6402167517033,1885.0894136228305,2146.551034403972,2036.6402167517033,2036.6402167517033,-14.947092693104942,-14.947092693104942,-14.947092693104942,-11.31873997551434,-11.31873997551434,-11.31873997551434,-3.6283527175905994,-3.6283527175905994,-3.6283527175905994,0.0,0.0,0.0,2021.6931240585984
2019-03-19,2039.1408593923545,1896.9008502952302,2163.4272565568463,2039.1408593923545,2039.1408593923545,-16.055187194644407,-16.055187194644407,-16.055187194644407,-9.81360809194408,-9.81360809194408,-9.81360809194408,-6.241579102700328,-6.241579102700328,-6.241579102700328,0.0,0.0,0.0,2023.0856721977102
2019-03-20,2041.6415020330057,1901.5977893183679,2154.139824410911,2041.6415020330057,2041.6415020330057,-16.898774796001963,-16.898774796001963,-16.898774796001963,-8.435019098224867,-8.435019098224867,-8.435019098224867,-8.463755697777094,-8.463755697777094,-8.463755697777094,0.0,0.0,0.0,2024.7427272370037
2019-03-22,2046.6427873143077,1898.1802507709392,2154.619939847814,2046.6427873143077,2046.6427873143077,-23.390516292349997,-23.390516292349997,-23.390516292349997,-11.60002162069697,-11.60002162069697,-11.60002162069697,-11.790494671653029,-11.790494671653029,-11.790494671653029,0.0,0.0,0.0,2023.2522710219578
2019-03-25,2054.144715236261,1898.4280243815317,2163.926788335458,2054.144715236261,2054.144715236261,-25.625414226372495,-25.625414226372495,-25.625414226372495,-11.318739975462925,-11.318739975462925,-11.318739975462925,-14.306674250909568,-14.306674250909568,-14.306674250909568,0.0,0.0,0.0,2028.5193010098887
2019-03-26,2056.6453578769124,1903.0883964197294,2166.2196506414107,2056.6453578769124,2056.6453578769124,-24.40988272668194,-24.40988272668194,-24.40988272668194,-9.813608091949428,-9.813608091949428,-9.813608091949428,-14.59627463473251,-14.59627463473251,-14.59627463473251,0.0,0.0,0.0,2032.2354751502305
2019-03-27,2059.1460005281087,1893.5279570944328,2162.5078878276295,2059.1460005281087,2059.1460005281087,-23.100548472959392,-23.100548472959392,-23.100548472959392,-8.435019098202982,-8.435019098202982,-8.435019098202982,-14.665529374756414,-14.665529374756414,-14.665529374756414,0.0,0.0,0.0,2036.0454520551493
2019-03-28,2061.6466431793056,1905.8320573010733,2164.6776007725844,2061.6466431793056,2061.6466431793056,-24.62484505302873,-24.62484505302873,-24.62484505302873,-10.07508824183523,-10.07508824183523,-10.07508824183523,-14.549756811193497,-14.549756811193497,-14.549756811193497,0.0,0.0,0.0,2037.0217981262767
2019-04-01,2071.6492137840924,1925.4726149226992,2180.982398096898,2071.6492137840924,2071.6492137840924,-24.282196780133866,-24.282196780133866,-24.282196780133866,-11.318739975396637,-11.318739975396637,-11.318739975396637,-12.963456804737229,-12.963456804737229,-12.963456804737229,0.0,0.0,0.0,2047.3670170039584
2019-04-02,2074.149856435289,1921.67582440717,2186.877485750223,2074.149856435289,2074.149856435289,-22.27775956656905,-22.27775956656905,-22.27775956656905,-9.813608091954775,-9.813608091954775,-9.813608091954775,-12.464151474614276,-12.464151474614276,-12.464151474614276,0.0,0.0,0.0,2051.8720968687203
2019-04-03,2076.650499086486,1944.6483475055916,2190.359334099935,2076.650499086486,2076.650499086486,-20.425177584924985,-20.425177584924985,-20.425177584924985,-8.435019098247201,-8.435019098247201,-8.435019098247201,-11.990158486677784,-11.990158486677784,-11.990158486677784,0.0,0.0,0.0,2056.225321501561
2019-04-04,2079.151141737683,1938.2927291313808,2191.675517864331,2079.151141737683,2079.151141737683,-21.645860203127956,-21.645860203127956,-21.645860203127956,-10.075088241755822,-10.075088241755822,-10.075088241755822,-11.570771961372134,-11.570771961372134,-11.570771961372134,0.0,0.0,0.0,2057.505281534555
2019-04-05,2081.651784388879,1934.1542106691466,2185.7174218585988,2081.651784388879,2081.651784388879,-22.832360153990074,-22.832360153990074,-22.832360153990074,-11.600021620742297,-11.600021620742297,-11.600021620742297,-11.23233853324778,-11.23233853324778,-11.23233853324778,0.0,0.0,0.0,2058.819424234889
2019-04-08,2089.1537123424696,1930.9362476392268,2201.7489575953227,2089.1537123424696,2089.1537123424696,-22.234220342731525,-22.234220342731525,-22.234220342731525,-11.318739975435513,-11.318739975435513,-11.318739975435513,-10.915480367296018,-10.915480367296018,-10.915480367296018,0.0,0.0,0.0,2066.919491999738
2019-04-09,2091.6543549936664,1942.9926658867705,2205.3121676475707,2091.6543549936664,2091.6543549936664,-20.908883999095625,-20.908883999095625,-20.908883999095625,-9.813608091928627,-9.813608091928627,-9.813608091928627,-11.095275907166998,-11.095275907166998,-11.095275907166998,0.0,0.0,0.0,2070.745470994571
2019-04-10,2094.1549976448628,1941.9380090104482,2201.684292267216,2094.1549976448628,2094.1549976448628,-19.869655818662867,-19.869655818662867,-19.869655818662867,-8.435019098244146,-8.435019098244146,-8.435019098244146,-11.434636720418721,-11.434636720418721,-11.434636720418721,0.0,0.0,0.0,2074.2853418262
2019-04-11,2096.6556402960596,1947.3627547439532,2196.2801722324493,2096.6556402960596,2096.6556402960596,-22.013170173193323,-22.013170173193323,-22.013170173193323,-10.075088241785318,-10.075088241785318,-10.075088241785318,-11.938081931408004,-11.938081931408004,-11.938081931408004,0.0,0.0,0.0,2074.642470122866
2019-04-12,2099.1562829472564,1945.2826851453694,2211.0998505521225,2099.1562829472564,2099.1562829472564,-24.206623901724505,-24.206623901724505,-24.206623901724505,-11.600021620715609,-11.600021620715609,-11.600021620715609,-12.606602281008897,-12.606602281008897,-12.606602281008897,0.0,0.0,0.0,2074.949659045532
2019-04-15,2106.6582109008464,1948.2738691334748,2207.6144756482768,2106.6582109008464,2106.6582109008464,-26.883949588943356,-26.883949588943356,-26.883949588943356,-11.318739975384098,-11.318739975384098,-11.318739975384098,-15.565209613559254,-15.565209613559254,-15.565209613559254,0.0,0.0,0.0,2079.774261311903
2019-04-16,2109.158853552043,1951.9862227123385,2210.6088395069414,2109.158853552043,2109.158853552043,-26.65689718095118,-26.65689718095118,-26.65689718095118,-9.813608091933974,-9.813608091933974,-9.813608091933974,-16.843289089017205,-16.843289089017205,-16.843289089017205,0.0,0.0,0.0,2082.501956371092
2019-04-18,2114.160138854437,1960.5998472507706,2215.294072876944,2114.160138854437,2114.160138854437,-29.8448626001966,-29.8448626001966,-29.8448626001966,-10.075088241854264,-10.075088241854264,-10.075088241854264,-19.76977435834233,-19.76977435834233,-19.76977435834233,0.0,0.0,0.0,2084.3152762542404
2019-04-22,2124.162709459223,1951.7661029146548,2220.735839797844,2124.162709459223,2124.162709459223,-38.038139643077145,-38.038139643077145,-38.038139643077145,-11.318739975408096,-11.318739975408096,-11.318739975408096,-26.719399667669048,-26.719399667669048,-26.719399667669048,0.0,0.0,0.0,2086.124569816146
2019-04-23,2126.6633521104204,1956.105291309428,2221.1144719519657,2126.6633521104204,2126.6633521104204,-38.41878689652173,-38.41878689652173,-38.41878689652173,-9.813608091939326,-9.813608091939326,-9.813608091939326,-28.605178804582405,-28.605178804582405,-28.605178804582405,0.0,0.0,0.0,2088.2445652138986
2019-04-24,2129.1639947616172,1967.4899278817916,2227.713309574451,2129.1639947616172,2129.1639947616172,-38.96078889744173,-38.96078889744173,-38.96078889744173,-8.435019098200376,-8.435019098200376,-8.435019098200376,-30.525769799241356,-30.525769799241356,-30.525769799241356,0.0,0.0,0.0,2090.2032058641753
2019-04-25,2131.6646374128136,1955.5255080239506,2215.033522888322,2131.6646374128136,2131.6646374128136,-42.54630953677969,-42.54630953677969,-42.54630953677969,-10.075088241774855,-10.075088241774855,-10.075088241774855,-32.47122129500484,-32.47122129500484,-32.47122129500484,0.0,0.0,0.0,2089.118327876034
2019-04-26,2134.1652800640104,1958.3886932203432,2213.981137842381,2134.1652800640104,2134.1652800640104,-46.03329952429224,-46.03329952429224,-46.03329952429224,-11.600021620760929,-11.600021620760929,-11.600021620760929,-34.43327790353132,-34.43327790353132,-34.43327790353132,0.0,0.0,0.0,2088.1319805397184
2019-04-30,2144.167850668797,1962.796394556768,2222.3067398517373,2144.167850668797,2144.167850668797,-52.160748323829836,-52.160748323829836,-52.160748323829836,-9.813608091899736,-9.813608091899736,-9.813608091899736,-42.3471402319301,-42.3471402319301,-42.3471402319301,0.0,0.0,0.0,2092.0071023449673
2019-05-02,2149.169135971191,1959.4692927354831,2219.1736101371844,2149.169135971191,2149.169135971191,-56.39884687202475,-56.39884687202475,-56.39884687202475,-10.075088241804352,-10.075088241804352,-10.075088241804352,-46.323758630220404,-46.323758630220404,-46.323758630220404,0.0,0.0,0.0,2092.770289099166
2019-05-03,2151.6697786223876,1959.6595338114817,2229.9825445650863,2151.6697786223876,2151.6697786223876,-59.9230446807848,-59.9230446807848,-59.9230446807848,-11.60002162073424,-11.60002162073424,-11.60002162073424,-48.32302306005055,-48.32302306005055,-48.32302306005055,0.0,0.0,0.0,2091.746733941603
2019-05-06,2159.1717065759776,1963.3668156617575,2227.1154791663957,2159.1717065759776,2159.1717065759776,-65.73478252382839,-65.73478252382839,-65.73478252382839,-11.31873997539556,-11.31873997539556,-11.31873997539556,-54.41604254843283,-54.41604254843283,-54.41604254843283,0.0,0.0,0.0,2093.436924052149
2019-05-07,2161.672349227175,1969.6230024378021,2219.936298645627,2161.672349227175,2161.672349227175,-66.30846916744662,-66.30846916744662,-66.30846916744662,-9.813608091918526,-9.813608091918526,-9.813608091918526,-56.494861075528085,-56.494861075528085,-56.494861075528085,0.0,0.0,0.0,2095.363880059728
2019-05-08,2164.1729918783712,1965.3169280830523,2236.717031150627,2164.1729918783712,2164.1729918783712,-67.03994116241597,-67.03994116241597,-67.03994116241597,-8.435019098241536,-8.435019098241536,-8.435019098241536,-58.604922064174424,-58.604922064174424,-58.604922064174424,0.0,0.0,0.0,2097.1330507159555
2019-05-09,2166.6736345295676,1968.9366426525874,2226.2718937931472,2166.6736345295676,2166.6736345295676,-70.82453128570648,-70.82453128570648,-70.82453128570648,-10.075088241833848,-10.075088241833848,-10.075088241833848,-60.74944304387262,-60.74944304387262,-60.74944304387262,0.0,0.0,0.0,2095.849103243861
2019-05-10,2169.1742771807644,1967.1770947237162,2221.3695122324584,2169.1742771807644,2169.1742771807644,-74.5303976756593,-74.5303976756593,-74.5303976756593,-11.600021620707555,-11.600021620707555,-11.600021620707555,-62.93037605495174,-62.93037605495174,-62.93037605495174,0.0,0.0,0.0,2094.643879505105
2019-05-13,2176.676205134355,1970.1961833757296,2216.7165572360454,2176.676205134355,2176.676205134355,-81.0050318512287,-81.0050318512287,-81.0050318512287,-11.318739975419561,-11.318739975419561,-11.318739975419561,-69.68629187580913,-69.68629187580913,-69.68629187580913,0.0,0.0,0.0,2095.6711732831263
2019-05-14,2179.1768477855517,1962.3907604237081,2227.195559519133,2179.1768477855517,2179.1768477855517,-81.81134026918043,-81.81134026918043,-81.81134026918043,-9.813608091923873,-9.813608091923873,-9.813608091923873,-71.99773217725655,-71.99773217725655,-71.99773217725655,0.0,0.0,0.0,2097.365507516371
2019-05-15,2181.677490436748,1966.4348312999175,2219.25233688014,2181.677490436748,2181.677490436748,-82.7627807780232,-82.7627807780232,-82.7627807780232,-8.435019098172377,-8.435019098172377,-8.435019098172377,-74.32776167985082,-74.32776167985082,-74.32776167985082,0.0,0.0,0.0,2098.914709658725
2019-05-16,2184.178133087945,1974.6496537595299,2230.511958026257,2184.178133087945,2184.178133087945,-86.74147242467457,-86.74147242467457,-86.74147242467457,-10.075088241789173,-10.075088241789173,-10.075088241789173,-76.66638418288538,-76.66638418288538,-76.66638418288538,0.0,0.0,0.0,2097.4366606632702
2019-05-17,2186.6787757391417,1971.9592040189823,2227.886517936188,2186.6787757391417,2186.6787757391417,-90.60148821517883,-90.60148821517883,-90.60148821517883,-11.600021620779568,-11.600021620779568,-11.600021620779568,-79.00146659439926,-79.00146659439926,-79.00146659439926,0.0,0.0,0.0,2096.0772875239627
2019-05-20,2194.1807036927316,1968.8031810809307,2226.644839188844,2194.1807036927316,2194.1807036927316,-97.15433003579449,-97.15433003579449,-97.15433003579449,-11.31873997544356,-11.31873997544356,-11.31873997544356,-85.83559006035092,-85.83559006035092,-85.83559006035092,0.0,0.0,0.0,2097.0263736569373
2019-05-21,2196.681346343929,1964.3709240241205,2231.1195284879373,2196.681346343929,2196.681346343929,-97.81249861099201,-97.81249861099201,-97.81249861099201,-9.81360809192922,-9.81360809192922,-9.81360809192922,-87.9988905190628,-87.9988905190628,-87.9988905190628,0.0,0.0,0.0,2098.868847732937
2019-05-22,2199.1819889951253,1967.6586407995414,2222.8432432516524,2199.1819889951253,2199.1819889951253,-98.5082812991739,-98.5082812991739,-98.5082812991739,-8.43501909823542,-8.43501909823542,-8.43501909823542,-90.07326220093847,-90.07326220093847,-90.07326220093847,0.0,0.0,0.0,2100.673707695951
2019-05-23,2201.682631646322,1969.6283613281473,2232.095912692138,2201.682631646322,2201.682631646322,-102.11406340476324,-102.11406340476324,-102.11406340476324,-10.075088241783941,-10.075088241783941,-10.075088241783941,-92.03897516297931,-92.03897516297931,-92.03897516297931,0.0,0.0,0.0,2099.5685682415588
2019-05-24,2204.183274297519,1970.0374857063966,2225.6171086089025,2204.183274297519,2204.183274297519,-105.47641087636353,-105.47641087636353,-105.47641087636353,-11.60002162075288,-11.60002162075288,-11.60002162075288,-93.87638925561066,-93.87638925561066,-93.87638925561066,0.0,0.0,0.0,2098.7068634211555
2019-05-27,2211.685202251109,1975.8546188951839,2226.6002196845297,2211.685202251109,2211.685202251109,-109.75244349937458,-109.75244349937458,-109.75244349937458,-11.318739975482437,-11.318739975482437,-11.318739975482437,-98.43370352389215,-98.43370352389215,-98.43370352389215,0.0,0.0,0.0,2101.932758751734
2019-05-28,2214.1858449023057,1977.9986165932157,2232.7124309694927,2214.1858449023057,2214.1858449023057,-109.39344656106054,-109.39344656106054,-109.39344656106054,-9.813608091903072,-9.813608091903072,-9.813608091903072,-99.57983846915747,-99.57983846915747,-99.57983846915747,0.0,0.0,0.0,2104.792398341245
2019-05-29,2216.686487553502,1977.5842709103258,2236.4216364173235,2216.686487553502,2216.686487553502,-108.95227138430583,-108.95227138430583,-108.95227138430583,-8.435019098213537,-8.435019098213537,-8.435019098213537,-100.51725228609229,-100.51725228609229,-100.51725228609229,0.0,0.0,0.0,2107.7342161691963
2019-05-30,2219.1871302046993,1976.1984551908097,2231.9807261163487,2219.1871302046993,2219.1871302046993,-111.31159858248593,-111.31159858248593,-111.31159858248593,-10.075088241813438,-10.075088241813438,-10.075088241813438,-101.23651034067248,-101.23651034067248,-101.23651034067248,0.0,0.0,0.0,2107.875531622213
2019-05-31,2221.687772855896,1971.8182194201613,2244.307078349717,2221.687772855896,2221.687772855896,-113.33128484256386,-113.33128484256386,-113.33128484256386,-11.600021620726194,-11.600021620726194,-11.600021620726194,-101.73126322183765,-101.73126322183765,-101.73126322183765,0.0,0.0,0.0,2108.356488013332
2019-06-03,2229.1897008094857,1981.6726327716979,2245.8017389140405,2229.1897008094857,2229.1897008094857,-113.17508569259878,-113.17508569259878,-113.17508569259878,-11.31873997543102,-11.31873997543102,-11.31873997543102,-101.85634571716776,-101.85634571716776,-101.85634571716776,0.0,0.0,0.0,2116.014615116887
2019-06-04,2231.690343460683,1988.0470645248558,2250.294169310628,2231.690343460683,2231.690343460683,-111.27267327485497,-111.27267327485497,-111.27267327485497,-9.813608091908424,-9.813608091908424,-9.813608091908424,-101.45906518294655,-101.45906518294655,-101.45906518294655,0.0,0.0,0.0,2120.417670185828
2019-06-06,2236.691628763076,1992.1292635152677,2254.739231873013,2236.691628763076,2236.691628763076,-110.14502352445237,-110.14502352445237,-110.14502352445237,-10.075088241842934,-10.075088241842934,-10.075088241842934,-100.06993528260944,-100.06993528260944,-100.06993528260944,0.0,0.0,0.0,2126.5466052386237
2019-06-07,2239.192271414273,1993.3797170315165,2258.4701069624202,2239.192271414273,2239.192271414273,-110.71172921406898,-110.71172921406898,-110.71172921406898,-11.600021620767063,-11.600021620767063,-11.600021620767063,-99.11170759330193,-99.11170759330193,-99.11170759330193,0.0,0.0,0.0,2128.480542200204
2019-06-10,2246.6941993678633,2011.7575545643838,2267.4559067504047,2246.6941993678633,2246.6941993678633,-106.76684650872807,-106.76684650872807,-106.76684650872807,-11.318739975455024,-11.318739975455024,-11.318739975455024,-95.44810653327303,-95.44810653327303,-95.44810653327303,0.0,0.0,0.0,2139.927352859135
2019-06-11,2249.1948420190597,2024.0320122532876,2283.1223097000775,2249.1948420190597,2249.1948420190597,-103.86572294663647,-103.86572294663647,-103.86572294663647,-9.81360809197215,-9.81360809197215,-9.81360809197215,-94.05211485466432,-94.05211485466432,-94.05211485466432,0.0,0.0,0.0,2145.329119072423
2019-06-12,2251.695484670256,2030.9368807497087,2285.7070635868417,2251.695484670256,2251.695484670256,-101.05218544939895,-101.05218544939895,-101.05218544939895,-8.435019098235871,-8.435019098235871,-8.435019098235871,-92.61716635116306,-92.61716635116306,-92.61716635116306,0.0,0.0,0.0,2150.643299220857
2019-06-13,2254.1961273214533,2023.7101515467584,2280.8358903830203,2254.1961273214533,2254.1961273214533,-101.24893285528161,-101.24893285528161,-101.24893285528161,-10.075088241763526,-10.075088241763526,-10.075088241763526,-91.17384461351807,-91.17384461351807,-91.17384461351807,0.0,0.0,0.0,2152.947194466172
2019-06-14,2253.801603925791,2011.8329447235353,2278.4787286031446,2253.801603925791,2253.801603925791,-101.35298965531405,-101.35298965531405,-101.35298965531405,-11.600021620771512,-11.600021620771512,-11.600021620771512,-89.75296803454253,-89.75296803454253,-89.75296803454253,0.0,0.0,0.0,2152.448614270477
2019-06-17,2252.618033738804,2009.1533451256141,2292.773595054716,2252.618033738804,2252.618033738804,-97.24344019885969,-97.24344019885969,-97.24344019885969,-11.318739975479025,-11.318739975479025,-11.318739975479025,-85.92470022338067,-85.92470022338067,-85.92470022338067,0.0,0.0,0.0,2155.3745935399443
2019-06-18,2252.223510343142,2031.2499229689367,2290.83483419123,2252.223510343142,2252.223510343142,-94.70015739877947,-94.70015739877947,-94.70015739877947,-9.813608091946001,-9.813608091946001,-9.813608091946001,-84.88654930683346,-84.88654930683346,-84.88654930683346,0.0,0.0,0.0,2157.5233529443626
2019-06-19,2251.8289869474797,2033.0242553419278,2297.462962827073,2251.8289869474797,2251.8289869474797,-92.44374759022601,-92.44374759022601,-92.44374759022601,-8.435019098232814,-8.435019098232814,-8.435019098232814,-84.00872849199318,-84.00872849199318,-84.00872849199318,0.0,0.0,0.0,2159.385239357254
2019-06-20,2251.4344635518173,2021.597815126263,2288.4509352723626,2251.4344635518173,2251.4344635518173,-93.38701783013892,-93.38701783013892,-93.38701783013892,-10.075088241793022,-10.075088241793022,-10.075088241793022,-83.3119295883459,-83.3119295883459,-83.3119295883459,0.0,0.0,0.0,2158.0474457216783
2019-06-21,2251.039940156155,2019.0286988206121,2282.5874316464733,2251.039940156155,2251.039940156155,-94.4135482467411,-94.4135482467411,-94.4135482467411,-11.600021620744824,-11.600021620744824,-11.600021620744824,-82.81352662599627,-82.81352662599627,-82.81352662599627,0.0,0.0,0.0,2156.626391909414
2019-06-24,2249.856369969168,2030.109553928033,2284.515279372618,2249.856369969168,2249.856369969168,-93.94511895517068,-93.94511895517068,-93.94511895517068,-11.318739975442481,-11.318739975442481,-11.318739975442481,-82.62637897972819,-82.62637897972819,-82.62637897972819,0.0,0.0,0.0,2155.9112510139976
2019-06-25,2249.461846573506,2034.1610562536157,2290.049124513198,2249.461846573506,2249.461846573506,-92.83274921370965,-92.83274921370965,-92.83274921370965,-9.813608091951348,-9.813608091951348,-9.813608091951348,-83.0191411217583,-83.0191411217583,-83.0191411217583,0.0,0.0,0.0,2156.6290973597966
2019-06-26,2249.0673231778437,2020.274848882492,2285.4788391997295,2249.0673231778437,2249.0673231778437,-92.07365191901432,-92.07365191901432,-92.07365191901432,-8.43501909821093,-8.43501909821093,-8.43501909821093,-83.63863282080338,-83.63863282080338,-83.63863282080338,0.0,0.0,0.0,2156.993671258829
2019-06-27,2248.6727997821818,2018.8124612456502,2280.7758210519264,2248.6727997821818,2248.6727997821818,-94.55319956777141,-94.55319956777141,-94.55319956777141,-10.07508824182252,-10.07508824182252,-10.07508824182252,-84.4781113259489,-84.4781113259489,-84.4781113259489,0.0,0.0,0.0,2154.11960021441
2019-06-28,2248.2782763865193,2016.4392980137643,2280.719892337241,2248.2782763865193,2248.2782763865193,-97.1268436411763,-97.1268436411763,-97.1268436411763,-11.60002162074928,-11.60002162074928,-11.60002162074928,-85.526822020427,-85.526822020427,-85.526822020427,0.0,0.0,0.0,2151.151432745343
2019-07-01,2247.0947061995325,2018.5799803998698,2272.0004624037174,2247.0947061995325,2247.0947061995325,-101.0840297154745,-101.0840297154745,-101.0840297154745,-11.318739975466485,-11.318739975466485,-11.318739975466485,-89.765289740008,-89.765289740008,-89.765289740008,0.0,0.0,0.0,2146.010676484058
2019-07-02,2246.7001828038706,2019.9370771810254,2268.859655581399,2246.7001828038706,2246.7001828038706,-101.28510893182755,-101.28510893182755,-101.28510893182755,-9.8136080919567,-9.8136080919567,-9.8136080919567,-91.47150083987087,-91.47150083987087,-91.47150083987087,0.0,0.0,0.0,2145.415073872043
2019-07-03,2246.305659408208,2017.9289581876765,2275.9919070130763,2246.305659408208,2246.305659408208,-101.71718931011911,-101.71718931011911,-101.71718931011911,-8.435019098189041,-8.435019098189041,-8.435019098189041,-93.28217021193007,-93.28217021193007,-93.28217021193007,0.0,0.0,0.0,2144.588470098089
2019-07-04,2245.9111360125457,2006.4678809195161,2264.6076732379543,2245.9111360125457,2245.9111360125457,-105.24382307121499,-105.24382307121499,-105.24382307121499,-10.07508824177784,-10.07508824177784,-10.07508824177784,-95.16873482943714,-95.16873482943714,-95.16873482943714,0.0,0.0,0.0,2140.6673129413307
2019-07-05,2245.5166126168833,2007.8972583577038,2269.0607232486377,2245.5166126168833,2245.5166126168833,-108.70116346000374,-108.70116346000374,-108.70116346000374,-11.600021620753733,-11.600021620753733,-11.600021620753733,-97.10114183925,-97.10114183925,-97.10114183925,0.0,0.0,0.0,2136.8154491568794
2019-07-08,2244.3330424298965,1991.5176131990488,2256.372399863939,2244.3330424298965,2244.3330424298965,-114.17966746984271,-114.17966746984271,-114.17966746984271,-11.318739975490486,-11.318739975490486,-11.318739975490486,-102.86092749435223,-102.86092749435223,-102.86092749435223,0.0,0.0,0.0,2130.153374960054
2019-07-09,2243.9385190342346,1993.4405587908882,2265.3266429793543,2243.9385190342346,2243.9385190342346,-114.4772973408584,-114.4772973408584,-114.4772973408584,-9.813608091917107,-9.813608091917107,-9.813608091917107,-104.6636892489413,-104.6636892489413,-104.6636892489413,0.0,0.0,0.0,2129.461221693376
2019-07-10,2243.5439956385726,2000.955519264827,2266.912822553365,2243.5439956385726,2243.5439956385726,-114.79195752093949,-114.79195752093949,-114.79195752093949,-8.43501909825209,-8.43501909825209,-8.43501909825209,-106.3569384226874,-106.3569384226874,-106.3569384226874,0.0,0.0,0.0,2128.752038117633
2019-07-11,2243.14947224291,1992.7825747624152,2255.3768031818636,2243.14947224291,2243.14947224291,-117.98699998499801,-117.98699998499801,-117.98699998499801,-10.075088241772608,-10.075088241772608,-10.075088241772608,-107.91191174322539,-107.91191174322539,-107.91191174322539,0.0,0.0,0.0,2125.162472257912
2019-07-12,2242.7549488472478,1992.0559794158773,2251.8740498218667,2242.7549488472478,2242.7549488472478,-120.90163599570819,-120.90163599570819,-120.90163599570819,-11.600021620727047,-11.600021620727047,-11.600021620727047,-109.30161437498114,-109.30161437498114,-109.30161437498114,0.0,0.0,0.0,2121.8533128515396
2019-07-15,2241.571378660261,1982.0815854324633,2241.9580532155255,2241.571378660261,2241.571378660261,-123.56160493928502,-123.56160493928502,-123.56160493928502,-11.318739975363656,-11.318739975363656,-11.318739975363656,-112.24286496392136,-112.24286496392136,-112.24286496392136,0.0,0.0,0.0,2118.0097737209758
2019-07-16,2241.176855264599,1996.4397750344751,2250.7605107277054,2241.176855264599,2241.176855264599,-122.56206298884051,-122.56206298884051,-122.56206298884051,-9.813608091935901,-9.813608091935901,-9.813608091935901,-112.7484548969046,-112.7484548969046,-112.7484548969046,0.0,0.0,0.0,2118.6147922757586
2019-07-17,2240.7823318689366,1992.4192448407625,2258.484832793335,2240.7823318689366,2240.7823318689366,-121.42623391946672,-121.42623391946672,-121.42623391946672,-8.435019098230205,-8.435019098230205,-8.435019098230205,-112.99121482123654,-112.99121482123654,-112.99121482123654,0.0,0.0,0.0,2119.35609794947
2019-07-18,2240.387808473274,1982.392835460155,2258.7310652099122,2240.387808473274,2240.387808473274,-123.03570518864694,-123.03570518864694,-123.03570518864694,-10.075088241802105,-10.075088241802105,-10.075088241802105,-112.96061694684484,-112.96061694684484,-112.96061694684484,0.0,0.0,0.0,2117.3521032846274
2019-07-19,2239.993285077612,1976.481118332465,2246.5037218055213,2239.993285077612,2239.993285077612,-124.2494157093961,-124.2494157093961,-124.2494157093961,-11.600021620700357,-11.600021620700357,-11.600021620700357,-112.64939408869574,-112.64939408869574,-112.64939408869574,0.0,0.0,0.0,2115.743869368216
2019-07-22,2238.809714890625,1987.9433123100823,2248.1563874937324,2238.809714890625,2238.809714890625,-121.3269638327064,-121.3269638327064,-121.3269638327064,-11.318739975387656,-11.318739975387656,-11.318739975387656,-110.00822385731874,-110.00822385731874,-110.00822385731874,0.0,0.0,0.0,2117.4827510579184
2019-07-23,2238.415191494963,1986.6933593273263,2255.1346130572415,2238.415191494963,2238.415191494963,-118.38025930489478,-118.38025930489478,-118.38025930489478,-9.813608091941248,-9.813608091941248,-9.813608091941248,-108.56665121295354,-108.56665121295354,-108.56665121295354,0.0,0.0,0.0,2120.034932190068
2019-07-24,2238.020668099301,1995.097648607508,2264.625796237512,2238.020668099301,2238.020668099301,-115.29106375018809,-115.29106375018809,-115.29106375018809,-8.43501909820832,-8.43501909820832,-8.43501909820832,-106.85604465197979,-106.85604465197979,-106.85604465197979,0.0,0.0,0.0,2122.729604349113
2019-07-25,2237.6261447036386,1997.7042292941267,2248.8921667776235,2237.6261447036386,2237.6261447036386,-114.9626382458323,-114.9626382458323,-114.9626382458323,-10.075088241796873,-10.075088241796873,-10.075088241796873,-104.88755000403542,-104.88755000403542,-104.88755000403542,0.0,0.0,0.0,2122.6635064578063
2019-07-26,2237.231621307976,1993.6258218329622,2250.5979520265896,2237.231621307976,2237.231621307976,-114.27486982879049,-114.27486982879049,-114.27486982879049,-11.600021620772369,-11.600021620772369,-11.600021620772369,-102.67484820801812,-102.67484820801812,-102.67484820801812,0.0,0.0,0.0,2122.9567514791856
2019-07-29,2236.0480511209894,1992.1261506436788,2258.7323595165676,2236.0480511209894,2236.0480511209894,-106.0602051304216,-106.0602051304216,-106.0602051304216,-11.31873997541166,-11.31873997541166,-11.31873997541166,-94.74146515500993,-94.74146515500993,-94.74146515500993,0.0,0.0,0.0,2129.9878459905676
2019-07-30,2235.6535277253274,1995.893540983356,2262.3377134208536,2235.6535277253274,2235.6535277253274,-101.54478659260006,-101.54478659260006,-101.54478659260006,-9.813608091946595,-9.813608091946595,-9.813608091946595,-91.73117850065347,-91.73117850065347,-91.73117850065347,0.0,0.0,0.0,2134.1087411327276
2019-07-31,2235.259004329665,2002.376575774614,2264.617476353882,2235.259004329665,2235.259004329665,-97.00966468749112,-97.00966468749112,-97.00966468749112,-8.435019098252537,-8.435019098252537,-8.435019098252537,-88.57464558923859,-88.57464558923859,-88.57464558923859,0.0,0.0,0.0,2138.2493396421737
2019-08-01,2234.8644809340026,2013.6413693768982,2272.4623167640243,2234.8644809340026,2234.8644809340026,-95.37059105575311,-95.37059105575311,-95.37059105575311,-10.075088241791642,-10.075088241791642,-10.075088241791642,-85.29550281396148,-85.29550281396148,-85.29550281396148,0.0,0.0,0.0,2139.4938898782493
2019-08-02,2234.4699575383406,2016.6358828895031,2275.1572142436894,2234.4699575383406,2234.4699575383406,-93.5181040648639,-93.5181040648639,-93.5181040648639,-11.60002162074568,-11.60002162074568,-11.60002162074568,-81.91808244411821,-81.91808244411821,-81.91808244411821,0.0,0.0,0.0,2140.9518534734766
2019-08-05,2233.2863873513534,2019.3166572855423,2270.1435882696087,2233.2863873513534,2233.2863873513534,-82.76274791216747,-82.76274791216747,-82.76274791216747,-11.31873997545053,-11.31873997545053,-11.31873997545053,-71.44400793671694,-71.44400793671694,-71.44400793671694,0.0,0.0,0.0,2150.523639439186
2019-08-06,2232.891863955692,2020.6284948654468,2293.5767560892027,2232.891863955692,2232.891863955692,-77.73451161130176,-77.73451161130176,-77.73451161130176,-9.813608091920447,-9.813608091920447,-9.813608091920447,-67.92090351938131,-67.92090351938131,-67.92090351938131,0.0,0.0,0.0,2155.15735234439
2019-08-07,2232.4973405600294,2037.8306310931314,2285.405121079506,2232.4973405600294,2232.4973405600294,-72.85688692461554,-72.85688692461554,-72.85688692461554,-8.435019098249482,-8.435019098249482,-8.435019098249482,-64.42186782636605,-64.42186782636605,-64.42186782636605,0.0,0.0,0.0,2159.640453635414
2019-08-08,2232.102817164367,2046.2528810862532,2295.6465513177104,2232.102817164367,2232.102817164367,-71.04471860816861,-71.04471860816861,-71.04471860816861,-10.075088241821138,-10.075088241821138,-10.075088241821138,-60.96963036634747,-60.96963036634747,-60.96963036634747,0.0,0.0,0.0,2161.0580985561983
2019-08-09,2231.7082937687046,2036.8031799553046,2293.615458961999,2231.7082937687046,2231.7082937687046,-69.18577391002358,-69.18577391002358,-69.18577391002358,-11.600021620718996,-11.600021620718996,-11.600021620718996,-57.58575228930459,-57.58575228930459,-57.58575228930459,0.0,0.0,0.0,2162.522519858681
2019-08-13,2230.130200186056,2041.1992174998863,2296.581832011842,2230.130200186056,2230.130200186056,-54.92520009126668,-54.92520009126668,-54.92520009126668,-9.813608091925795,-9.813608091925795,-9.813608091925795,-45.11159199934089,-45.11159199934089,-45.11159199934089,0.0,0.0,0.0,2175.2050000947893
2019-08-14,2229.7356767903934,2050.245935988475,2314.78527271025,2229.7356767903934,2229.7356767903934,-50.77164404319343,-50.77164404319343,-50.77164404319343,-8.435019098227597,-8.435019098227597,-8.435019098227597,-42.336624944965834,-42.336624944965834,-42.336624944965834,0.0,0.0,0.0,2178.9640327472
2019-08-16,2228.946629999069,2049.458533163909,2319.195880438878,2228.946629999069,2228.946629999069,-48.87822424049319,-48.87822424049319,-48.87822424049319,-11.600021620759867,-11.600021620759867,-11.600021620759867,-37.27820261973332,-37.27820261973332,-37.27820261973332,0.0,0.0,0.0,2180.068405758576
2019-08-19,2227.763059812082,2052.2982250763553,2313.2545788897896,2227.763059812082,2227.763059812082,-42.31587925006537,-42.31587925006537,-42.31587925006537,-11.318739975423119,-11.318739975423119,-11.318739975423119,-30.997139274642247,-30.997139274642247,-30.997139274642247,0.0,0.0,0.0,2185.4471805620165
2019-08-20,2227.3685364164203,2063.180018324038,2319.7042961320153,2227.3685364164203,2227.3685364164203,-39.06783181566555,-39.06783181566555,-39.06783181566555,-9.813608091931144,-9.813608091931144,-9.813608091931144,-29.254223723734405,-29.254223723734405,-29.254223723734405,0.0,0.0,0.0,2188.3007046007547
2019-08-21,2226.974013020758,2065.8571646392006,2319.5833293673686,2226.974013020758,2226.974013020758,-36.11494414168529,-36.11494414168529,-36.11494414168529,-8.435019098205709,-8.435019098205709,-8.435019098205709,-27.679925043479585,-27.679925043479585,-27.679925043479585,0.0,0.0,0.0,2190.8590688790728
2019-08-22,2226.5794896250954,2060.7793173859936,2322.6311387807973,2226.5794896250954,2226.5794896250954,-36.34136416664947,-36.34136416664947,-36.34136416664947,-10.075088241771232,-10.075088241771232,-10.075088241771232,-26.266275924878233,-26.266275924878233,-26.266275924878233,0.0,0.0,0.0,2190.238125458446
2019-08-23,2226.184966229433,2065.816851223436,2326.372301610281,2226.184966229433,2226.184966229433,-36.60285190055754,-36.60285190055754,-36.60285190055754,-11.60002162076432,-11.60002162076432,-11.60002162076432,-25.00283027979322,-25.00283027979322,-25.00283027979322,0.0,0.0,0.0,2189.5821143288754
2019-08-26,2225.0013960424462,2061.3682143305405,2324.4711915771913,2225.0013960424462,2225.0013960424462,-33.2940680783469,-33.2940680783469,-33.2940680783469,-11.318739975447121,-11.318739975447121,-11.318739975447121,-21.97532810289978,-21.97532810289978,-21.97532810289978,0.0,0.0,0.0,2191.7073279640995
2019-08-27,2223.545450565442,2056.791356146946,2319.7721658742666,2223.545450565442,2223.545450565442,-30.978067451626167,-30.978067451626167,-30.978067451626167,-9.813608091891558,-9.813608091891558,-9.813608091891558,-21.164459359734604,-21.164459359734604,-21.164459359734604,0.0,0.0,0.0,2192.567383113816
2019-08-28,2222.089505088438,2063.8619487599267,2328.7179107588645,2222.089505088438,2222.089505088438,-28.85575354991411,-28.85575354991411,-28.85575354991411,-8.435019098221481,-8.435019098221481,-8.435019098221481,-20.420734451692624,-20.420734451692624,-20.420734451692624,0.0,0.0,0.0,2193.233751538524
2019-08-29,2220.6335596114336,2061.318171710524,2313.063523954448,2220.6335596114336,2220.6335596114336,-29.798276664350304,-29.798276664350304,-29.798276664350304,-10.075088241800728,-10.075088241800728,-10.075088241800728,-19.72318842254958,-19.72318842254958,-19.72318842254958,0.0,0.0,0.0,2190.835282947083
2019-08-30,2219.1776141344294,2073.633206220027,2330.3797200842405,2219.1776141344294,2219.1776141344294,-30.650196117775806,-30.650196117775806,-30.650196117775806,-11.60002162073763,-11.60002162073763,-11.60002162073763,-19.050174497038178,-19.050174497038178,-19.050174497038178,0.0,0.0,0.0,2188.5274180166534
2019-09-03,2213.353832226413,2059.5154416209343,2322.7072883497713,2213.353832226413,2213.353832226413,-25.982516465151253,-25.982516465151253,-25.982516465151253,-9.813608091910346,-9.813608091910346,-9.813608091910346,-16.168908373240903,-16.168908373240903,-16.168908373240903,0.0,0.0,0.0,2187.371315761262
2019-09-04,2211.897886749409,2051.93586523356,2332.180394522834,2211.897886749409,2211.897886749409,-23.7331580913368,-23.7331580913368,-23.7331580913368,-8.435019098199595,-8.435019098199595,-8.435019098199595,-15.298138993137204,-15.298138993137204,-15.298138993137204,0.0,0.0,0.0,2188.164728658072
2019-09-05,2210.441941272404,2056.6877095016866,2317.1386228019496,2210.441941272404,2210.441941272404,-24.40560388195504,-24.40560388195504,-24.40560388195504,-10.075088241830224,-10.075088241830224,-10.075088241830224,-14.330515640124817,-14.330515640124817,-14.330515640124817,0.0,0.0,0.0,2186.0363373904493
2019-09-06,2208.9859957954004,2044.2775909477666,2317.5575870753937,2208.9859957954004,2208.9859957954004,-24.85118820787009,-24.85118820787009,-24.85118820787009,-11.600021620710944,-11.600021620710944,-11.600021620710944,-13.251166587159146,-13.251166587159146,-13.251166587159146,0.0,0.0,0.0,2184.1348075875303
2019-09-09,2204.6181593643882,2043.8588058522544,2313.928745061914,2204.6181593643882,2204.6181593643882,-20.553904277775885,-20.553904277775885,-20.553904277775885,-11.318739975434578,-11.318739975434578,-11.318739975434578,-9.235164302341305,-9.235164302341305,-9.235164302341305,0.0,0.0,0.0,2184.0642550866123
2019-09-11,2201.70626841038,2055.632278723695,2314.0245774748346,2201.70626841038,2201.70626841038,-14.29355631667875,-14.29355631667875,-14.29355631667875,-8.43501909817771,-8.43501909817771,-8.43501909817771,-5.85853721850104,-5.85853721850104,-5.85853721850104,0.0,0.0,0.0,2187.412712093701
2019-09-12,2200.2503229333756,2052.8224849208527,2321.7622811947026,2200.2503229333756,2200.2503229333756,-14.039158180946055,-14.039158180946055,-14.039158180946055,-10.075088241785544,-10.075088241785544,-10.075088241785544,-3.9640699391605123,-3.9640699391605123,-3.9640699391605123,0.0,0.0,0.0,2186.21116475243
2019-09-13,2198.7943774563714,2052.43143549801,2313.828089911169,2198.7943774563714,2198.7943774563714,-13.54274730037331,-13.54274730037331,-13.54274730037331,-11.600021620782954,-11.600021620782954,-11.600021620782954,-1.9427256795903542,-1.9427256795903542,-1.9427256795903542,0.0,0.0,0.0,2185.251630155998
2019-09-16,2194.4265410253593,2061.623710517697,2305.828880076345,2194.4265410253593,2194.4265410253593,-6.58296457189621,-6.58296457189621,-6.58296457189621,-11.318739975458582,-11.318739975458582,-11.318739975458582,4.735775403562373,4.735775403562373,4.735775403562373,0.0,0.0,0.0,2187.843576453463
2019-09-17,2192.970595548355,2058.1493417120178,2317.03375241753,2192.970595548355,2192.970595548355,-2.7141175769085457,-2.7141175769085457,-2.7141175769085457,-9.813608091921042,-9.813608091921042,-9.813608091921042,7.099490515012496,7.099490515012496,7.099490515012496,0.0,0.0,0.0,2190.2564779714467
2019-09-18,2191.5146500713513,2068.893811371903,2314.630077445213,2191.5146500713513,2191.5146500713513,1.0549732947199542,1.0549732947199542,1.0549732947199542,-8.435019098240756,-8.435019098240756,-8.435019098240756,9.489992392960712,9.489992392960712,9.489992392960712,0.0,0.0,0.0,2192.569623366071
2019-09-19,2190.058704594347,2066.187416008325,2315.6378889808875,2190.058704594347,2190.058704594347,1.8026876435351507,1.8026876435351507,1.8026876435351507,-10.075088241780312,-10.075088241780312,-10.075088241780312,11.877775885315463,11.877775885315463,11.877775885315463,0.0,0.0,0.0,2191.8613922378822
2019-09-20,2188.602759117343,2063.2817935352873,2323.4435144391196,2188.602759117343,2188.602759117343,2.6310299733866334,2.6310299733866334,2.6310299733866334,-11.600021620756264,-11.600021620756264,-11.600021620756264,14.2310515941429,14.2310515941429,14.2310515941429,0.0,0.0,0.0,2191.2337890907297
2019-09-23,2184.2349226863303,2070.968701403602,2329.4595909829327,2184.2349226863303,2184.2349226863303,9.42380851402262,9.42380851402262,9.42380851402262,-11.318739975497454,-11.318739975497454,-11.318739975497454,20.742548489520075,20.742548489520075,20.742548489520075,0.0,0.0,0.0,2193.658731200353
2019-09-24,2182.7789772093265,2075.124790371832,2339.582576608981,2182.7789772093265,2182.7789772093265,12.799139620912685,12.799139620912685,12.799139620912685,-9.813608091953274,-9.813608091953274,-9.813608091953274,22.612747712865957,22.612747712865957,22.612747712865957,0.0,0.0,0.0,2195.578116830239
2019-09-25,2181.3230317323223,2062.4566720982734,2324.678795464642,2181.3230317323223,2181.3230317323223,15.839295585683102,15.839295585683102,15.839295585683102,-8.435019098218872,-8.435019098218872,-8.435019098218872,24.274314683901974,24.274314683901974,24.274314683901974,0.0,0.0,0.0,2197.1623273180053
2019-09-26,2179.8670862553176,2064.1211324412416,2331.3484276270688,2179.8670862553176,2179.8670862553176,15.618579360645237,15.618579360645237,15.618579360645237,-10.07508824180981,-10.07508824180981,-10.07508824180981,25.693667602455047,25.693667602455047,25.693667602455047,0.0,0.0,0.0,2195.4856656159627
2019-09-27,2178.411140778314,2060.003031964968,2318.279373270876,2178.411140778314,2178.411140778314,15.239101510797253,15.239101510797253,15.239101510797253,-11.60002162072958,-11.60002162072958,-11.60002162072958,26.839123131526833,26.839123131526833,26.839123131526833,0.0,0.0,0.0,2193.6502422891112
2019-09-30,2174.0433043473013,2055.9540555109347,2320.681902067303,2174.0433043473013,2174.0433043473013,17.03771371305527,17.03771371305527,17.03771371305527,-11.31873997544604,-11.31873997544604,-11.31873997544604,28.35645368850131,28.35645368850131,28.35645368850131,0.0,0.0,0.0,2191.0810180603567
2019-10-01,2172.587358870297,2062.1626052283955,2321.6170281795235,2172.587358870297,2172.587358870297,18.334655012995974,18.334655012995974,18.334655012995974,-9.81360809195862,-9.81360809195862,-9.81360809195862,28.148263104954594,28.148263104954594,28.148263104954594,0.0,0.0,0.0,2190.922013883293
2019-10-03,2169.6754679162887,2050.5031921153463,2311.868920836581,2169.6754679162887,2169.6754679162887,16.496955262134453,16.496955262134453,16.496955262134453,-10.075088241839307,-10.075088241839307,-10.075088241839307,26.57204350397376,26.57204350397376,26.57204350397376,0.0,0.0,0.0,2186.1724231784233
2019-10-04,2168.2195224392844,2044.9346623786603,2296.130228583587,2168.2195224392844,2168.2195224392844,13.591349233364895,13.591349233364895,13.591349233364895,-11.60002162077045,-11.60002162077045,-11.60002162077045,25.191370854135343,25.191370854135343,25.191370854135343,0.0,0.0,0.0,2181.8108716726492
2019-10-07,2163.8516860082723,2040.3443582964355,2310.3863892738746,2163.8516860082723,2163.8516860082723,7.395331277936071,7.395331277936071,7.395331277936071,-11.318739975470045,-11.318739975470045,-11.318739975470045,18.714071253406114,18.714071253406114,18.714071253406114,0.0,0.0,0.0,2171.2470172862086
2019-10-09,2160.9397950542643,2038.6286320088905,2299.2910404229315,2160.9397950542643,2160.9397950542643,4.150513507739041,4.150513507739041,4.150513507739041,-8.435019098241208,-8.435019098241208,-8.435019098241208,12.585532605980248,12.585532605980248,12.585532605980248,0.0,0.0,0.0,2165.0903085620034
2019-10-10,2159.48384957726,2032.7104085438207,2291.065481463932,2159.48384957726,2159.48384957726,-1.02944566844362,-1.02944566844362,-1.02944566844362,-10.075088241759898,-10.075088241759898,-10.075088241759898,9.04564257331628,9.04564257331628,9.04564257331628,0.0,0.0,0.0,2158.4544039088164
2019-10-11,2158.027904100256,2022.640605872008,2286.36247131974,2158.027904100256,2158.027904100256,-6.370512976956702,-6.370512976956702,-6.370512976956702,-11.600021620738483,-11.600021620738483,-11.600021620738483,5.229508643781783,5.229508643781783,5.229508643781783,0.0,0.0,0.0,2151.657391123299
2019-10-14,2153.6600676692437,2001.1179012118732,2258.2830434871385,2153.6600676692437,2153.6600676692437,-18.822549093271338,-18.822549093271338,-18.822549093271338,-11.318739975494044,-11.318739975494044,-11.318739975494044,-7.503809117777291,-7.503809117777291,-7.503809117777291,0.0,0.0,0.0,2134.8375185759724
2019-10-15,2152.2041221922395,1989.6403939811037,2251.3783151903604,2152.2041221922395,2152.2041221922395,-21.851473230686317,-21.851473230686317,-21.851473230686317,-9.813608091937823,-9.813608091937823,-9.813608091937823,-12.037865138748494,-12.037865138748494,-12.037865138748494,0.0,0.0,0.0,2130.3526489615533
2019-10-16,2150.7481767152353,1991.7478186881572,2262.0776272143476,2150.7481767152353,2150.7481767152353,-25.077346442402582,-25.077346442402582,-25.077346442402582,-8.435019098238147,-8.435019098238147,-8.435019098238147,-16.642327344164435,-16.642327344164435,-16.642327344164435,0.0,0.0,0.0,2125.670830272833
2019-10-17,2149.2922312382316,1985.0959439861315,2238.345035658665,2149.2922312382316,2149.2922312382316,-31.346013080122454,-31.346013080122454,-31.346013080122454,-10.075088241789395,-10.075088241789395,-10.075088241789395,-21.270924838333055,-21.270924838333055,-21.270924838333055,0.0,0.0,0.0,2117.9462181581093
2019-10-18,2147.836285761227,1970.6092001598558,2241.2999592304077,2147.836285761227,2147.836285761227,-37.47728594982992,-37.47728594982992,-37.47728594982992,-11.600021620711798,-11.600021620711798,-11.600021620711798,-25.877264329118123,-25.877264329118123,-25.877264329118123,0.0,0.0,0.0,2110.358999811397
2019-10-22,2142.01250385321,1953.3157789024185,2225.225086568943,2142.01250385321,2142.01250385321,-52.99921079441607,-52.99921079441607,-52.99921079441607,-9.813608091943172,-9.813608091943172,-9.813608091943172,-43.185602702472906,-43.185602702472906,-43.185602702472906,0.0,0.0,0.0,2089.013293058794
2019-10-23,2140.5565583762063,1961.661080585488,2216.054061850012,2140.5565583762063,2140.5565583762063,-55.46199265997884,-55.46199265997884,-55.46199265997884,-8.435019098216262,-8.435019098216262,-8.435019098216262,-47.02697356176258,-47.02697356176258,-47.02697356176258,0.0,0.0,0.0,2085.0945657162274
2019-10-24,2139.100612899202,1944.794618142119,2197.2339196657545,2139.100612899202,2139.100612899202,-60.676550911413585,-60.676550911413585,-60.676550911413585,-10.075088241818891,-10.075088241818891,-10.075088241818891,-50.601462669594696,-50.601462669594696,-50.601462669594696,0.0,0.0,0.0,2078.4240619877887
2019-10-25,2137.644667422198,1940.5997625046027,2209.8538049017293,2137.644667422198,2137.644667422198,-65.47909599944603,-65.47909599944603,-65.47909599944603,-11.600021620752667,-11.600021620752667,-11.600021620752667,-53.87907437869337,-53.87907437869337,-53.87907437869337,0.0,0.0,0.0,2072.165571422752
2019-10-27,2134.73277646819,1985.9097177393621,2247.6888264774034,2134.73277646819,2134.73277646819,-17.461088200788573,-17.461088200788573,-17.461088200788573,41.98371950248671,41.98371950248671,41.98371950248671,-59.44480770327527,-59.44480770327527,-59.44480770327527,0.0,0.0,0.0,2117.2716882674013
2019-10-29,2131.8208855141816,1923.1963751549326,2190.287719491769,2131.8208855141816,2131.8208855141816,-73.385085838133,-73.385085838133,-73.385085838133,-9.813608091948524,-9.813608091948524,-9.813608091948524,-63.57147774618447,-63.57147774618447,-63.57147774618447,0.0,0.0,0.0,2058.4357996760486
2019-10-30,2130.3649400371773,1924.6515655874366,2193.2745405772393,2130.3649400371773,2130.3649400371773,-73.50261086985752,-73.50261086985752,-73.50261086985752,-8.435019098194378,-8.435019098194378,-8.435019098194378,-65.06759177166313,-65.06759177166313,-65.06759177166313,0.0,0.0,0.0,2056.86232916732
2019-10-31,2128.908994560173,1924.9953111357506,2182.574076468935,2128.908994560173,2128.908994560173,-76.25511477367031,-76.25511477367031,-76.25511477367031,-10.075088241774216,-10.075088241774216,-10.075088241774216,-66.1800265318961,-66.1800265318961,-66.1800265318961,0.0,0.0,0.0,2052.653879786503
2019-11-01,2127.4530490831694,1909.7488176930328,2185.113710376132,2127.4530490831694,2127.4530490831694,-78.5101604526567,-78.5101604526567,-78.5101604526567,-11.600021620757122,-11.600021620757122,-11.600021620757122,-66.91013883189957,-66.91013883189957,-66.91013883189957,0.0,0.0,0.0,2048.9428886305127
2019-11-04,2123.085212652157,1922.6909267894287,2175.987429761341,2123.085212652157,2123.085212652157,-78.19900163059378,-78.19900163059378,-78.19900163059378,-11.318739975415214,-11.318739975415214,-11.318739975415214,-66.88026165517857,-66.88026165517857,-66.88026165517857,0.0,0.0,0.0,2044.8862110215634
2019-11-05,2121.629267175153,1908.3663656561876,2178.151382032766,2121.629267175153,2121.629267175153,-75.98612951548108,-75.98612951548108,-75.98612951548108,-9.81360809190893,-9.81360809190893,-9.81360809190893,-66.17252142357215,-66.17252142357215,-66.17252142357215,0.0,0.0,0.0,2045.643137659672
2019-11-06,2120.173321698149,1915.3075232537078,2171.044256779099,2120.173321698149,2120.173321698149,-73.57953614429877,-73.57953614429877,-73.57953614429877,-8.435019098257424,-8.435019098257424,-8.435019098257424,-65.14451704604134,-65.14451704604134,-65.14451704604134,0.0,0.0,0.0,2046.59378555385
2019-11-07,2118.7173762211446,1910.1549790053925,2172.5295006957945,2118.7173762211446,2118.7173762211446,-73.89208533268314,-73.89208533268314,-73.89208533268314,-10.075088241808428,-10.075088241808428,-10.075088241808428,-63.816997090874715,-63.816997090874715,-63.816997090874715,0.0,0.0,0.0,2044.8252908884615
2019-11-08,2117.26143074414,1918.67547880948,2180.848152272808,2117.26143074414,2117.26143074414,-73.81246776052082,-73.81246776052082,-73.81246776052082,-11.600021620730434,-11.600021620730434,-11.600021620730434,-62.21244613979037,-62.21244613979037,-62.21244613979037,0.0,0.0,0.0,2043.4489629836191
2019-11-11,2112.8935943131273,1915.793041973494,2159.879980180306,2112.8935943131273,2112.8935943131273,-67.29645389306964,-67.29645389306964,-67.29645389306964,-11.318739975378675,-11.318739975378675,-11.318739975378675,-55.97771391769096,-55.97771391769096,-55.97771391769096,0.0,0.0,0.0,2045.5971404200577
2019-11-13,2109.98170335912,1916.2572207137105,2177.1612705989155,2109.98170335912,2109.98170335912,-59.31962570585334,-59.31962570585334,-59.31962570585334,-8.43501909823554,-8.43501909823554,-8.43501909823554,-50.8846066076178,-50.8846066076178,-50.8846066076178,0.0,0.0,0.0,2050.6620776532664
2019-11-14,2108.521590681433,1927.017362835216,2185.3116730339457,2108.521590681433,2108.521590681433,-58.20497372326419,-58.20497372326419,-58.20497372326419,-10.075088241837927,-10.075088241837927,-10.075088241837927,-48.12988548142626,-48.12988548142626,-48.12988548142626,0.0,0.0,0.0,2050.3166169581687
2019-11-15,2107.061478003746,1919.7246690936252,2180.696289315237,2107.061478003746,2107.061478003746,-56.86679800816288,-56.86679800816288,-56.86679800816288,-11.600021620703746,-11.600021620703746,-11.600021620703746,-45.26677638745913,-45.26677638745913,-45.26677638745913,0.0,0.0,0.0,2050.194679995583
2019-11-18,2102.681139970685,1923.4085893599474,2182.417050729565,2102.681139970685,2102.681139970685,-47.54938381741255,-47.54938381741255,-47.54938381741255,-11.318739975402677,-11.318739975402677,-11.318739975402677,-36.23064384200987,-36.23064384200987,-36.23064384200987,0.0,0.0,0.0,2055.1317561532724
2019-11-19,2101.221027292998,1926.178605793242,2185.824855051398,2101.221027292998,2101.221027292998,-42.94264851512262,-42.94264851512262,-42.94264851512262,-9.813608091933066,-9.813608091933066,-9.813608091933066,-33.12904042318955,-33.12904042318955,-33.12904042318955,0.0,0.0,0.0,2058.2783787778753
2019-11-20,2099.7609146153104,1924.897991015247,2195.568374085972,2099.7609146153104,2099.7609146153104,-38.44273503293831,-38.44273503293831,-38.44273503293831,-8.435019098213656,-8.435019098213656,-8.435019098213656,-30.007715934724658,-30.007715934724658,-30.007715934724658,0.0,0.0,0.0,2061.318179582372
2019-11-21,2098.300801937624,1934.7524680026333,2197.3737839665528,2098.300801937624,2098.300801937624,-36.95390819395396,-36.95390819395396,-36.95390819395396,-10.07508824179325,-10.07508824179325,-10.07508824179325,-26.87881995216071,-26.87881995216071,-26.87881995216071,0.0,0.0,0.0,2061.34689374367
2019-11-22,2096.840689259937,1932.2168254685907,2197.357536020001,2096.840689259937,2096.840689259937,-35.35260742961131,-35.35260742961131,-35.35260742961131,-11.600021620775756,-11.600021620775756,-11.600021620775756,-23.752585808835555,-23.752585808835555,-23.752585808835555,0.0,0.0,0.0,2061.4880818303254
2019-11-25,2092.460351226876,1936.7336455198185,2196.8901947346167,2092.460351226876,2092.460351226876,-25.783544483865768,-25.783544483865768,-25.783544483865768,-11.318739975426675,-11.318739975426675,-11.318739975426675,-14.464804508439094,-14.464804508439094,-14.464804508439094,0.0,0.0,0.0,2066.6768067430103
2019-11-26,2091.0002385491885,1947.1273327142464,2197.4731811347915,2091.0002385491885,2091.0002385491885,-21.229357055036935,-21.229357055036935,-21.229357055036935,-9.813608091938415,-9.813608091938415,-9.813608091938415,-11.41574896309852,-11.41574896309852,-11.41574896309852,0.0,0.0,0.0,2069.7708814941516
2019-11-27,2089.540125871502,1950.0330410198314,2192.407291772112,2089.540125871502,2089.540125871502,-16.829668597205668,-16.829668597205668,-16.829668597205668,-8.435019098257875,-8.435019098257875,-8.435019098257875,-8.394649498947796,-8.394649498947796,-8.394649498947796,0.0,0.0,0.0,2072.7104572742965
2019-11-28,2088.0800131938145,1945.6342422972555,2201.6780656514816,2088.0800131938145,2088.0800131938145,-15.477352632045788,-15.477352632045788,-15.477352632045788,-10.075088241788018,-10.075088241788018,-10.075088241788018,-5.402264390257769,-5.402264390257769,-5.402264390257769,0.0,0.0,0.0,2072.6026605617685
2019-11-29,2086.6199005161275,1941.3651227602122,2209.802126565716,2086.6199005161275,2086.6199005161275,-14.038282794708502,-14.038282794708502,-14.038282794708502,-11.60002162074907,-11.60002162074907,-11.60002162074907,-2.4382611739594324,-2.4382611739594324,-2.4382611739594324,0.0,0.0,0.0,2072.5816177214188
2019-12-02,2082.2395624830665,1941.1630039952981,2203.5205870691675,2082.2395624830665,2082.2395624830665,-5.01868215042743,-5.01868215042743,-5.01868215042743,-11.318739975465554,-11.318739975465554,-11.318739975465554,6.300057825038124,6.300057825038124,6.300057825038124,0.0,0.0,0.0,2077.220880332639
2019-12-03,2080.7794498053795,1947.7536185993547,2207.5213292915987,2080.7794498053795,2080.7794498053795,-0.6429923486092176,-0.6429923486092176,-0.6429923486092176,-9.813608091912268,-9.813608091912268,-9.813608091912268,9.17061574330305,9.17061574330305,9.17061574330305,0.0,0.0,0.0,2080.13645745677
2019-12-04,2079.3193371276925,1956.4942179520986,2209.958478043275,2079.3193371276925,2079.3193371276925,3.5908833273337115,3.5908833273337115,3.5908833273337115,-8.435019098207542,-8.435019098207542,-8.435019098207542,12.025902425541254,12.025902425541254,12.025902425541254,0.0,0.0,0.0,2082.9102204550263
2019-12-05,2077.8592244500055,1946.7659020219141,2218.588209056571,2077.8592244500055,2077.8592244500055,4.794924067022254,4.794924067022254,4.794924067022254,-10.075088241817515,-10.075088241817515,-10.075088241817515,14.870012308839767,14.870012308839767,14.870012308839767,0.0,0.0,0.0,2082.654148517028
2019-12-06,2076.3991117723185,1948.004396336423,2216.3716524549595,2076.3991117723185,2076.3991117723185,6.107307227327487,6.107307227327487,6.107307227327487,-11.60002162072238,-11.60002162072238,-11.60002162072238,17.707328848049865,17.707328848049865,17.707328848049865,0.0,0.0,0.0,2082.506418999646
2019-12-09,2072.0187737392575,1958.2907699050318,2208.529791219714,2072.0187737392575,2072.0187737392575,14.90689972739911,14.90689972739911,14.90689972739911,-11.318739975414134,-11.318739975414134,-11.318739975414134,26.225639702813247,26.225639702813247,26.225639702813247,0.0,0.0,0.0,2086.9256734666565
2019-12-10,2070.5586610615705,1958.0489028677641,2206.4172398881606,2070.5586610615705,2070.5586610615705,19.270163887394073,19.270163887394073,19.270163887394073,-9.813608091917619,-9.813608091917619,-9.813608091917619,29.083771979311692,29.083771979311692,29.083771979311692,0.0,0.0,0.0,2089.8288249489647
2019-12-11,2069.0985483838836,1968.1552749079412,2222.6585178271353,2069.0985483838836,2069.0985483838836,23.524886417064824,23.524886417064824,23.524886417064824,-8.435019098185652,-8.435019098185652,-8.435019098185652,31.959905515250476,31.959905515250476,31.959905515250476,0.0,0.0,0.0,2092.6234348009484
2019-12-12,2067.6384357061966,1961.7236089402977,2219.06566550995,2067.6384357061966,2067.6384357061966,24.78434023208308,24.78434023208308,24.78434023208308,-10.075088241847011,-10.075088241847011,-10.075088241847011,34.85942847393009,34.85942847393009,34.85942847393009,0.0,0.0,0.0,2092.4227759382798
2019-12-13,2066.1783230285096,1971.831483643209,2224.826545171553,2066.1783230285096,2066.1783230285096,26.18782577174399,26.18782577174399,26.18782577174399,-11.600021620763252,-11.600021620763252,-11.600021620763252,37.787847392507246,37.787847392507246,37.787847392507246,0.0,0.0,0.0,2092.3661488002535
2019-12-16,2061.797984995448,1963.5080083808364,2239.437942620325,2061.797984995448,2061.797984995448,35.48428120434848,35.48428120434848,35.48428120434848,-11.318739975438138,-11.318739975438138,-11.318739975438138,46.80302117978661,46.80302117978661,46.80302117978661,0.0,0.0,0.0,2097.2822661997966
2019-12-17,2060.337872317761,1972.9403840365162,2235.197558046451,2060.337872317761,2060.337872317761,40.09027461387922,40.09027461387922,40.09027461387922,-9.813608091922966,-9.813608091922966,-9.813608091922966,49.90388270580218,49.90388270580218,49.90388270580218,0.0,0.0,0.0,2100.42814693164
2019-12-18,2058.877759640074,1968.3067380519976,2235.7889199407678,2058.877759640074,2058.877759640074,44.6272290571845,44.6272290571845,44.6272290571845,-8.435019098229875,-8.435019098229875,-8.435019098229875,53.06224815541438,53.06224815541438,53.06224815541438,0.0,0.0,0.0,2103.504988697259
2019-12-19,2057.417646962387,1982.7760088925697,2241.4647355647144,2057.417646962387,2057.417646962387,46.20868196581033,46.20868196581033,46.20868196581033,-10.075088241767602,-10.075088241767602,-10.075088241767602,56.28377020757793,56.28377020757793,56.28377020757793,0.0,0.0,0.0,2103.6263289281974
2019-12-20,2055.9575342847,1974.7582138366529,2238.2938577277596,2055.9575342847,2055.9575342847,47.97390030994164,47.97390030994164,47.97390030994164,-11.60002162076771,-11.60002162076771,-11.60002162076771,59.573921930709346,59.573921930709346,59.573921930709346,0.0,0.0,0.0,2103.931434594642
2019-12-23,2051.577196251639,1970.3892022041073,2239.2801097360507,2051.577196251639,2051.577196251639,58.587350806920895,58.587350806920895,58.587350806920895,-11.318739975462142,-11.318739975462142,-11.318739975462142,69.90609078238305,69.90609078238305,69.90609078238305,0.0,0.0,0.0,2110.16454705856
2019-12-24,2050.117083573952,1988.4470458487776,2252.805160274665,2050.117083573952,2050.117083573952,63.70467805861587,63.70467805861587,63.70467805861587,-9.813608091883376,-9.813608091883376,-9.813608091883376,73.51828615049925,73.51828615049925,73.51828615049925,0.0,0.0,0.0,2113.8217616325683
2019-12-26,2047.1968582185782,1989.7330669625135,2250.770828322859,2047.1968582185782,2047.1968582185782,70.93819249452552,70.93819249452552,70.93819249452552,-10.0750882417971,-10.0750882417971,-10.0750882417971,81.01328073632263,81.01328073632263,81.01328073632263,0.0,0.0,0.0,2118.1350507131037
2019-12-27,2045.736745540891,1997.2761861315123,2247.4572291424042,2045.736745540891,2045.736745540891,73.2990267998596,73.2990267998596,73.2990267998596,-11.600021620772159,-11.600021620772159,-11.600021620772159,84.89904842063174,84.89904842063174,84.89904842063174,0.0,0.0,0.0,2119.0357723407506
2019-12-30,2041.3564075078302,1999.289289726966,2250.1889878379343,2041.3564075078302,2041.3564075078302,85.78408023909138,85.78408023909138,85.78408023909138,-11.318739975425599,-11.318739975425599,-11.318739975425599,97.10282021451698,97.10282021451698,97.10282021451698,0.0,0.0,0.0,2127.1404877469217
2019-12-31,2039.896294830143,2002.225216752068,2262.3601288415234,2039.896294830143,2039.896294830143,91.52963242617604,91.52963242617604,91.52963242617604,-9.813608091888726,-9.813608091888726,-9.813608091888726,101.34324051806476,101.34324051806476,101.34324051806476,0.0,0.0,0.0,2131.425927256319
2020-01-01,2038.436182152456,2012.2289002697357,2267.627095445135,2038.436182152456,2038.436182152456,97.22636500338223,97.22636500338223,97.22636500338223,-8.43501909822376,-8.43501909822376,-8.43501909822376,105.66138410160599,105.66138410160599,105.66138410160599,0.0,0.0,0.0,2135.662547155838
2020-01-02,2036.976069474769,2010.3223301308492,2263.161541450761,2036.976069474769,2036.976069474769,99.97472190750428,99.97472190750428,99.97472190750428,-10.075088241826597,-10.075088241826597,-10.075088241826597,110.04981014933087,110.04981014933087,110.04981014933087,0.0,0.0,0.0,2136.950791382273
2020-01-03,2035.515956797082,2001.4683403891192,2274.5030352224708,2035.515956797082,2035.515956797082,102.89948315024654,102.89948315024654,102.89948315024654,-11.600021620745471,-11.600021620745471,-11.600021620745471,114.49950477099202,114.49950477099202,114.49950477099202,0.0,0.0,0.0,2138.4154399473287
2020-01-06,2031.135618764021,2014.5386104897618,2283.301069694024,2031.135618764021,2031.135618764021,116.78443426934138,116.78443426934138,116.78443426934138,-11.3187399754496,-11.3187399754496,-11.3187399754496,128.10317424479098,128.10317424479098,128.10317424479098,0.0,0.0,0.0,2147.9200530333624
2020-01-07,2029.675506086334,2028.3446102561263,2284.0720259219693,2029.675506086334,2029.675506086334,122.86420624710497,122.86420624710497,122.86420624710497,-9.813608091965897,-9.813608091965897,-9.813608091965897,132.67781433907086,132.67781433907086,132.67781433907086,0.0,0.0,0.0,2152.539712333439
2020-01-08,2028.2153934086468,2033.7818688481775,2282.442963667542,2028.2153934086468,2028.2153934086468,128.81194052179535,128.81194052179535,128.81194052179535,-8.435019098201874,-8.435019098201874,-8.435019098201874,137.24695961999723,137.24695961999723,137.24695961999723,0.0,0.0,0.0,2157.027333930442
2020-01-09,2026.75528073096,2021.7473052673479,2280.5986598697204,2026.75528073096,2026.75528073096,131.71863202046623,131.71863202046623,131.71863202046623,-10.075088241781916,-10.075088241781916,-10.075088241781916,141.79372026224814,141.79372026224814,141.79372026224814,0.0,0.0,0.0,2158.4739127514263
2020-01-10,2025.2951680532728,2026.0040987122036,2288.2964980295774,2025.2951680532728,2025.2951680532728,134.70039859382553,134.70039859382553,134.70039859382553,-11.600021620786341,-11.600021620786341,-11.600021620786341,146.30042021461185,146.30042021461185,146.30042021461185,0.0,0.0,0.0,2159.9955666470983
2020-01-13,2020.914830020212,2040.2271552216457,2289.880159213044,2020.914830020212,2020.914830020212,148.07737377610067,148.07737377610067,148.07737377610067,-11.318739975473601,-11.318739975473601,-11.318739975473601,159.39611375157426,159.39611375157426,159.39611375157426,0.0,0.0,0.0,2168.992203796313
2020-01-14,2019.4547173425249,2040.4109891431417,2300.577463693316,2019.4547173425249,2019.4547173425249,153.7440915955795,153.7440915955795,153.7440915955795,-9.813608091926307,-9.813608091926307,-9.813608091926307,163.55769968750582,163.55769968750582,163.55769968750582,0.0,0.0,0.0,2173.1988089381043
2020-01-15,2017.9946046648379,2056.3892872602046,2315.3389563271444,2017.9946046648379,2017.9946046648379,159.15175376823467,159.15175376823467,159.15175376823467,-8.435019098246093,-8.435019098246093,-8.435019098246093,167.58677286648074,167.58677286648074,167.58677286648074,0.0,0.0,0.0,2177.1463584330727
2020-01-16,2016.534491987151,2041.4526327580093,2312.9911691163243,2016.534491987151,2016.534491987151,161.39054459707037,161.39054459707037,161.39054459707037,-10.075088241811413,-10.075088241811413,-10.075088241811413,171.4656328388818,171.4656328388818,171.4656328388818,0.0,0.0,0.0,2177.9250365842213
2020-01-17,2015.074379309464,2037.6074931508895,2299.8689489008925,2015.074379309464,2015.074379309464,163.57732740631653,163.57732740631653,163.57732740631653,-11.600021620754374,-11.600021620754374,-11.600021620754374,175.17734902707093,175.17734902707093,175.17734902707093,0.0,0.0,0.0,2178.6517067157806
2020-01-20,2010.6940412764027,2059.5146488449077,2311.686737344482,2010.6940412764027,2010.6940412764027,173.83683596576026,173.83683596576026,173.83683596576026,-11.318739975512475,-11.318739975512475,-11.318739975512475,185.15557594127273,185.15557594127273,185.15557594127273,0.0,0.0,0.0,2184.530877242163
2020-01-21,2009.2339285987157,2057.3471801275805,2317.12037817714,2009.2339285987157,2009.2339285987157,178.23710885160875,178.23710885160875,178.23710885160875,-9.813608091931654,-9.813608091931654,-9.813608091931654,188.05071694354044,188.05071694354044,188.05071694354044,0.0,0.0,0.0,2187.4710374503243
2020-01-22,2007.7738159210285,2056.0027762176155,2316.932735927729,2007.7738159210285,2007.7738159210285,182.27609391578343,182.27609391578343,182.27609391578343,-8.435019098224208,-8.435019098224208,-8.435019098224208,190.71111301400765,190.71111301400765,190.71111301400765,0.0,0.0,0.0,2190.049909836812
2020-01-23,2006.3137032433415,2057.2935168237855,2313.6084162863426,2006.3137032433415,2006.3137032433415,183.05223812955978,183.05223812955978,183.05223812955978,-10.075088241771454,-10.075088241771454,-10.075088241771454,193.12732637133124,193.12732637133124,193.12732637133124,0.0,0.0,0.0,2189.365941372901
2020-01-24,2004.853590300393,2055.977569668127,2317.613787044915,2004.853590300393,2004.853590300393,183.69132155688416,183.69132155688416,183.69132155688416,-11.600021620727686,-11.600021620727686,-11.600021620727686,195.29134317761182,195.29134317761182,195.29134317761182,0.0,0.0,0.0,2188.5449118572774
2020-01-27,2000.4732514715479,2055.758959384876,2311.9661493874714,2000.4732514715479,2000.4732514715479,188.89155983100923,188.89155983100923,188.89155983100923,-11.318739975536475,-11.318739975536475,-11.318739975536475,200.21029980654575,200.21029980654575,200.21029980654575,0.0,0.0,0.0,2189.364811302557
2020-01-28,1999.0131385285995,2059.207581516366,2325.6500631998406,1999.0131385285995,1999.0131385285995,191.49808476443883,191.49808476443883,191.49808476443883,-9.813608091963884,-9.813608091963884,-9.813608091963884,201.31169285640271,201.31169285640271,201.31169285640271,0.0,0.0,0.0,2190.5112232930383
2020-01-29,1997.5530255856509,2051.78733212836,2320.093363366309,1997.5530255856509,1997.5530255856509,193.70457708646887,193.70457708646887,193.70457708646887,-8.435019098202323,-8.435019098202323,-8.435019098202323,202.13959618467118,202.13959618467118,202.13959618467118,0.0,0.0,0.0,2191.25760267212
2020-01-30,1996.0929126427027,2066.259059760614,2315.8891907638254,1996.0929126427027,1996.0929126427027,192.6175336996387,192.6175336996387,192.6175336996387,-10.07508824180095,-10.07508824180095,-10.07508824180095,202.69262194143965,202.69262194143965,202.69262194143965,0.0,0.0,0.0,2188.7104463423416
2020-01-31,1994.6327996997543,2059.246019789417,2319.3397678223796,1994.6327996997543,1994.6327996997543,191.36994219406736,191.36994219406736,191.36994219406736,-11.600021620768562,-11.600021620768562,-11.600021620768562,202.96996381483592,202.96996381483592,202.96996381483592,0.0,0.0,0.0,2186.0027418938216
2020-02-03,1990.2524608709089,2064.6475198958374,2311.786817661401,1990.2524608709089,1990.2524608709089,190.82621130511478,190.82621130511478,190.82621130511478,-11.318739975394774,-11.318739975394774,-11.318739975394774,202.14495128050956,202.14495128050956,202.14495128050956,0.0,0.0,0.0,2181.0786721760237
2020-02-04,1988.7923479279605,2046.435214966402,2313.5773096493745,1988.7923479279605,1988.7923479279605,191.50361643633028,191.50361643633028,191.50361643633028,-9.81360809196923,-9.81360809196923,-9.81360809196923,201.3172245282995,201.3172245282995,201.3172245282995,0.0,0.0,0.0,2180.2959643642907
2020-02-05,1987.3322349850123,2048.4790759101415,2304.7275783548994,1987.3322349850123,1987.3322349850123,191.77776098038794,191.77776098038794,191.77776098038794,-8.435019098246539,-8.435019098246539,-8.435019098246539,200.2127800786345,200.2127800786345,200.2127800786345,0.0,0.0,0.0,2179.1099959654002
2020-02-06,1985.8721220420637,2047.4300691199608,2314.366361719149,1985.8721220420637,1985.8721220420637,188.75600598610427,188.75600598610427,188.75600598610427,-10.075088241756275,-10.075088241756275,-10.075088241756275,198.83109422786058,198.83109422786058,198.83109422786058,0.0,0.0,0.0,2174.628128028168
2020-02-07,1984.4120090991153,2038.1807794131657,2296.679839640562,1984.4120090991153,1984.4120090991153,185.57133628307852,185.57133628307852,185.57133628307852,-11.600021620741872,-11.600021620741872,-11.600021620741872,197.1713579038204,197.1713579038204,197.1713579038204,0.0,0.0,0.0,2169.983345382194
2020-02-10,1980.03167027027,2030.905485610098,2281.44746403159,1980.03167027027,1980.03167027027,179.19288670382926,179.19288670382926,179.19288670382926,-11.318739975433646,-11.318739975433646,-11.318739975433646,190.5116266792629,190.5116266792629,190.5116266792629,0.0,0.0,0.0,2159.2245569740994
2020-02-11,1978.5715573273217,2028.7112207504028,2291.4965644509357,1978.5715573273217,1978.5715573273217,177.9129180701792,177.9129180701792,177.9129180701792,-9.813608091929643,-9.813608091929643,-9.813608091929643,187.72652616210883,187.72652616210883,187.72652616210883,0.0,0.0,0.0,2156.484475397501
2020-02-12,1977.1114443843733,2023.593395355863,2277.404618729614,1977.1114443843733,1977.1114443843733,176.2212392372791,176.2212392372791,176.2212392372791,-8.435019098224654,-8.435019098224654,-8.435019098224654,184.65625833550374,184.65625833550374,184.65625833550374,0.0,0.0,0.0,2153.3326836216524
2020-02-13,1975.6513314414246,2019.477946102718,2280.1778548974426,1975.6513314414246,1975.6513314414246,171.2245049630846,171.2245049630846,171.2245049630846,-10.075088241785771,-10.075088241785771,-10.075088241785771,181.29959320487038,181.29959320487038,181.29959320487038,0.0,0.0,0.0,2146.8758364045093
2020-02-14,1974.1912184984765,1997.8669164407609,2257.289077635011,1974.1912184984765,1974.1912184984765,166.05578579078139,166.05578579078139,166.05578579078139,-11.600021620715186,-11.600021620715186,-11.600021620715186,177.65580741149657,177.65580741149657,177.65580741149657,0.0,0.0,0.0,2140.247004289258
2020-02-17,1969.8108796696313,2000.0464503169296,2248.320932859276,1969.8108796696313,1969.8108796696313,153.68870032058234,153.68870032058234,153.68870032058234,-11.318739975457648,-11.318739975457648,-11.318739975457648,165.00744029604,165.00744029604,165.00744029604,0.0,0.0,0.0,2123.4995799902135
2020-02-18,1968.3507667266827,1986.24668761882,2241.6298251953517,1968.3507667266827,1968.3507667266827,150.41350785970815,150.41350785970815,150.41350785970815,-9.813608091934993,-9.813608091934993,-9.813608091934993,160.22711595164313,160.22711595164313,160.22711595164313,0.0,0.0,0.0,2118.764274586391
2020-02-19,1966.8906537837345,1985.3541646732904,2247.2799526931763,1966.8906537837345,1966.8906537837345,146.73782625441163,146.73782625441163,146.73782625441163,-8.435019098240428,-8.435019098240428,-8.435019098240428,155.17284535265205,155.17284535265205,155.17284535265205,0.0,0.0,0.0,2113.6284800381463
2020-02-20,1965.430540840786,1969.771119769163,2231.9907806321817,1965.430540840786,1965.430540840786,139.77744605861727,139.77744605861727,139.77744605861727,-10.075088241819985,-10.075088241819985,-10.075088241819985,149.85253430043727,149.85253430043727,149.85253430043727,0.0,0.0,0.0,2105.2079868994033
2020-02-24,1959.5900890689923,1946.94284478039,2213.621317458588,1959.5900890689923,1959.5900890689923,114.83617622921375,114.83617622921375,114.83617622921375,-11.318739975330816,-11.318739975330816,-11.318739975330816,126.15491620454456,126.15491620454456,126.15491620454456,0.0,0.0,0.0,2074.426265298206
2020-02-25,1958.129976126044,1936.5858547442574,2199.808212259807,1958.129976126044,1958.129976126044,109.89742213568442,109.89742213568442,109.89742213568442,-9.81360809194034,-9.81360809194034,-9.81360809194034,119.71103022762476,119.71103022762476,119.71103022762476,0.0,0.0,0.0,2068.0273982617286
2020-02-26,1956.6698631830955,1929.4546025413936,2188.335744716837,1956.6698631830955,1956.6698631830955,104.66803444237196,104.66803444237196,104.66803444237196,-8.43501909821854,-8.43501909821854,-8.43501909821854,113.10305354059051,113.10305354059051,113.10305354059051,0.0,0.0,0.0,2061.3378976254676
2020-02-27,1955.209750240147,1925.136581543226,2191.186880215841,1955.209750240147,1955.209750240147,96.2826327405214,96.2826327405214,96.2826327405214,-10.075088241775308,-10.075088241775308,-10.075088241775308,106.35772098229671,106.35772098229671,106.35772098229671,0.0,0.0,0.0,2051.4923829806685
2020-02-28,1953.7496372971984,1914.3787123101386,2170.8634812634014,1953.7496372971984,1953.7496372971984,87.90435360851038,87.90435360851038,87.90435360851038,-11.60002162072937,-11.60002162072937,-11.60002162072937,99.50437522923973,99.50437522923973,99.50437522923973,0.0,0.0,0.0,2041.6539909057087
2020-03-02,1949.3692984683532,1885.5075729025798,2161.1187705693296,1949.3692984683532,1949.3692984683532,67.30505457525365,67.30505457525365,67.30505457525365,-11.31873997535482,-11.31873997535482,-11.31873997535482,78.62379455060847,78.62379455060847,78.62379455060847,0.0,0.0,0.0,2016.674353043607
2020-03-03,1947.9091855254048,1874.8663717233544,2135.2270899569326,1947.9091855254048,1947.9091855254048,61.86141788095379,61.86141788095379,61.86141788095379,-9.81360809190075,-9.81360809190075,-9.81360809190075,71.67502597285453,71.67502597285453,71.67502597285453,0.0,0.0,0.0,2009.7706034063585
2020-03-04,1946.4490725824564,1864.9900168475513,2133.084245590846,1946.4490725824564,1946.4490725824564,56.359220787283284,56.359220787283284,56.359220787283284,-8.435019098262758,-8.435019098262758,-8.435019098262758,64.79423988554603,64.79423988554603,64.79423988554603,0.0,0.0,0.0,2002.8082933697397
2020-03-05,1944.988959639508,1861.8763737587187,2121.3283710373134,1944.988959639508,1944.988959639508,47.944600589734776,47.944600589734776,47.944600589734776,-10.075088241804805,-10.075088241804805,-10.075088241804805,58.01968883153958,58.01968883153958,58.01968883153958,0.0,0.0,0.0,1992.9335602292429
2020-03-06,1943.5288466965596,1849.3292608612041,2115.771951918709,1943.5288466965596,1943.5288466965596,39.789463896576756,39.789463896576756,39.789463896576756,-11.600021620764963,-11.600021620764963,-11.600021620764963,51.38948551734172,51.38948551734172,51.38948551734172,0.0,0.0,0.0,1983.3183105931364
2020-03-09,1939.1485078677142,1835.4011629118272,2086.874603733608,1939.1485078677142,1939.1485078677142,21.413440085350004,21.413440085350004,21.413440085350004,-11.31873997539369,-11.31873997539369,-11.31873997539369,32.732180060743694,32.732180060743694,32.732180060743694,0.0,0.0,0.0,1960.5619479530642
2020-03-11,1936.2282819818176,1830.486091947313,2073.1722926624143,1936.2282819818176,1936.2282819818176,13.221837942676144,13.221837942676144,13.221837942676144,-8.435019098240874,-8.435019098240874,-8.435019098240874,21.656857040917014,21.656857040917014,21.656857040917014,0.0,0.0,0.0,1949.4501199244937
2020-03-12,1934.768169038869,1806.5564071625256,2069.8879848332836,1934.768169038869,1934.768169038869,6.53931451967988,6.53931451967988,6.53931451967988,-10.075088241834301,-10.075088241834301,-10.075088241834301,16.614402761514178,16.614402761514178,16.614402761514178,0.0,0.0,0.0,1941.307483558549
2020-03-13,1933.3080560959208,1804.289894193768,2056.9822896283667,1933.3080560959208,1933.3080560959208,0.332285656588633,0.332285656588633,0.332285656588633,-11.600021620738277,-11.600021620738277,-11.600021620738277,11.93230727732691,11.93230727732691,11.93230727732691,0.0,0.0,0.0,1933.6403417525096
2020-03-16,1928.9277172670756,1791.4502394709484,2051.973764088886,1928.9277172670756,1928.9277172670756,-11.11897395723238,-11.11897395723238,-11.11897395723238,-11.318739975417696,-11.318739975417696,-11.318739975417696,0.199766018185317,0.199766018185317,0.199766018185317,0.0,0.0,0.0,1917.8087433098433
2020-03-17,1927.467604324127,1790.5526238499713,2052.6978234973567,1927.467604324127,1927.467604324127,-12.726511286666833,-12.726511286666833,-12.726511286666833,-9.81360809193833,-9.81360809193833,-9.81360809193833,-2.9129031947285022,-2.9129031947285022,-2.9129031947285022,0.0,0.0,0.0,1914.7410930374601
2020-03-18,1926.0074913811789,1782.8715515480228,2036.3606479037967,1926.0074913811789,1926.0074913811789,-14.060346964082393,-14.060346964082393,-14.060346964082393,-8.435019098190542,-8.435019098190542,-8.435019098190542,-5.62532786589185,-5.62532786589185,-5.62532786589185,0.0,0.0,0.0,1911.9471444170965
2020-03-19,1924.5473784382302,1771.5162846585122,2039.6101047747313,1924.5473784382302,1924.5473784382302,-18.01934326399566,-18.01934326399566,-18.01934326399566,-10.075088241789622,-10.075088241789622,-10.075088241789622,-7.944255022206038,-7.944255022206038,-7.944255022206038,0.0,0.0,0.0,1906.5280351742347
2020-03-20,1923.0872654952818,1771.3625441318477,2031.5257541409426,1923.0872654952818,1923.0872654952818,-21.481278960032665,-21.481278960032665,-21.481278960032665,-11.600021620779147,-11.600021620779147,-11.600021620779147,-9.881257339253517,-9.881257339253517,-9.881257339253517,0.0,0.0,0.0,1901.6059865352493
2020-03-23,1918.7069266664366,1765.1417400782134,2023.1397916855417,1918.7069266664366,1918.7069266664366,-24.902411188350964,-24.902411188350964,-24.902411188350964,-11.318739975441698,-11.318739975441698,-11.318739975441698,-13.58367121290927,-13.58367121290927,-13.58367121290927,0.0,0.0,0.0,1893.8045154780857
2020-03-24,1917.2468137234882,1755.1904735188966,2025.9993751213735,1917.2468137234882,1917.2468137234882,-24.00945919592756,-24.00945919592756,-24.00945919592756,-9.813608091943681,-9.813608091943681,-9.813608091943681,-14.195851103983879,-14.195851103983879,-14.195851103983879,0.0,0.0,0.0,1893.2373545275607
2020-03-25,1915.7867007805398,1759.1446331053216,2022.9924593513963,1915.7867007805398,1915.7867007805398,-22.980900019403716,-22.980900019403716,-22.980900019403716,-8.435019098234758,-8.435019098234758,-8.435019098234758,-14.545880921168962,-14.545880921168962,-14.545880921168962,0.0,0.0,0.0,1892.8058007611362
2020-03-26,1914.3265878375914,1754.2619033813635,2010.739590146489,1914.3265878375914,1914.3265878375914,-24.742051516621338,-24.742051516621338,-24.742051516621338,-10.075088241819119,-10.075088241819119,-10.075088241819119,-14.666963274802223,-14.666963274802223,-14.666963274802223,0.0,0.0,0.0,1889.58453632097
2020-03-27,1912.866474894643,1756.4126654677684,2016.0301212676097,1912.866474894643,1912.866474894643,-26.194093608970807,-26.194093608970807,-26.194093608970807,-11.60002162075246,-11.60002162075246,-11.60002162075246,-14.594071988218346,-14.594071988218346,-14.594071988218346,0.0,0.0,0.0,1886.6723812856721
2020-03-30,1908.4861360657978,1750.4625279510146,2025.596306440667,1908.4861360657978,1908.4861360657978,-24.893233882772027,-24.893233882772027,-24.893233882772027,-11.31873997548057,-11.31873997548057,-11.31873997548057,-13.574493907291458,-13.574493907291458,-13.574493907291458,0.0,0.0,0.0,1883.592902183026
2020-03-31,1907.0260231228494,1746.1005894956118,2013.9897998780425,1907.0260231228494,1907.0260231228494,-22.902165542491193,-22.902165542491193,-22.902165542491193,-9.81360809190409,-9.81360809190409,-9.81360809190409,-13.088557450587103,-13.088557450587103,-13.088557450587103,0.0,0.0,0.0,1884.1238575803582
2020-04-01,1905.5659101799008,1757.2109653138828,2007.0010728529835,1905.5659101799008,1905.5659101799008,-21.022827320554416,-21.022827320554416,-21.022827320554416,-8.435019098212878,-8.435019098212878,-8.435019098212878,-12.58780822234154,-12.58780822234154,-12.58780822234154,0.0,0.0,0.0,1884.5430828593464
2020-04-03,1902.6456842940038,1734.216434250106,2013.4220974917214,1902.6456842940038,1902.6456842940038,-23.26902619255223,-23.26902619255223,-23.26902619255223,-11.600021620725773,-11.600021620725773,-11.600021620725773,-11.669004571826456,-11.669004571826456,-11.669004571826456,0.0,0.0,0.0,1879.3766581014515
2020-04-07,1896.8052325222104,1740.2982828421173,2011.1207912936688,1896.8052325222104,1896.8052325222104,-20.708191429017567,-20.708191429017567,-20.708191429017567,-9.813608091909439,-9.813608091909439,-9.813608091909439,-10.894583337108125,-10.894583337108125,-10.894583337108125,0.0,0.0,0.0,1876.097041093193
2020-04-08,1895.3451195792618,1750.621722979638,2000.4804818055782,1895.3451195792618,1895.3451195792618,-19.470643708603397,-19.470643708603397,-19.470643708603397,-8.43501909819099,-8.43501909819099,-8.43501909819099,-11.035624610412407,-11.035624610412407,-11.035624610412407,0.0,0.0,0.0,1875.8744758706584
2020-04-09,1893.8850066363136,1740.1908079256325,2006.7463105218803,1893.8850066363136,1893.8850066363136,-21.409616482808598,-21.409616482808598,-21.409616482808598,-10.075088241808656,-10.075088241808656,-10.075088241808656,-11.334528240999942,-11.334528240999942,-11.334528240999942,0.0,0.0,0.0,1872.475390153505
2020-04-13,1908.7816421098191,1746.04566976869,2011.686532438165,1908.7816421098191,1908.7816421098191,-25.48388591842212,-25.48388591842212,-25.48388591842212,-11.31873997537774,-11.31873997537774,-11.31873997537774,-14.165145943044383,-14.165145943044383,-14.165145943044383,0.0,0.0,0.0,1883.297756191397
2020-04-15,1916.2299598465715,1755.649776407983,2033.1278017171098,1916.2299598465715,1916.2299598465715,-24.9463206065071,-24.9463206065071,-24.9463206065071,-8.435019098235207,-8.435019098235207,-8.435019098235207,-16.51130150827189,-16.51130150827189,-16.51130150827189,0.0,0.0,0.0,1891.2836392400645
2020-04-16,1919.954118714948,1757.3551253325493,2022.9900500844954,1919.954118714948,1919.954118714948,-27.961504107673615,-27.961504107673615,-27.961504107673615,-10.075088241763975,-10.075088241763975,-10.075088241763975,-17.886415865909637,-17.886415865909637,-17.886415865909637,0.0,0.0,0.0,1891.9926146072744
2020-04-17,1923.6782775833246,1767.9736644437087,2028.4033817565648,1923.6782775833246,1923.6782775833246,-30.979639214889396,-30.979639214889396,-30.979639214889396,-11.600021620739954,-11.600021620739954,-11.600021620739954,-19.379617594149437,-19.379617594149437,-19.379617594149437,0.0,0.0,0.0,1892.6986383684352
2020-04-20,1934.8507541884535,1763.9604331848404,2028.25225716962,1934.8507541884535,1934.8507541884535,-35.74742964626178,-35.74742964626178,-35.74742964626178,-11.318739975401744,-11.318739975401744,-11.318739975401744,-24.428689670860038,-24.428689670860038,-24.428689670860038,0.0,0.0,0.0,1899.1033245421918
2020-04-21,1938.57491305683,1778.6893040837365,2039.0104692837854,1938.57491305683,1938.57491305683,-36.068314418761,-36.068314418761,-36.068314418761,-9.813608091947017,-9.813608091947017,-9.813608091947017,-26.254706326813974,-26.254706326813974,-26.254706326813974,0.0,0.0,0.0,1902.506598638069
2020-04-22,1942.2990719252061,1781.8817288338118,2038.1114299119022,1942.2990719252061,1942.2990719252061,-36.56506610230564,-36.56506610230564,-36.56506610230564,-8.435019098213322,-8.435019098213322,-8.435019098213322,-28.13004700409232,-28.13004700409232,-28.13004700409232,0.0,0.0,0.0,1905.7340058229006
2020-04-23,1946.0232307935826,1773.4045364900726,2037.6119261443575,1946.0232307935826,1946.0232307935826,-40.11801857588022,-40.11801857588022,-40.11801857588022,-10.075088241793472,-10.075088241793472,-10.075088241793472,-30.042930334086744,-30.042930334086744,-30.042930334086744,0.0,0.0,0.0,1905.9052122177025
2020-04-24,1949.747389661959,1769.5313751569877,2028.8572172082177,1949.747389661959,1949.747389661959,-43.58303130355762,-43.58303130355762,-43.58303130355762,-11.600021620775543,-11.600021620775543,-11.600021620775543,-31.98300968278208,-31.98300968278208,-31.98300968278208,0.0,0.0,0.0,1906.1643583584014
2020-04-27,1960.919866267088,1791.1325277877472,2044.2166578496617,1960.919866267088,1960.919866267088,-49.20730166942947,-49.20730166942947,-49.20730166942947,-11.318739975440618,-11.318739975440618,-11.318739975440618,-37.888561693988855,-37.888561693988855,-37.888561693988855,0.0,0.0,0.0,1911.7125645976587
2020-04-28,1964.6440251354645,1784.6697819988397,2041.646954011733,1964.6440251354645,1964.6440251354645,-49.68241340628054,-49.68241340628054,-49.68241340628054,-9.813608091952366,-9.813608091952366,-9.813608091952366,-39.86880531432818,-39.86880531432818,-39.86880531432818,0.0,0.0,0.0,1914.961611729184
2020-04-29,1968.3681840038405,1782.3070857988207,2037.407358353826,1968.3681840038405,1968.3681840038405,-50.28621646638406,-50.28621646638406,-50.28621646638406,-8.435019098229091,-8.435019098229091,-8.435019098229091,-41.85119736815496,-41.85119736815496,-41.85119736815496,0.0,0.0,0.0,1918.0819675374564
2020-04-30,1972.092342872217,1788.1460418625852,2051.5878203146117,1972.092342872217,1972.092342872217,-53.9111986702832,-53.9111986702832,-53.9111986702832,-10.075088241822968,-10.075088241822968,-10.075088241822968,-43.83611042846024,-43.83611042846024,-43.83611042846024,0.0,0.0,0.0,1918.1811442019336
2020-05-04,1986.9889783457224,1791.3220116262546,2037.707611045273,1986.9889783457224,1986.9889783457224,-63.17381039309283,-63.17381039309283,-63.17381039309283,-11.318739975464618,-11.318739975464618,-11.318739975464618,-51.855070417628205,-51.855070417628205,-51.855070417628205,0.0,0.0,0.0,1923.8151679526295
2020-05-05,1990.7131372140989,1802.2027847848346,2058.976761026529,1990.7131372140989,1990.7131372140989,-63.7143566972777,-63.7143566972777,-63.7143566972777,-9.813608091957713,-9.813608091957713,-9.813608091957713,-53.90074860531998,-53.90074860531998,-53.90074860531998,0.0,0.0,0.0,1926.9987805168212
2020-05-06,1994.437296082475,1786.84450209155,2064.76821778821,1994.437296082475,1994.437296082475,-64.40739543063172,-64.40739543063172,-64.40739543063172,-8.435019098207208,-8.435019098207208,-8.435019098207208,-55.97237633242451,-55.97237633242451,-55.97237633242451,0.0,0.0,0.0,1930.0299006518433
2020-05-07,1998.1614549508515,1794.419329789173,2055.316460517367,1998.1614549508515,1998.1614549508515,-68.14937093755745,-68.14937093755745,-68.14937093755745,-10.075088241778293,-10.075088241778293,-10.075088241778293,-58.07428269577917,-58.07428269577917,-58.07428269577917,0.0,0.0,0.0,1930.012084013294
2020-05-08,2001.885613819228,1801.961901956308,2063.795310348538,2001.885613819228,2001.885613819228,-71.80997248532951,-71.80997248532951,-71.80997248532951,-11.600021620722172,-11.600021620722172,-11.600021620722172,-60.209950864607336,-60.209950864607336,-60.209950864607336,0.0,0.0,0.0,1930.0756413338984
2020-05-11,2013.0580904243575,1805.0605389342206,2063.7594879972753,2013.0580904243575,2013.0580904243575,-78.15352285693598,-78.15352285693598,-78.15352285693598,-11.31873997548862,-11.31873997548862,-11.31873997548862,-66.83478288144735,-66.83478288144735,-66.83478288144735,0.0,0.0,0.0,1934.9045675674215
2020-05-12,2016.782249292734,1808.773557007369,2065.4950068181856,2016.782249292734,2016.782249292734,-78.92590576943643,-78.92590576943643,-78.92590576943643,-9.813608091918127,-9.813608091918127,-9.813608091918127,-69.1122976775183,-69.1122976775183,-69.1122976775183,0.0,0.0,0.0,1937.8563435232975
2020-05-13,2020.5064081611104,1806.4972969525816,2068.6508609691286,2020.5064081611104,2020.5064081611104,-79.85280628359928,-79.85280628359928,-79.85280628359928,-8.435019098251425,-8.435019098251425,-8.435019098251425,-71.41778718534786,-71.41778718534786,-71.41778718534786,0.0,0.0,0.0,1940.6536018775112
2020-05-14,2024.2305670294863,1811.721382215428,2073.9619410557716,2024.2305670294863,2024.2305670294863,-83.81910914088029,-83.81910914088029,-83.81910914088029,-10.075088241807789,-10.075088241807789,-10.075088241807789,-73.74402089907251,-73.74402089907251,-73.74402089907251,0.0,0.0,0.0,1940.411457888606
2020-05-15,2027.954725897863,1815.4081298340386,2073.310255237779,2027.954725897863,2027.954725897863,-87.68157270169701,-87.68157270169701,-87.68157270169701,-11.600021620757767,-11.600021620757767,-11.600021620757767,-76.08155108093925,-76.08155108093925,-76.08155108093925,0.0,0.0,0.0,1940.273153196166
2020-05-18,2039.1272025029918,1820.0365556336512,2073.856304806871,2039.1272025029918,2039.1272025029918,-94.35458315024253,-94.35458315024253,-94.35458315024253,-11.31873997536179,-11.31873997536179,-11.31873997536179,-83.03584317488072,-83.03584317488072,-83.03584317488072,0.0,0.0,0.0,1944.7726193527494
2020-05-19,2042.8513613713683,1813.8124562546009,2072.099320884476,2042.8513613713683,2042.8513613713683,-95.09676163557299,-95.09676163557299,-95.09676163557299,-9.813608091923474,-9.813608091923474,-9.813608091923474,-85.2831535436495,-85.2831535436495,-85.2831535436495,0.0,0.0,0.0,1947.7545997357952
2020-05-20,2046.575520239745,1820.0996234499012,2080.699294940464,2046.575520239745,2046.575520239745,-95.90065547611125,-95.90065547611125,-95.90065547611125,-8.43501909822954,-8.43501909822954,-8.43501909822954,-87.46563637788171,-87.46563637788171,-87.46563637788171,0.0,0.0,0.0,1950.6748647636336
2020-05-21,2050.299679108121,1819.038302055613,2081.130987288709,2050.299679108121,2050.299679108121,-99.63917154428616,-99.63917154428616,-99.63917154428616,-10.07508824176783,-10.07508824176783,-10.07508824176783,-89.56408330251833,-89.56408330251833,-89.56408330251833,0.0,0.0,0.0,1950.6605075638347
2020-05-22,2054.0238379764974,1824.8922903191349,2086.829548145195,2054.0238379764974,2054.0238379764974,-103.15883528960613,-103.15883528960613,-103.15883528960613,-11.600021620731077,-11.600021620731077,-11.600021620731077,-91.55881366887505,-91.55881366887505,-91.55881366887505,0.0,0.0,0.0,1950.8650026868913
2020-05-26,2068.9204734500026,1836.8948506181032,2092.3152066946786,2068.9204734500026,2068.9204734500026,-107.92953873621201,-107.92953873621201,-107.92953873621201,-9.813608091955706,-9.813608091955706,-9.813608091955706,-98.1159306442563,-98.1159306442563,-98.1159306442563,0.0,0.0,0.0,1960.9909347137907
2020-05-27,2072.6446323183795,1832.6442010479684,2090.729778345355,2072.6446323183795,2072.6446323183795,-107.74745953083945,-107.74745953083945,-107.74745953083945,-8.435019098207656,-8.435019098207656,-8.435019098207656,-99.3124404326318,-99.3124404326318,-99.3124404326318,0.0,0.0,0.0,1964.89717278754
2020-05-28,2076.3687911867555,1838.0583066195384,2100.867359734947,2076.3687911867555,2076.3687911867555,-110.37812105602234,-110.37812105602234,-110.37812105602234,-10.075088241797326,-10.075088241797326,-10.075088241797326,-100.30303281422502,-100.30303281422502,-100.30303281422502,0.0,0.0,0.0,1965.9906701307332
2020-05-29,2080.092950055132,1833.5810341962256,2098.3916335430686,2080.092950055132,2080.092950055132,-112.67757223069704,-112.67757223069704,-112.67757223069704,-11.60002162077195,-11.60002162077195,-11.60002162077195,-101.07755060992508,-101.07755060992508,-101.07755060992508,0.0,0.0,0.0,1967.415377824435
2020-06-01,2091.265426660261,1847.1911432174513,2107.536691079337,2091.265426660261,2091.265426660261,-113.36857922375935,-113.36857922375935,-113.36857922375935,-11.318739975409793,-11.318739975409793,-11.318739975409793,-102.04983924834957,-102.04983924834957,-102.04983924834957,0.0,0.0,0.0,1977.8968474365015
2020-06-02,2094.9895855286372,1848.685824589504,2119.232738151103,2094.9895855286372,2094.9895855286372,-111.73608026076072,-111.73608026076072,-111.73608026076072,-9.813608091961054,-9.813608091961054,-9.813608091961054,-101.92247216879966,-101.92247216879966,-101.92247216879966,0.0,0.0,0.0,1983.2535052678766
2020-06-03,2098.7137443970137,1858.097410883126,2122.024002036007,2098.7137443970137,2098.7137443970137,-110.01297228742932,-110.01297228742932,-110.01297228742932,-8.435019098251875,-8.435019098251875,-8.435019098251875,-101.57795318917745,-101.57795318917745,-101.57795318917745,0.0,0.0,0.0,1988.7007721095842
2020-06-04,2102.4379032653897,1861.3254862488589,2124.850364970778,2102.4379032653897,2102.4379032653897,-111.10205103121015,-111.10205103121015,-111.10205103121015,-10.075088241826823,-10.075088241826823,-10.075088241826823,-101.02696278938333,-101.02696278938333,-101.02696278938333,0.0,0.0,0.0,1991.3358522341796
2020-06-05,2106.162062133766,1866.4109079327163,2123.1123912443577,2106.162062133766,2106.162062133766,-111.88378860335702,-111.88378860335702,-111.88378860335702,-11.60002162074526,-11.60002162074526,-11.60002162074526,-100.28376698261175,-100.28376698261175,-100.28376698261175,0.0,0.0,0.0,1994.278273530409
2020-06-08,2117.3345387388954,1871.693689080995,2137.7497409328553,2117.3345387388954,2117.3345387388954,-108.41179813460244,-108.41179813460244,-108.41179813460244,-11.318739975448668,-11.318739975448668,-11.318739975448668,-97.09305815915377,-97.09305815915377,-97.09305815915377,0.0,0.0,0.0,2008.922740604293
2020-06-09,2121.058697607272,1883.6949423628505,2139.302449691157,2121.058697607272,2121.058697607272,-105.60110972255072,-105.60110972255072,-105.60110972255072,-9.813608091921463,-9.813608091921463,-9.813608091921463,-95.78750163062925,-95.78750163062925,-95.78750163062925,0.0,0.0,0.0,2015.457587884721
2020-06-10,2124.7828564756483,1890.8046631065754,2159.2671834646535,2124.7828564756483,2124.7828564756483,-102.8409654603484,-102.8409654603484,-102.8409654603484,-8.43501909822999,-8.43501909822999,-8.43501909822999,-94.40594636211841,-94.40594636211841,-94.40594636211841,0.0,0.0,0.0,2021.9418910153
2020-06-11,2128.5070153440242,1889.2936536625768,2149.1962447308892,2128.5070153440242,2128.5070153440242,-103.05297978545326,-103.05297978545326,-103.05297978545326,-10.075088241786863,-10.075088241786863,-10.075088241786863,-92.9778915436664,-92.9778915436664,-92.9778915436664,0.0,0.0,0.0,2025.454035558571
2020-06-12,2132.2311742124007,1907.4321838459693,2159.352641220318,2132.2311742124007,2132.2311742124007,-103.13379490992871,-103.13379490992871,-103.13379490992871,-11.600021620718573,-11.600021620718573,-11.600021620718573,-91.53377328921015,-91.53377328921015,-91.53377328921015,0.0,0.0,0.0,2029.097379302472
2020-06-15,2143.4036508175304,1915.5780223573054,2173.9028198114206,2143.4036508175304,2143.4036508175304,-98.7303622225736,-98.7303622225736,-98.7303622225736,-11.31873997547267,-11.31873997547267,-11.31873997547267,-87.41162224710094,-87.41162224710094,-87.41162224710094,0.0,0.0,0.0,2044.6732885949568
2020-06-16,2147.127809685907,1926.6445417539087,2178.2561365913916,2147.127809685907,2147.127809685907,-96.0201876432841,-96.0201876432841,-96.0201876432841,-9.813608091926815,-9.813608091926815,-9.813608091926815,-86.2065795513573,-86.2065795513573,-86.2065795513573,0.0,0.0,0.0,2051.1076220426226
2020-06-17,2150.8519685542833,1930.7405684670678,2186.697053306933,2150.8519685542833,2150.8519685542833,-93.56695108070902,-93.56695108070902,-93.56695108070902,-8.435019098245762,-8.435019098245762,-8.435019098245762,-85.13193198246327,-85.13193198246327,-85.13193198246327,0.0,0.0,0.0,2057.2850174735745
2020-06-18,2154.5761274226597,1931.6599269261594,2189.7900501281256,2154.5761274226597,2154.5761274226597,-94.28705546963072,-94.28705546963072,-94.28705546963072,-10.07508824181636,-10.07508824181636,-10.07508824181636,-84.21196722781436,-84.21196722781436,-84.21196722781436,0.0,0.0,0.0,2060.289071953029
2020-06-19,2158.3002862910357,1931.4427412063803,2199.1674082652394,2158.3002862910357,2158.3002862910357,-95.06817001314376,-95.06817001314376,-95.06817001314376,-11.600021620759444,-11.600021620759444,-11.600021620759444,-83.46814839238431,-83.46814839238431,-83.46814839238431,0.0,0.0,0.0,2063.232116277892
2020-06-22,2169.4727628961646,1952.5817771284715,2205.6424696503777,2169.4727628961646,2169.4727628961646,-93.77656818859163,-93.77656818859163,-93.77656818859163,-11.318739975345837,-11.318739975345837,-11.318739975345837,-82.4578282132458,-82.4578282132458,-82.4578282132458,0.0,0.0,0.0,2075.696194707573
2020-06-23,2173.196921764541,1947.1255403726739,2213.760676986865,2173.196921764541,2173.196921764541,-92.37761997088332,-92.37761997088332,-92.37761997088332,-9.813608091932162,-9.813608091932162,-9.813608091932162,-82.56401187895115,-82.56401187895115,-82.56401187895115,0.0,0.0,0.0,2080.819301793658
2020-06-24,2176.9210806329174,1949.0886705832029,2210.537025624568,2176.9210806329174,2176.9210806329174,-91.3345407086233,-91.3345407086233,-91.3345407086233,-8.435019098223878,-8.435019098223878,-8.435019098223878,-82.89952161039943,-82.89952161039943,-82.89952161039943,0.0,0.0,0.0,2085.5865399242944
2020-06-25,2180.6452395502083,1942.703812256347,2218.4121353708597,2180.6452395502083,2180.6452395502083,-93.53789116952275,-93.53789116952275,-93.53789116952275,-10.075088241771681,-10.075088241771681,-10.075088241771681,-83.46280292775106,-83.46280292775106,-83.46280292775106,0.0,0.0,0.0,2087.1073483806854
2020-06-26,2184.369398467499,1958.4762775237668,2215.8038076212724,2184.369398467499,2184.369398467499,-95.8481607825315,-95.8481607825315,-95.8481607825315,-11.600021620732756,-11.600021620732756,-11.600021620732756,-84.24813916179873,-84.24813916179873,-84.24813916179873,0.0,0.0,0.0,2088.5212376849677
2020-06-29,2195.5418752193714,1966.5826355493355,2226.2839021258037,2195.5418752193714,2195.5418752193714,-99.13845124138408,-99.13845124138408,-99.13845124138408,-11.318739975369839,-11.318739975369839,-11.318739975369839,-87.81971126601424,-87.81971126601424,-87.81971126601424,0.0,0.0,0.0,2096.403423977987
2020-06-30,2199.2660341366623,1972.2332167979425,2237.423910615597,2199.2660341366623,2199.2660341366623,-99.17183309207903,-99.17183309207903,-99.17183309207903,-9.813608091892569,-9.813608091892569,-9.813608091892569,-89.35822500018645,-89.35822500018645,-89.35822500018645,0.0,0.0,0.0,2100.0942010445833
2020-07-01,2202.990193053953,1972.7015256930135,2234.684326207161,2202.990193053953,2202.990193053953,-99.46909811188978,-99.46909811188978,-99.46909811188978,-8.435019098201991,-8.435019098201991,-8.435019098201991,-91.0340790136878,-91.0340790136878,-91.0340790136878,0.0,0.0,0.0,2103.5210949420634
2020-07-02,2206.7143519712436,1972.1007228866426,2231.8189768955954,2206.7143519712436,2206.7143519712436,-102.89633097974588,-102.89633097974588,-102.89633097974588,-10.075088241801177,-10.075088241801177,-10.075088241801177,-92.8212427379447,-92.8212427379447,-92.8212427379447,0.0,0.0,0.0,2103.8180209914976
2020-07-03,2210.4385108885344,1962.0573491525515,2229.6753976483956,2210.4385108885344,2210.4385108885344,-106.29162277354959,-106.29162277354959,-106.29162277354959,-11.600021620768349,-11.600021620768349,-11.600021620768349,-94.69160115278125,-94.69160115278125,-94.69160115278125,0.0,0.0,0.0,2104.146888114985
2020-07-06,2221.610987640407,1982.9693141051334,2245.740298098755,2221.610987640407,2221.610987640407,-111.81821667476515,-111.81821667476515,-111.81821667476515,-11.318739975408713,-11.318739975408713,-11.318739975408713,-100.49947669935644,-100.49947669935644,-100.49947669935644,0.0,0.0,0.0,2109.792770965642
2020-07-07,2225.335146557698,1984.4339174058941,2248.944195393667,2225.335146557698,2225.335146557698,-112.21024108210584,-112.21024108210584,-112.21024108210584,-9.81360809189792,-9.81360809189792,-9.81360809189792,-102.39663299020792,-102.39663299020792,-102.39663299020792,0.0,0.0,0.0,2113.124905475592
2020-07-08,2229.0593054749884,1982.0084152380994,2251.4477055467005,2229.0593054749884,2229.0593054749884,-112.65712781270308,-112.65712781270308,-112.65712781270308,-8.43501909821776,-8.43501909821776,-8.43501909821776,-104.22210871448534,-104.22210871448534,-104.22210871448534,0.0,0.0,0.0,2116.4021776622853
2020-07-09,2232.7834643922793,1991.5711384213575,2244.735760307412,2232.7834643922793,2232.7834643922793,-116.02058146607916,-116.02058146607916,-116.02058146607916,-10.075088241830674,-10.075088241830674,-10.075088241830674,-105.9454932242485,-105.9454932242485,-105.9454932242485,0.0,0.0,0.0,2116.7628829262003
2020-07-10,2236.50762330957,1991.1685210928526,2246.9110651603564,2236.50762330957,2236.50762330957,-119.13766340652248,-119.13766340652248,-119.13766340652248,-11.600021620741662,-11.600021620741662,-11.600021620741662,-107.53764178578082,-107.53764178578082,-107.53764178578082,0.0,0.0,0.0,2117.369959903048
2020-07-13,2247.6801000614423,1989.8215485185774,2256.0048108334845,2247.6801000614423,2247.6801000614423,-122.58121726916671,-122.58121726916671,-122.58121726916671,-11.318739975432715,-11.318739975432715,-11.318739975432715,-111.26247729373401,-111.26247729373401,-111.26247729373401,0.0,0.0,0.0,2125.0988827922756
2020-07-14,2251.404258978733,1997.543845606327,2256.729488640844,2251.404258978733,2251.404258978733,-121.8905479142494,-121.8905479142494,-121.8905479142494,-9.813608091930151,-9.813608091930151,-9.813608091930151,-112.07693982231923,-112.07693982231923,-112.07693982231923,0.0,0.0,0.0,2129.5137110644837
2020-07-15,2255.128417896024,2000.3997536846866,2265.6190047655687,2255.128417896024,2255.128417896024,-121.08123464320092,-121.08123464320092,-121.08123464320092,-8.435019098195875,-8.435019098195875,-8.435019098195875,-112.64621554500505,-112.64621554500505,-112.64621554500505,0.0,0.0,0.0,2134.0471832528233
2020-07-16,2258.852576813315,2012.147929775135,2270.6772481282333,2258.852576813315,2258.852576813315,-123.0308845403178,-123.0308845403178,-123.0308845403178,-10.075088241785993,-10.075088241785993,-10.075088241785993,-112.9557962985318,-112.9557962985318,-112.9557962985318,0.0,0.0,0.0,2135.821692272997
2020-07-17,2262.576735730606,2013.7073745515831,2272.2258860928077,2262.576735730606,2262.576735730606,-124.59436878902031,-124.59436878902031,-124.59436878902031,-11.600021620782533,-11.600021620782533,-11.600021620782533,-112.99434716823778,-112.99434716823778,-112.99434716823778,0.0,0.0,0.0,2137.9823669415855
2020-07-20,2273.7492124824776,2009.0414158174945,2275.3329994927094,2273.7492124824776,2273.7492124824776,-122.73806853015297,-122.73806853015297,-122.73806853015297,-11.318739975456717,-11.318739975456717,-11.318739975456717,-111.41932855469625,-111.41932855469625,-111.41932855469625,0.0,0.0,0.0,2151.011143952325
2020-07-21,2277.473371399769,2030.3649382096357,2280.5363170176743,2277.473371399769,2277.473371399769,-120.13914053270327,-120.13914053270327,-120.13914053270327,-9.8136080919355,-9.8136080919355,-9.8136080919355,-110.32553244076776,-110.32553244076776,-110.32553244076776,0.0,0.0,0.0,2157.334230867066
2020-07-22,2281.1975303170602,2031.4710328049798,2293.457365720355,2281.1975303170602,2281.1975303170602,-117.38766206990837,-117.38766206990837,-117.38766206990837,-8.435019098240094,-8.435019098240094,-8.435019098240094,-108.95264297166828,-108.95264297166828,-108.95264297166828,0.0,0.0,0.0,2163.809868247152
2020-07-23,2284.9216892343507,2043.0212767378962,2293.9127518157993,2284.9216892343507,2284.9216892343507,-117.38344190290867,-117.38344190290867,-117.38344190290867,-10.075088241815491,-10.075088241815491,-10.075088241815491,-107.30835366109318,-107.30835366109318,-107.30835366109318,0.0,0.0,0.0,2167.538247331442
2020-07-24,2288.6458481516415,2050.295104139746,2296.0665665626734,2288.6458481516415,2288.6458481516415,-117.00316538942364,-117.00316538942364,-117.00316538942364,-11.600021620755845,-11.600021620755845,-11.600021620755845,-105.4031437686678,-105.4031437686678,-105.4031437686678,0.0,0.0,0.0,2171.642682762218
2020-07-27,2299.818324903514,2059.238351772815,2324.370214767986,2299.818324903514,2299.818324903514,-109.58300320330652,-109.58300320330652,-109.58300320330652,-11.31873997549559,-11.31873997549559,-11.31873997549559,-98.26426322781093,-98.26426322781093,-98.26426322781093,0.0,0.0,0.0,2190.235321700208
2020-07-28,2303.5424838208046,2067.3198429587555,2317.340073456058,2303.5424838208046,2303.5424838208046,-105.28211320932536,-105.28211320932536,-105.28211320932536,-9.813608091940846,-9.813608091940846,-9.813608091940846,-95.46850511738451,-95.46850511738451,-95.46850511738451,0.0,0.0,0.0,2198.260370611479
2020-07-29,2307.2666427380955,2073.413008165007,2331.343691980323,2307.2666427380955,2307.2666427380955,-100.93338381154787,-100.93338381154787,-100.93338381154787,-8.435019098218206,-8.435019098218206,-8.435019098218206,-92.49836471332966,-92.49836471332966,-92.49836471332966,0.0,0.0,0.0,2206.3332589265474
2020-07-30,2310.990801655386,2083.8261896880617,2349.3159601344278,2310.990801655386,2310.990801655386,-99.4512990998915,-99.4512990998915,-99.4512990998915,-10.07508824177553,-10.07508824177553,-10.07508824177553,-89.37621085811597,-89.37621085811597,-89.37621085811597,0.0,0.0,0.0,2211.5395025554944
2020-07-31,2314.7149605726772,2080.705700907524,2357.400250774562,2314.7149605726772,2314.7149605726772,-97.72548336482319,-97.72548336482319,-97.72548336482319,-11.60002162072916,-11.60002162072916,-11.60002162072916,-86.12546174409403,-86.12546174409403,-86.12546174409403,0.0,0.0,0.0,2216.989477207854
2020-08-03,2325.8874373245494,2113.333909533693,2378.8086365322947,2325.8874373245494,2325.8874373245494,-87.16437037485059,-87.16437037485059,-87.16437037485059,-11.318739975519593,-11.318739975519593,-11.318739975519593,-75.845630399331,-75.845630399331,-75.845630399331,0.0,0.0,0.0,2238.723066949699
2020-08-04,2329.61159624184,2120.7547901007115,2371.9286718483063,2329.61159624184,2329.61159624184,-82.13939755880847,-82.13939755880847,-82.13939755880847,-9.813608091973082,-9.813608091973082,-9.813608091973082,-72.32578946683539,-72.32578946683539,-72.32578946683539,0.0,0.0,0.0,2247.4721986830314
2020-08-05,2333.335755159131,2132.297567601834,2381.9778884568377,2333.335755159131,2333.335755159131,-77.23535239873918,-77.23535239873918,-77.23535239873918,-8.435019098196326,-8.435019098196326,-8.435019098196326,-68.80033330054286,-68.80033330054286,-68.80033330054286,0.0,0.0,0.0,2256.100402760392
2020-08-06,2337.059914076422,2135.5733553458363,2387.5004354604234,2337.059914076422,2337.059914076422,-75.36819739052636,-75.36819739052636,-75.36819739052636,-10.075088241805027,-10.075088241805027,-10.075088241805027,-65.29310914872134,-65.29310914872134,-65.29310914872134,0.0,0.0,0.0,2261.6917166858957
2020-08-07,2340.7840729937125,2137.2423312204232,2394.960146006205,2340.7840729937125,2340.7840729937125,-73.42712270802599,-73.42712270802599,-73.42712270802599,-11.600021620770029,-11.600021620770029,-11.600021620770029,-61.82710108725597,-61.82710108725597,-61.82710108725597,0.0,0.0,0.0,2267.3569502856863
2020-08-10,2351.956549745585,2157.9373222266836,2417.261865330513,2351.956549745585,2351.956549745585,-63.20693089889494,-63.20693089889494,-63.20693089889494,-11.31873997539276,-11.31873997539276,-11.31873997539276,-51.88819092350219,-51.88819092350219,-51.88819092350219,0.0,0.0,0.0,2288.7496188466903
2020-08-11,2355.680708662876,2158.6198706285477,2422.3120934502713,2355.680708662876,2355.680708662876,-58.60488569485068,-58.60488569485068,-58.60488569485068,-9.81360809197843,-9.81360809197843,-9.81360809197843,-48.791277602872256,-48.791277602872256,-48.791277602872256,0.0,0.0,0.0,2297.0758229680255
2020-08-12,2359.4048675801664,2176.257177707382,2434.056398845923,2359.4048675801664,2359.4048675801664,-54.26440357058258,-54.26440357058258,-54.26440357058258,-8.435019098240545,-8.435019098240545,-8.435019098240545,-45.82938447234204,-45.82938447234204,-45.82938447234204,0.0,0.0,0.0,2305.140464009584
2020-08-13,2363.1290264974573,2185.491578678283,2442.746811056397,2363.1290264974573,2363.1290264974573,-53.090695692058645,-53.090695692058645,-53.090695692058645,-10.075088241760351,-10.075088241760351,-10.075088241760351,-43.01560745029829,-43.01560745029829,-43.01560745029829,0.0,0.0,0.0,2310.038330805399
2020-08-14,2366.8531854147477,2186.6906705181486,2440.3403537526005,2366.8531854147477,2366.8531854147477,-51.96077410624317,-51.96077410624317,-51.96077410624317,-11.600021620738062,-11.600021620738062,-11.600021620738062,-40.36075248550512,-40.36075248550512,-40.36075248550512,0.0,0.0,0.0,2314.8924113085045
2020-08-17,2378.0256621666204,2207.2505216803274,2461.7764186501595,2378.0256621666204,2378.0256621666204,-44.739595779046326,-44.739595779046326,-44.739595779046326,-11.318739975416761,-11.318739975416761,-11.318739975416761,-33.420855803629564,-33.420855803629564,-33.420855803629564,0.0,0.0,0.0,2333.286066387574
2020-08-18,2381.7498210839112,2209.9252964856087,2476.0288534406327,2381.7498210839112,2381.7498210839112,-41.27351163532618,-41.27351163532618,-41.27351163532618,-9.813608091938839,-9.813608091938839,-9.813608091938839,-31.459903543387345,-31.459903543387345,-31.459903543387345,0.0,0.0,0.0,2340.476309448585
2020-08-19,2385.473980001202,2219.975262735745,2483.5104691093916,2385.473980001202,2385.473980001202,-38.10890874155071,-38.10890874155071,-38.10890874155071,-8.43501909821866,-8.43501909821866,-8.43501909821866,-29.673889643332053,-29.673889643332053,-29.673889643332053,0.0,0.0,0.0,2347.3650712596514
2020-08-20,2389.198138918493,2221.534687812306,2481.306097291237,2389.198138918493,2389.198138918493,-38.13317255039267,-38.13317255039267,-38.13317255039267,-10.075088241789848,-10.075088241789848,-10.075088241789848,-28.058084308602826,-28.058084308602826,-28.058084308602826,0.0,0.0,0.0,2351.0649663681
2020-08-21,2392.922297835784,2222.4398877525778,2498.975457727833,2392.922297835784,2392.922297835784,-38.20517902844867,-38.20517902844867,-38.20517902844867,-11.600021620711376,-11.600021620711376,-11.600021620711376,-26.605157407737288,-26.605157407737288,-26.605157407737288,0.0,0.0,0.0,2354.7171188073353
2020-08-24,2404.094774587656,2239.759078139629,2507.438564417658,2404.094774587656,2404.094774587656,-34.4322966776037,-34.4322966776037,-34.4322966776037,-11.318739975455637,-11.318739975455637,-11.318739975455637,-23.11355670214807,-23.11355670214807,-23.11355670214807,0.0,0.0,0.0,2369.6624779100525
2020-08-25,2407.818933504947,2245.669675887145,2507.4129689343467,2407.818933504947,2407.818933504947,-32.004506900128206,-32.004506900128206,-32.004506900128206,-9.813608091944188,-9.813608091944188,-9.813608091944188,-22.19089880818402,-22.19089880818402,-22.19089880818402,0.0,0.0,0.0,2375.814426604819
2020-08-26,2411.543092422238,2249.175206195201,2508.765670800041,2411.543092422238,2411.543092422238,-29.79510224126298,-29.79510224126298,-29.79510224126298,-8.435019098234429,-8.435019098234429,-8.435019098234429,-21.36008314302855,-21.36008314302855,-21.36008314302855,0.0,0.0,0.0,2381.7479901809747
2020-08-27,2415.2672513395287,2258.886937154981,2513.2840636178926,2415.2672513395287,2415.2672513395287,-30.676591169213882,-30.676591169213882,-30.676591169213882,-10.075088241819344,-10.075088241819344,-10.075088241819344,-20.60150292739454,-20.60150292739454,-20.60150292739454,0.0,0.0,0.0,2384.590660170315
2020-08-28,2418.9914102568196,2254.5207219560366,2509.531674321022,2418.9914102568196,2418.9914102568196,-31.494443003816116,-31.494443003816116,-31.494443003816116,-11.600021620752246,-11.600021620752246,-11.600021620752246,-19.894421383063868,-19.894421383063868,-19.894421383063868,0.0,0.0,0.0,2387.4969672530033
2020-08-31,2430.163887008692,2276.2821794566817,2541.0353936423594,2430.163887008692,2430.163887008692,-29.184231184582494,-29.184231184582494,-29.184231184582494,-11.318739975313933,-11.318739975313933,-11.318739975313933,-17.865491209268562,-17.865491209268562,-17.865491209268562,0.0,0.0,0.0,2400.9796558241096
2020-09-01,2433.8880459259826,2276.980794988728,2541.146027598166,2433.8880459259826,2433.8880459259826,-26.961003894413928,-26.961003894413928,-26.961003894413928,-9.813608091949535,-9.813608091949535,-9.813608091949535,-17.147395802464395,-17.147395802464395,-17.147395802464395,0.0,0.0,0.0,2406.927042031569
2020-09-02,2437.6122048432735,2282.182844028203,2538.241001133513,2437.6122048432735,2437.6122048432735,-24.8084468081094,-24.8084468081094,-24.8084468081094,-8.435019098212543,-8.435019098212543,-8.435019098212543,-16.37342770989686,-16.37342770989686,-16.37342770989686,0.0,0.0,0.0,2412.8037580351643
2020-09-03,2441.3363637605644,2287.879111013051,2540.511570776848,2441.3363637605644,2441.3363637605644,-25.599366763566703,-25.599366763566703,-25.599366763566703,-10.075088241774663,-10.075088241774663,-10.075088241774663,-15.524278521792041,-15.524278521792041,-15.524278521792041,0.0,0.0,0.0,2415.7369969969977
2020-09-04,2445.0605224250667,2288.2758660082523,2548.298503722629,2445.0605224250667,2445.0605224250667,-26.18237817191313,-26.18237817191313,-26.18237817191313,-11.600021620725556,-11.600021620725556,-11.600021620725556,-14.582356551187571,-14.582356551187571,-14.582356551187571,0.0,0.0,0.0,2418.8781442531536
2020-09-07,2456.232998418574,2308.3780321436757,2558.4617005163386,2456.232998418574,2456.232998418574,-22.376967159302815,-22.376967159302815,-22.376967159302815,-11.318739975337932,-11.318739975337932,-11.318739975337932,-11.058227183964881,-11.058227183964881,-11.058227183964881,0.0,0.0,0.0,2433.8560312592713
2020-09-08,2459.9571570830763,2318.497250476418,2564.537442818742,2459.9571570830763,2459.9571570830763,-19.431043020982404,-19.431043020982404,-19.431043020982404,-9.813608091909945,-9.813608091909945,-9.813608091909945,-9.617434929072461,-9.617434929072461,-9.617434929072461,0.0,0.0,0.0,2440.5261140620937
2020-09-09,2463.6813157475785,2323.283240315952,2569.061808131662,2463.6813157475785,2463.6813157475785,-16.470041180989917,-16.470041180989917,-16.470041180989917,-8.435019098256761,-8.435019098256761,-8.435019098256761,-8.035022082733155,-8.035022082733155,-8.035022082733155,0.0,0.0,0.0,2447.2112745665886
2020-09-10,2467.4054744120813,2318.3086812689985,2576.0404393552926,2467.4054744120813,2467.4054744120813,-16.38628938926803,-16.38628938926803,-16.38628938926803,-10.075088241808881,-10.075088241808881,-10.075088241808881,-6.311201147459147,-6.311201147459147,-6.311201147459147,0.0,0.0,0.0,2451.0191850228134
2020-09-11,2471.1296330765836,2317.337400747221,2582.4799989593894,2471.1296330765836,2471.1296330765836,-16.050017434863026,-16.050017434863026,-16.050017434863026,-11.600021620761153,-11.600021620761153,-11.600021620761153,-4.449995814101873,-4.449995814101873,-4.449995814101873,0.0,0.0,0.0,2455.0796156417205
2020-09-14,2482.302109070091,2342.1175803011715,2605.9972072531996,2482.302109070091,2482.302109070091,-9.459437670074694,-9.459437670074694,-9.459437670074694,-11.318739975376808,-11.318739975376808,-11.318739975376808,1.859302305302114,1.859302305302114,1.859302305302114,0.0,0.0,0.0,2472.842671400016
2020-09-15,2486.026267734593,2353.4138542776195,2609.603879109633,2486.026267734593,2486.026267734593,-5.661372461123635,-5.661372461123635,-5.661372461123635,-9.813608091915292,-9.813608091915292,-9.813608091915292,4.152235630791656,4.152235630791656,4.152235630791656,0.0,0.0,0.0,2480.3648952734693
2020-09-16,2489.7504263990954,2357.3553949572224,2624.7403388848466,2489.7504263990954,2489.7504263990954,-1.93006437459218,-1.93006437459218,-1.93006437459218,-8.435019098234877,-8.435019098234877,-8.435019098234877,6.504954723642697,6.504954723642697,6.504954723642697,0.0,0.0,0.0,2487.820362024503
2020-09-17,2493.4745850635977,2361.5402641419155,2629.8665054741587,2493.4745850635977,2493.4745850635977,-1.183661682379388,-1.183661682379388,-1.183661682379388,-10.075088241838378,-10.075088241838378,-10.075088241838378,8.891426559458989,8.891426559458989,8.891426559458989,0.0,0.0,0.0,2492.2909233812184
2020-09-18,2497.1987437281005,2365.294315866834,2627.4671788285136,2497.1987437281005,2497.1987437281005,-0.3172327874903409,-0.3172327874903409,-0.3172327874903409,-11.600021620734466,-11.600021620734466,-11.600021620734466,11.282788833244126,11.282788833244126,11.282788833244126,0.0,0.0,0.0,2496.88151094061
2020-09-21,2508.3712197216078,2382.5836853888163,2647.720946384676,2508.3712197216078,2508.3712197216078,6.845821008174333,6.845821008174333,6.845821008174333,-11.318739975400808,-11.318739975400808,-11.318739975400808,18.164560983575143,18.164560983575143,18.164560983575143,0.0,0.0,0.0,2515.217040729782
2020-09-22,2512.09537838611,2394.293360902458,2655.7728837397763,2512.09537838611,2512.09537838611,10.432856536842497,10.432856536842497,10.432856536842497,-9.813608091947527,-9.813608091947527,-9.813608091947527,20.246464628790022,20.246464628790022,20.246464628790022,0.0,0.0,0.0,2522.5282349229524
2020-09-23,2515.8195370506123,2401.0531657296833,2655.46816566317,2515.8195370506123,2515.8195370506123,13.728393616439073,13.728393616439073,13.728393616439073,-8.435019098212992,-8.435019098212992,-8.435019098212992,22.163412714652065,22.163412714652065,22.163412714652065,0.0,0.0,0.0,2529.5479306670513
2020-09-24,2519.5436957151146,2403.1628201219182,2659.85119091521,2519.5436957151146,2519.5436957151146,13.805258077970619,13.805258077970619,13.805258077970619,-10.075088241793699,-10.075088241793699,-10.075088241793699,23.880346319764318,23.880346319764318,23.880346319764318,0.0,0.0,0.0,2533.348953793085
2020-09-25,2523.2678543796173,2404.7281128817144,2674.163049679367,2523.2678543796173,2523.2678543796173,13.76328633434702,13.76328633434702,13.76328633434702,-11.600021620775335,-11.600021620775335,-11.600021620775335,25.363307955122355,25.363307955122355,25.363307955122355,0.0,0.0,0.0,2537.0311407139643
2020-09-28,2534.4403303731237,2420.7840431953314,2685.693016011731,2534.4403303731237,2534.4403303731237,16.779863492037162,16.779863492037162,16.779863492037162,-11.318739975424812,-11.318739975424812,-11.318739975424812,28.098603467461974,28.098603467461974,28.098603467461974,0.0,0.0,0.0,2551.220193865161
2020-09-29,2538.1644890376265,2420.1610369549253,2679.94657225346,2538.1644890376265,2538.1644890376265,18.53645926231221,18.53645926231221,18.53645926231221,-9.813608091952876,-9.813608091952876,-9.813608091952876,28.350067354265082,28.350067354265082,28.350067354265082,0.0,0.0,0.0,2556.700948299939
2020-09-30,2541.8886477021288,2431.0308432178913,2689.1906269631772,2541.8886477021288,2541.8886477021288,19.800801852317665,19.800801852317665,19.800801852317665,-8.435019098257207,-8.435019098257207,-8.435019098257207,28.235820950574873,28.235820950574873,28.235820950574873,0.0,0.0,0.0,2561.6894495544466
2020-10-01,2545.612806366631,2433.031388023059,2695.0128295795503,2545.612806366631,2545.612806366631,17.665834631607854,17.665834631607854,17.665834631607854,-10.075088241823195,-10.075088241823195,-10.075088241823195,27.74092287343105,27.74092287343105,27.74092287343105,0.0,0.0,0.0,2563.278640998239
2020-10-05,2560.509441024641,2441.2501558010026,2693.595236945896,2560.509441024641,2560.509441024641,10.510593457522836,10.510593457522836,10.510593457522836,-11.318739975463684,-11.318739975463684,-11.318739975463684,21.82933343298652,21.82933343298652,21.82933343298652,0.0,0.0,0.0,2571.0200344821637
2020-10-06,2564.233599689144,2453.308044187944,2701.6425240981066,2564.233599689144,2564.233599689144,9.569464595955997,9.569464595955997,9.569464595955997,-9.813608091913284,-9.813608091913284,-9.813608091913284,19.383072687869284,19.383072687869284,19.383072687869284,0.0,0.0,0.0,2573.8030642851
2020-10-07,2567.957758353646,2440.9723981707034,2700.7215232171425,2567.957758353646,2567.957758353646,8.138996521174432,8.138996521174432,8.138996521174432,-8.435019098235328,-8.435019098235328,-8.435019098235328,16.57401561940976,16.57401561940976,16.57401561940976,0.0,0.0,0.0,2576.0967548748204
2020-10-08,2571.6819170181484,2449.813449334128,2701.0875692207023,2571.6819170181484,2571.6819170181484,3.348444057150818,3.348444057150818,3.348444057150818,-10.075088241783236,-10.075088241783236,-10.075088241783236,13.423532298934054,13.423532298934054,13.423532298934054,0.0,0.0,0.0,2575.0303610752994
2020-10-09,2575.406075682651,2435.4162189606313,2704.7827371874605,2575.406075682651,2575.406075682651,-1.6421991337637256,-1.6421991337637256,-1.6421991337637256,-11.60002162072196,-11.60002162072196,-11.60002162072196,9.957822486958236,9.957822486958236,9.957822486958236,0.0,0.0,0.0,2573.7638765488873
2020-10-12,2586.578551676158,2442.797607673668,2690.536314447848,2586.578551676158,2586.578551676158,-13.323105566896949,-13.323105566896949,-13.323105566896949,-11.318739975487688,-11.318739975487688,-11.318739975487688,-2.004365591409261,-2.004365591409261,-2.004365591409261,0.0,0.0,0.0,2573.255446109261
2020-10-13,2590.3027103406607,2450.894026928116,2703.415848665404,2590.3027103406607,2590.3027103406607,-16.200258885353854,-16.200258885353854,-16.200258885353854,-9.813608091918635,-9.813608091918635,-9.813608091918635,-6.38665079343522,-6.38665079343522,-6.38665079343522,0.0,0.0,0.0,2574.102451455307
2020-10-14,2594.026869005163,2443.862089002907,2710.805629764606,2594.026869005163,2594.026869005163,-19.330974767555364,-19.330974767555364,-19.330974767555364,-8.435019098184993,-8.435019098184993,-8.435019098184993,-10.89595566937037,-10.89595566937037,-10.89595566937037,0.0,0.0,0.0,2574.6958942376077
2020-10-15,2597.7510276696653,2441.6327991608555,2707.3042038037947,2597.7510276696653,2597.7510276696653,-25.562222485715136,-25.562222485715136,-25.562222485715136,-10.075088241812733,-10.075088241812733,-10.075088241812733,-15.487134243902405,-15.487134243902405,-15.487134243902405,0.0,0.0,0.0,2572.18880518395
2020-10-16,2601.4751863341676,2447.249064087093,2709.346095976365,2601.4751863341676,2601.4751863341676,-31.714075930430038,-31.714075930430038,-31.714075930430038,-11.600021620762831,-11.600021620762831,-11.600021620762831,-20.114054309667214,-20.114054309667214,-20.114054309667214,0.0,0.0,0.0,2569.7611104037373
2020-10-19,2612.647662327675,2445.9734664148104,2701.624956920216,2612.647662327675,2612.647662327675,-45.06636442766777,-45.06636442766777,-45.06636442766777,-11.318739975360856,-11.318739975360856,-11.318739975360856,-33.747624452306916,-33.747624452306916,-33.747624452306916,0.0,0.0,0.0,2567.581297900007
2020-10-20,2616.3718209921776,2439.1230143809835,2697.8170037573113,2616.3718209921776,2616.3718209921776,-47.874099760071005,-47.874099760071005,-47.874099760071005,-9.813608091923983,-9.813608091923983,-9.813608091923983,-38.06049166814702,-38.06049166814702,-38.06049166814702,0.0,0.0,0.0,2568.4977212321064
2020-10-21,2620.09597965668,2447.225367697758,2701.7641307407716,2620.09597965668,2620.09597965668,-50.622466385657184,-50.622466385657184,-50.622466385657184,-8.435019098229212,-8.435019098229212,-8.435019098229212,-42.18744728742797,-42.18744728742797,-42.18744728742797,0.0,0.0,0.0,2569.4735132710225
2020-10-22,2623.820138321182,2436.696146650001,2703.09952033486,2623.820138321182,2623.820138321182,-56.16548003438926,-56.16548003438926,-56.16548003438926,-10.075088241768052,-10.075088241768052,-10.075088241768052,-46.09039179262121,-46.09039179262121,-46.09039179262121,0.0,0.0,0.0,2567.6546582867927
2020-10-23,2627.5442969856845,2447.1721912433613,2698.1472213809357,2627.5442969856845,2627.5442969856845,-61.33459175546526,-61.33459175546526,-61.33459175546526,-11.600021620736145,-11.600021620736145,-11.600021620736145,-49.73457013472911,-49.73457013472911,-49.73457013472911,0.0,0.0,0.0,2566.2097052302192
2020-10-26,2638.716772979192,2437.892607100947,2708.367193080769,2638.716772979192,2638.716772979192,-70.14410186882003,-70.14410186882003,-70.14410186882003,-11.318739975384856,-11.318739975384856,-11.318739975384856,-58.82536189343517,-58.82536189343517,-58.82536189343517,0.0,0.0,0.0,2568.5726711103716
2020-10-27,2642.4409316436936,2440.409013997167,2695.4819814497664,2642.4409316436936,2642.4409316436936,-70.980416779788,-70.980416779788,-70.980416779788,-9.813608091884388,-9.813608091884388,-9.813608091884388,-61.166808687903604,-61.166808687903604,-61.166808687903604,0.0,0.0,0.0,2571.4605148639057
2020-10-28,2646.1650903081963,2447.7765388042876,2706.283890628629,2646.1650903081963,2646.1650903081963,-71.57277292634973,-71.57277292634973,-71.57277292634973,-8.435019098207329,-8.435019098207329,-8.435019098207329,-63.13775382814239,-63.13775382814239,-63.13775382814239,0.0,0.0,0.0,2574.5923173818464
2020-10-29,2649.8892489726986,2444.7034293522943,2699.2775721562384,2649.8892489726986,2649.8892489726986,-74.80457994539944,-74.80457994539944,-74.80457994539944,-10.075088241797548,-10.075088241797548,-10.075088241797548,-64.7294917036019,-64.7294917036019,-64.7294917036019,0.0,0.0,0.0,2575.0846690272992
2020-10-30,2653.613407637201,2442.370422391913,2706.186671510982,2653.613407637201,2653.613407637201,-77.53790789140737,-77.53790789140737,-77.53790789140737,-11.600021620771736,-11.600021620771736,-11.600021620771736,-65.93788627063564,-65.93788627063564,-65.93788627063564,0.0,0.0,0.0,2576.0754997457934
2020-11-02,2664.785883630708,2461.0197989818657,2721.556495318424,2664.785883630708,2664.785883630708,-78.60529757471261,-78.60529757471261,-78.60529757471261,-11.318739975423728,-11.318739975423728,-11.318739975423728,-67.28655759928888,-67.28655759928888,-67.28655759928888,0.0,0.0,0.0,2586.1805860559957
2020-11-03,2668.5100422952105,2464.435989980523,2716.9370034334675,2668.5100422952105,2668.5100422952105,-76.81853517483523,-76.81853517483523,-76.81853517483523,-9.813608091889742,-9.813608091889742,-9.813608091889742,-67.00492708294551,-67.00492708294551,-67.00492708294551,0.0,0.0,0.0,2591.6915071203753
2020-11-04,2672.2342009597132,2466.980844807292,2727.9305036717174,2672.2342009597132,2672.2342009597132,-74.81526599710267,-74.81526599710267,-74.81526599710267,-8.435019098223098,-8.435019098223098,-8.435019098223098,-66.38024689887958,-66.38024689887958,-66.38024689887958,0.0,0.0,0.0,2597.4189349626104
2020-11-05,2675.9583596242155,2474.8925657918576,2730.6221832139618,2675.9583596242155,2675.9583596242155,-75.50552973634726,-75.50552973634726,-75.50552973634726,-10.075088241827048,-10.075088241827048,-10.075088241827048,-65.43044149452021,-65.43044149452021,-65.43044149452021,0.0,0.0,0.0,2600.452829887868
2020-11-06,2679.682518288718,2471.152932804744,2724.796107048467,2679.682518288718,2679.682518288718,-75.77577391407003,-75.77577391407003,-75.77577391407003,-11.600021620745052,-11.600021620745052,-11.600021620745052,-64.17575229332498,-64.17575229332498,-64.17575229332498,0.0,0.0,0.0,2603.9067443746476
2020-11-09,2690.8549942822256,2490.671896575967,2747.4647358177285,2690.8549942822256,2690.8549942822256,-70.12852511275422,-70.12852511275422,-70.12852511275422,-11.318739975447736,-11.318739975447736,-11.318739975447736,-58.80978513730648,-58.80978513730648,-58.80978513730648,0.0,0.0,0.0,2620.7264691694713
2020-11-10,2694.579152946728,2484.2437155309453,2753.29523375912,2694.579152946728,2694.579152946728,-66.38165189752003,-66.38165189752003,-66.38165189752003,-9.813608091966909,-9.813608091966909,-9.813608091966909,-56.56804380555312,-56.56804380555312,-56.56804380555312,0.0,0.0,0.0,2628.197501049208
2020-11-11,2698.3033116112306,2509.6513561382885,2770.410879711873,2698.3033116112306,2698.3033116112306,-62.57619383299283,-62.57619383299283,-62.57619383299283,-8.435019098201208,-8.435019098201208,-8.435019098201208,-54.14117473479162,-54.14117473479162,-54.14117473479162,0.0,0.0,0.0,2635.7271177782377
2020-11-12,2702.027470275733,2516.629060137004,2770.3000586222747,2702.027470275733,2702.027470275733,-61.62882719072572,-61.62882719072572,-61.62882719072572,-10.075088241782368,-10.075088241782368,-10.075088241782368,-51.553738948943355,-51.553738948943355,-51.553738948943355,0.0,0.0,0.0,2640.3986430850073
2020-11-13,2705.751628940235,2514.2567308691055,2772.162509761663,2705.751628940235,2705.751628940235,-60.429606885847555,-60.429606885847555,-60.429606885847555,-11.60002162078592,-11.60002162078592,-11.60002162078592,-48.829585265061624,-48.829585265061624,-48.829585265061624,0.0,0.0,0.0,2645.3220220543876
2020-11-14,2708.849534532774,2549.407974749138,2800.686245222583,2708.849534532774,2708.849534532774,-36.7327751497466,-36.7327751497466,-36.7327751497466,9.25875752559158,9.25875752559158,9.25875752559158,-45.991532675338185,-45.991532675338185,-45.991532675338185,0.0,0.0,0.0,2672.116759383028
2020-11-17,2718.14325131039,2538.2783109344145,2795.12464822764,2718.14325131039,2718.14325131039,-46.81496320198847,-46.81496320198847,-46.81496320198847,-9.81360809192732,-9.81360809192732,-9.81360809192732,-37.00135511006115,-37.00135511006115,-37.00135511006115,0.0,0.0,0.0,2671.3282881084015
2020-11-18,2721.2411569029287,2553.1841932650736,2810.4563525285225,2721.2411569029287,2721.2411569029287,-42.34182635709923,-42.34182635709923,-42.34182635709923,-8.43501909824543,-8.43501909824543,-8.43501909824543,-33.906807258853796,-33.906807258853796,-33.906807258853796,0.0,0.0,0.0,2678.8993305458293
2020-11-19,2724.3390624954677,2554.0274324897127,2824.4548106107973,2724.3390624954677,2724.3390624954677,-40.86428669019912,-40.86428669019912,-40.86428669019912,-10.075088241811864,-10.075088241811864,-10.075088241811864,-30.789198448387257,-30.789198448387257,-30.789198448387257,0.0,0.0,0.0,2683.4747758052686
2020-11-20,2727.4369680880063,2561.767221517227,2817.005345245528,2727.4369680880063,2727.4369680880063,-39.26118341105744,-39.26118341105744,-39.26118341105744,-11.600021620759232,-11.600021620759232,-11.600021620759232,-27.661161790298205,-27.661161790298205,-27.661161790298205,0.0,0.0,0.0,2688.1757846769488
2020-11-23,2736.730684865622,2574.355605358535,2841.1343928809506,2736.730684865622,2736.730684865622,-29.630997737357042,-29.630997737357042,-29.630997737357042,-11.318739975510608,-11.318739975510608,-11.318739975510608,-18.312257761846435,-18.312257761846435,-18.312257761846435,0.0,0.0,0.0,2707.099687128265
2020-11-24,2739.828590458161,2586.138012463211,2844.8231755224147,2739.828590458161,2739.828590458161,-25.044839577533963,-25.044839577533963,-25.044839577533963,-9.813608091932668,-9.813608091932668,-9.813608091932668,-15.231231485601294,-15.231231485601294,-15.231231485601294,0.0,0.0,0.0,2714.7837508806274
2020-11-25,2742.9264960507,2592.9755894501805,2845.24027025129,2742.9264960507,2742.9264960507,-20.610466826569667,-20.610466826569667,-20.610466826569667,-8.435019098223545,-8.435019098223545,-8.435019098223545,-12.175447728346121,-12.175447728346121,-12.175447728346121,0.0,0.0,0.0,2722.31602922413
2020-11-26,2746.024401643239,2595.9897597792856,2860.4196666525854,2746.024401643239,2746.024401643239,-19.22233044678283,-19.22233044678283,-19.22233044678283,-10.075088241771905,-10.075088241771905,-10.075088241771905,-9.147242205010924,-9.147242205010924,-9.147242205010924,0.0,0.0,0.0,2726.802071196456
2020-11-27,2749.122307235777,2607.815778166006,2864.879133073669,2749.122307235777,2749.122307235777,-17.747691281689043,-17.747691281689043,-17.747691281689043,-11.600021620727267,-11.600021620727267,-11.600021620727267,-6.147669660961776,-6.147669660961776,-6.147669660961776,0.0,0.0,0.0,2731.374615954088
2020-12-01,2761.5139296059324,2612.9392942097434,2880.440129999393,2761.5139296059324,2761.5139296059324,-4.2340226501156195,-4.2340226501156195,-4.2340226501156195,-9.813608091964898,-9.813608091964898,-9.813608091964898,5.579585441849278,5.579585441849278,5.579585441849278,0.0,0.0,0.0,2757.279906955817
2020-12-02,2764.6118351984705,2623.1456237764937,2895.679245742797,2764.6118351984705,2764.6118351984705,0.01954149605086566,0.01954149605086566,0.01954149605086566,-8.43501909820166,-8.43501909820166,-8.43501909820166,8.454560594252527,8.454560594252527,8.454560594252527,0.0,0.0,0.0,2764.6313766945214
2020-12-03,2767.7097407910096,2634.549644279581,2891.5296295942444,2767.7097407910096,2767.7097407910096,1.2382056999098754,1.2382056999098754,1.2382056999098754,-10.075088241801401,-10.075088241801401,-10.075088241801401,11.313293941711278,11.313293941711278,11.313293941711278,0.0,0.0,0.0,2768.9479464909195
2020-12-04,2770.807646383548,2646.8819807634036,2897.5520803091936,2770.807646383548,2770.807646383548,2.5597756948379393,2.5597756948379393,2.5597756948379393,-11.60002162076814,-11.60002162076814,-11.60002162076814,14.15979731560608,14.15979731560608,14.15979731560608,0.0,0.0,0.0,2773.367422078386
2020-12-07,2780.1013631611645,2665.3379802063337,2919.0789693932757,2780.1013631611645,2780.1013631611645,11.351546379141306,11.351546379141306,11.351546379141306,-11.318739975392909,-11.318739975392909,-11.318739975392909,22.670286354534213,22.670286354534213,22.670286354534213,0.0,0.0,0.0,2791.452909540306
2020-12-08,2783.199268753703,2668.880011929193,2934.1458915376297,2783.199268753703,2783.199268753703,15.699691792006353,15.699691792006353,15.699691792006353,-9.81360809197025,-9.81360809197025,-9.81360809197025,25.513299883976604,25.513299883976604,25.513299883976604,0.0,0.0,0.0,2798.8989605457095
2020-12-09,2786.2971743462417,2683.502923756494,2939.8534905042775,2786.2971743462417,2786.2971743462417,19.932739938967625,19.932739938967625,19.932739938967625,-8.435019098245876,-8.435019098245876,-8.435019098245876,28.367759037213503,28.367759037213503,28.367759037213503,0.0,0.0,0.0,2806.2299142852094
2020-12-10,2789.395079938781,2683.2281683278784,2940.000757740007,2789.395079938781,2789.395079938781,21.163803702171567,21.163803702171567,21.163803702171567,-10.075088241756722,-10.075088241756722,-10.075088241756722,31.238891943928287,31.238891943928287,31.238891943928287,0.0,0.0,0.0,2810.5588836409524
2020-12-11,2792.4929855313194,2689.1896988216868,2947.6394186783414,2792.4929855313194,2792.4929855313194,22.532034144588454,22.532034144588454,22.532034144588454,-11.600021620741453,-11.600021620741453,-11.600021620741453,34.13205576532991,34.13205576532991,34.13205576532991,0.0,0.0,0.0,2815.025019675908
2020-12-14,2801.786702308935,2702.5318937802876,2966.51890926412,2801.786702308935,2801.786702308935,31.680304362460085,31.680304362460085,31.680304362460085,-11.318739975431784,-11.318739975431784,-11.318739975431784,42.99904433789187,42.99904433789187,42.99904433789187,0.0,0.0,0.0,2833.467006671395
2020-12-15,2804.8846079014747,2710.4707242134,2967.3799960729198,2804.8846079014747,2804.8846079014747,36.22250991088925,36.22250991088925,36.22250991088925,-9.813608091930657,-9.813608091930657,-9.813608091930657,46.03611800281991,46.03611800281991,46.03611800281991,0.0,0.0,0.0,2841.107117812364
2020-12-16,2807.9825134940133,2727.2334872439455,2977.9782346239035,2807.9825134940133,2807.9825134940133,40.68848076295625,40.68848076295625,40.68848076295625,-8.435019098223993,-8.435019098223993,-8.435019098223993,49.123499861180235,49.123499861180235,49.123499861180235,0.0,0.0,0.0,2848.6709942569696
2020-12-17,2811.080419086552,2717.324369619393,2984.5624926056794,2811.080419086552,2811.080419086552,42.1918660360269,42.1918660360269,42.1918660360269,-10.07508824178622,-10.07508824178622,-10.07508824178622,52.26695427781313,52.26695427781313,52.26695427781313,0.0,0.0,0.0,2853.272285122579
2020-12-18,2814.178324679091,2722.1726517820503,2984.69973636858,2814.178324679091,2814.178324679091,43.87214391318519,43.87214391318519,43.87214391318519,-11.600021620714763,-11.600021620714763,-11.600021620714763,55.472165533899954,55.472165533899954,55.472165533899954,0.0,0.0,0.0,2858.050468592276
2020-12-21,2823.472041456707,2741.7512414680787,3003.3656236710162,2823.472041456707,2823.472041456707,54.193507979496935,54.193507979496935,54.193507979496935,-11.318739975455783,-11.318739975455783,-11.318739975455783,65.51224795495273,65.51224795495273,65.51224795495273,0.0,0.0,0.0,2877.665549436204
2020-12-22,2826.569947049246,2765.292101493462,3017.891912889061,2826.569947049246,2826.569947049246,59.203100599630496,59.203100599630496,59.203100599630496,-9.813608091936008,-9.813608091936008,-9.813608091936008,69.0167086915665,69.0167086915665,69.0167086915665,0.0,0.0,0.0,2885.7730476488764
2020-12-23,2829.6678526417845,2770.4930464265526,3023.4121770841753,2829.6678526417845,2829.6678526417845,64.17192363491885,64.17192363491885,64.17192363491885,-8.435019098239765,-8.435019098239765,-8.435019098239765,72.60694273315862,72.60694273315862,72.60694273315862,0.0,0.0,0.0,2893.8397762767036
2020-12-24,2832.765758234323,2769.8306687533,3028.986862368721,2832.765758234323,2832.765758234323,66.21097444143352,66.21097444143352,66.21097444143352,-10.075088241820435,-10.075088241820435,-10.075088241820435,76.28606268325395,76.28606268325395,76.28606268325395,0.0,0.0,0.0,2898.9767326757565
2020-12-28,2845.157380604478,2780.682071300997,3055.4206255865497,2845.157380604478,2845.157380604478,80.60165605287068,80.60165605287068,80.60165605287068,-11.318739975328953,-11.318739975328953,-11.318739975328953,91.92039602819963,91.92039602819963,91.92039602819963,0.0,0.0,0.0,2925.7590366573486
2020-12-29,2848.255286197017,2799.367115891694,3049.0965409028445,2848.255286197017,2848.255286197017,86.24197375220658,86.24197375220658,86.24197375220658,-9.813608091941356,-9.813608091941356,-9.813608091941356,96.05558184414792,96.05558184414792,96.05558184414792,0.0,0.0,0.0,2934.4972599492235
2020-12-30,2851.3531917895552,2812.5058537377954,3075.7867821651757,2851.3531917895552,2851.3531917895552,91.84057371974302,91.84057371974302,91.84057371974302,-8.43501909821788,-8.43501909821788,-8.43501909821788,100.2755928179609,100.2755928179609,100.2755928179609,0.0,0.0,0.0,2943.1937655092984
2020-12-31,2854.451097382094,2816.945956305641,3083.233937599776,2854.451097382094,2854.451097382094,94.49985339032443,94.49985339032443,94.49985339032443,-10.075088241775758,-10.075088241775758,-10.075088241775758,104.57494163210019,104.57494163210019,104.57494163210019,0.0,0.0,0.0,2948.9509507724183
2021-01-01,2857.549002974633,2822.5572588593855,3084.630755019742,2857.549002974633,2857.549002974633,97.34655921045488,97.34655921045488,97.34655921045488,-11.600021620728949,-11.600021620728949,-11.600021620728949,108.94658083118382,108.94658083118382,108.94658083118382,0.0,0.0,0.0,2954.895562185088
2021-01-04,2866.842719752249,2843.487366338993,3106.63515222907,2866.842719752249,2866.842719752249,111.0825392186507,111.0825392186507,111.0825392186507,-11.318739975352955,-11.318739975352955,-11.318739975352955,122.40127919400365,122.40127919400365,122.40127919400365,0.0,0.0,0.0,2977.9252589709
2021-01-05,2869.940625344788,2856.873275786577,3113.306520859134,2869.940625344788,2869.940625344788,117.14693617527689,117.14693617527689,117.14693617527689,-9.813608091901765,-9.813608091901765,-9.813608091901765,126.96054426717866,126.96054426717866,126.96054426717866,0.0,0.0,0.0,2987.087561520065
2021-01-06,2873.0385309373264,2861.4030504189363,3123.6929172720784,2873.0385309373264,2873.0385309373264,123.09901071036843,123.09901071036843,123.09901071036843,-8.435019098262098,-8.435019098262098,-8.435019098262098,131.53402980863052,131.53402980863052,131.53402980863052,0.0,0.0,0.0,2996.137541647695
2021-01-07,2876.136436529865,2878.259379495671,3130.4716829059666,2876.136436529865,2876.136436529865,126.03100887001787,126.03100887001787,126.03100887001787,-10.075088241805254,-10.075088241805254,-10.075088241805254,136.10609711182312,136.10609711182312,136.10609711182312,0.0,0.0,0.0,3002.167445399883
2021-01-08,2879.234342122404,2879.3474358602302,3144.325404702138,2879.234342122404,2879.234342122404,129.06006218886597,129.06006218886597,129.06006218886597,-11.600021620764538,-11.600021620764538,-11.600021620764538,140.66008380963052,140.66008380963052,140.66008380963052,0.0,0.0,0.0,3008.2944043112702
2021-01-11,2888.52805890002,2905.2916348797617,3152.635912291896,2888.52805890002,2888.52805890002,142.71690698013273,142.71690698013273,142.71690698013273,-11.318739975391829,-11.318739975391829,-11.318739975391829,154.03564695552456,154.03564695552456,154.03564695552456,0.0,0.0,0.0,3031.2449658801524
2021-01-12,2891.6259644925585,2911.231321307537,3170.632875834472,2891.6259644925585,2891.6259644925585,148.5235351874454,148.5235351874454,148.5235351874454,-9.813608091907115,-9.813608091907115,-9.813608091907115,158.3371432793525,158.3371432793525,158.3371432793525,0.0,0.0,0.0,3040.149499680004
2021-01-13,2894.7238700850976,2897.930999453745,3174.924733463459,2894.7238700850976,2894.7238700850976,154.0940016954516,154.0940016954516,154.0940016954516,-8.43501909824021,-8.43501909824021,-8.43501909824021,162.5290207936918,162.5290207936918,162.5290207936918,0.0,0.0,0.0,3048.817871780549
2021-01-14,2897.821775677636,2914.815206210986,3183.5795779287723,2897.821775677636,2897.821775677636,156.51781903666748,156.51781903666748,156.51781903666748,-10.07508824183475,-10.07508824183475,-10.07508824183475,166.59290727850222,166.59290727850222,166.59290727850222,0.0,0.0,0.0,3054.3395947143035
2021-01-15,2900.9196812701753,2940.1146403075372,3184.573879465387,2900.9196812701753,2900.9196812701753,158.91091957933975,158.91091957933975,158.91091957933975,-11.600021620737854,-11.600021620737854,-11.600021620737854,170.51094120007758,170.51094120007758,170.51094120007758,0.0,0.0,0.0,3059.830600849515
2021-01-18,2910.213398047791,2951.1082727469075,3208.1215612714705,2910.213398047791,2910.213398047791,169.90449439828402,169.90449439828402,169.90449439828402,-11.318739975415829,-11.318739975415829,-11.318739975415829,181.22323437369982,181.22323437369982,181.22323437369982,0.0,0.0,0.0,3080.117892446075
2021-01-19,2913.3113036403297,2950.941788316123,3212.302441298887,2913.3113036403297,2913.3113036403297,174.5827463283004,174.5827463283004,174.5827463283004,-9.813608091939345,-9.813608091939345,-9.813608091939345,184.39635442023973,184.39635442023973,184.39635442023973,0.0,0.0,0.0,3087.89404996863
2021-01-20,2916.4092092328688,2975.335086300082,3231.702329293696,2916.4092092328688,2916.4092092328688,178.9135197101414,178.9135197101414,178.9135197101414,-8.435019098189883,-8.435019098189883,-8.435019098189883,187.34853880833128,187.34853880833128,187.34853880833128,0.0,0.0,0.0,3095.32272894301
2021-01-21,2919.5071148254074,2968.0498050417573,3223.23638762792,2919.5071148254074,2919.5071148254074,179.9934737466571,179.9934737466571,179.9934737466571,-10.07508824179007,-10.07508824179007,-10.07508824179007,190.06856198844716,190.06856198844716,190.06856198844716,0.0,0.0,0.0,3099.5005885720643
2021-01-22,2922.6050204179464,2974.844551032935,3232.0169049662886,2922.6050204179464,2922.6050204179464,180.94660584420717,180.94660584420717,180.94660584420717,-11.600021620778724,-11.600021620778724,-11.600021620778724,192.5466274649859,192.5466274649859,192.5466274649859,0.0,0.0,0.0,3103.5516262621536
2021-01-25,2931.8987371955627,2986.2220903987045,3255.922412976956,2931.8987371955627,2931.8987371955627,187.13357170180956,187.13357170180956,187.13357170180956,-11.318739975439833,-11.318739975439833,-11.318739975439833,198.45231167724938,198.45231167724938,198.45231167724938,0.0,0.0,0.0,3119.0323088973723
2021-01-27,2938.09454838064,2995.99833939655,3255.029194703766,2938.09454838064,2938.09454838064,192.62689568242337,192.62689568242337,192.62689568242337,-8.435019098234097,-8.435019098234097,-8.435019098234097,201.06191478065745,201.06191478065745,201.06191478065745,0.0,0.0,0.0,3130.7214440630632
2021-01-28,2941.192453973179,3006.6408369262326,3264.47535707614,2941.192453973179,2941.192453973179,191.88325894934965,191.88325894934965,191.88325894934965,-10.07508824181957,-10.07508824181957,-10.07508824181957,201.95834719116925,201.95834719116925,201.95834719116925,0.0,0.0,0.0,3133.0757129225285
2021-01-29,2944.2883026928826,3001.268851649543,3260.8389167761566,2944.2883026928826,2944.2883026928826,190.9801660478019,190.9801660478019,190.9801660478019,-11.600021620752038,-11.600021620752038,-11.600021620752038,202.58018766855395,202.58018766855395,202.58018766855395,0.0,0.0,0.0,3135.2684687406845
2021-02-01,2953.575848851993,3016.985509208215,3272.0565361515655,2953.575848851993,2953.575848851993,191.47215007300065,191.47215007300065,191.47215007300065,-11.318739975478705,-11.318739975478705,-11.318739975478705,202.79089004847933,202.79089004847933,202.79089004847933,0.0,0.0,0.0,3145.047998924994
2021-02-02,2956.6716975716968,3016.4014794371237,3276.126773946889,2956.6716975716968,2956.6716975716968,192.49507519809822,192.49507519809822,192.49507519809822,-9.813608091905106,-9.813608091905106,-9.813608091905106,202.30868329000336,202.30868329000336,202.30868329000336,0.0,0.0,0.0,3149.166772769795
2021-02-03,2959.7675462914003,3023.0529675521443,3282.8236905996414,2959.7675462914003,2959.7675462914003,193.11506472799073,193.11506472799073,193.11506472799073,-8.435019098212212,-8.435019098212212,-8.435019098212212,201.55008382620295,201.55008382620295,201.55008382620295,0.0,0.0,0.0,3152.882611019391
2021-02-04,2962.863395011104,3030.3888144135094,3283.621329957196,2962.863395011104,2962.863395011104,190.43976921030244,190.43976921030244,190.43976921030244,-10.075088241779607,-10.075088241779607,-10.075088241779607,200.51485745208203,200.51485745208203,200.51485745208203,0.0,0.0,0.0,3153.3031642214064
2021-02-05,2965.9592437308074,3035.865955549039,3281.886628160948,2965.9592437308074,2965.9592437308074,187.60252461999846,187.60252461999846,187.60252461999846,-11.60002162072535,-11.60002162072535,-11.60002162072535,199.20254624072382,199.20254624072382,199.20254624072382,0.0,0.0,0.0,3153.561768350806
2021-02-08,2975.246789889918,3026.607275070621,3282.360653071819,2975.246789889918,2975.246789889918,182.2755623234376,182.2755623234376,182.2755623234376,-11.318739975502705,-11.318739975502705,-11.318739975502705,193.59430229894033,193.59430229894033,193.59430229894033,0.0,0.0,0.0,3157.5223522133556
2021-02-09,2978.3426386096216,3034.013719264939,3299.6753249720596,2978.3426386096216,2978.3426386096216,181.34991032481616,181.34991032481616,181.34991032481616,-9.813608091910453,-9.813608091910453,-9.813608091910453,191.16351841672662,191.16351841672662,191.16351841672662,0.0,0.0,0.0,3159.6925489344376
2021-02-10,2981.438487329325,3026.8945550376907,3290.402943876695,2981.438487329325,2981.438487329325,180.0144607613726,180.0144607613726,180.0144607613726,-8.435019098190327,-8.435019098190327,-8.435019098190327,188.44947985956293,188.44947985956293,188.44947985956293,0.0,0.0,0.0,3161.4529480906976
2021-02-11,2984.5343360490288,3028.1815162305397,3291.035884612384,2984.5343360490288,2984.5343360490288,175.37554559138863,175.37554559138863,175.37554559138863,-10.075088241809107,-10.075088241809107,-10.075088241809107,185.45063383319774,185.45063383319774,185.45063383319774,0.0,0.0,0.0,3159.9098816404176
2021-02-12,2987.6301847687323,3028.1284720287995,3293.064074368289,2987.6301847687323,2987.6301847687323,170.565638092399,170.565638092399,170.565638092399,-11.600021620766219,-11.600021620766219,-11.600021620766219,182.16565971316524,182.16565971316524,182.16565971316524,0.0,0.0,0.0,3158.195822861131
2021-02-15,2996.917730927843,3030.0015300796304,3288.1632532792582,2996.917730927843,2996.917730927843,159.2702239284753,159.2702239284753,159.2702239284753,-11.318739975375873,-11.318739975375873,-11.318739975375873,170.58896390385118,170.58896390385118,170.58896390385118,0.0,0.0,0.0,3156.1879548563184
2021-02-16,3000.0135796475465,3031.964434456308,3290.6469682274105,3000.0135796475465,3000.0135796475465,156.34538748332656,156.34538748332656,156.34538748332656,-9.813608091915803,-9.813608091915803,-9.813608091915803,166.15899557524236,166.15899557524236,166.15899557524236,0.0,0.0,0.0,3156.358967130873
2021-02-17,3003.10942836725,3015.4124133590767,3277.268932324549,3003.10942836725,3003.10942836725,153.01312089362457,153.01312089362457,153.01312089362457,-8.435019098234548,-8.435019098234548,-8.435019098234548,161.44813999185914,161.44813999185914,161.44813999185914,0.0,0.0,0.0,3156.1225492608746
2021-02-18,3006.2052770869536,3019.083799164268,3280.3947531171507,3006.2052770869536,3006.2052770869536,146.38661326777446,146.38661326777446,146.38661326777446,-10.075088241764426,-10.075088241764426,-10.075088241764426,156.4617015095389,156.4617015095389,156.4617015095389,0.0,0.0,0.0,3152.591890354728
2021-02-19,3009.301125806657,3024.639748229959,3277.7172323759237,3009.301125806657,3009.301125806657,139.60701322342035,139.60701322342035,139.60701322342035,-11.600021620739533,-11.600021620739533,-11.600021620739533,151.2070348441599,151.2070348441599,151.2070348441599,0.0,0.0,0.0,3148.9081390300776
2021-02-22,3018.588671965768,3007.8114348052727,3260.0017327640426,3018.588671965768,3018.588671965768,122.62402016921442,122.62402016921442,122.62402016921442,-11.318739975399877,-11.318739975399877,-11.318739975399877,133.94276014461428,133.94276014461428,133.94276014461428,0.0,0.0,0.0,3141.2126921349823
2021-02-23,3021.6845206854714,3005.7719865139165,3260.97265494751,3021.6845206854714,3021.6845206854714,117.92376841822652,117.92376841822652,117.92376841822652,-9.813608091948034,-9.813608091948034,-9.813608091948034,127.73737651017456,127.73737651017456,127.73737651017456,0.0,0.0,0.0,3139.608289103698
2021-02-24,3024.780369405175,3004.9026205362397,3261.728924774695,3024.780369405175,3024.780369405175,112.90335075730341,112.90335075730341,112.90335075730341,-8.43501909821266,-8.43501909821266,-8.43501909821266,121.33836985551608,121.33836985551608,121.33836985551608,0.0,0.0,0.0,3137.6837201624785
2021-02-25,3027.8762181248785,3001.863948527652,3252.9673484920922,3027.8762181248785,3027.8762181248785,104.69392686043115,104.69392686043115,104.69392686043115,-10.075088241793923,-10.075088241793923,-10.075088241793923,114.76901510222507,114.76901510222507,114.76901510222507,0.0,0.0,0.0,3132.5701449853095
2021-02-26,3030.972066844582,2993.307280400484,3256.597567131189,3030.972066844582,3030.972066844582,96.455347710108,96.455347710108,96.455347710108,-11.600021620775127,-11.600021620775127,-11.600021620775127,108.05536933088312,108.05536933088312,108.05536933088312,0.0,0.0,0.0,3127.42741455469
2021-03-01,3040.259613003693,2973.7464475222046,3253.2990835503842,3040.259613003693,3040.259613003693,76.02902226288461,76.02902226288461,76.02902226288461,-11.318739975438751,-11.318739975438751,-11.318739975438751,87.34776223832337,87.34776223832337,87.34776223832337,0.0,0.0,0.0,3116.288635266578
2021-03-02,3043.3554617233967,2985.2710850910285,3244.872052116212,3043.3554617233967,3043.3554617233967,70.55354851671605,70.55354851671605,70.55354851671605,-9.813608091953384,-9.813608091953384,-9.813608091953384,80.36715660866942,80.36715660866942,80.36715660866942,0.0,0.0,0.0,3113.909010240113
2021-03-03,3046.4513104431,2977.3645753053406,3241.107386719064,3046.4513104431,3046.4513104431,64.97231519512005,64.97231519512005,64.97231519512005,-8.435019098228434,-8.435019098228434,-8.435019098228434,73.40733429334847,73.40733429334847,73.40733429334847,0.0,0.0,0.0,3111.42362563822
2021-03-04,3049.5471591628034,2969.861894810409,3239.920143279427,3049.5471591628034,3049.5471591628034,56.43088470271502,56.43088470271502,56.43088470271502,-10.075088241823419,-10.075088241823419,-10.075088241823419,66.50597294453843,66.50597294453843,66.50597294453843,0.0,0.0,0.0,3105.9780438655184
2021-03-05,3052.6430078825074,2975.8477362958547,3232.7667666697994,3052.6430078825074,3052.6430078825074,48.101253566520064,48.101253566520064,48.101253566520064,-11.600021620748441,-11.600021620748441,-11.600021620748441,59.7012751872685,59.7012751872685,59.7012751872685,0.0,0.0,0.0,3100.7442614490274
2021-03-08,3061.9305540416176,2955.904640051594,3217.018594451187,3061.9305540416176,3061.9305540416176,28.927059924411616,28.927059924411616,28.927059924411616,-11.318739975462755,-11.318739975462755,-11.318739975462755,40.24579989987437,40.24579989987437,40.24579989987437,0.0,0.0,0.0,3090.857613966029
2021-03-09,3065.026402761321,2957.620626680464,3215.8093883635456,3065.026402761321,3065.026402761321,24.38771810842536,24.38771810842536,24.38771810842536,-9.813608091958729,-9.813608091958729,-9.813608091958729,34.201326200384095,34.201326200384095,34.201326200384095,0.0,0.0,0.0,3089.4141208697465
2021-03-10,3068.1222514810247,2949.0758061024926,3224.377341933281,3068.1222514810247,3068.1222514810247,19.998227697758328,19.998227697758328,19.998227697758328,-8.43501909820655,-8.43501909820655,-8.43501909820655,28.433246795964877,28.433246795964877,28.433246795964877,0.0,0.0,0.0,3088.120479178783
2021-03-12,3074.3139489204323,2941.3794448991825,3213.348184079587,3074.3139489204323,3074.3139489204323,6.241988941099096,6.241988941099096,6.241988941099096,-11.600021620721753,-11.600021620721753,-11.600021620721753,17.84201056182085,17.84201056182085,17.84201056182085,0.0,0.0,0.0,3080.555937861531
2021-03-15,3083.6014950795425,2949.5845122914816,3206.341829155761,3083.6014950795425,3083.6014950795425,-6.663034982190144,-6.663034982190144,-6.663034982190144,-11.318739975486752,-11.318739975486752,-11.318739975486752,4.655704993296608,4.655704993296608,4.655704993296608,0.0,0.0,0.0,3076.938460097352
2021-03-16,3086.6973437992465,2942.809633290891,3213.8410910049506,3086.6973437992465,3086.6973437992465,-8.772816563109336,-8.772816563109336,-8.772816563109336,-9.813608091919138,-9.813608091919138,-9.813608091919138,1.040791528809802,1.040791528809802,1.040791528809802,0.0,0.0,0.0,3077.9245272361372
2021-03-17,3089.79319251895,2947.0074924757164,3213.082838486891,3089.79319251895,3089.79319251895,-10.607433244938901,-10.607433244938901,-10.607433244938901,-8.435019098250763,-8.435019098250763,-8.435019098250763,-2.172414146688138,-2.172414146688138,-2.172414146688138,0.0,0.0,0.0,3079.185759274011
2021-03-18,3092.8890412386536,2955.183662228113,3216.7591920065543,3092.8890412386536,3092.8890412386536,-15.059547655445805,-15.059547655445805,-15.059547655445805,-10.075088241808238,-10.075088241808238,-10.075088241808238,-4.984459413637566,-4.984459413637566,-4.984459413637566,0.0,0.0,0.0,3077.8294935832077
2021-03-19,3095.9848899583567,2946.711548492925,3211.656249953945,3095.9848899583567,3095.9848899583567,-19.000883106599822,-19.000883106599822,-19.000883106599822,-11.600021620757344,-11.600021620757344,-11.600021620757344,-7.4008614858424755,-7.4008614858424755,-7.4008614858424755,0.0,0.0,0.0,3076.984006851757
2021-03-22,3105.272436117468,2955.0038217748447,3219.8987680361383,3105.272436117468,3105.272436117468,-23.721853369887338,-23.721853369887338,-23.721853369887338,-11.318739975359923,-11.318739975359923,-11.318739975359923,-12.40311339452741,-12.40311339452741,-12.40311339452741,0.0,0.0,0.0,3081.5505827475804
2021-03-23,3108.3682848371714,2959.2381846904204,3210.9317757762014,3108.3682848371714,3108.3682848371714,-23.199600665701613,-23.199600665701613,-23.199600665701613,-9.813608091924491,-9.813608091924491,-9.813608091924491,-13.385992573777123,-13.385992573777123,-13.385992573777123,0.0,0.0,0.0,3085.1686841714695
2021-03-24,3111.464133556875,2961.117913626499,3217.783782698557,3111.464133556875,3111.464133556875,-22.50365103342063,-22.50365103342063,-22.50365103342063,-8.435019098228878,-8.435019098228878,-8.435019098228878,-14.068631935191753,-14.068631935191753,-14.068631935191753,0.0,0.0,0.0,3088.960482523454
2021-03-25,3114.559982276578,2962.826681812517,3221.2774605962927,3114.559982276578,3114.559982276578,-24.556257568030155,-24.556257568030155,-24.556257568030155,-10.07508824176828,-10.07508824176828,-10.07508824176828,-14.481169326261876,-14.481169326261876,-14.481169326261876,0.0,0.0,0.0,3090.003724708548
2021-03-26,3117.6558309962816,2961.336685823127,3223.3565389242435,3117.6558309962816,3117.6558309962816,-26.256289880207117,-26.256289880207117,-26.256289880207117,-11.600021620730658,-11.600021620730658,-11.600021620730658,-14.656268259476459,-14.656268259476459,-14.656268259476459,0.0,0.0,0.0,3091.3995411160745
2021-03-30,3130.039225875096,2979.1587232890834,3230.8262504349523,3130.039225875096,3130.039225875096,-23.503285468110132,-23.503285468110132,-23.503285468110132,-9.813608091956725,-9.813608091956725,-9.813608091956725,-13.689677376153409,-13.689677376153409,-13.689677376153409,0.0,0.0,0.0,3106.5359404069854
2021-03-31,3133.1350745947993,2983.442661477371,3240.3619311041457,3133.1350745947993,3133.1350745947993,-21.64776081621729,-21.64776081621729,-21.64776081621729,-8.435019098206995,-8.435019098206995,-8.435019098206995,-13.212741718010296,-13.212741718010296,-13.212741718010296,0.0,0.0,0.0,3111.487313778582
2021-04-01,3136.230923314503,2979.4506393906763,3247.6116446167225,3136.230923314503,3136.230923314503,-22.78766351773084,-22.78766351773084,-22.78766351773084,-10.075088241797776,-10.075088241797776,-10.075088241797776,-12.712575275933066,-12.712575275933066,-12.712575275933066,0.0,0.0,0.0,3113.443259796772
2021-04-05,3148.614318193317,2989.355915782946,3263.317648797043,3148.614318193317,3148.614318193317,-22.419561623628873,-22.419561623628873,-22.419561623628873,-11.318739975407926,-11.318739975407926,-11.318739975407926,-11.100821648220947,-11.100821648220947,-11.100821648220947,0.0,0.0,0.0,3126.1947565696883
2021-04-06,3151.7101669130207,3001.4052931455626,3262.180397745769,3151.7101669130207,3151.7101669130207,-20.739565380564155,-20.739565380564155,-20.739565380564155,-9.813608091962072,-9.813608091962072,-9.813608091962072,-10.925957288602081,-10.925957288602081,-10.925957288602081,0.0,0.0,0.0,3130.9706015324564
2021-04-07,3154.806015632724,3003.4223533717236,3269.4363395456626,3154.806015632724,3154.806015632724,-19.318017828516993,-19.318017828516993,-19.318017828516993,-8.435019098251212,-8.435019098251212,-8.435019098251212,-10.882998730265781,-10.882998730265781,-10.882998730265781,0.0,0.0,0.0,3135.487997804207
2021-04-08,3157.901864352428,3007.6960282317755,3261.6586374408407,3157.901864352428,3157.901864352428,-21.060946219877913,-21.060946219877913,-21.060946219877913,-10.075088241827272,-10.075088241827272,-10.075088241827272,-10.98585797805064,-10.98585797805064,-10.98585797805064,0.0,0.0,0.0,3136.84091813255
2021-04-09,3160.997713072132,3008.7743078930653,3265.7432319591285,3160.997713072132,3160.997713072132,-22.84466474362625,-22.84466474362625,-22.84466474362625,-11.600021620744842,-11.600021620744842,-11.600021620744842,-11.244643122881412,-11.244643122881412,-11.244643122881412,0.0,0.0,0.0,3138.1530483285055
2021-04-12,3170.285259231242,3021.041716340948,3275.4362756671358,3170.285259231242,3170.285259231242,-24.320909511477435,-24.320909511477435,-24.320909511477435,-11.318739975446803,-11.318739975446803,-11.318739975446803,-13.002169536030635,-13.002169536030635,-13.002169536030635,0.0,0.0,0.0,3145.9643497197644
2021-04-13,3173.3811079509455,3022.5231478832025,3273.569453798674,3173.3811079509455,3173.3811079509455,-23.726671282207704,-23.726671282207704,-23.726671282207704,-9.813608091922482,-9.813608091922482,-9.813608091922482,-13.913063190285223,-13.913063190285223,-13.913063190285223,0.0,0.0,0.0,3149.6544366687376
2021-04-15,3179.572805331656,3018.4756542704376,3288.3214482869002,3179.572805331656,3179.572805331656,-26.262589551804044,-26.262589551804044,-26.262589551804044,-10.075088241787313,-10.075088241787313,-10.075088241787313,-16.18750131001673,-16.18750131001673,-16.18750131001673,0.0,0.0,0.0,3153.310215779852
2021-04-16,3182.6686540220117,3023.8156633055496,3271.0027313426413,3182.6686540220117,3182.6686540220117,-29.131068724773755,-29.131068724773755,-29.131068724773755,-11.600021620718154,-11.600021620718154,-11.600021620718154,-17.5310471040556,-17.5310471040556,-17.5310471040556,0.0,0.0,0.0,3153.537585297238
2021-04-19,3191.956200093078,3024.6348007501538,3280.2133371126274,3191.956200093078,3191.956200093078,-33.55405893068028,-33.55405893068028,-33.55405893068028,-11.318739975470802,-11.318739975470802,-11.318739975470802,-22.235318955209483,-22.235318955209483,-22.235318955209483,0.0,0.0,0.0,3158.402141162398
2021-04-20,3195.0520487834333,3027.994256601105,3285.1216682378245,3195.0520487834333,3195.0520487834333,-33.794995541761125,-33.794995541761125,-33.794995541761125,-9.813608091927826,-9.813608091927826,-9.813608091927826,-23.981387449833296,-23.981387449833296,-23.981387449833296,0.0,0.0,0.0,3161.257053241672
2021-04-22,3201.2437461641453,3032.9263587497726,3295.8808236902773,3201.2437461641453,3201.2437461641453,-37.73234281453356,-37.73234281453356,-37.73234281453356,-10.07508824181681,-10.07508824181681,-10.07508824181681,-27.657254572716756,-27.657254572716756,-27.657254572716756,0.0,0.0,0.0,3163.5114033496116
2021-04-23,3204.339594854501,3043.5077299276422,3296.5022859016512,3204.339594854501,3204.339594854501,-41.161804129319464,-41.161804129319464,-41.161804129319464,-11.600021620759025,-11.600021620759025,-11.600021620759025,-29.561782508560444,-29.561782508560444,-29.561782508560444,0.0,0.0,0.0,3163.1777907251812
2021-04-26,3213.627140925567,3036.5260272445794,3288.1958194115946,3213.627140925567,3213.627140925567,-46.73719076749706,-46.73719076749706,-46.73719076749706,-11.31873997534397,-11.31873997534397,-11.31873997534397,-35.418450792153095,-35.418450792153095,-35.418450792153095,0.0,0.0,0.0,3166.88995015807
2021-04-27,3216.7229896159224,3034.220068044872,3297.732576998652,3216.7229896159224,3216.7229896159224,-47.20755925078365,-47.20755925078365,-47.20755925078365,-9.81360809193318,-9.81360809193318,-9.81360809193318,-37.39395115885047,-37.39395115885047,-37.39395115885047,0.0,0.0,0.0,3169.515430365139
2021-04-28,3219.818838306278,3041.3595607661814,3297.2424158496933,3219.818838306278,3219.818838306278,-47.80854085387398,-47.80854085387398,-47.80854085387398,-8.435019098223213,-8.435019098223213,-8.435019098223213,-39.37352175565076,-39.37352175565076,-39.37352175565076,0.0,0.0,0.0,3172.010297452404
2021-04-29,3222.914686996633,3041.6389857427675,3307.6466890568577,3222.914686996633,3222.914686996633,-51.430492992350814,-51.430492992350814,-51.430492992350814,-10.075088241772129,-10.075088241772129,-10.075088241772129,-41.355404750578685,-41.355404750578685,-41.355404750578685,0.0,0.0,0.0,3171.484194004282
2021-04-30,3226.0105356869885,3036.4013446738663,3297.839797081484,3226.0105356869885,3226.0105356869885,-54.93958883256778,-54.93958883256778,-54.93958883256778,-11.600021620732335,-11.600021620732335,-11.600021620732335,-43.33956721183545,-43.33956721183545,-43.33956721183545,0.0,0.0,0.0,3171.070946854421
2021-05-03,3235.298081758055,3043.3268949085987,3305.3146731468664,3235.298081758055,3235.298081758055,-60.64585527036448,-60.64585527036448,-60.64585527036448,-11.318739975367972,-11.318739975367972,-11.318739975367972,-49.32711529499651,-49.32711529499651,-49.32711529499651,0.0,0.0,0.0,3174.6522264876908
2021-05-04,3238.39393044841,3042.3244471232374,3300.1647182516494,3238.39393044841,3238.39393044841,-61.16075484871692,-61.16075484871692,-61.16075484871692,-9.81360809189359,-9.81360809189359,-9.81360809189359,-51.34714675682333,-51.34714675682333,-51.34714675682333,0.0,0.0,0.0,3177.2331755996934
2021-05-05,3241.4897791387657,3039.926155376151,3310.7295260607702,3241.4897791387657,3241.4897791387657,-61.8220979780956,-61.8220979780956,-61.8220979780956,-8.435019098201328,-8.435019098201328,-8.435019098201328,-53.38707887989427,-53.38707887989427,-53.38707887989427,0.0,0.0,0.0,3179.6676811606703
2021-05-06,3244.5856278291208,3055.4088088677427,3317.5796584689006,3244.5856278291208,3244.5856278291208,-65.52687639066627,-65.52687639066627,-65.52687639066627,-10.075088241801629,-10.075088241801629,-10.075088241801629,-55.45178814886465,-55.45178814886465,-55.45178814886465,0.0,0.0,0.0,3179.0587514384547
2021-05-07,3247.6814765194763,3050.608032099018,3309.83307803654,3247.6814765194763,3247.6814765194763,-69.14578087048747,-69.14578087048747,-69.14578087048747,-11.60002162076793,-11.60002162076793,-11.60002162076793,-57.54575924971956,-57.54575924971956,-57.54575924971956,0.0,0.0,0.0,3178.5356956489886
2021-05-10,3256.9690225905424,3039.1042423435406,3314.450441625787,3256.9690225905424,3256.9690225905424,-75.3534272137209,-75.3534272137209,-75.3534272137209,-11.318739975406848,-11.318739975406848,-11.318739975406848,-64.03468723831406,-64.03468723831406,-64.03468723831406,0.0,0.0,0.0,3181.6155953768216
2021-05-11,3260.064871280898,3051.0319953100757,3318.5006157538864,3260.064871280898,3260.064871280898,-76.0840201187293,-76.0840201187293,-76.0840201187293,-9.813608091898937,-9.813608091898937,-9.813608091898937,-66.27041202683037,-66.27041202683037,-66.27041202683037,0.0,0.0,0.0,3183.9808511621686
2021-05-12,3263.1607199712535,3051.7414042293194,3324.835103452307,3263.1607199712535,3263.1607199712535,-76.97508178983992,-76.97508178983992,-76.97508178983992,-8.435019098217097,-8.435019098217097,-8.435019098217097,-68.54006269162282,-68.54006269162282,-68.54006269162282,0.0,0.0,0.0,3186.1856381814137
2021-05-14,3269.3524173519645,3057.7319929804125,3317.7630363467256,3269.3524173519645,3269.3524173519645,-84.76101837032364,-84.76101837032364,-84.76101837032364,-11.600021620741241,-11.600021620741241,-11.600021620741241,-73.1609967495824,-73.1609967495824,-73.1609967495824,0.0,0.0,0.0,3184.591398981641
2021-05-17,3278.6399634230306,3066.845413810032,3312.832154830639,3278.6399634230306,3278.6399634230306,-91.48207839919075,-91.48207839919075,-91.48207839919075,-11.31873997543085,-11.31873997543085,-11.31873997543085,-80.1633384237599,-80.1633384237599,-80.1633384237599,0.0,0.0,0.0,3187.1578850238398
2021-05-18,3281.735812113386,3064.6496349023546,3328.095154816554,3281.735812113386,3281.735812113386,-92.27966644031422,-92.27966644031422,-92.27966644031422,-9.813608091931167,-9.813608091931167,-9.813608091931167,-82.46605834838306,-82.46605834838306,-82.46605834838306,0.0,0.0,0.0,3189.456145673072
2021-05-19,3284.8316608037417,3058.741002690491,3319.9784514683865,3284.8316608037417,3284.8316608037417,-93.16168876117985,-93.16168876117985,-93.16168876117985,-8.435019098195212,-8.435019098195212,-8.435019098195212,-84.72666966298463,-84.72666966298463,-84.72666966298463,0.0,0.0,0.0,3191.6699720425618
2021-05-20,3287.9275094940967,3059.8854176344007,3316.309649578345,3287.9275094940967,3287.9275094940967,-97.00222056094324,-97.00222056094324,-97.00222056094324,-10.075088241786444,-10.075088241786444,-10.075088241786444,-86.9271323191568,-86.9271323191568,-86.9271323191568,0.0,0.0,0.0,3190.9252889331533
2021-05-21,3291.0233581844523,3054.597433286305,3316.849740651511,3291.0233581844523,3291.0233581844523,-100.6484438784975,-100.6484438784975,-100.6484438784975,-11.600021620782112,-11.600021620782112,-11.600021620782112,-89.0484222577154,-89.0484222577154,-89.0484222577154,0.0,0.0,0.0,3190.374914305955
2021-05-24,3300.310904255519,3068.9398551559825,3324.893255851457,3300.310904255519,3300.310904255519,-106.05972694192609,-106.05972694192609,-106.05972694192609,-11.318739975454852,-11.318739975454852,-11.318739975454852,-94.74098696647123,-94.74098696647123,-94.74098696647123,0.0,0.0,0.0,3194.251177313593
2021-05-25,3303.4067529458744,3061.7448476408626,3324.5341326602424,3303.4067529458744,3303.4067529458744,-106.16409278907065,-106.16409278907065,-106.16409278907065,-9.813608091936512,-9.813608091936512,-9.813608091936512,-96.35048469713414,-96.35048469713414,-96.35048469713414,0.0,0.0,0.0,3197.2426601568036
2021-05-26,3306.5026016362294,3064.3016663987796,3329.4990105090883,3306.5026016362294,3306.5026016362294,-106.22109750096274,-106.22109750096274,-106.22109750096274,-8.435019098239431,-8.435019098239431,-8.435019098239431,-97.78607840272332,-97.78607840272332,-97.78607840272332,0.0,0.0,0.0,3200.281504135267
2021-05-27,3309.598450326585,3074.3854421167857,3334.112849809836,3309.598450326585,3309.598450326585,-109.10724773630855,-109.10724773630855,-109.10724773630855,-10.07508824181594,-10.07508824181594,-10.07508824181594,-99.0321594944926,-99.0321594944926,-99.0321594944926,0.0,0.0,0.0,3200.4912025902763
2021-05-28,3312.6942990169405,3067.6404320820184,3325.113190480834,3312.6942990169405,3312.6942990169405,-111.67531557045939,-111.67531557045939,-111.67531557045939,-11.600021620755426,-11.600021620755426,-11.600021620755426,-100.07529394970395,-100.07529394970395,-100.07529394970395,0.0,0.0,0.0,3201.018983446481
2021-05-31,3321.981845088006,3077.216395968683,3339.6039644505836,3321.981845088006,3321.981845088006,-113.21211616569111,-113.21211616569111,-113.21211616569111,-11.318739975493722,-11.318739975493722,-11.318739975493722,-101.8933761901974,-101.8933761901974,-101.8933761901974,0.0,0.0,0.0,3208.769728922315
2021-06-01,3325.0776937783617,3077.581113980658,3337.101257967904,3325.0776937783617,3325.0776937783617,-111.86045787257166,-111.86045787257166,-111.86045787257166,-9.813608091941866,-9.813608091941866,-9.813608091941866,-102.04684978062978,-102.04684978062978,-102.04684978062978,0.0,0.0,0.0,3213.21723590579
2021-06-02,3328.173542468717,3091.08038395734,3348.045933558423,3328.173542468717,3328.173542468717,-110.41002767357227,-110.41002767357227,-110.41002767357227,-8.435019098217548,-8.435019098217548,-8.435019098217548,-101.97500857535474,-101.97500857535474,-101.97500857535474,0.0,0.0,0.0,3217.763514795145
2021-06-03,3331.2693911590727,3083.5440963651367,3350.305961844844,3331.2693911590727,3331.2693911590727,-111.75900741431724,-111.75900741431724,-111.75900741431724,-10.075088241775982,-10.075088241775982,-10.075088241775982,-101.68391917254127,-101.68391917254127,-101.68391917254127,0.0,0.0,0.0,3219.5103837447555
2021-06-04,3334.3652398494282,3081.5512682543986,3350.253772439764,3334.3652398494282,3334.3652398494282,-112.78336838740088,-112.78336838740088,-112.78336838740088,-11.600021620728738,-11.600021620728738,-11.600021620728738,-101.18334676667214,-101.18334676667214,-101.18334676667214,0.0,0.0,0.0,3221.5818714620273
2021-06-07,3343.6527859204944,3109.896782084111,3366.3665710171645,3343.6527859204944,3343.6527859204944,-109.89435371167987,-109.89435371167987,-109.89435371167987,-11.318739975517728,-11.318739975517728,-11.318739975517728,-98.57561373616214,-98.57561373616214,-98.57561373616214,0.0,0.0,0.0,3233.7584322088146
2021-06-08,3346.74863461085,3110.8130887665498,3365.5551133843724,3346.74863461085,3346.74863461085,-107.21785648984743,-107.21785648984743,-107.21785648984743,-9.813608091974096,-9.813608091974096,-9.813608091974096,-97.40424839787333,-97.40424839787333,-97.40424839787333,0.0,0.0,0.0,3239.5307781210026
2021-06-09,3349.8444833012054,3120.4161762862154,3370.5765779606318,3349.8444833012054,3349.8444833012054,-104.55715869452744,-104.55715869452744,-104.55715869452744,-8.435019098195664,-8.435019098195664,-8.435019098195664,-96.12213959633178,-96.12213959633178,-96.12213959633178,0.0,0.0,0.0,3245.287324606678
2021-06-10,3352.940331991561,3118.0996829255096,3386.138420060572,3352.940331991561,3352.940331991561,-104.83195529877419,-104.83195529877419,-104.83195529877419,-10.075088241805478,-10.075088241805478,-10.075088241805478,-94.75686705696872,-94.75686705696872,-94.75686705696872,0.0,0.0,0.0,3248.108376692787
2021-06-11,3356.036180681916,3126.760122178925,3379.714146655847,3356.036180681916,3356.036180681916,-104.93763254229732,-104.93763254229732,-104.93763254229732,-11.600021620769606,-11.600021620769606,-11.600021620769606,-93.33761092152771,-93.33761092152771,-93.33761092152771,0.0,0.0,0.0,3251.0985481396187
2021-06-14,3365.3237267529826,3140.1367938857243,3394.9258614750656,3365.3237267529826,3365.3237267529826,-100.37924043668856,-100.37924043668856,-100.37924043668856,-11.318739975390894,-11.318739975390894,-11.318739975390894,-89.06050046129766,-89.06050046129766,-89.06050046129766,0.0,0.0,0.0,3264.944486316294
2021-06-15,3368.419575443338,3151.1391781928055,3399.506157723762,3368.419575443338,3368.419575443338,-97.54378657387494,-97.54378657387494,-97.54378657387494,-9.813608091979443,-9.813608091979443,-9.813608091979443,-87.73017848189549,-87.73017848189549,-87.73017848189549,0.0,0.0,0.0,3270.875788869463
2021-06-16,3371.515424133693,3141.249148753095,3400.9343913788516,3371.515424133693,3371.515424133693,-94.93163926411675,-94.93163926411675,-94.93163926411675,-8.43501909823988,-8.43501909823988,-8.43501909823988,-86.49662016587688,-86.49662016587688,-86.49662016587688,0.0,0.0,0.0,3276.5837848695764
2021-06-17,3374.6112728240487,3150.267238349518,3416.742219676913,3374.6112728240487,3374.6112728240487,-95.46208440276308,-95.46208440276308,-95.46208440276308,-10.075088241760799,-10.075088241760799,-10.075088241760799,-85.38699616100229,-85.38699616100229,-85.38699616100229,0.0,0.0,0.0,3279.1491884212855
2021-06-18,3377.707121514404,3156.342423433237,3421.0346911749334,3377.707121514404,3377.707121514404,-96.02625249997942,-96.02625249997942,-96.02625249997942,-11.60002162073764,-11.60002162073764,-11.60002162073764,-84.42623087924177,-84.42623087924177,-84.42623087924177,0.0,0.0,0.0,3281.680869014425
2021-06-21,3386.99466758547,3156.476560483415,3422.7315705875376,3386.99466758547,3386.99466758547,-93.96190486333428,-93.96190486333428,-93.96190486333428,-11.318739975414896,-11.318739975414896,-11.318739975414896,-82.64316488791938,-82.64316488791938,-82.64316488791938,0.0,0.0,0.0,3293.0327627221354
2021-06-22,3390.0905162758254,3172.9609558896086,3425.180390463013,3390.0905162758254,3390.0905162758254,-92.28050480649893,-92.28050480649893,-92.28050480649893,-9.813608091939853,-9.813608091939853,-9.813608091939853,-82.46689671455908,-82.46689671455908,-82.46689671455908,0.0,0.0,0.0,3297.8100114693266
2021-06-23,3393.186364966181,3173.868036926292,3429.4311014775144,3393.186364966181,3393.186364966181,-90.95101730119731,-90.95101730119731,-90.95101730119731,-8.435019098217996,-8.435019098217996,-8.435019098217996,-82.5159982029793,-82.5159982029793,-82.5159982029793,0.0,0.0,0.0,3302.2353476649837
2021-06-24,3396.2822136565364,3171.9108095620127,3430.8945583463883,3396.2822136565364,3396.2822136565364,-92.86924643687591,-92.86924643687591,-92.86924643687591,-10.075088241790297,-10.075088241790297,-10.075088241790297,-82.7941581950856,-82.7941581950856,-82.7941581950856,0.0,0.0,0.0,3303.4129672196605
2021-06-25,3399.378062346892,3166.2335817855287,3434.434982430683,3399.378062346892,3399.378062346892,-94.90089291486592,-94.90089291486592,-94.90089291486592,-11.600021620710955,-11.600021620710955,-11.600021620710955,-83.30087129415497,-83.30087129415497,-83.30087129415497,0.0,0.0,0.0,3304.477169432026
2021-06-28,3408.665608417958,3176.2337239686844,3445.6785874056877,3408.665608417958,3408.665608417958,-97.44396959829317,-97.44396959829317,-97.44396959829317,-11.31873997545377,-11.31873997545377,-11.31873997545377,-86.1252296228394,-86.1252296228394,-86.1252296228394,0.0,0.0,0.0,3311.221638819665
2021-06-29,3411.76146451633,3203.646052529624,3444.498027564748,3411.76146451633,3411.76146451633,-97.2729658581419,-97.2729658581419,-97.2729658581419,-9.8136080919452,-9.8136080919452,-9.8136080919452,-87.4593577661967,-87.4593577661967,-87.4593577661967,0.0,0.0,0.0,3314.488498658188
2021-06-30,3414.8573206147016,3184.1707163039478,3453.21932993705,3414.8573206147016,3414.8573206147016,-97.39477550699218,-97.39477550699218,-97.39477550699218,-8.435019098233766,-8.435019098233766,-8.435019098233766,-88.95975640875841,-88.95975640875841,-88.95975640875841,0.0,0.0,0.0,3317.4625451077095
2021-07-01,3417.9531767130734,3189.8791605028478,3451.407753386191,3417.9531767130734,3417.9531767130734,-100.67871248146983,-100.67871248146983,-100.67871248146983,-10.075088241819794,-10.075088241819794,-10.075088241819794,-90.60362423965005,-90.60362423965005,-90.60362423965005,0.0,0.0,0.0,3317.2744642316034
2021-07-02,3421.0490328114447,3187.9502182538517,3451.399008507459,3421.0490328114447,3421.0490328114447,-103.96554443113662,-103.96554443113662,-103.96554443113662,-11.600021620751825,-11.600021620751825,-11.600021620751825,-92.36552281038479,-92.36552281038479,-92.36552281038479,0.0,0.0,0.0,3317.083488380308
2021-07-05,3430.336601106561,3197.57154224345,3452.5618534034743,3430.336601106561,3430.336601106561,-109.3935985683855,-109.3935985683855,-109.3935985683855,-11.318739975312068,-11.318739975312068,-11.318739975312068,-98.07485859307343,-98.07485859307343,-98.07485859307343,0.0,0.0,0.0,3320.9430025381753
2021-07-06,3433.432457204933,3203.934273374876,3458.1987670587805,3433.432457204933,3433.432457204933,-109.83124458958179,-109.83124458958179,-109.83124458958179,-9.81360809195055,-9.81360809195055,-9.81360809195055,-100.01763649763124,-100.01763649763124,-100.01763649763124,0.0,0.0,0.0,3323.6012126153514
2021-07-07,3436.5283133033045,3192.34995068672,3456.6683444439827,3436.5283133033045,3436.5283133033045,-110.36287349890979,-110.36287349890979,-110.36287349890979,-8.43501909821188,-8.43501909821188,-8.43501909821188,-101.92785440069791,-101.92785440069791,-101.92785440069791,0.0,0.0,0.0,3326.1654398043947
2021-07-08,3439.624169401676,3194.3724403038564,3455.0584519917525,3439.624169401676,3439.624169401676,-113.84922951826374,-113.84922951826374,-113.84922951826374,-10.075088241775115,-10.075088241775115,-10.075088241775115,-103.77414127648862,-103.77414127648862,-103.77414127648862,0.0,0.0,0.0,3325.7749398834126
2021-07-09,3442.7200255000485,3196.430782119236,3468.856283311063,3442.7200255000485,3442.7200255000485,-117.12585920753045,-117.12585920753045,-117.12585920753045,-11.60002162072514,-11.60002162072514,-11.60002162072514,-105.52583758680532,-105.52583758680532,-105.52583758680532,0.0,0.0,0.0,3325.594166292518
2021-07-12,3452.0075937951633,3205.0466736786952,3464.985725074837,3452.0075937951633,3452.0075937951633,-121.24536565570017,-121.24536565570017,-121.24536565570017,-11.31873997533607,-11.31873997533607,-11.31873997533607,-109.92662568036411,-109.92662568036411,-109.92662568036411,0.0,0.0,0.0,3330.7622281394633
2021-07-13,3455.103449893535,3209.589379611527,3463.849675278713,3455.103449893535,3455.103449893535,-120.83615192841746,-120.83615192841746,-120.83615192841746,-9.813608091910961,-9.813608091910961,-9.813608091910961,-111.02254383650651,-111.02254383650651,-111.02254383650651,0.0,0.0,0.0,3334.2672979651175
2021-07-14,3458.1993059919073,3210.689860884353,3462.6258540944846,3458.1993059919073,3458.1993059919073,-120.33069469292613,-120.33069469292613,-120.33069469292613,-8.4350190982561,-8.4350190982561,-8.4350190982561,-111.89567559467002,-111.89567559467002,-111.89567559467002,0.0,0.0,0.0,3337.8686112989813
2021-07-15,3461.2951620902786,3212.4165959370775,3473.014441487654,3461.2951620902786,3461.2951620902786,-122.60281797269097,-122.60281797269097,-122.60281797269097,-10.07508824180933,-10.07508824180933,-10.07508824180933,-112.52772973088165,-112.52772973088165,-112.52772973088165,0.0,0.0,0.0,3338.6923441175877
2021-07-16,3464.391018188651,3211.3813894736363,3470.133008128273,3464.391018188651,3464.391018188651,-124.50344413199532,-124.50344413199532,-124.50344413199532,-11.600021620760732,-11.600021620760732,-11.600021620760732,-112.90342251123458,-112.90342251123458,-112.90342251123458,0.0,0.0,0.0,3339.8875740566555
2021-07-19,3473.6785864837657,3222.5787643353765,3483.166801846224,3473.6785864837657,3473.6785864837657,-123.70591362363979,-123.70591362363979,-123.70591362363979,-11.31873997537494,-11.31873997537494,-11.31873997537494,-112.38717364826485,-112.38717364826485,-112.38717364826485,0.0,0.0,0.0,3349.972672860126
2021-07-20,3476.7744425821375,3225.6158770294924,3490.581118677364,3476.7744425821375,3476.7744425821375,-121.46215505545935,-121.46215505545935,-121.46215505545935,-9.813608091916311,-9.813608091916311,-9.813608091916311,-111.64854696354304,-111.64854696354304,-111.64854696354304,0.0,0.0,0.0,3355.312287526678
2021-07-22,3482.966154778881,3227.1313320246263,3500.7050452471517,3482.966154778881,3482.966154778881,-119.39674686215031,-119.39674686215031,-119.39674686215031,-10.075088241838827,-10.075088241838827,-10.075088241838827,-109.32165862031147,-109.32165862031147,-109.32165862031147,0.0,0.0,0.0,3363.5694079167306
2021-07-23,3486.062010877253,3233.9941903760923,3482.7758995810814,3486.062010877253,3486.062010877253,-119.3443641014508,-119.3443641014508,-119.3443641014508,-11.600021620734044,-11.600021620734044,-11.600021620734044,-107.74434248071674,-107.74434248071674,-107.74434248071674,0.0,0.0,0.0,3366.717646775802
2021-07-26,3495.3495791723685,3255.667684916521,3507.2522683549396,3495.3495791723685,3495.3495791723685,-112.80057285578592,-112.80057285578592,-112.80057285578592,-11.318739975398945,-11.318739975398945,-11.318739975398945,-101.48183288038697,-101.48183288038697,-101.48183288038697,0.0,0.0,0.0,3382.5490063165826
2021-07-27,3498.44543527074,3254.9840690988467,3511.367257021512,3498.44543527074,3498.44543527074,-108.7470649116105,-108.7470649116105,-108.7470649116105,-9.813608091948542,-9.813608091948542,-9.813608091948542,-98.93345681966194,-98.93345681966194,-98.93345681966194,0.0,0.0,0.0,3389.6983703591295
2021-07-28,3501.541291369112,3268.8126399427297,3543.0550646498077,3501.541291369112,3501.541291369112,-104.61965878875576,-104.61965878875576,-104.61965878875576,-8.435019098212331,-8.435019098212331,-8.435019098212331,-96.18463969054342,-96.18463969054342,-96.18463969054342,0.0,0.0,0.0,3396.9216325803563
2021-07-29,3504.6371474674834,3265.7635037185396,3537.0311012972784,3504.6371474674834,3504.6371474674834,-103.33113320183713,-103.33113320183713,-103.33113320183713,-10.075088241794148,-10.075088241794148,-10.075088241794148,-93.25604496004298,-93.25604496004298,-93.25604496004298,0.0,0.0,0.0,3401.3060142656464
2021-07-30,3507.733003565855,3267.6060194990123,3534.33686029539,3507.733003565855,3507.733003565855,-101.76975680080693,-101.76975680080693,-101.76975680080693,-11.600021620774914,-11.600021620774914,-11.600021620774914,-90.16973518003202,-90.16973518003202,-90.16973518003202,0.0,0.0,0.0,3405.963246765048
2021-08-02,3517.020571860971,3290.505935530536,3578.612652289522,3517.020571860971,3517.020571860971,-91.51898272465715,-91.51898272465715,-91.51898272465715,-11.318739975422947,-11.318739975422947,-11.318739975422947,-80.2002427492342,-80.2002427492342,-80.2002427492342,0.0,0.0,0.0,3425.5015891363137
2021-08-03,3520.116427959342,3304.3640506358292,3568.2875453348092,3520.116427959342,3520.116427959342,-86.53546513365535,-86.53546513365535,-86.53546513365535,-9.813608091953888,-9.813608091953888,-9.813608091953888,-76.72185704170147,-76.72185704170147,-76.72185704170147,0.0,0.0,0.0,3433.580962825687
2021-08-04,3523.212284057714,3309.251834496687,3567.577268770582,3523.212284057714,3523.212284057714,-81.64224211647561,-81.64224211647561,-81.64224211647561,-8.435019098256548,-8.435019098256548,-8.435019098256548,-73.20722301821905,-73.20722301821905,-73.20722301821905,0.0,0.0,0.0,3441.5700419412383
2021-08-05,3526.3081401560858,3312.9292694322335,3577.742451395699,3526.3081401560858,3526.3081401560858,-79.75599504543945,-79.75599504543945,-79.75599504543945,-10.075088241823646,-10.075088241823646,-10.075088241823646,-69.6809068036158,-69.6809068036158,-69.6809068036158,0.0,0.0,0.0,3446.5521451106465
2021-08-06,3529.4039962544575,3319.7357255071684,3575.759135920417,3529.4039962544575,3529.4039962544575,-77.7669535181222,-77.7669535181222,-77.7669535181222,-11.600021620748226,-11.600021620748226,-11.600021620748226,-66.16693189737397,-66.16693189737397,-66.16693189737397,0.0,0.0,0.0,3451.6370427363354
2021-08-09,3538.691564549573,3342.482495427008,3600.6796268600115,3538.691564549573,3538.691564549573,-67.24454920625392,-67.24454920625392,-67.24454920625392,-11.31873997546182,-11.31873997546182,-11.31873997546182,-55.925809230792105,-55.925809230792105,-55.925809230792105,0.0,0.0,0.0,3471.447015343319
2021-08-10,3541.7874206479446,3352.8397410351336,3618.686563432552,3541.7874206479446,3541.7874206479446,-62.49538373201718,-62.49538373201718,-62.49538373201718,-9.813608091914299,-9.813608091914299,-9.813608091914299,-52.681775640102884,-52.681775640102884,-52.681775640102884,0.0,0.0,0.0,3479.2920369159274
2021-08-11,3544.8832767463164,3362.4508224388696,3615.5637556508173,3544.8832767463164,3544.8832767463164,-57.98842666214782,-57.98842666214782,-57.98842666214782,-8.435019098234664,-8.435019098234664,-8.435019098234664,-49.55340756391316,-49.55340756391316,-49.55340756391316,0.0,0.0,0.0,3486.8948500841684
2021-08-12,3547.979132844688,3371.029263037755,3624.9579632870086,3547.979132844688,3547.979132844688,-56.63153363971173,-56.63153363971173,-56.63153363971173,-10.075088241783687,-10.075088241783687,-10.075088241783687,-46.556445397928044,-46.556445397928044,-46.556445397928044,0.0,0.0,0.0,3491.347599204976
2021-08-13,3551.07498894306,3368.5390499843365,3621.506866098029,3551.07498894306,3551.07498894306,-55.304556041692,-55.304556041692,-55.304556041692,-11.600021620721538,-11.600021620721538,-11.600021620721538,-43.70453442097047,-43.70453442097047,-43.70453442097047,0.0,0.0,0.0,3495.7704329013677
2021-08-16,3560.362557238175,3383.0292556917066,3642.4103203517843,3560.362557238175,3560.362557238175,-47.43970026742454,-47.43970026742454,-47.43970026742454,-11.318739975485821,-11.318739975485821,-11.318739975485821,-36.120960291938715,-36.120960291938715,-36.120960291938715,0.0,0.0,0.0,3512.9228569707507
2021-08-17,3563.458413336547,3394.0175978260713,3639.4816085423504,3563.458413336547,3563.458413336547,-43.75233800537092,-43.75233800537092,-43.75233800537092,-9.81360809191965,-9.81360809191965,-9.81360809191965,-33.93872991345127,-33.93872991345127,-33.93872991345127,0.0,0.0,0.0,3519.706075331176
2021-08-18,3566.5542694349188,3397.251479034965,3658.893489239735,3566.5542694349188,3566.5542694349188,-40.36863354259765,-40.36863354259765,-40.36863354259765,-8.43501909818433,-8.43501909818433,-8.43501909818433,-31.933614444413326,-31.933614444413326,-31.933614444413326,0.0,0.0,0.0,3526.185635892321
2021-08-20,3572.7459816316623,3403.4438248584092,3664.546612763849,3572.7459816316623,3572.7459816316623,-40.04645736794953,-40.04645736794953,-40.04645736794953,-11.600021620762409,-11.600021620762409,-11.600021620762409,-28.446435747187124,-28.446435747187124,-28.446435747187124,0.0,0.0,0.0,3532.6995242637126
2021-08-23,3582.0335499267776,3415.704223934736,3667.1942285485643,3582.0335499267776,3582.0335499267776,-35.74226559694697,-35.74226559694697,-35.74226559694697,-11.31873997535899,-11.31873997535899,-11.31873997535899,-24.423525621587984,-24.423525621587984,-24.423525621587984,0.0,0.0,0.0,3546.2912843298304
2021-08-24,3585.129406025149,3423.4240121272546,3681.5364856664446,3585.129406025149,3585.129406025149,-33.17434317102006,-33.17434317102006,-33.17434317102006,-9.813608091924996,-9.813608091924996,-9.813608091924996,-23.36073507909507,-23.36073507909507,-23.36073507909507,0.0,0.0,0.0,3551.9550628541288
2021-08-25,3588.225262123521,3434.394700527535,3696.4177948377614,3588.225262123521,3588.225262123521,-30.84723587025756,-30.84723587025756,-30.84723587025756,-8.43501909822855,-8.43501909822855,-8.43501909822855,-22.412216772029012,-22.412216772029012,-22.412216772029012,0.0,0.0,0.0,3557.3780262532637
2021-08-26,3591.321118221893,3414.519185028559,3683.535183682577,3591.321118221893,3591.321118221893,-31.63531542159109,-31.63531542159109,-31.63531542159109,-10.075088241768503,-10.075088241768503,-10.075088241768503,-21.56022717982259,-21.56022717982259,-21.56022717982259,0.0,0.0,0.0,3559.6858028003016
2021-08-27,3594.4169743202647,3427.521987485708,3690.6619567426724,3594.4169743202647,3594.4169743202647,-32.385515492571734,-32.385515492571734,-32.385515492571734,-11.600021620735724,-11.600021620735724,-11.600021620735724,-20.785493871836003,-20.785493871836003,-20.785493871836003,0.0,0.0,0.0,3562.031458827693
2021-08-30,3603.70454261538,3444.391404205071,3703.511487443795,3603.70454261538,3603.70454261538,-30.03475109511781,-30.03475109511781,-30.03475109511781,-11.318739975382991,-11.318739975382991,-11.318739975382991,-18.716011119734816,-18.716011119734816,-18.716011119734816,0.0,0.0,0.0,3573.669791520262
2021-08-31,3606.8003987137517,3442.598234520726,3718.501921172505,3606.8003987137517,3606.8003987137517,-27.852284920225195,-27.852284920225195,-27.852284920225195,-9.81360809188541,-9.81360809188541,-9.81360809188541,-18.03867682833979,-18.03867682833979,-18.03867682833979,0.0,0.0,0.0,3578.9481137935268
2021-09-01,3609.8962548121235,3454.799230014892,3717.4750711290785,3609.8962548121235,3609.8962548121235,-25.766390886811067,-25.766390886811067,-25.766390886811067,-8.435019098206665,-8.435019098206665,-8.435019098206665,-17.331371788604404,-17.331371788604404,-17.331371788604404,0.0,0.0,0.0,3584.1298639253123
2021-09-02,3612.9921109104953,3456.9682540132826,3716.013718597154,3612.9921109104953,3612.9921109104953,-26.648328078057748,-26.648328078057748,-26.648328078057748,-10.075088241798,-10.075088241798,-10.075088241798,-16.57323983625975,-16.57323983625975,-16.57323983625975,0.0,0.0,0.0,3586.3437828324377
2021-09-03,3616.0879670088666,3468.4180895744657,3727.861779903491,3616.0879670088666,3616.0879670088666,-27.344630972949187,-27.344630972949187,-27.344630972949187,-11.600021620771317,-11.600021620771317,-11.600021620771317,-15.744609352177868,-15.744609352177868,-15.744609352177868,0.0,0.0,0.0,3588.7433360359173
2021-09-06,3625.3755353039824,3466.784530713779,3733.8463566130167,3625.3755353039824,3625.3755353039824,-23.984390229602493,-23.984390229602493,-23.984390229602493,-11.318739975421868,-11.318739975421868,-11.318739975421868,-12.665650254180626,-12.665650254180626,-12.665650254180626,0.0,0.0,0.0,3601.39114507438
2021-09-07,3628.471391402354,3479.6269959572437,3741.4421023831046,3628.471391402354,3628.471391402354,-21.21023164245577,-21.21023164245577,-21.21023164245577,-9.813608091890757,-9.813608091890757,-9.813608091890757,-11.396623550565016,-11.396623550565016,-11.396623550565016,0.0,0.0,0.0,3607.2611597598984
2021-09-08,3631.567247500727,3486.2351375618214,3746.4344030955062,3631.567247500727,3631.567247500727,-18.425855448023917,-18.425855448023917,-18.425855448023917,-8.435019098222433,-8.435019098222433,-8.435019098222433,-9.990836349801484,-9.990836349801484,-9.990836349801484,0.0,0.0,0.0,3613.141392052703
2021-09-09,3631.5740033321863,3487.3477032451874,3735.9022609065623,3631.5740033321863,3631.5740033321863,-18.519043057560214,-18.519043057560214,-18.519043057560214,-10.075088241827496,-10.075088241827496,-10.075088241827496,-8.44395481573272,-8.44395481573272,-8.44395481573272,0.0,0.0,0.0,3613.054960274626
2021-09-13,3631.6010266580242,3481.8673746466225,3751.1889077788983,3631.6010266580242,3631.6010266580242,-12.207061011824585,-12.207061011824585,-12.207061011824585,-11.318739975445867,-11.318739975445867,-11.318739975445867,-0.8883210363787171,-0.8883210363787171,-0.8883210363787171,0.0,0.0,0.0,3619.3939656462
2021-09-14,3631.6077824894833,3494.539810631562,3757.172820226488,3631.6077824894833,3631.6077824894833,-8.515446255343713,-8.515446255343713,-8.515446255343713,-9.813608091967927,-9.813608091967927,-9.813608091967927,1.2981618366242138,1.2981618366242138,1.2981618366242138,0.0,0.0,0.0,3623.0923362341396
2021-09-15,3631.6145383209428,3498.536045942792,3749.835684430646,3631.6145383209428,3631.6145383209428,-4.862571000845215,-4.862571000845215,-4.862571000845215,-8.435019098200549,-8.435019098200549,-8.435019098200549,3.572448097355334,3.572448097355334,3.572448097355334,0.0,0.0,0.0,3626.7519673200977
2021-09-16,3631.6212941524022,3501.1545333307836,3769.064821442808,3631.6212941524022,3631.6212941524022,-4.162545905646085,-4.162545905646085,-4.162545905646085,-10.075088241782819,-10.075088241782819,-10.075088241782819,5.912542336136734,5.912542336136734,5.912542336136734,0.0,0.0,0.0,3627.458748246756
2021-09-17,3631.6280499838617,3507.7917554240125,3754.6937055770995,3631.6280499838617,3631.6280499838617,-3.3068434806874603,-3.3068434806874603,-3.3068434806874603,-11.600021620785501,-11.600021620785501,-11.600021620785501,8.29317814009804,8.29317814009804,8.29317814009804,0.0,0.0,0.0,3628.3212065031744
2021-09-20,3631.6483174782397,3501.315980200399,3758.890258251515,3631.6483174782397,3631.6483174782397,4.065572693660286,4.065572693660286,4.065572693660286,-11.318739975469871,-11.318739975469871,-11.318739975469871,15.384312669130157,15.384312669130157,15.384312669130157,0.0,0.0,0.0,3635.7138901719
2021-09-21,3631.6550733096988,3509.1355314176053,3773.0428581389556,3631.6550733096988,3631.6550733096988,7.808863891300775,7.808863891300775,7.808863891300775,-9.813608091928337,-9.813608091928337,-9.813608091928337,17.62247198322911,17.62247198322911,17.62247198322911,0.0,0.0,0.0,3639.4639372009997
2021-09-22,3631.6618291411583,3518.998227519061,3772.153122574269,3631.6618291411583,3631.6618291411583,11.30504971612793,11.30504971612793,11.30504971612793,-8.43501909824477,-8.43501909824477,-8.43501909824477,19.740068814372698,19.740068814372698,19.740068814372698,0.0,0.0,0.0,3642.9668788572862
2021-09-23,3631.6685849726177,3506.4421462173523,3774.270093998311,3631.6685849726177,3631.6685849726177,11.626483188927226,11.626483188927226,11.626483188927226,-10.075088241812315,-10.075088241812315,-10.075088241812315,21.70157143073954,21.70157143073954,21.70157143073954,0.0,0.0,0.0,3643.295068161545
2021-09-24,3631.675340804077,3507.146739360125,3767.108626965913,3631.675340804077,3631.675340804077,11.87172457624162,11.87172457624162,11.87172457624162,-11.600021620758811,-11.600021620758811,-11.600021620758811,23.47174619700043,23.47174619700043,23.47174619700043,0.0,0.0,0.0,3643.547065380319
2021-09-27,3631.695608298455,3505.8154266784495,3777.5661875706255,3631.695608298455,3631.695608298455,15.981169770392418,15.981169770392418,15.981169770392418,-11.318739975508743,-11.318739975508743,-11.318739975508743,27.29990974590116,27.29990974590116,27.29990974590116,0.0,0.0,0.0,3647.676778068848
2021-09-28,3631.7023641299143,3511.5492342545367,3777.797114264976,3631.7023641299143,3631.7023641299143,18.167166889791325,18.167166889791325,18.167166889791325,-9.813608091933684,-9.813608091933684,-9.813608091933684,27.98077498172501,27.98077498172501,27.98077498172501,0.0,0.0,0.0,3649.8695310197054
2021-09-29,3631.7091199613737,3514.699902103753,3786.685300169528,3631.7091199613737,3631.7091199613737,19.885783296899582,19.885783296899582,19.885783296899582,-8.435019098222883,-8.435019098222883,-8.435019098222883,28.320802395122467,28.320802395122467,28.320802395122467,0.0,0.0,0.0,3651.5949032582735
2021-09-30,3631.7158757928332,3509.9681508214967,3768.7283528521775,3631.7158757928332,3631.7158757928332,18.22447632354804,18.22447632354804,18.22447632354804,-10.075088241772356,-10.075088241772356,-10.075088241772356,28.299564565320395,28.299564565320395,28.299564565320395,0.0,0.0,0.0,3649.9403521163813
2021-10-01,3631.722631624293,3520.834123345452,3776.961311419324,3631.722631624293,3631.722631624293,16.300951348101414,16.300951348101414,16.300951348101414,-11.600021620726846,-11.600021620726846,-11.600021620726846,27.90097296882826,27.90097296882826,27.90097296882826,0.0,0.0,0.0,3648.0235829723947
2021-10-04,3631.742899118671,3515.7694688419997,3774.149759677437,3631.742899118671,3631.742899118671,13.033961094540722,13.033961094540722,13.033961094540722,-11.318739975532745,-11.318739975532745,-11.318739975532745,24.35270107007347,24.35270107007347,24.35270107007347,0.0,0.0,0.0,3644.776860213212
2021-10-05,3631.74965495013,3509.3805271371853,3768.3583613523433,3631.74965495013,3631.74965495013,12.568582392547677,12.568582392547677,12.568582392547677,-9.813608091965918,-9.813608091965918,-9.813608091965918,22.382190484513593,22.382190484513593,22.382190484513593,0.0,0.0,0.0,3644.318237342678
2021-10-06,3631.7564107815897,3510.62672759866,3771.4678617491554,3631.7564107815897,3631.7564107815897,11.594355265889721,11.594355265889721,11.594355265889721,-8.435019098200998,-8.435019098200998,-8.435019098200998,20.02937436409072,20.02937436409072,20.02937436409072,0.0,0.0,0.0,3643.3507660474793
2021-10-07,3631.763166613049,3510.4258627899103,3762.644377293578,3631.763166613049,3631.763166613049,7.234120097268942,7.234120097268942,7.234120097268942,-10.075088241801852,-10.075088241801852,-10.075088241801852,17.309208339070793,17.309208339070793,17.309208339070793,0.0,0.0,0.0,3638.997286710318
2021-10-08,3631.7699224445087,3499.686052149328,3768.678025050988,3631.7699224445087,3631.7699224445087,2.6417868488704306,2.6417868488704306,2.6417868488704306,-11.600021620767718,-11.600021620767718,-11.600021620767718,14.241808469638148,14.241808469638148,14.241808469638148,0.0,0.0,0.0,3634.4117092933793
2021-10-11,3631.7901899388867,3495.4950796065177,3751.524854356249,3631.7901899388867,3631.7901899388867,-8.089895788062933,-8.089895788062933,-8.089895788062933,-11.318739975391042,-11.318739975391042,-11.318739975391042,3.2288441873281086,3.2288441873281086,3.2288441873281086,0.0,0.0,0.0,3623.7002941508235
2021-10-12,3631.7969457703457,3488.0911628117856,3748.587555092993,3631.7969457703457,3631.7969457703457,-10.747390546680284,-10.747390546680284,-10.747390546680284,-9.813608091971265,-9.813608091971265,-9.813608091971265,-0.9337824547090186,-0.9337824547090186,-0.9337824547090186,0.0,0.0,0.0,3621.0495552236653
2021-10-13,3631.803701601805,3493.109256425002,3753.726196207565,3631.803701601805,3631.803701601805,-13.712458451690221,-13.712458451690221,-13.712458451690221,-8.435019098245219,-8.435019098245219,-8.435019098245219,-5.277439353445004,-5.277439353445004,-5.277439353445004,0.0,0.0,0.0,3618.091243150115
2021-10-14,3631.8104574332647,3477.103707742169,3733.1903319229873,3631.8104574332647,3631.8104574332647,-19.834256370117643,-19.834256370117643,-19.834256370117643,-10.075088241757173,-10.075088241757173,-10.075088241757173,-9.759168128360471,-9.759168128360471,-9.759168128360471,0.0,0.0,0.0,3611.976201063147
2021-10-18,3631.837480759102,3458.2272784579623,3724.856296808797,3631.837480759102,3631.837480759102,-39.47646484979054,-39.47646484979054,-39.47646484979054,-11.318739975429917,-11.318739975429917,-11.318739975429917,-28.15772487436062,-28.15772487436062,-28.15772487436062,0.0,0.0,0.0,3592.361015909312
2021-10-19,3631.844236590561,3467.48249031044,3725.629717565075,3631.844236590561,3631.844236590561,-42.45871146765497,-42.45871146765497,-42.45871146765497,-9.813608091931675,-9.813608091931675,-9.813608091931675,-32.6451033757233,-32.6451033757233,-32.6451033757233,0.0,0.0,0.0,3589.385525122906
2021-10-20,3631.850992422021,3454.283643735822,3721.4505924694113,3631.850992422021,3631.850992422021,-45.4331681179848,-45.4331681179848,-45.4331681179848,-8.435019098223334,-8.435019098223334,-8.435019098223334,-36.99814901976147,-36.99814901976147,-36.99814901976147,0.0,0.0,0.0,3586.4178243040365
2021-10-21,3631.8577482534806,3454.5130744850244,3710.4029633446853,3631.8577482534806,3631.8577482534806,-51.25036304427258,-51.25036304427258,-51.25036304427258,-10.07508824178667,-10.07508824178667,-10.07508824178667,-41.175274802485916,-41.175274802485916,-41.175274802485916,0.0,0.0,0.0,3580.607385209208
2021-10-22,3631.86450408494,3448.063268048651,3705.15590943295,3631.86450408494,3631.86450408494,-56.73764033919326,-56.73764033919326,-56.73764033919326,-11.60002162071434,-11.60002162071434,-11.60002162071434,-45.13761871847892,-45.13761871847892,-45.13761871847892,0.0,0.0,0.0,3575.126863745747
2021-10-25,3631.884771579318,3435.809550448775,3690.9817367062074,3631.884771579318,3631.884771579318,-66.71705253878004,-66.71705253878004,-66.71705253878004,-11.31873997545392,-11.31873997545392,-11.31873997545392,-55.39831256332612,-55.39831256332612,-55.39831256332612,0.0,0.0,0.0,3565.167719040538
2021-10-26,3631.891527410777,3438.1559084349874,3683.4491460981817,3631.891527410777,3631.891527410777,-67.99717939396156,-67.99717939396156,-67.99717939396156,-9.813608091937025,-9.813608091937025,-9.813608091937025,-58.18357130202454,-58.18357130202454,-58.18357130202454,0.0,0.0,0.0,3563.8943480168155
2021-10-27,3631.8982832422366,3437.431591819885,3689.376752339049,3631.8982832422366,3631.8982832422366,-69.0507587756445,-69.0507587756445,-69.0507587756445,-8.435019098239103,-8.435019098239103,-8.435019098239103,-60.6157396774054,-60.6157396774054,-60.6157396774054,0.0,0.0,0.0,3562.847524466592
2021-10-28,3631.905039073696,3428.394769322375,3692.303447152886,3631.905039073696,3631.905039073696,-72.75539533608347,-72.75539533608347,-72.75539533608347,-10.075088241820886,-10.075088241820886,-10.075088241820886,-62.68030709426258,-62.68030709426258,-62.68030709426258,0.0,0.0,0.0,3559.1496437376127
2021-10-29,3631.9117949051556,3423.2642339872664,3688.7969858017627,3631.9117949051556,3631.9117949051556,-75.96743267288132,-75.96743267288132,-75.96743267288132,-11.600021620755214,-11.600021620755214,-11.600021620755214,-64.3674110521261,-64.3674110521261,-64.3674110521261,0.0,0.0,0.0,3555.944362232274
2021-11-01,3631.9320623995336,3421.5809450188312,3688.545111120528,3631.9320623995336,3631.9320623995336,-78.45212607844145,-78.45212607844145,-78.45212607844145,-11.318739975327086,-11.318739975327086,-11.318739975327086,-67.13338610311438,-67.13338610311438,-67.13338610311438,0.0,0.0,0.0,3553.4799363210923
2021-11-02,3631.9388182309926,3419.238789317813,3688.2074496041455,3631.9388182309926,3631.9388182309926,-77.11512842528144,-77.11512842528144,-77.11512842528144,-9.813608091942372,-9.813608091942372,-9.813608091942372,-67.30152033333907,-67.30152033333907,-67.30152033333907,0.0,0.0,0.0,3554.823689805711
2021-11-03,3631.945574062452,3430.196069736777,3695.229391688321,3631.945574062452,3631.945574062452,-75.54315748523983,-75.54315748523983,-75.54315748523983,-8.435019098217214,-8.435019098217214,-8.435019098217214,-67.10813838702262,-67.10813838702262,-67.10813838702262,0.0,0.0,0.0,3556.402416577212
2021-11-04,3631.9523298939116,3423.796611155492,3688.602588745283,3631.9523298939116,3631.9523298939116,-76.64272896646742,-76.64272896646742,-76.64272896646742,-10.075088241776207,-10.075088241776207,-10.075088241776207,-66.56764072469122,-66.56764072469122,-66.56764072469122,0.0,0.0,0.0,3555.309600927444
2021-11-08,3631.9793532197496,3425.7437328685974,3688.8079891946504,3631.9793532197496,3631.9793532197496,-72.63240971920953,-72.63240971920953,-72.63240971920953,-11.318739975351086,-11.318739975351086,-11.318739975351086,-61.313669743858455,-61.313669743858455,-61.313669743858455,0.0,0.0,0.0,3559.34694350054
2021-11-09,3631.9861090512086,3432.081781812674,3691.0390640816895,3631.9861090512086,3631.9861090512086,-69.15198501094046,-69.15198501094046,-69.15198501094046,-9.813608091902783,-9.813608091902783,-9.813608091902783,-59.33837691903768,-59.33837691903768,-59.33837691903768,0.0,0.0,0.0,3562.8341240402683
2021-11-10,3631.992864882668,3433.543308040437,3695.5048083155925,3631.992864882668,3631.992864882668,-65.58182405342568,-65.58182405342568,-65.58182405342568,-8.435019098261431,-8.435019098261431,-8.435019098261431,-57.14680495516425,-57.14680495516425,-57.14680495516425,0.0,0.0,0.0,3566.411040829242
2021-11-11,3631.9996207141276,3430.4344960280205,3694.721972828469,3631.9996207141276,3631.9996207141276,-64.83898324226324,-64.83898324226324,-64.83898324226324,-10.075088241805705,-10.075088241805705,-10.075088241805705,-54.76389500045753,-54.76389500045753,-54.76389500045753,0.0,0.0,0.0,3567.1606374718644
2021-11-12,3632.006376545587,3439.769554996739,3702.9939513307672,3632.006376545587,3632.006376545587,-63.814353100350345,-63.814353100350345,-63.814353100350345,-11.600021620764121,-11.600021620764121,-11.600021620764121,-52.21433147958623,-52.21433147958623,-52.21433147958623,0.0,0.0,0.0,3568.192023445237
2021-11-15,3632.026644039965,3448.0396298924165,3693.8068435033497,3632.026644039965,3632.026644039965,-55.119986619795704,-55.119986619795704,-55.119986619795704,-11.318739975389962,-11.318739975389962,-11.318739975389962,-43.80124664440574,-43.80124664440574,-43.80124664440574,0.0,0.0,0.0,3576.9066574201693
2021-11-16,3632.033399871424,3454.593078753823,3707.913282298475,3632.033399871424,3632.033399871424,-50.62834474307957,-50.62834474307957,-50.62834474307957,-9.81360809190813,-9.81360809190813,-9.81360809190813,-40.81473665117144,-40.81473665117144,-40.81473665117144,0.0,0.0,0.0,3581.4050551283444
2021-11-17,3632.0401557028836,3458.953579803672,3720.344801151209,3632.0401557028836,3632.0401557028836,-46.20474304670178,-46.20474304670178,-46.20474304670178,-8.435019098239545,-8.435019098239545,-8.435019098239545,-37.769723948462236,-37.769723948462236,-37.769723948462236,0.0,0.0,0.0,3585.8354126561817
2021-11-18,3632.046911534343,3452.9490235127064,3716.3052966676255,3632.046911534343,3632.046911534343,-44.75823049561529,-44.75823049561529,-44.75823049561529,-10.075088241835202,-10.075088241835202,-10.075088241835202,-34.68314225378009,-34.68314225378009,-34.68314225378009,0.0,0.0,0.0,3587.2886810387276
2021-11-22,3632.0739348601805,3466.4151135796465,3725.618442923166,3632.0739348601805,3632.0739348601805,-33.511893690846854,-33.511893690846854,-33.511893690846854,-11.318739975413965,-11.318739975413965,-11.318739975413965,-22.19315371543289,-22.19315371543289,-22.19315371543289,0.0,0.0,0.0,3598.5620411693335
2021-11-23,3632.0806906916396,3469.3724469232507,3729.0374912999855,3632.0806906916396,3632.0806906916396,-28.89965875913324,-28.89965875913324,-28.89965875913324,-9.813608091940363,-9.813608091940363,-9.813608091940363,-19.086050667192875,-19.086050667192875,-19.086050667192875,0.0,0.0,0.0,3603.1810319325064
2021-11-24,3632.087446523098,3477.9444727935634,3737.713122458318,3632.087446523098,3632.087446523098,-24.434262205690192,-24.434262205690192,-24.434262205690192,-8.435019098217667,-8.435019098217667,-8.435019098217667,-15.999243107472527,-15.999243107472527,-15.999243107472527,0.0,0.0,0.0,3607.653184317408
2021-11-25,3632.09420245975,3480.899877693569,3739.901500574159,3632.09420245975,3632.09420245975,-23.01196463185753,-23.01196463185753,-23.01196463185753,-10.075088241790521,-10.075088241790521,-10.075088241790521,-12.936876390067011,-12.936876390067011,-12.936876390067011,0.0,0.0,0.0,3609.082237827892
2021-11-26,3632.1009583964014,3474.8070207168034,3751.828960480615,3632.1009583964014,3632.1009583964014,-21.501651603272382,-21.501651603272382,-21.501651603272382,-11.600021620778303,-11.600021620778303,-11.600021620778303,-9.901629982494082,-9.901629982494082,-9.901629982494082,0.0,0.0,0.0,3610.599306793129
2021-11-29,3632.121226206356,3488.934482186904,3758.29024123469,3632.121226206356,3632.121226206356,-12.285277514616665,-12.285277514616665,-12.285277514616665,-11.318739975437964,-11.318739975437964,-11.318739975437964,-0.9665375391786999,-0.9665375391786999,-0.9665375391786999,0.0,0.0,0.0,3619.8359486917393
2021-11-30,3632.1279821430076,3492.2046117533077,3754.006529717754,3632.1279821430076,3632.1279821430076,-7.856071998076712,-7.856071998076712,-7.856071998076712,-9.813608091945714,-9.813608091945714,-9.813608091945714,1.957536093869,1.957536093869,1.957536093869,0.0,0.0,0.0,3624.2719101449306
2021-12-01,3632.134738079659,3497.8958989783428,3766.789678517707,3632.134738079659,3632.134738079659,-3.5771504613404845,-3.5771504613404845,-3.5771504613404845,-8.435019098233438,-8.435019098233438,-8.435019098233438,4.8578686368929525,4.8578686368929525,4.8578686368929525,0.0,0.0,0.0,3628.557587618319
2021-12-02,3632.1414940163104,3498.2804572477103,3769.4036622537956,3632.1414940163104,3632.1414940163104,-2.337599751649568,-2.337599751649568,-2.337599751649568,-10.075088241820017,-10.075088241820017,-10.075088241820017,7.73748849017045,7.73748849017045,7.73748849017045,0.0,0.0,0.0,3629.803894264661
2021-12-03,3632.148249952962,3498.495766786412,3764.3231957322014,3632.148249952962,3632.148249952962,-1.0001020155758722,-1.0001020155758722,-1.0001020155758722,-11.600021620751615,-11.600021620751615,-11.600021620751615,10.599919605175742,10.599919605175742,10.599919605175742,0.0,0.0,0.0,3631.148147937386
2021-12-06,3632.168517762917,3514.1290774516942,3769.6504684745864,3632.168517762917,3632.168517762917,7.806134759690968,7.806134759690968,7.806134759690968,-11.318739975476841,-11.318739975476841,-11.318739975476841,19.12487473516781,19.12487473516781,19.12487473516781,0.0,0.0,0.0,3639.974652522608
2021-12-07,3632.175273699568,3514.651773706432,3776.334158390891,3632.175273699568,3632.175273699568,12.147113577014743,12.147113577014743,12.147113577014743,-9.813608091906122,-9.813608091906122,-9.813608091906122,21.960721668920865,21.960721668920865,21.960721668920865,0.0,0.0,0.0,3644.322387276583
2021-12-08,3632.18202963622,3519.936510820094,3783.30871261037,3632.18202963622,3632.18202963622,16.36665564656594,16.36665564656594,16.36665564656594,-8.435019098211553,-8.435019098211553,-8.435019098211553,24.801674744777493,24.801674744777493,24.801674744777493,0.0,0.0,0.0,3648.5486852827858
2021-12-09,3632.1887855728714,3524.7062869805404,3775.9477578279552,3632.1887855728714,3632.1887855728714,17.577699333406375,17.577699333406375,17.577699333406375,-10.075088241780058,-10.075088241780058,-10.075088241780058,27.652787575186434,27.652787575186434,27.652787575186434,0.0,0.0,0.0,3649.766484906278
2021-12-10,3632.195541509523,3514.6197599937886,3768.3180123609272,3632.195541509523,3632.195541509523,18.919233092946687,18.919233092946687,18.919233092946687,-11.600021620724931,-11.600021620724931,-11.600021620724931,30.519254713671618,30.519254713671618,30.519254713671618,0.0,0.0,0.0,3651.11477460247
2021-12-13,3632.215809319478,3529.2299784442885,3789.06711217071,3632.215809319478,3632.215809319478,27.94590319171832,27.94590319171832,27.94590319171832,-11.318739975500842,-11.318739975500842,-11.318739975500842,39.26464316721916,39.26464316721916,39.26464316721916,0.0,0.0,0.0,3660.161712511196
2021-12-14,3632.222565256129,3535.333933024496,3789.7344795655413,3632.222565256129,3632.222565256129,32.43335060322757,32.43335060322757,32.43335060322757,-9.81360809191147,-9.81360809191147,-9.81360809191147,42.246958695139035,42.246958695139035,42.246958695139035,0.0,0.0,0.0,3664.655915859357
2021-12-15,3632.229321192781,3539.1521572210922,3801.13817938017,3632.229321192781,3632.229321192781,36.837340063401044,36.837340063401044,36.837340063401044,-8.435019098189667,-8.435019098189667,-8.435019098189667,45.272359161590714,45.272359161590714,45.272359161590714,0.0,0.0,0.0,3669.0666612561818
2021-12-16,3632.236077129432,3543.7551530920723,3801.059078873417,3632.236077129432,3632.236077129432,38.27153369120129,38.27153369120129,38.27153369120129,-10.075088241809555,-10.075088241809555,-10.075088241809555,48.346621933010844,48.346621933010844,48.346621933010844,0.0,0.0,0.0,3670.5076108206335
2021-12-17,3632.2428330660837,3548.7185419678553,3797.635604467614,3632.2428330660837,3632.2428330660837,39.87549934345898,39.87549934345898,39.87549934345898,-11.600021620765798,-11.600021620765798,-11.600021620765798,51.47552096422478,51.47552096422478,51.47552096422478,0.0,0.0,0.0,3672.1183324095427
2021-12-20,3632.263100876038,3551.026642944975,3821.410537098436,3632.263100876038,3632.263100876038,49.92763187903403,49.92763187903403,49.92763187903403,-11.318739975374008,-11.318739975374008,-11.318739975374008,61.24637185440803,61.24637185440803,61.24637185440803,0.0,0.0,0.0,3682.190732755072
2021-12-21,3632.26985681269,3550.0008081783726,3825.8557389359557,3632.26985681269,3632.26985681269,54.835490196753234,54.835490196753234,54.835490196753234,-9.813608091916818,-9.813608091916818,-9.813608091916818,64.64909828867006,64.64909828867006,64.64909828867006,0.0,0.0,0.0,3687.105347009443
2021-12-22,3632.276612749342,3566.312324041652,3826.166844674611,3632.276612749342,3632.276612749342,59.697671915548746,59.697671915548746,59.697671915548746,-8.435019098233882,-8.435019098233882,-8.435019098233882,68.13269101378262,68.13269101378262,68.13269101378262,0.0,0.0,0.0,3691.9742846648905
2021-12-23,3632.283368685993,3564.629699428462,3821.9323289168733,3632.283368685993,3632.283368685993,61.62607069300971,61.62607069300971,61.62607069300971,-10.075088241764877,-10.075088241764877,-10.075088241764877,71.70115893477458,71.70115893477458,71.70115893477458,0.0,0.0,0.0,3693.909439379003
2021-12-24,3632.2901246226447,3562.770345016285,3834.239569253988,3632.2901246226447,3632.2901246226447,63.75778923502808,63.75778923502808,63.75778923502808,-11.600021620739113,-11.600021620739113,-11.600021620739113,75.3578108557672,75.3578108557672,75.3578108557672,0.0,0.0,0.0,3696.047913857673
2021-12-27,3632.310392432599,3581.00069837988,3825.648037409833,3632.310392432599,3632.310392432599,75.55786628647753,75.55786628647753,75.55786628647753,-11.318739975398012,-11.318739975398012,-11.318739975398012,86.87660626187555,86.87660626187555,86.87660626187555,0.0,0.0,0.0,3707.868258719077
2021-12-28,3632.317148369251,3590.3059105077814,3839.1761359506822,3632.317148369251,3632.317148369251,81.08674303204333,81.08674303204333,81.08674303204333,-9.813608091949048,-9.813608091949048,-9.813608091949048,90.90035112399238,90.90035112399238,90.90035112399238,0.0,0.0,0.0,3713.403891401294
2021-12-29,3632.323904305902,3580.604702315538,3848.1173732349653,3632.323904305902,3632.323904305902,86.5786333777843,86.5786333777843,86.5786333777843,-8.435019098211995,-8.435019098211995,-8.435019098211995,95.0136524759963,95.0136524759963,95.0136524759963,0.0,0.0,0.0,3718.902537683686
2021-12-30,3632.3306602425537,3589.643305199002,3848.3930656513385,3632.3306602425537,3632.3306602425537,89.13782312682488,89.13782312682488,89.13782312682488,-10.075088241794374,-10.075088241794374,-10.075088241794374,99.21291136861926,99.21291136861926,99.21291136861926,0.0,0.0,0.0,3721.4684833693786
2021-12-31,3632.337416179206,3585.931685815756,3851.138020780626,3632.337416179206,3632.337416179206,91.89300339639409,91.89300339639409,91.89300339639409,-11.600021620774706,-11.600021620774706,-11.600021620774706,103.49302501716879,103.49302501716879,103.49302501716879,0.0,0.0,0.0,3724.2304195756
2022-01-03,3632.35768398916,3605.6314424525867,3868.0215388120446,3632.35768398916,3632.35768398916,105.42534596681449,105.42534596681449,105.42534596681449,-11.318739975436884,-11.318739975436884,-11.318739975436884,116.74408594225137,116.74408594225137,116.74408594225137,0.0,0.0,0.0,3737.783029955974
2022-01-04,3632.364439925812,3625.7281603943056,3874.7744112154014,3632.364439925812,3632.364439925812,111.4517984299597,111.4517984299597,111.4517984299597,-9.813608091954398,-9.813608091954398,-9.813608091954398,121.26540652191409,121.26540652191409,121.26540652191409,0.0,0.0,0.0,3743.8162383557715
2022-01-05,3632.371195862463,3621.2804718451725,3885.136771638356,3632.371195862463,3632.371195862463,117.38378978747974,117.38378978747974,117.38378978747974,-8.435019098227768,-8.435019098227768,-8.435019098227768,125.81880888570753,125.81880888570753,125.81880888570753,0.0,0.0,0.0,3749.7549856499427
2022-01-06,3632.3779517991147,3618.2801726141015,3886.3621397160487,3632.3779517991147,3632.3779517991147,120.31507340980608,120.31507340980608,120.31507340980608,-10.07508824182387,-10.07508824182387,-10.07508824182387,130.39016165162994,130.39016165162994,130.39016165162994,0.0,0.0,0.0,3752.693025208921
2022-01-07,3632.3847077357664,3626.3302626665313,3877.620931530333,3632.3847077357664,3632.3847077357664,123.36408704072787,123.36408704072787,123.36408704072787,-11.600021620748016,-11.600021620748016,-11.600021620748016,134.96410866147588,134.96410866147588,134.96410866147588,0.0,0.0,0.0,3755.7487947764944
2022-01-10,3632.404975545721,3634.572683010513,3891.4920021558423,3632.404975545721,3632.404975545721,137.21432026488148,137.21432026488148,137.21432026488148,-11.318739975460886,-11.318739975460886,-11.318739975460886,148.53306024034237,148.53306024034237,148.53306024034237,0.0,0.0,0.0,3769.619295810602
2022-01-11,3632.4117314823725,3647.5537414669275,3907.7497610407922,3632.4117314823725,3632.4117314823725,143.1317204750055,143.1317204750055,143.1317204750055,-9.813608091959749,-9.813608091959749,-9.813608091959749,152.94532856696523,152.94532856696523,152.94532856696523,0.0,0.0,0.0,3775.543451957378
2022-01-12,3632.4184874190237,3649.3326115804866,3904.6999307911387,3632.4184874190237,3632.4184874190237,148.83630112563117,148.83630112563117,148.83630112563117,-8.435019098205881,-8.435019098205881,-8.435019098205881,157.27132022383705,157.27132022383705,157.27132022383705,0.0,0.0,0.0,3781.2547885446547
2022-01-13,3632.425243355676,3650.383482696021,3916.608217810685,3632.425243355676,3632.425243355676,151.41725171623833,151.41725171623833,151.41725171623833,-10.075088241779191,-10.075088241779191,-10.075088241779191,161.49233995801754,161.49233995801754,161.49233995801754,0.0,0.0,0.0,3783.842495071914
2022-01-14,3632.431999292327,3657.188443846852,3911.5219984739388,3632.431999292327,3632.431999292327,153.98990075521405,153.98990075521405,153.98990075521405,-11.600021620721332,-11.600021620721332,-11.600021620721332,165.58992237593537,165.58992237593537,165.58992237593537,0.0,0.0,0.0,3786.421900047541
2022-01-17,3632.4522671022814,3669.701134338788,3927.9225151126334,3632.4522671022814,3632.4522671022814,165.64675389570507,165.64675389570507,165.64675389570507,-11.318739975484887,-11.318739975484887,-11.318739975484887,176.96549387118998,176.96549387118998,176.96549387118998,0.0,0.0,0.0,3798.0990209979864
2022-01-18,3632.4590230389335,3683.157323007771,3925.7472810433196,3632.4590230389335,3632.4590230389335,170.5832740593601,170.5832740593601,170.5832740593601,-9.813608091920157,-9.813608091920157,-9.813608091920157,180.39688215128027,180.39688215128027,180.39688215128027,0.0,0.0,0.0,3803.0422970982936
2022-01-19,3632.4657789755847,3683.350188246277,3928.2928487549166,3632.4657789755847,3632.4657789755847,175.18829849883855,175.18829849883855,175.18829849883855,-8.435019098250102,-8.435019098250102,-8.435019098250102,183.62331759708866,183.62331759708866,183.62331759708866,0.0,0.0,0.0,3807.6540774744235
2022-01-20,3632.4725349122364,3685.397306176436,3935.892074436157,3632.4725349122364,3632.4725349122364,176.5567553548583,176.5567553548583,176.5567553548583,-10.075088241808688,-10.075088241808688,-10.075088241808688,186.631843596667,186.631843596667,186.631843596667,0.0,0.0,0.0,3809.0292902670944
2022-01-21,3632.4792908488876,3672.6855184298106,3945.6113588723233,3632.4792908488876,3632.4792908488876,177.81085998348354,177.81085998348354,177.81085998348354,-11.600021620756923,-11.600021620756923,-11.600021620756923,189.41088160424044,189.41088160424044,189.41088160424044,0.0,0.0,0.0,3810.290150832371
2022-01-24,3632.4995586588425,3680.158305752008,3938.0510149726083,3632.4995586588425,3632.4995586588425,184.95791294791195,184.95791294791195,184.95791294791195,-11.318739975358056,-11.318739975358056,-11.318739975358056,196.27665292326998,196.27665292326998,196.27665292326998,0.0,0.0,0.0,3817.4574716067546
2022-01-25,3632.506314595494,3689.73415842127,3957.6666470092823,3632.506314595494,3632.506314595494,188.23674098054124,188.23674098054124,188.23674098054124,-9.813608091925504,-9.813608091925504,-9.813608091925504,198.05034907246676,198.05034907246676,198.05034907246676,0.0,0.0,0.0,3820.743055576035
2022-01-27,3632.5198264687974,3702.0274544433923,3954.3689202603136,3632.5198264687974,3632.5198264687974,190.71998009683847,190.71998009683847,190.71998009683847,-10.075088241768729,-10.075088241768729,-10.075088241768729,200.7950683386072,200.7950683386072,200.7950683386072,0.0,0.0,0.0,3823.2398065656357
2022-01-28,3632.5265824054486,3693.486257367826,3953.185948252982,3632.5265824054486,3632.5265824054486,190.15991152755126,190.15991152755126,190.15991152755126,-11.600021620730237,-11.600021620730237,-11.600021620730237,201.7599331482815,201.7599331482815,201.7599331482815,0.0,0.0,0.0,3822.686493933
2022-01-31,3632.5468502154035,3697.240500790948,3952.536541452712,3632.5468502154035,3632.5468502154035,191.68637758699865,191.68637758699865,191.68637758699865,-11.31873997538206,-11.31873997538206,-11.31873997538206,203.00511756238072,203.00511756238072,203.00511756238072,0.0,0.0,0.0,3824.2332278024023
2022-02-01,3632.553606152055,3705.5045982720003,3953.9582600186864,3632.553606152055,3632.553606152055,193.054660239917,193.054660239917,193.054660239917,-9.813608091957734,-9.813608091957734,-9.813608091957734,202.86826833187473,202.86826833187473,202.86826833187473,0.0,0.0,0.0,3825.6082663919724
2022-02-02,3632.5603620887064,3701.9349835721578,3957.2846675982373,3632.5603620887064,3632.5603620887064,194.02012233893512,194.02012233893512,194.02012233893512,-8.43501909820633,-8.43501909820633,-8.43501909820633,202.45514143714146,202.45514143714146,202.45514143714146,0.0,0.0,0.0,3826.5804844276413
2022-02-03,3632.567118025357,3706.1469632539233,3954.7419425152007,3632.567118025357,3632.567118025357,191.69056681472685,191.69056681472685,191.69056681472685,-10.075088241798227,-10.075088241798227,-10.075088241798227,201.76565505652505,201.76565505652505,201.76565505652505,0.0,0.0,0.0,3824.257684840084
2022-02-04,3631.3042093003455,3685.1978651858276,3965.6226322638904,3631.3042093003455,3631.3042093003455,189.19959678246764,189.19959678246764,189.19959678246764,-11.600021620771106,-11.600021620771106,-11.600021620771106,200.79961840323872,200.79961840323872,200.79961840323872,0.0,0.0,0.0,3820.5038060828133
2022-02-07,3627.51548312531,3680.811191452426,3940.910282285277,3627.51548312531,3627.51548312531,184.91814758050322,184.91814758050322,184.91814758050322,-11.318739975406062,-11.318739975406062,-11.318739975406062,196.23688755590928,196.23688755590928,196.23688755590928,0.0,0.0,0.0,3812.433630705813
2022-02-08,3626.2525744002974,3675.7000003600097,3943.4188328009677,3626.2525744002974,3626.2525744002974,184.3443205022142,184.3443205022142,184.3443205022142,-9.813608091963085,-9.813608091963085,-9.813608091963085,194.15792859417726,194.15792859417726,194.15792859417726,0.0,0.0,0.0,3810.5968949025114
2022-02-09,3624.9896656752853,3677.4578983046717,3937.7134305979207,3624.9896656752853,3624.9896656752853,183.36268742433126,183.36268742433126,183.36268742433126,-8.43501909825055,-8.43501909825055,-8.43501909825055,191.79770652258182,191.79770652258182,191.79770652258182,0.0,0.0,0.0,3808.3523530996167
2022-02-10,3623.7267569502737,3688.2924124631486,3925.605343752179,3623.7267569502737,3623.7267569502737,179.07954373574773,179.07954373574773,179.07954373574773,-10.075088241827723,-10.075088241827723,-10.075088241827723,189.15463197757546,189.15463197757546,189.15463197757546,0.0,0.0,0.0,3802.8063006860216
2022-02-11,3622.4638482252617,3665.2856948106346,3923.635785410452,3622.4638482252617,3622.4638482252617,174.6271025334707,174.6271025334707,174.6271025334707,-11.600021620744421,-11.600021620744421,-11.600021620744421,186.2271241542151,186.2271241542151,186.2271241542151,0.0,0.0,0.0,3797.0909507587326
2022-02-14,3618.675122050226,3659.465529080695,3921.4673514531737,3618.675122050226,3618.675122050226,164.40747760023072,164.40747760023072,164.40747760023072,-11.318739975444936,-11.318739975444936,-11.318739975444936,175.72621757567566,175.72621757567566,175.72621757567566,0.0,0.0,0.0,3783.082599650457
2022-02-15,3617.412213325214,3647.8295673001785,3899.665149041843,3617.412213325214,3617.412213325214,161.8385118081578,161.8385118081578,161.8385118081578,-9.813608091923497,-9.813608091923497,-9.813608091923497,171.6521199000813,171.6521199000813,171.6521199000813,0.0,0.0,0.0,3779.250725133372
2022-02-16,3616.149304600202,3639.741116018758,3907.2114810679795,3616.149304600202,3616.149304600202,158.85796756365113,158.85796756365113,158.85796756365113,-8.435019098228665,-8.435019098228665,-8.435019098228665,167.29298666187978,167.29298666187978,167.29298666187978,0.0,0.0,0.0,3775.007272163853
2022-02-17,3614.88639587519,3639.3373601656976,3894.3276012754663,3614.88639587519,3614.88639587519,152.57684183277078,152.57684183277078,152.57684183277078,-10.075088241787764,-10.075088241787764,-10.075088241787764,162.65193007455858,162.65193007455858,162.65193007455858,0.0,0.0,0.0,3767.4632377079606
2022-02-18,3613.6234871501783,3621.7483849568516,3888.378879478266,3613.6234871501783,3613.6234871501783,146.13376058360276,146.13376058360276,146.13376058360276,-11.600021620717733,-11.600021620717733,-11.600021620717733,157.7337822043205,157.7337822043205,157.7337822043205,0.0,0.0,0.0,3759.7572477337812
2022-02-21,3609.8347609751427,3628.4057698887577,3872.7790079560423,3609.8347609751427,3609.8347609751427,130.07761579080372,130.07761579080372,130.07761579080372,-11.318739975468937,-11.318739975468937,-11.318739975468937,141.39635576627268,141.39635576627268,141.39635576627268,0.0,0.0,0.0,3739.912376765946
2022-02-22,3608.5718522501306,3605.0402594736215,3867.2147035222993,3608.5718522501306,3608.5718522501306,125.64778752937515,125.64778752937515,125.64778752937515,-9.813608091928845,-9.813608091928845,-9.813608091928845,135.46139562130398,135.46139562130398,135.46139562130398,0.0,0.0,0.0,3734.219639779506
2022-02-23,3607.3089435251186,3600.6261080225772,3859.1389958964123,3607.3089435251186,3607.3089435251186,120.87270234297151,120.87270234297151,120.87270234297151,-8.435019098244435,-8.435019098244435,-8.435019098244435,129.30772144121596,129.30772144121596,129.30772144121596,0.0,0.0,0.0,3728.18164586809
2022-02-24,3606.046034800107,3582.2896913337822,3845.9584149712773,3606.046034800107,3606.046034800107,112.87996085719318,112.87996085719318,112.87996085719318,-10.07508824181726,-10.07508824181726,-10.07508824181726,122.95504909901045,122.95504909901045,122.95504909901045,0.0,0.0,0.0,3718.9259956573
2022-02-25,3604.783126075095,3575.062703329897,3837.84844538025,3604.783126075095,3604.783126075095,104.82592386484485,104.82592386484485,104.82592386484485,-11.600021620758604,-11.600021620758604,-11.600021620758604,116.42594548560346,116.42594548560346,116.42594548560346,0.0,0.0,0.0,3709.6090499399397
2022-02-28,3600.9943999000593,3542.492043331972,3814.4838232308302,3600.9943999000593,3600.9943999000593,84.72828824075519,84.72828824075519,84.72828824075519,-11.318739975342105,-11.318739975342105,-11.318739975342105,96.0470282160973,96.0470282160973,96.0470282160973,0.0,0.0,0.0,3685.7226881408146
2022-03-02,3598.4685824500357,3551.6176454898477,3805.2688601720483,3598.4685824500357,3598.4685824500357,73.6767935326092,73.6767935326092,73.6767935326092,-8.43501909822255,-8.43501909822255,-8.43501909822255,82.11181263083175,82.11181263083175,82.11181263083175,0.0,0.0,0.0,3672.145375982645
2022-03-03,3597.2056737250236,3525.130088943861,3793.9392909925677,3597.2056737250236,3597.2056737250236,65.06820559550131,65.06820559550131,65.06820559550131,-10.07508824177258,-10.07508824177258,-10.07508824177258,75.14329383727389,75.14329383727389,75.14329383727389,0.0,0.0,0.0,3662.273879320525
2022-03-04,3595.942765000011,3519.5108497541464,3784.0092973281908,3595.942765000011,3595.942765000011,56.6237258563121,56.6237258563121,56.6237258563121,-11.600021620731916,-11.600021620731916,-11.600021620731916,68.22374747704401,68.22374747704401,68.22374747704401,0.0,0.0,0.0,3652.566490856323
2022-03-07,3592.1540388249755,3503.1767429061774,3773.8851355419447,3592.1540388249755,3592.1540388249755,36.82150895797642,36.82150895797642,36.82150895797642,-11.318739975366109,-11.318739975366109,-11.318739975366109,48.14024893334252,48.14024893334252,48.14024893334252,0.0,0.0,0.0,3628.9755477829517
2022-03-08,3590.891130099964,3492.180862717385,3749.920811428761,3590.891130099964,3590.891130099964,31.982735394894505,31.982735394894505,31.982735394894505,-9.813608091894602,-9.813608091894602,-9.813608091894602,41.796343486789105,41.796343486789105,41.796343486789105,0.0,0.0,0.0,3622.8738654948584
2022-03-09,3589.6282213749523,3477.2364496803207,3742.4702508921955,3589.6282213749523,3589.6282213749523,27.25274156815623,27.25274156815623,27.25274156815623,-8.435019098200664,-8.435019098200664,-8.435019098200664,35.687760666356894,35.687760666356894,35.687760666356894,0.0,0.0,0.0,3616.8809629431084
2022-03-10,3588.36531264994,3476.449265418587,3737.1422810087206,3588.36531264994,3588.36531264994,19.77258625398042,19.77258625398042,19.77258625398042,-10.075088241802076,-10.075088241802076,-10.075088241802076,29.847674495782496,29.847674495782496,29.847674495782496,0.0,0.0,0.0,3608.1378989039204
2022-03-11,3587.1024039249282,3465.0633091458135,3729.988097748992,3587.1024039249282,3587.1024039249282,12.706571512373761,12.706571512373761,12.706571512373761,-11.600021620767507,-11.600021620767507,-11.600021620767507,24.30659313314127,24.30659313314127,24.30659313314127,0.0,0.0,0.0,3599.808975437302
2022-03-14,3583.313677749892,3450.86491213486,3726.3481110130647,3583.313677749892,3583.313677749892,-1.5867154398575498,-1.5867154398575498,-1.5867154398575498,-11.31873997540498,-11.31873997540498,-11.31873997540498,9.732024535547431,9.732024535547431,9.732024535547431,0.0,0.0,0.0,3581.7269623100347
2022-03-15,3582.050769024881,3438.626781687216,3709.996088933266,3582.050769024881,3582.050769024881,-4.191818820985613,-4.191818820985613,-4.191818820985613,-9.813608091899951,-9.813608091899951,-9.813608091899951,5.621789270914339,5.621789270914339,5.621789270914339,0.0,0.0,0.0,3577.8589502038953
2022-03-16,3580.7878602998685,3432.6765681162287,3704.6049958359745,3580.7878602998685,3580.7878602998685,-6.528070939416353,-6.528070939416353,-6.528070939416353,-8.435019098216436,-8.435019098216436,-8.435019098216436,1.906948158800083,1.906948158800083,1.906948158800083,0.0,0.0,0.0,3574.259789360452
2022-03-17,3579.5249515748565,3444.1320372415366,3695.43226365946,3579.5249515748565,3579.5249515748565,-11.48191648883757,-11.48191648883757,-11.48191648883757,-10.075088241831574,-10.075088241831574,-10.075088241831574,-1.406828247005994,-1.406828247005994,-1.406828247005994,0.0,0.0,0.0,3568.043035086019
2022-03-21,3574.4733166748088,3419.83693087655,3687.240023901807,3574.4733166748088,3574.4733166748088,-22.030161008199403,-22.030161008199403,-22.030161008199403,-11.318739975428985,-11.318739975428985,-11.318739975428985,-10.71142103277042,-10.71142103277042,-10.71142103277042,0.0,0.0,0.0,3552.4431556666095
2022-03-22,3573.210407949797,3416.471162892034,3687.3034866995795,3573.210407949797,3573.210407949797,-21.920843563004848,-21.920843563004848,-21.920843563004848,-9.813608091932181,-9.813608091932181,-9.813608091932181,-12.107235471072668,-12.107235471072668,-12.107235471072668,0.0,0.0,0.0,3551.2895643867923
2022-03-23,3571.947499224785,3410.75565187476,3674.23977629544,3571.947499224785,3571.947499224785,-21.60455295473342,-21.60455295473342,-21.60455295473342,-8.43501909819455,-8.43501909819455,-8.43501909819455,-13.16953385653887,-13.16953385653887,-13.16953385653887,0.0,0.0,0.0,3550.342946270052
2022-03-24,3570.684590499773,3421.7083975888468,3677.146558490886,3570.684590499773,3570.684590499773,-23.99960727565853,-23.99960727565853,-23.99960727565853,-10.075088241786895,-10.075088241786895,-10.075088241786895,-13.924519033871636,-13.924519033871636,-13.924519033871636,0.0,0.0,0.0,3546.6849832241146
2022-03-25,3569.4216817747615,3406.7582379290043,3670.5278879757725,3569.4216817747615,3569.4216817747615,-26.001630025007916,-26.001630025007916,-26.001630025007916,-11.600021620781693,-11.600021620781693,-11.600021620781693,-14.401608404226224,-14.401608404226224,-14.401608404226224,0.0,0.0,0.0,3543.4200517497534
2022-03-28,3565.632955599726,3413.5833161011415,3669.142530721736,3565.632955599726,3565.632955599726,-25.814884250555217,-25.814884250555217,-25.814884250555217,-11.318739975452985,-11.318739975452985,-11.318739975452985,-14.49614427510223,-14.49614427510223,-14.49614427510223,0.0,0.0,0.0,3539.8180713491706
2022-03-29,3564.370046874714,3405.59958471812,3675.5046062328274,3564.370046874714,3564.370046874714,-24.013789059229147,-24.013789059229147,-24.013789059229147,-9.81360809193753,-9.81360809193753,-9.81360809193753,-14.200180967291617,-14.200180967291617,-14.200180967291617,0.0,0.0,0.0,3540.3562578154847
2022-03-30,3563.1071381497013,3405.1623631996895,3677.52808514125,3563.1071381497013,3563.1071381497013,-22.236264894268373,-22.236264894268373,-22.236264894268373,-8.43501909823877,-8.43501909823877,-8.43501909823877,-13.801245796029605,-13.801245796029605,-13.801245796029605,0.0,0.0,0.0,3540.870873255433
2022-03-31,3561.84422942469,3399.481168093956,3670.4612133716582,3561.84422942469,3561.84422942469,-23.410571070546595,-23.410571070546595,-23.410571070546595,-10.075088241816392,-10.075088241816392,-10.075088241816392,-13.335482828730209,-13.335482828730209,-13.335482828730209,0.0,0.0,0.0,3538.4336583541435
2022-04-01,3560.581320699678,3409.2789404325654,3680.385541580808,3560.581320699678,3560.581320699678,-24.437980638279324,-24.437980638279324,-24.437980638279324,-11.600021620755006,-11.600021620755006,-11.600021620755006,-12.837959017524318,-12.837959017524318,-12.837959017524318,0.0,0.0,0.0,3536.1433400613987
2022-04-04,3556.7925945246425,3403.197729707186,3663.710246537902,3556.7925945246425,3556.7925945246425,-22.796354992351024,-22.796354992351024,-22.796354992351024,-11.31873997549186,-11.31873997549186,-11.31873997549186,-11.477615016859165,-11.477615016859165,-11.477615016859165,0.0,0.0,0.0,3533.9962395322914
2022-04-05,3555.52968579963,3404.2072106510473,3660.684002273313,3555.52968579963,3555.52968579963,-20.976765832408738,-20.976765832408738,-20.976765832408738,-9.813608091897944,-9.813608091897944,-9.813608091897944,-11.16315774051079,-11.16315774051079,-11.16315774051079,0.0,0.0,0.0,3534.5529199672214
2022-04-06,3554.2667770746184,3400.6381065938226,3661.0707908252593,3554.2667770746184,3554.2667770746184,-19.392953144885194,-19.392953144885194,-19.392953144885194,-8.435019098216886,-8.435019098216886,-8.435019098216886,-10.957934046668306,-10.957934046668306,-10.957934046668306,0.0,0.0,0.0,3534.873823929733
2022-04-07,3553.003868349607,3404.8794158839105,3663.1141593305397,3553.003868349607,3553.003868349607,-20.955634607764328,-20.955634607764328,-20.955634607764328,-10.075088241776433,-10.075088241776433,-10.075088241776433,-10.880546365987897,-10.880546365987897,-10.880546365987897,0.0,0.0,0.0,3532.0482337418425
2022-04-08,3551.7409596245943,3402.356456267321,3667.6587175247896,3551.7409596245943,3551.7409596245943,-22.54587672632687,-22.54587672632687,-22.54587672632687,-11.600021620728317,-11.600021620728317,-11.600021620728317,-10.945855105598556,-10.945855105598556,-10.945855105598556,0.0,0.0,0.0,3529.1950828982676
2022-04-11,3547.9522334495587,3398.7499081186374,3643.7864600431303,3547.9522334495587,3547.9522334495587,-23.408511807066546,-23.408511807066546,-23.408511807066546,-11.318739975515859,-11.318739975515859,-11.318739975515859,-12.089771831550687,-12.089771831550687,-12.089771831550687,0.0,0.0,0.0,3524.543721642492
2022-04-12,3546.689324724547,3397.325414809752,3657.583696548928,3546.689324724547,3546.689324724547,-22.61293279852068,-22.61293279852068,-22.61293279852068,-9.81360809197511,-9.81360809197511,-9.81360809197511,-12.799324706545569,-12.799324706545569,-12.799324706545569,0.0,0.0,0.0,3524.076391926026
2022-04-13,3545.4264159995355,3391.6026333760747,3654.179021840063,3545.4264159995355,3545.4264159995355,-22.105629308005383,-22.105629308005383,-22.105629308005383,-8.435019098195001,-8.435019098195001,-8.435019098195001,-13.670610209810388,-13.670610209810388,-13.670610209810388,0.0,0.0,0.0,3523.32078669153
2022-04-18,3539.1118723744753,3376.257459957948,3635.374537214511,3539.1118723744753,3539.1118723744753,-31.484975408118697,-31.484975408118697,-31.484975408118697,-11.31873997538903,-11.31873997538903,-11.31873997538903,-20.16623543272967,-20.16623543272967,-20.16623543272967,0.0,0.0,0.0,3507.6268969663565
2022-04-19,3537.8489636494633,3387.710015571588,3639.412959089529,3537.8489636494633,3537.8489636494633,-31.62428315127319,-31.62428315127319,-31.62428315127319,-9.813608091980464,-9.813608091980464,-9.813608091980464,-21.810675059292727,-21.810675059292727,-21.810675059292727,0.0,0.0,0.0,3506.22468049819
2022-04-20,3536.5860549244517,3386.153485098994,3638.8879455074875,3536.5860549244517,3536.5860549244517,-31.97320290390447,-31.97320290390447,-31.97320290390447,-8.435019098239218,-8.435019098239218,-8.435019098239218,-23.53818380566525,-23.53818380566525,-23.53818380566525,0.0,0.0,0.0,3504.612852020547
2022-04-21,3535.3231461994405,3369.899368276053,3631.5241345337204,3535.3231461994405,3535.3231461994405,-35.40983564154347,-35.40983564154347,-35.40983564154347,-10.07508824176125,-10.07508824176125,-10.07508824176125,-25.334747399782213,-25.334747399782213,-25.334747399782213,0.0,0.0,0.0,3499.913310557897
2022-04-22,3533.217456928087,3361.872430227406,3615.213132095764,3533.217456928087,3533.217456928087,-38.78699974616347,-38.78699974616347,-38.78699974616347,-11.60002162073722,-11.60002162073722,-11.60002162073722,-27.186978125426243,-27.186978125426243,-27.186978125426243,0.0,0.0,0.0,3494.4304571819234
2022-04-25,3526.900389114025,3357.9836329725276,3612.1853904883656,3526.900389114025,3526.900389114025,-44.279201734678935,-44.279201734678935,-44.279201734678935,-11.318739975413031,-11.318739975413031,-11.318739975413031,-32.960461759265904,-32.960461759265904,-32.960461759265904,0.0,0.0,0.0,3482.6211873793463
2022-04-26,3524.794699842671,3340.6264480775185,3618.452793769518,3524.794699842671,3524.794699842671,-44.739200084766644,-44.739200084766644,-44.739200084766644,-9.81360809194087,-9.81360809194087,-9.81360809194087,-34.92559199282578,-34.92559199282578,-34.92559199282578,0.0,0.0,0.0,3480.0554997579043
2022-04-27,3522.6890105713173,3348.5759428267174,3599.9788033204914,3522.6890105713173,3522.6890105713173,-45.334605077548886,-45.334605077548886,-45.334605077548886,-8.435019098217332,-8.435019098217332,-8.435019098217332,-36.899585979331555,-36.899585979331555,-36.899585979331555,0.0,0.0,0.0,3477.3544054937684
2022-04-28,3520.5833212999637,3330.7334822620874,3601.8032293108986,3520.5833212999637,3520.5833212999637,-48.9534625004674,-48.9534625004674,-48.9534625004674,-10.075088241790747,-10.075088241790747,-10.075088241790747,-38.87837425867666,-38.87837425867666,-38.87837425867666,0.0,0.0,0.0,3471.629858799496
2022-04-29,3518.4776320286096,3330.2223312166534,3594.963684596094,3518.4776320286096,3518.4776320286096,-52.45976863844347,-52.45976863844347,-52.45976863844347,-11.600021620710534,-11.600021620710534,-11.600021620710534,-40.859747017732936,-40.859747017732936,-40.859747017732936,0.0,0.0,0.0,3466.017863390166
2022-05-02,3512.1605642145482,3324.8958857089206,3579.5770838183826,3512.1605642145482,3512.1605642145482,-58.14137138573014,-58.14137138573014,-58.14137138573014,-11.318739975451903,-11.318739975451903,-11.318739975451903,-46.822631410278234,-46.822631410278234,-46.822631410278234,0.0,0.0,0.0,3454.019192828818
2022-05-04,3507.949185671841,3314.851238727914,3582.3078719877553,3507.949185671841,3507.949185671841,-59.275486075447084,-59.275486075447084,-59.275486075447084,-8.435019098233102,-8.435019098233102,-8.435019098233102,-50.84046697721399,-50.84046697721399,-50.84046697721399,0.0,0.0,0.0,3448.673699596394
2022-05-05,3505.843496400487,3308.8948040641403,3568.066962583695,3505.843496400487,3505.843496400487,-62.95004788578209,-62.95004788578209,-62.95004788578209,-10.075088241820245,-10.075088241820245,-10.075088241820245,-52.874959643961844,-52.874959643961844,-52.874959643961844,0.0,0.0,0.0,3442.8934485147047
2022-05-06,3503.737807129133,3308.724908918992,3566.0347668819513,3503.737807129133,3503.737807129133,-66.5330541599691,-66.5330541599691,-66.5330541599691,-11.600021620751406,-11.600021620751406,-11.600021620751406,-54.93303253921769,-54.93303253921769,-54.93303253921769,0.0,0.0,0.0,3437.204752969164
2022-05-09,3497.420739315072,3295.4604737401223,3556.4027902022135,3497.420739315072,3497.420739315072,-72.6099586057397,-72.6099586057397,-72.6099586057397,-11.3187399753102,-11.3187399753102,-11.3187399753102,-61.2912186304295,-61.2912186304295,-61.2912186304295,0.0,0.0,0.0,3424.810780709332
2022-05-10,3495.3150500437177,3288.687179761347,3540.3387445022354,3495.3150500437177,3495.3150500437177,-73.29499062135034,-73.29499062135034,-73.29499062135034,-9.813608091951565,-9.813608091951565,-9.813608091951565,-63.481382529398765,-63.481382529398765,-63.481382529398765,0.0,0.0,0.0,3422.0200594223675
2022-05-11,3493.2093607723646,3282.7404120915144,3539.0002389190604,3493.2093607723646,3493.2093607723646,-74.14319085535206,-74.14319085535206,-74.14319085535206,-8.435019098211217,-8.435019098211217,-8.435019098211217,-65.70817175714085,-65.70817175714085,-65.70817175714085,0.0,0.0,0.0,3419.0661699170123
2022-05-12,3491.1036715010105,3283.1437510076294,3548.0235079734293,3491.1036715010105,3491.1036715010105,-78.04476643075398,-78.04476643075398,-78.04476643075398,-10.075088241775564,-10.075088241775564,-10.075088241775564,-67.96967818897842,-67.96967818897842,-67.96967818897842,0.0,0.0,0.0,3413.0589050702565
2022-05-13,3488.9979822296564,3280.1792682802056,3536.531181082898,3488.9979822296564,3488.9979822296564,-81.86196699521548,-81.86196699521548,-81.86196699521548,-11.600021620724718,-11.600021620724718,-11.600021620724718,-70.26194537449075,-70.26194537449075,-70.26194537449075,0.0,0.0,0.0,3407.136015234441
2022-05-16,3482.680914415595,3266.386599110618,3531.7410280932745,3482.680914415595,3482.680914415595,-88.56974577862623,-88.56974577862623,-88.56974577862623,-11.318739975334204,-11.318739975334204,-11.318739975334204,-77.25100580329203,-77.25100580329203,-77.25100580329203,0.0,0.0,0.0,3394.1111686369686
2022-05-17,3480.575225144242,3260.93590185325,3528.736832540955,3480.575225144242,3480.575225144242,-89.39667780457368,-89.39667780457368,-89.39667780457368,-9.813608091911979,-9.813608091911979,-9.813608091911979,-79.5830697126617,-79.5830697126617,-79.5830697126617,0.0,0.0,0.0,3391.178547339668
2022-05-18,3478.4695358728877,3259.3189617064522,3516.10067971753,3478.4695358728877,3478.4695358728877,-90.32866742768897,-90.32866742768897,-90.32866742768897,-8.435019098255436,-8.435019098255436,-8.435019098255436,-81.89364832943353,-81.89364832943353,-81.89364832943353,0.0,0.0,0.0,3388.140868445199
2022-05-19,3476.363846601534,3254.537161726363,3510.1663021908157,3476.363846601534,3476.363846601534,-94.24151956668108,-94.24151956668108,-94.24151956668108,-10.07508824180506,-10.07508824180506,-10.07508824180506,-84.16643132487602,-84.16643132487602,-84.16643132487602,0.0,0.0,0.0,3382.122327034853
2022-05-20,3474.25815733018,3256.163177166261,3498.00614505848,3474.25815733018,3474.25815733018,-97.98370443756832,-97.98370443756832,-97.98370443756832,-11.600021620760312,-11.600021620760312,-11.600021620760312,-86.383682816808,-86.383682816808,-86.383682816808,0.0,0.0,0.0,3376.274452892612
2022-05-23,3467.9410895161186,3241.2904216868255,3494.1355568824674,3467.9410895161186,3467.9410895161186,-103.8298552186886,-103.8298552186886,-103.8298552186886,-11.318739975373077,-11.318739975373077,-11.318739975373077,-92.51111524331553,-92.51111524331553,-92.51111524331553,0.0,0.0,0.0,3364.11123429743
2022-05-24,3465.835400244765,3235.639780214913,3496.000337170125,3465.835400244765,3465.835400244765,-104.12704917019774,-104.12704917019774,-104.12704917019774,-9.813608091917327,-9.813608091917327,-9.813608091917327,-94.3134410782804,-94.3134410782804,-94.3134410782804,0.0,0.0,0.0,3361.7083510745674
2022-05-25,3463.7297109734113,3227.505281161626,3495.623067322083,3463.7297109734113,3463.7297109734113,-104.39878150015917,-104.39878150015917,-104.39878150015917,-8.435019098233553,-8.435019098233553,-8.435019098233553,-95.9637624019256,-95.9637624019256,-95.9637624019256,0.0,0.0,0.0,3359.330929473252
2022-05-26,3461.6240217020572,3227.898487163107,3482.681636716592,3461.6240217020572,3461.6240217020572,-107.51945922315097,-107.51945922315097,-107.51945922315097,-10.075088241839278,-10.075088241839278,-10.075088241839278,-97.44437098131169,-97.44437098131169,-97.44437098131169,0.0,0.0,0.0,3354.1045624789062
2022-05-27,3459.518332430704,3223.5471983652847,3478.6585408621604,3459.518332430704,3459.518332430704,-110.33920340559591,-110.33920340559591,-110.33920340559591,-11.600021620733624,-11.600021620733624,-11.600021620733624,-98.7391817848623,-98.7391817848623,-98.7391817848623,0.0,0.0,0.0,3349.179129025108
2022-05-30,3453.201264616642,3214.704537692706,3472.1022975198343,3453.201264616642,3453.201264616642,-112.70016207172364,-112.70016207172364,-112.70016207172364,-11.31873997539708,-11.31873997539708,-11.31873997539708,-101.38142209632656,-101.38142209632656,-101.38142209632656,0.0,0.0,0.0,3340.5011025449185
2022-05-31,3451.0955753452886,3202.903410110294,3463.7494925513706,3451.0955753452886,3451.0955753452886,-111.63305239783053,-111.63305239783053,-111.63305239783053,-9.813608091949558,-9.813608091949558,-9.813608091949558,-101.81944430588096,-101.81944430588096,-101.81944430588096,0.0,0.0,0.0,3339.462522947458
2022-06-01,3448.9898860739345,3206.9531339529594,3466.9954902741015,3448.9898860739345,3448.9898860739345,-110.46477913122641,-110.46477913122641,-110.46477913122641,-8.435019098211667,-8.435019098211667,-8.435019098211667,-102.02976003301475,-102.02976003301475,-102.02976003301475,0.0,0.0,0.0,3338.525106942708
2022-06-02,3446.884196802581,3199.2920330409174,3464.1660818429636,3446.884196802581,3446.884196802581,-112.08891209934048,-112.08891209934048,-112.08891209934048,-10.075088241794598,-10.075088241794598,-10.075088241794598,-102.01382385754587,-102.01382385754587,-102.01382385754587,0.0,0.0,0.0,3334.79528470324
2022-06-03,3444.778507531227,3205.339921977189,3459.1388373353598,3444.778507531227,3444.778507531227,-113.37679636957492,-113.37679636957492,-113.37679636957492,-11.600021620774495,-11.600021620774495,-11.600021620774495,-101.77677474880043,-101.77677474880043,-101.77677474880043,0.0,0.0,0.0,3331.401711161652
2022-06-06,3438.4614397171654,3205.838548209013,3457.867498163576,3438.4614397171654,3438.4614397171654,-111.16422766382512,-111.16422766382512,-111.16422766382512,-11.31873997542108,-11.31873997542108,-11.31873997542108,-99.84548768840405,-99.84548768840405,-99.84548768840405,0.0,0.0,0.0,3327.2972120533404
2022-06-07,3436.355750445812,3200.377629273456,3457.452802387983,3436.355750445812,3436.355750445812,-108.66171984278856,-108.66171984278856,-108.66171984278856,-9.813608091954906,-9.813608091954906,-9.813608091954906,-98.84811175083365,-98.84811175083365,-98.84811175083365,0.0,0.0,0.0,3327.6940306030237
2022-06-08,3434.250061174458,3193.1147199321035,3455.045018888681,3434.250061174458,3434.250061174458,-106.14352603976002,-106.14352603976002,-106.14352603976002,-8.435019098255886,-8.435019098255886,-8.435019098255886,-97.70850694150413,-97.70850694150413,-97.70850694150413,0.0,0.0,0.0,3328.106535134698
2022-06-09,3432.144371903104,3199.260917585373,3448.762559984748,3432.144371903104,3432.144371903104,-106.52666023057128,-106.52666023057128,-106.52666023057128,-10.075088241824094,-10.075088241824094,-10.075088241824094,-96.45157198874719,-96.45157198874719,-96.45157198874719,0.0,0.0,0.0,3325.6177116725326
2022-06-10,3430.038682631751,3203.276739229645,3459.7831822944854,3430.038682631751,3430.038682631751,-106.70443013853348,-106.70443013853348,-106.70443013853348,-11.600021620747807,-11.600021620747807,-11.600021620747807,-95.10440851778567,-95.10440851778567,-95.10440851778567,0.0,0.0,0.0,3323.3342524932173
2022-06-13,3423.7216148176894,3192.1790276407874,3450.405431794267,3423.7216148176894,3423.7216148176894,-102.1340603919151,-102.1340603919151,-102.1340603919151,-11.318739975459955,-11.318739975459955,-11.318739975459955,-90.81532041645515,-90.81532041645515,-90.81532041645515,0.0,0.0,0.0,3321.587554425774
2022-06-14,3421.6159255463353,3190.132046559041,3456.01037284238,3421.6159255463353,3421.6159255463353,-99.21845150257197,-99.21845150257197,-99.21845150257197,-9.813608091915317,-9.813608091915317,-9.813608091915317,-89.40484341065667,-89.40484341065667,-89.40484341065667,0.0,0.0,0.0,3322.3974740437634
2022-06-15,3419.5102362749817,3191.4933086943242,3454.3404072194294,3419.5102362749817,3419.5102362749817,-96.48981003352498,-96.48981003352498,-96.48981003352498,-8.435019098234001,-8.435019098234001,-8.435019098234001,-88.05479093529097,-88.05479093529097,-88.05479093529097,0.0,0.0,0.0,3323.020426241457
2022-06-16,3417.4045470036276,3196.471614325528,3449.3921880920107,3417.4045470036276,3417.4045470036276,-96.86950591214656,-96.86950591214656,-96.86950591214656,-10.075088241784135,-10.075088241784135,-10.075088241784135,-86.79441767036244,-86.79441767036244,-86.79441767036244,0.0,0.0,0.0,3320.535041091481
2022-06-17,3415.2988577322744,3192.186173737596,3453.3146129630486,3415.2988577322744,3415.2988577322744,-97.25139892187966,-97.25139892187966,-97.25139892187966,-11.600021620721119,-11.600021620721119,-11.600021620721119,-85.65137730115853,-85.65137730115853,-85.65137730115853,0.0,0.0,0.0,3318.047458810395
2022-06-20,3408.981789918213,3181.7149877819397,3438.6316298413512,3408.981789918213,3408.981789918213,-94.48686832865889,-94.48686832865889,-94.48686832865889,-11.31873997548396,-11.31873997548396,-11.31873997548396,-83.16812835317494,-83.16812835317494,-83.16812835317494,0.0,0.0,0.0,3314.494921589554
2022-06-21,3406.876100646859,3180.979421830233,3442.607939370996,3406.876100646859,3406.876100646859,-92.53522661911839,-92.53522661911839,-92.53522661911839,-9.813608091920667,-9.813608091920667,-9.813608091920667,-82.72161852719772,-82.72161852719772,-82.72161852719772,0.0,0.0,0.0,3314.3408740277405
2022-06-22,3404.770411375505,3193.8534688897794,3444.3293890854684,3404.770411375505,3404.770411375505,-90.9250901449992,-90.9250901449992,-90.9250901449992,-8.435019098183668,-8.435019098183668,-8.435019098183668,-82.49007104681553,-82.49007104681553,-82.49007104681553,0.0,0.0,0.0,3313.8453212305058
2022-06-23,3402.664722104151,3177.6656533551136,3441.180969454078,3402.664722104151,3402.664722104151,-92.55740945514451,-92.55740945514451,-92.55740945514451,-10.075088241813633,-10.075088241813633,-10.075088241813633,-82.48232121333088,-82.48232121333088,-82.48232121333088,0.0,0.0,0.0,3310.107312649007
2022-06-24,3400.5590328327976,3181.9985493038134,3437.760975221192,3400.5590328327976,3400.5590328327976,-94.30312142035642,-94.30312142035642,-94.30312142035642,-11.60002162076199,-11.60002162076199,-11.60002162076199,-82.70309979959444,-82.70309979959444,-82.70309979959444,0.0,0.0,0.0,3306.255911412441
2022-06-27,3394.241965018736,3166.825863283679,3432.3730669103743,3394.241965018736,3394.241965018736,-96.03991912913416,-96.03991912913416,-96.03991912913416,-11.318739975357124,-11.318739975357124,-11.318739975357124,-84.72117915377703,-84.72117915377703,-84.72117915377703,0.0,0.0,0.0,3298.2020458896022
2022-06-28,3392.1362757473826,3167.1357658253664,3437.2627046967577,3392.1362757473826,3392.1362757473826,-95.63367357594092,-95.63367357594092,-95.63367357594092,-9.813608091926016,-9.813608091926016,-9.813608091926016,-85.82006548401489,-85.82006548401489,-85.82006548401489,0.0,0.0,0.0,3296.5026021714416
2022-06-29,3390.0305864760285,3168.04151778792,3422.231663151574,3390.0305864760285,3390.0305864760285,-95.54443012927716,-95.54443012927716,-95.54443012927716,-8.435019098227887,-8.435019098227887,-8.435019098227887,-87.10941103104928,-87.10941103104928,-87.10941103104928,0.0,0.0,0.0,3294.486156346751
2022-06-30,3387.924897204675,3161.276000132941,3406.8269053049344,3387.924897204675,3387.924897204675,-98.64535578476837,-98.64535578476837,-98.64535578476837,-10.075088241768954,-10.075088241768954,-10.075088241768954,-88.5702675429994,-88.5702675429994,-88.5702675429994,0.0,0.0,0.0,3289.2795414199063
2022-07-01,3385.8192079333207,3137.412835253845,3409.1044400545447,3385.8192079333207,3385.8192079333207,-101.78057876335542,-101.78057876335542,-101.78057876335542,-11.600021620735303,-11.600021620735303,-11.600021620735303,-90.18055714262012,-90.18055714262012,-90.18055714262012,0.0,0.0,0.0,3284.038629169965
2022-07-04,3379.502140056264,3141.9133111597625,3387.5341800946317,3379.502140056264,3379.502140056264,-106.96747850029648,-106.96747850029648,-106.96747850029648,-11.318739975381126,-11.318739975381126,-11.318739975381126,-95.64873852491534,-95.64873852491534,-95.64873852491534,0.0,0.0,0.0,3272.5346615559674
2022-07-05,3377.3964507639116,3142.3673948290093,3403.5013983827735,3377.3964507639116,3377.3964507639116,-107.40139073016358,-107.40139073016358,-107.40139073016358,-9.81360809188642,-9.81360809188642,-9.81360809188642,-97.58778263827716,-97.58778263827716,-97.58778263827716,0.0,0.0,0.0,3269.995060033748
2022-07-06,3375.290761471559,3139.4405832831867,3401.0208780070366,3375.290761471559,3375.290761471559,-107.96877921411942,-107.96877921411942,-107.96877921411942,-8.435019098205998,-8.435019098205998,-8.435019098205998,-99.53376011591344,-99.53376011591344,-99.53376011591344,0.0,0.0,0.0,3267.3219822574397
2022-07-07,3373.1850721792066,3131.221801033961,3397.436138114899,3373.1850721792066,3373.1850721792066,-111.53016487373453,-111.53016487373453,-111.53016487373453,-10.07508824179845,-10.07508824179845,-10.07508824179845,-101.4550766319361,-101.4550766319361,-101.4550766319361,0.0,0.0,0.0,3261.654907305472
2022-07-08,3371.0793828868545,3131.30814848723,3377.299953662029,3371.0793828868545,3371.0793828868545,-114.92027787034125,-114.92027787034125,-114.92027787034125,-11.600021620770896,-11.600021620770896,-11.600021620770896,-103.32025624957035,-103.32025624957035,-103.32025624957035,0.0,0.0,0.0,3256.1591050165134
2022-07-11,3364.762315009798,3123.4869369203975,3370.6720340694555,3364.762315009798,3364.762315009798,-119.59458184981874,-119.59458184981874,-119.59458184981874,-11.318739975420002,-11.318739975420002,-11.318739975420002,-108.27584187439874,-108.27584187439874,-108.27584187439874,0.0,0.0,0.0,3245.167733159979
2022-07-12,3362.656625717446,3114.9568014409497,3377.75684238439,3362.656625717446,3362.656625717446,-119.4338588623977,-119.4338588623977,-119.4338588623977,-9.813608091891773,-9.813608091891773,-9.813608091891773,-109.62025077050592,-109.62025077050592,-109.62025077050592,0.0,0.0,0.0,3243.222766855048
2022-07-13,3360.5509364250934,3116.535129565031,3371.3699677696277,3360.5509364250934,3360.5509364250934,-119.20369153747576,-119.20369153747576,-119.20369153747576,-8.43501909822177,-8.43501909822177,-8.43501909822177,-110.76867243925399,-110.76867243925399,-110.76867243925399,0.0,0.0,0.0,3241.3472448876178
2022-07-14,3358.445247132741,3110.3028479533914,3374.3229507790943,3358.445247132741,3358.445247132741,-121.77441753969968,-121.77441753969968,-121.77441753969968,-10.075088241827947,-10.075088241827947,-10.075088241827947,-111.69932929787174,-111.69932929787174,-111.69932929787174,0.0,0.0,0.0,3236.670829593041
2022-07-15,3356.3395578403893,3102.0659607175644,3370.279160360998,3356.3395578403893,3356.3395578403893,-123.99322755684999,-123.99322755684999,-123.99322755684999,-11.600021620744208,-11.600021620744208,-11.600021620744208,-112.39320593610579,-112.39320593610579,-112.39320593610579,0.0,0.0,0.0,3232.3463302835394
2022-07-18,3350.022489963332,3092.8914280942754,3358.850333716484,3350.022489963332,3350.022489963332,-124.22807161314698,-124.22807161314698,-124.22807161314698,-11.318739975444002,-11.318739975444002,-11.318739975444002,-112.90933163770298,-112.90933163770298,-112.90933163770298,0.0,0.0,0.0,3225.7944183501854
2022-07-19,3347.91680067098,3103.5496932983406,3358.080373963458,3347.91680067098,3347.91680067098,-122.34080937647983,-122.34080937647983,-122.34080937647983,-9.813608091968941,-9.813608091968941,-9.813608091968941,-112.5272012845109,-112.5272012845109,-112.5272012845109,0.0,0.0,0.0,3225.5759912945005
2022-07-20,3345.811111378628,3095.921687178932,3350.2953927752624,3345.811111378628,3345.811111378628,-120.29498563479902,-120.29498563479902,-120.29498563479902,-8.435019098199888,-8.435019098199888,-8.435019098199888,-111.85996653659913,-111.85996653659913,-111.85996653659913,0.0,0.0,0.0,3225.516125743829
2022-07-21,3343.7054220862756,3086.0852649146937,3351.466139244147,3343.7054220862756,3343.7054220862756,-120.98277258404401,-120.98277258404401,-120.98277258404401,-10.075088241783268,-10.075088241783268,-10.075088241783268,-110.90768434226075,-110.90768434226075,-110.90768434226075,0.0,0.0,0.0,3222.7226495022314
2022-07-22,3341.5997327939235,3098.378159569782,3339.7997868194625,3341.5997327939235,3341.5997327939235,-121.27358257816542,-121.27358257816542,-121.27358257816542,-11.600021620785078,-11.600021620785078,-11.600021620785078,-109.67356095738035,-109.67356095738035,-109.67356095738035,0.0,0.0,0.0,3220.326150215758
2022-07-25,3335.282664916867,3090.9030493053847,3350.889640516959,3335.282664916867,3335.282664916867,-115.67542198170553,-115.67542198170553,-115.67542198170553,-11.318739975468004,-11.318739975468004,-11.318739975468004,-104.3566820062375,-104.3566820062375,-104.3566820062375,0.0,0.0,0.0,3219.6072429351616
2022-07-26,3333.176975624515,3098.726903632481,3353.4530865479323,3333.176975624515,3333.176975624515,-111.8989499994329,-111.8989499994329,-111.8989499994329,-9.813608091929352,-9.813608091929352,-9.813608091929352,-102.08534190750356,-102.08534190750356,-102.08534190750356,0.0,0.0,0.0,3221.278025625082
2022-07-27,3331.0712863321623,3092.062600369333,3351.091701639377,3331.0712863321623,3331.0712863321623,-108.02513377046242,-108.02513377046242,-108.02513377046242,-8.435019098244105,-8.435019098244105,-8.435019098244105,-99.5901146722183,-99.5901146722183,-99.5901146722183,0.0,0.0,0.0,3223.0461525616997
2022-07-28,3328.96559703981,3093.0840847070594,3353.4645236169476,3328.96559703981,3328.96559703981,-106.96461957024955,-106.96461957024955,-106.96461957024955,-10.075088241812766,-10.075088241812766,-10.075088241812766,-96.8895313284368,-96.8895313284368,-96.8895313284368,0.0,0.0,0.0,3222.0009774695604
2022-07-29,3326.859907747458,3078.5124201762446,3359.3232329006696,3326.859907747458,3326.859907747458,-105.6038841674345,-105.6038841674345,-105.6038841674345,-11.60002162075839,-11.60002162075839,-11.60002162075839,-94.0038625466761,-94.0038625466761,-94.0038625466761,0.0,0.0,0.0,3221.2560235800233
2022-08-01,3320.542839870401,3093.0100672307944,3354.8395525467463,3320.542839870401,3320.542839870401,-95.7781394920993,-95.7781394920993,-95.7781394920993,-11.31873997550688,-11.31873997550688,-11.31873997550688,-84.45939951659241,-84.45939951659241,-84.45939951659241,0.0,0.0,0.0,3224.7647003783018
2022-08-02,3318.437150578049,3100.729461602519,3363.7226672435786,3318.437150578049,3318.437150578049,-90.8748743935924,-90.8748743935924,-90.8748743935924,-9.813608091934704,-9.813608091934704,-9.813608091934704,-81.06126630165771,-81.06126630165771,-81.06126630165771,0.0,0.0,0.0,3227.5622761844566
2022-08-03,3316.3314612856966,3101.4617488644,3356.6903990945007,3316.3314612856966,3316.3314612856966,-86.03083861894575,-86.03083861894575,-86.03083861894575,-8.43501909822222,-8.43501909822222,-8.43501909822222,-77.59581952072352,-77.59581952072352,-77.59581952072352,0.0,0.0,0.0,3230.3006226667508
2022-08-04,3314.2257719933446,3100.7653503954625,3357.8218187481652,3314.2257719933446,3314.2257719933446,-84.1630173292057,-84.1630173292057,-84.1630173292057,-10.075088241772805,-10.075088241772805,-10.075088241772805,-74.0879290874329,-74.0879290874329,-74.0879290874329,0.0,0.0,0.0,3230.062754664139
2022-08-05,3312.1200827009925,3102.296431644891,3353.037967393493,3312.1200827009925,3312.1200827009925,-82.16227717253115,-82.16227717253115,-82.16227717253115,-11.600021620726427,-11.600021620726427,-11.600021620726427,-70.56225555180472,-70.56225555180472,-70.56225555180472,0.0,0.0,0.0,3229.9578055284614
2022-08-08,3305.8030148239354,3109.7226267694027,3365.452272375059,3305.8030148239354,3305.8030148239354,-71.43517892487827,-71.43517892487827,-71.43517892487827,-11.31873997553088,-11.31873997553088,-11.31873997553088,-60.1164389493474,-60.1164389493474,-60.1164389493474,0.0,0.0,0.0,3234.3678358990574
2022-08-10,3301.5916362392313,3117.968174629815,3367.9691448006643,3301.5916362392313,3301.5916362392313,-61.91761792136425,-61.91761792136425,-61.91761792136425,-8.435019098200337,-8.435019098200337,-8.435019098200337,-53.48259882316391,-53.48259882316391,-53.48259882316391,0.0,0.0,0.0,3239.674018317867
2022-08-11,3299.485946946879,3111.525190672105,3366.7135580274257,3299.485946946879,3299.485946946879,-60.398848878713345,-60.398848878713345,-60.398848878713345,-10.075088241802304,-10.075088241802304,-10.075088241802304,-50.32376063691105,-50.32376063691105,-50.32376063691105,0.0,0.0,0.0,3239.0870980681657
2022-08-12,3297.3802576545268,3101.8814972568734,3363.5027994817115,3297.3802576545268,3297.3802576545268,-58.892604661666866,-58.892604661666866,-58.892604661666866,-11.600021620767297,-11.600021620767297,-11.600021620767297,-47.292583040899565,-47.292583040899565,-47.292583040899565,0.0,0.0,0.0,3238.4876529928597
2022-08-16,3288.957500485118,3112.8964886896038,3373.567868361696,3288.957500485118,3288.957500485118,-46.507710589813286,-46.507710589813286,-46.507710589813286,-9.813608091972283,-9.813608091972283,-9.813608091972283,-36.694102497841,-36.694102497841,-36.694102497841,0.0,0.0,0.0,3242.449789895305
2022-08-17,3286.8518111927656,3113.089987810959,3371.5684443855125,3286.8518111927656,3286.8518111927656,-42.902705867106356,-42.902705867106356,-42.902705867106356,-8.43501909824455,-8.43501909824455,-8.43501909824455,-34.46768676886182,-34.46768676886182,-34.46768676886182,0.0,0.0,0.0,3243.9491053256593
2022-08-18,3284.746121900413,3109.2777960507306,3369.5172570609275,3284.746121900413,3284.746121900413,-42.49340831852018,-42.49340831852018,-42.49340831852018,-10.075088241757623,-10.075088241757623,-10.075088241757623,-32.41832007676255,-32.41832007676255,-32.41832007676255,0.0,0.0,0.0,3242.2527135818927
2022-08-19,3282.6404326080615,3119.5135697151113,3367.3980373791205,3282.6404326080615,3282.6404326080615,-42.14528476847474,-42.14528476847474,-42.14528476847474,-11.600021620740609,-11.600021620740609,-11.600021620740609,-30.545263147734126,-30.545263147734126,-30.545263147734126,0.0,0.0,0.0,3240.495147839587
2022-08-22,3276.3233647310044,3103.6262823006205,3380.919325330605,3276.3233647310044,3276.3233647310044,-37.25553357169821,-37.25553357169821,-37.25553357169821,-11.318739975428048,-11.318739975428048,-11.318739975428048,-25.93679359627016,-25.93679359627016,-25.93679359627016,0.0,0.0,0.0,3239.067831159306
2022-08-23,3274.2176754386523,3112.3099256574833,3364.920353147959,3274.2176754386523,3274.2176754386523,-34.522597150381074,-34.522597150381074,-34.522597150381074,-9.813608091932693,-9.813608091932693,-9.813608091932693,-24.708989058448385,-24.708989058448385,-24.708989058448385,0.0,0.0,0.0,3239.6950782882714
2022-08-24,3272.1119861463003,3113.255653621517,3362.9475769760893,3272.1119861463003,3272.1119861463003,-32.050083422259796,-32.050083422259796,-32.050083422259796,-8.43501909822267,-8.43501909822267,-8.43501909822267,-23.61506432403712,-23.61506432403712,-23.61506432403712,0.0,0.0,0.0,3240.0619027240405
2022-08-25,3270.0062968539482,3118.48032632599,3363.0896860431226,3270.0062968539482,3270.0062968539482,-32.71466351069299,-32.71466351069299,-32.71466351069299,-10.07508824178712,-10.07508824178712,-10.07508824178712,-22.639575268905872,-22.639575268905872,-22.639575268905872,0.0,0.0,0.0,3237.2916333432554
2022-08-26,3267.9006075615957,3114.273601433203,3363.580950039953,3267.9006075615957,3267.9006075615957,-33.365227303572254,-33.365227303572254,-33.365227303572254,-11.600021620713921,-11.600021620713921,-11.600021620713921,-21.765205682858333,-21.765205682858333,-21.765205682858333,0.0,0.0,0.0,3234.5353802580235
2022-08-29,3261.583539684539,3101.131980116404,3361.133223684547,3261.583539684539,3261.583539684539,-30.872230140651588,-30.872230140651588,-30.872230140651588,-11.318739975452054,-11.318739975452054,-11.318739975452054,-19.553490165199538,-19.553490165199538,-19.553490165199538,0.0,0.0,0.0,3230.7113095438876
2022-08-30,3259.477850392187,3097.0678803249125,3370.0055177326394,3259.477850392187,3259.477850392187,-28.696791797202568,-28.696791797202568,-28.696791797202568,-9.81360809193804,-9.81360809193804,-9.81360809193804,-18.88318370526453,-18.88318370526453,-18.88318370526453,0.0,0.0,0.0,3230.7810585949846
2022-09-01,3255.2664718074825,3090.1113056586173,3363.2369016578596,3255.2664718074825,3255.2664718074825,-27.587253547916287,-27.587253547916287,-27.587253547916287,-10.075088241821337,-10.075088241821337,-10.075088241821337,-17.512165306094946,-17.512165306094946,-17.512165306094946,0.0,0.0,0.0,3227.6792182595664
2022-09-02,3253.16078251513,3091.786334783414,3354.3648960589935,3253.16078251513,3253.16078251513,-28.368659548008843,-28.368659548008843,-28.368659548008843,-11.600021620754793,-11.600021620754793,-11.600021620754793,-16.768637927254048,-16.768637927254048,-16.768637927254048,0.0,0.0,0.0,3224.792122967121
2022-09-05,3246.8437146380734,3101.9163377409404,3350.901835120131,3246.8437146380734,3246.8437146380734,-25.390419103747696,-25.390419103747696,-25.390419103747696,-11.31873997532522,-11.31873997532522,-11.31873997532522,-14.071679128422474,-14.071679128422474,-14.071679128422474,0.0,0.0,0.0,3221.4532955343257
2022-09-06,3244.7380253457213,3090.4900540317194,3353.783440478456,3244.7380253457213,3244.7380253457213,-22.775980485865023,-22.775980485865023,-22.775980485865023,-9.813608091943387,-9.813608091943387,-9.813608091943387,-12.962372393921639,-12.962372393921639,-12.962372393921639,0.0,0.0,0.0,3221.962044859856
2022-09-07,3242.632336053369,3076.4873883135897,3352.608876698438,3242.632336053369,3242.632336053369,-20.161474904599363,-20.161474904599363,-20.161474904599363,-8.435019098216554,-8.435019098216554,-8.435019098216554,-11.726455806382809,-11.726455806382809,-11.726455806382809,0.0,0.0,0.0,3222.4708611487695
2022-09-08,3240.5266467610168,3085.723143625229,3356.17450306598,3240.5266467610168,3240.5266467610168,-20.43048992933493,-20.43048992933493,-20.43048992933493,-10.075088241776657,-10.075088241776657,-10.075088241776657,-10.35540168755827,-10.35540168755827,-10.35540168755827,0.0,0.0,0.0,3220.096156831682
2022-09-09,3238.4209574686647,3083.858683301033,3337.745198519907,3238.4209574686647,3238.4209574686647,-20.44402730860269,-20.44402730860269,-20.44402730860269,-11.600021620728105,-11.600021620728105,-11.600021620728105,-8.844005687874581,-8.844005687874581,-8.844005687874581,0.0,0.0,0.0,3217.9769301600622
2022-09-12,3232.1038895916076,3086.8439726937663,3349.3177112965373,3232.1038895916076,3232.1038895916076,-14.78893516270711,-14.78893516270711,-14.78893516270711,-11.31873997534922,-11.31873997534922,-11.31873997534922,-3.47019518735789,-3.47019518735789,-3.47019518735789,0.0,0.0,0.0,3217.3149544289004
2022-09-13,3229.9982002992556,3097.78533313662,3354.9951503739126,3229.9982002992556,3229.9982002992556,-11.232587248636833,-11.232587248636833,-11.232587248636833,-9.813608091903795,-9.813608091903795,-9.813608091903795,-1.4189791567330383,-1.4189791567330383,-1.4189791567330383,0.0,0.0,0.0,3218.765613050619
2022-09-14,3227.8925110069035,3084.803350442794,3345.18410408312,3227.8925110069035,3227.8925110069035,-7.692492667347952,-7.692492667347952,-7.692492667347952,-8.435019098260772,-8.435019098260772,-8.435019098260772,0.7425264309128218,0.7425264309128218,0.7425264309128218,0.0,0.0,0.0,3220.2000183395558
2022-09-15,3225.786821714551,3093.971935014765,3359.2169624035178,3225.786821714551,3225.786821714551,-7.078298661178937,-7.078298661178937,-7.078298661178937,-10.075088241806153,-10.075088241806153,-10.075088241806153,2.9967895806272162,2.9967895806272162,2.9967895806272162,0.0,0.0,0.0,3218.708523053372
2022-09-16,3225.5287852715574,3089.484051271286,3355.2283792642816,3225.5287852715574,3225.5287852715574,-6.277343492549142,-6.277343492549142,-6.277343492549142,-11.600021620763698,-11.600021620763698,-11.600021620763698,5.322678128214556,5.322678128214556,5.322678128214556,0.0,0.0,0.0,3219.251441779008
2022-09-19,3224.7546759425777,3098.374193312354,3360.1751062772814,3224.7546759425777,3224.7546759425777,1.1518749609231276,1.1518749609231276,1.1518749609231276,-11.318739975388096,-11.318739975388096,-11.318739975388096,12.470614936311224,12.470614936311224,12.470614936311224,0.0,0.0,0.0,3225.906550903501
2022-09-20,3224.4966394995845,3090.4355146089033,3354.3486811686744,3224.4966394995845,3224.4966394995845,4.9964678588671605,4.9964678588671605,4.9964678588671605,-9.813608091909147,-9.813608091909147,-9.813608091909147,14.810075950776309,14.810075950776309,14.810075950776309,0.0,0.0,0.0,3229.4931073584517
2022-09-21,3224.2386030565917,3099.088905201163,3373.4220277689255,3224.2386030565917,3224.2386030565917,8.637830369066588,8.637830369066588,8.637830369066588,-8.43501909823889,-8.43501909823889,-8.43501909823889,17.072849467305478,17.072849467305478,17.072849467305478,0.0,0.0,0.0,3232.8764334256584
2022-09-22,3223.980566613598,3098.295403334701,3372.2538475112065,3223.980566613598,3223.980566613598,9.148827421636245,9.148827421636245,9.148827421636245,-10.075088241835651,-10.075088241835651,-10.075088241835651,19.223915663471896,19.223915663471896,19.223915663471896,0.0,0.0,0.0,3233.1293940352343
2022-09-23,3223.722530170605,3107.9873930814006,3370.317369039926,3223.722530170605,3223.722530170605,9.627745942758185,9.627745942758185,9.627745942758185,-11.60002162073701,-11.60002162073701,-11.60002162073701,21.227767563495195,21.227767563495195,21.227767563495195,0.0,0.0,0.0,3233.350276113363
2022-09-26,3222.948420841625,3114.520976758821,3361.630083421064,3222.948420841625,3222.948420841625,14.68815638709529,14.68815638709529,14.68815638709529,-11.318739975412099,-11.318739975412099,-11.318739975412099,26.006896362507387,26.006896362507387,26.006896362507387,0.0,0.0,0.0,3237.6365772287204
2022-09-27,3222.690384398632,3109.572401449019,3366.1281122293253,3222.690384398632,3222.690384398632,17.26560050939652,17.26560050939652,17.26560050939652,-9.81360809194138,-9.81360809194138,-9.81360809194138,27.079208601337903,27.079208601337903,27.079208601337903,0.0,0.0,0.0,3239.9559849080283
2022-09-28,3222.4323479556383,3103.517087002619,3378.797109486492,3222.4323479556383,3222.4323479556383,19.40660601287928,19.40660601287928,19.40660601287928,-8.435019098217005,-8.435019098217005,-8.435019098217005,27.841625111096285,27.841625111096285,27.841625111096285,0.0,0.0,0.0,3241.8389539685177
2022-09-29,3222.174311512645,3105.1436376793777,3370.707552578145,3222.174311512645,3222.174311512645,18.19384888482569,18.19384888482569,18.19384888482569,-10.07508824179097,-10.07508824179097,-10.07508824179097,28.26893712661666,28.26893712661666,28.26893712661666,0.0,0.0,0.0,3240.368160397471
2022-09-30,3221.916275069652,3105.828352342869,3368.2169258704903,3221.916275069652,3221.916275069652,16.739678854089217,16.739678854089217,16.739678854089217,-11.60002162077788,-11.60002162077788,-11.60002162077788,28.339700474867094,28.339700474867094,28.339700474867094,0.0,0.0,0.0,3238.655953923741
2022-10-03,3221.142165740672,3108.201872916155,3377.721051913277,3221.142165740672,3221.142165740672,14.945318652130494,14.945318652130494,14.945318652130494,-11.3187399754361,-11.3187399754361,-11.3187399754361,26.26405862756659,26.26405862756659,26.26405862756659,0.0,0.0,0.0,3236.0874843928027
2022-10-04,3220.8841292976786,3102.2585680547895,3369.458202474722,3220.8841292976786,3220.8841292976786,14.970738135811988,14.970738135811988,14.970738135811988,-9.813608091946726,-9.813608091946726,-9.813608091946726,24.784346227758714,24.784346227758714,24.784346227758714,0.0,0.0,0.0,3235.8548674334907
2022-10-06,3220.3680564116926,3098.459273371333,3366.781552860129,3220.3680564116926,3220.3680564116926,10.57760317279793,10.57760317279793,10.57760317279793,-10.075088241820467,-10.075088241820467,-10.075088241820467,20.652691414618396,20.652691414618396,20.652691414618396,0.0,0.0,0.0,3230.9456595844904
2022-10-07,3220.1100199686994,3095.302791911262,3362.7635324146077,3220.1100199686994,3220.1100199686994,6.422653306780196,6.422653306780196,6.422653306780196,-11.600021620751193,-11.600021620751193,-11.600021620751193,18.02267492753139,18.02267492753139,18.02267492753139,0.0,0.0,0.0,3226.5326732754797
2022-10-10,3219.3359106397193,3085.4579202113023,3353.5000977981667,3219.3359106397193,3219.3359106397193,-3.2025616727821533,-3.2025616727821533,-3.2025616727821533,-11.318739975474974,-11.318739975474974,-11.318739975474974,8.11617830269282,8.11617830269282,8.11617830269282,0.0,0.0,0.0,3216.1333489669373
2022-10-11,3219.077874196726,3073.92255914273,3338.412142793592,3219.077874196726,3219.077874196726,-5.577199881644292,-5.577199881644292,-5.577199881644292,-9.813608091907136,-9.813608091907136,-9.813608091907136,4.236408210262846,4.236408210262846,4.236408210262846,0.0,0.0,0.0,3213.5006743150816
2022-10-12,3218.819837753733,3070.655453158239,3338.8233473730916,3218.819837753733,3218.819837753733,-8.30954495717479,-8.30954495717479,-8.30954495717479,-8.435019098210889,-8.435019098210889,-8.435019098210889,0.12547414103609922,0.12547414103609922,0.12547414103609922,0.0,0.0,0.0,3210.510292796558
2022-10-13,3218.5618013107396,3076.614111164951,3332.163473538285,3218.5618013107396,3218.5618013107396,-14.251954619777786,-14.251954619777786,-14.251954619777786,-10.07508824178051,-10.07508824178051,-10.07508824178051,-4.176866377997277,-4.176866377997277,-4.176866377997277,0.0,0.0,0.0,3204.309846690962
2022-10-14,3218.3037648677464,3071.2406105711584,3340.6480836076335,3218.3037648677464,3218.3037648677464,-20.228237840879196,-20.228237840879196,-20.228237840879196,-11.600021620724506,-11.600021620724506,-11.600021620724506,-8.628216220154691,-8.628216220154691,-8.628216220154691,0.0,0.0,0.0,3198.0755270268673
2022-10-17,3217.5296555387667,3052.6126707340854,3325.5490048614283,3217.5296555387667,3217.5296555387667,-33.74514145750043,-33.74514145750043,-33.74514145750043,-11.318739975498978,-11.318739975498978,-11.318739975498978,-22.42640148200146,-22.42640148200146,-22.42640148200146,0.0,0.0,0.0,3183.7845140812665
2022-10-18,3217.2716190957735,3040.6928262812403,3300.5890027058767,3217.2716190957735,3217.2716190957735,-36.833586718637015,-36.833586718637015,-36.833586718637015,-9.813608091912483,-9.813608091912483,-9.813608091912483,-27.019978626724527,-27.019978626724527,-27.019978626724527,0.0,0.0,0.0,3180.4380323771366
2022-10-19,3217.0135826527803,3039.9766274920585,3314.8576666527883,3217.0135826527803,3217.0135826527803,-39.96919500609039,-39.96919500609039,-39.96919500609039,-8.435019098189,-8.435019098189,-8.435019098189,-31.534175907901382,-31.534175907901382,-31.534175907901382,0.0,0.0,0.0,3177.0443876466898
2022-10-20,3216.755546209787,3040.530690266206,3305.900207927295,3216.755546209787,3216.755546209787,-45.999886278010685,-45.999886278010685,-45.999886278010685,-10.075088241810004,-10.075088241810004,-10.075088241810004,-35.924798036200684,-35.924798036200684,-35.924798036200684,0.0,0.0,0.0,3170.7556599317763
2022-10-21,3216.497509766794,3037.6046840030426,3297.86446799446,3216.497509766794,3216.497509766794,-51.74968426227972,-51.74968426227972,-51.74968426227972,-11.600021620765377,-11.600021620765377,-11.600021620765377,-40.14966264151434,-40.14966264151434,-40.14966264151434,0.0,0.0,0.0,3164.7478255045144
2022-10-24,3215.723400437814,3019.5337422630128,3278.7162680714564,3215.723400437814,3215.723400437814,-62.7685198946187,-62.7685198946187,-62.7685198946187,-11.318739975372145,-11.318739975372145,-11.318739975372145,-51.44977991924655,-51.44977991924655,-51.44977991924655,0.0,0.0,0.0,3152.954880543195
2022-10-25,3215.4653639948206,3017.980606411593,3272.862297920454,3215.4653639948206,3215.4653639948206,-64.46257711881589,-64.46257711881589,-64.46257711881589,-9.813608091917832,-9.813608091917832,-9.813608091917832,-54.64896902689805,-54.64896902689805,-54.64896902689805,0.0,0.0,0.0,3151.002786876005
2022-10-27,3214.949291108834,3010.5127346824947,3274.7058752420467,3214.949291108834,3214.949291108834,-70.11676110021826,-70.11676110021826,-70.11676110021826,-10.075088241765327,-10.075088241765327,-10.075088241765327,-60.041672858452934,-60.041672858452934,-60.041672858452934,0.0,0.0,0.0,3144.832530008616
2022-10-28,3214.6912546658405,3000.623409389562,3267.47950295853,3214.6912546658405,3214.6912546658405,-73.79926802723571,-73.79926802723571,-73.79926802723571,-11.60002162073869,-11.60002162073869,-11.60002162073869,-62.19924640649703,-62.19924640649703,-62.19924640649703,0.0,0.0,0.0,3140.891986638605
2022-10-31,3213.9171453368613,3004.4834438991493,3263.9501904533167,3213.9171453368613,3213.9171453368613,-77.71699139213425,-77.71699139213425,-77.71699139213425,-11.318739975396147,-11.318739975396147,-11.318739975396147,-66.39825141673809,-66.39825141673809,-66.39825141673809,0.0,0.0,0.0,3136.200153944727
2022-11-01,3213.659108893868,3009.8058399904257,3263.758643341192,3213.659108893868,3213.659108893868,-76.84709372053925,-76.84709372053925,-76.84709372053925,-9.813608091950067,-9.813608091950067,-9.813608091950067,-67.03348562858919,-67.03348562858919,-67.03348562858919,0.0,0.0,0.0,3136.8120151733287
2022-11-02,3213.401072450875,3008.006681509809,3264.7826369965187,3213.401072450875,3213.401072450875,-75.72889132369234,-75.72889132369234,-75.72889132369234,-8.435019098211333,-8.435019098211333,-8.435019098211333,-67.29387222548101,-67.29387222548101,-67.29387222548101,0.0,0.0,0.0,3137.6721811271823
2022-11-03,3213.143036007881,3003.414737713688,3266.5531536639905,3213.143036007881,3213.143036007881,-77.26472914990413,-77.26472914990413,-77.26472914990413,-10.075088241794825,-10.075088241794825,-10.075088241794825,-67.1896409081093,-67.1896409081093,-67.1896409081093,0.0,0.0,0.0,3135.878306857977
2022-11-04,3212.884999564888,3001.117488811927,3255.7259255825666,3212.884999564888,3212.884999564888,-78.33442920191345,-78.33442920191345,-78.33442920191345,-11.600021620774285,-11.600021620774285,-11.600021620774285,-66.73440758113917,-66.73440758113917,-66.73440758113917,0.0,0.0,0.0,3134.5505703629747
2022-11-07,3212.1108902359083,3000.991187114015,3269.5044087140877,3212.1108902359083,3212.1108902359083,-74.75966124265743,-74.75966124265743,-74.75966124265743,-11.318739975435019,-11.318739975435019,-11.318739975435019,-63.4409212672224,-63.4409212672224,-63.4409212672224,0.0,0.0,0.0,3137.351228993251
2022-11-09,3211.594817349922,3011.8965575443076,3280.8114633320624,3211.594817349922,3211.594817349922,-68.2884696488564,-68.2884696488564,-68.2884696488564,-8.435019098227107,-8.435019098227107,-8.435019098227107,-59.8534505506293,-59.8534505506293,-59.8534505506293,0.0,0.0,0.0,3143.3063477010655
2022-11-10,3211.3367809069287,3018.729174000349,3278.840384400902,3211.3367809069287,3211.3367809069287,-67.78869699847564,-67.78869699847564,-67.78869699847564,-10.075088241824321,-10.075088241824321,-10.075088241824321,-57.713608756651325,-57.713608756651325,-57.713608756651325,0.0,0.0,0.0,3143.548083908453
2022-11-11,3211.0787444639354,3016.8423534622916,3273.4167841853186,3211.0787444639354,3211.0787444639354,-66.9762241222329,-66.9762241222329,-66.9762241222329,-11.600021620747595,-11.600021620747595,-11.600021620747595,-55.37620250148532,-55.37620250148532,-55.37620250148532,0.0,0.0,0.0,3144.1025203417025
2022-11-14,3210.304635134956,3027.907731576282,3284.8338756749254,3210.304635134956,3210.304635134956,-58.74215810749311,-58.74215810749311,-58.74215810749311,-11.318739975459023,-11.318739975459023,-11.318739975459023,-47.423418132034094,-47.423418132034094,-47.423418132034094,0.0,0.0,0.0,3151.5624770274626
2022-11-15,3210.046598691962,3018.976063896478,3273.40140822734,3210.046598691962,3210.046598691962,-54.35018385184409,-54.35018385184409,-54.35018385184409,-9.813608091960763,-9.813608091960763,-9.813608091960763,-44.536575759883334,-44.536575759883334,-44.536575759883334,0.0,0.0,0.0,3155.696414840118
2022-11-16,3209.788562248969,3037.1510970780255,3288.592897948161,3209.788562248969,3209.788562248969,-50.00256973089781,-50.00256973089781,-50.00256973089781,-8.435019098205224,-8.435019098205224,-8.435019098205224,-41.567550632692594,-41.567550632692594,-41.567550632692594,0.0,0.0,0.0,3159.785992518071
2022-11-17,3209.5305258059757,3030.4696379156553,3294.3496959319014,3209.5305258059757,3209.5305258059757,-48.61059220825242,-48.61059220825242,-48.61059220825242,-10.07508824177964,-10.07508824177964,-10.07508824177964,-38.53550396647278,-38.53550396647278,-38.53550396647278,0.0,0.0,0.0,3160.9199335977232
2022-11-18,3209.2724893629825,3027.96349290298,3299.271242818833,3209.2724893629825,3209.2724893629825,-47.057850699941476,-47.057850699941476,-47.057850699941476,-11.600021620720911,-11.600021620720911,-11.600021620720911,-35.457829079220566,-35.457829079220566,-35.457829079220566,0.0,0.0,0.0,3162.214638663041
2022-11-21,3208.4983800340024,3029.8163167178445,3303.643851352139,3208.4983800340024,3208.4983800340024,-37.415393562969854,-37.415393562969854,-37.415393562969854,-11.318739975483025,-11.318739975483025,-11.318739975483025,-26.096653587486827,-26.096653587486827,-26.096653587486827,0.0,0.0,0.0,3171.0829864710327
2022-11-22,3208.240343591009,3049.3831273558785,3305.221389711004,3208.240343591009,3208.240343591009,-32.78607215623035,-32.78607215623035,-32.78607215623035,-9.813608091921171,-9.813608091921171,-9.813608091921171,-22.97246406430918,-22.97246406430918,-22.97246406430918,0.0,0.0,0.0,3175.454271434779
2022-11-23,3207.9823071480164,3050.4656900989803,3311.4544746005486,3207.9823071480164,3207.9823071480164,-28.296138975111617,-28.296138975111617,-28.296138975111617,-8.435019098249441,-8.435019098249441,-8.435019098249441,-19.861119876862176,-19.861119876862176,-19.861119876862176,0.0,0.0,0.0,3179.6861681729047
2022-11-24,3207.724270705023,3047.5450922922214,3304.807291309757,3207.724270705023,3207.724270705023,-26.84387768802455,-26.84387768802455,-26.84387768802455,-10.075088241809137,-10.075088241809137,-10.075088241809137,-16.768789446215408,-16.768789446215408,-16.768789446215408,0.0,0.0,0.0,3180.880393016999
2022-11-25,3207.46623426203,3051.3316194955714,3314.672945627244,3207.46623426203,3207.46623426203,-25.300028133909176,-25.300028133909176,-25.300028133909176,-11.600021620756499,-11.600021620756499,-11.600021620756499,-13.700006513152678,-13.700006513152678,-13.700006513152678,0.0,0.0,0.0,3182.166206128121
2022-11-28,3206.69212493305,3060.8401656586184,3317.783265479924,3206.69212493305,3206.69212493305,-15.977377554697485,-15.977377554697485,-15.977377554697485,-11.318739975356191,-11.318739975356191,-11.318739975356191,-4.658637579341293,-4.658637579341293,-4.658637579341293,0.0,0.0,0.0,3190.7147473783525
2022-11-29,3206.4340884900566,3072.415913104276,3313.53888809182,3206.4340884900566,3206.4340884900566,-11.515172474971186,-11.515172474971186,-11.515172474971186,-9.81360809192652,-9.81360809192652,-9.81360809192652,-1.7015643830446634,-1.7015643830446634,-1.7015643830446634,0.0,0.0,0.0,3194.9189160150854
2022-11-30,3206.176051936739,3058.4571080584915,3329.238108365285,3206.176051936739,3206.176051936739,-7.20616979637806,-7.20616979637806,-7.20616979637806,-8.435019098227553,-8.435019098227553,-8.435019098227553,1.2288493018494926,1.2288493018494926,1.2288493018494926,0.0,0.0,0.0,3198.969882140361
2022-12-01,3205.9180153834213,3058.512435100059,3330.776086938754,3205.9180153834213,3205.9180153834213,-5.940233362353722,-5.940233362353722,-5.940233362353722,-10.07508824176918,-10.07508824176918,-10.07508824176918,4.134854879415458,4.134854879415458,4.134854879415458,0.0,0.0,0.0,3199.9777820210675
2022-12-02,3205.6599788301037,3081.0196688142987,3328.8170270746277,3205.6599788301037,3205.6599788301037,-4.580681476353809,-4.580681476353809,-4.580681476353809,-11.600021620729812,-11.600021620729812,-11.600021620729812,7.019340144376004,7.019340144376004,7.019340144376004,0.0,0.0,0.0,3201.07929735375
2022-12-05,3204.8858691701507,3077.6912832712646,3346.397422211075,3204.8858691701507,3204.8858691701507,4.261061607249091,4.261061607249091,4.261061607249091,-11.318739975380195,-11.318739975380195,-11.318739975380195,15.579801582629287,15.579801582629287,15.579801582629287,0.0,0.0,0.0,3209.1469307774
2022-12-06,3204.627832616833,3089.963955348492,3336.5660391325423,3204.627832616833,3204.627832616833,8.602525068103555,8.602525068103555,8.602525068103555,-9.813608091958756,-9.813608091958756,-9.813608091958756,18.41613316006231,18.41613316006231,18.41613316006231,0.0,0.0,0.0,3213.2303576849367
2022-12-07,3204.3697960635154,3095.1130450416467,3344.2170922581613,3204.3697960635154,3204.3697960635154,12.816456263713038,12.816456263713038,12.816456263713038,-8.435019098205672,-8.435019098205672,-8.435019098205672,21.25147536191871,21.25147536191871,21.25147536191871,0.0,0.0,0.0,3217.1862523272284
2022-12-08,3204.1117595101978,3091.584360957675,3354.0523441703285,3204.1117595101978,3204.1117595101978,14.015595663457548,14.015595663457548,14.015595663457548,-10.075088241798674,-10.075088241798674,-10.075088241798674,24.090683905256224,24.090683905256224,24.090683905256224,0.0,0.0,0.0,3218.1273551736554
2022-12-09,3203.85372295688,3100.120771266418,3356.849070161178,3203.85372295688,3203.85372295688,15.338753497539633,15.338753497539633,15.338753497539633,-11.600021620770683,-11.600021620770683,-11.600021620770683,26.938775118310314,26.938775118310314,26.938775118310314,0.0,0.0,0.0,3219.1924764544196
2022-12-12,3203.0796132969267,3107.4666885839624,3365.04748185773,3203.0796132969267,3203.0796132969267,24.269866680964945,24.269866680964945,24.269866680964945,-11.318739975404197,-11.318739975404197,-11.318739975404197,35.588606656369144,35.588606656369144,35.588606656369144,0.0,0.0,0.0,3227.349479977892
2022-12-13,3202.821576743609,3103.1433849761756,3362.9586013958515,3202.821576743609,3202.821576743609,28.711514680017885,28.711514680017885,28.711514680017885,-9.813608091964102,-9.813608091964102,-9.813608091964102,38.52512277198199,38.52512277198199,38.52512277198199,0.0,0.0,0.0,3231.533091423627
2022-12-14,3202.5635401902914,3110.4497766260647,3376.894434263585,3202.5635401902914,3202.5635401902914,33.062546548519194,33.062546548519194,33.062546548519194,-8.43501909824989,-8.43501909824989,-8.43501909824989,41.49756564676909,41.49756564676909,41.49756564676909,0.0,0.0,0.0,3235.6260867388105
2022-12-15,3202.3055036369738,3111.6770373259424,3372.6970849348913,3202.3055036369738,3202.3055036369738,34.43656598027552,34.43656598027552,34.43656598027552,-10.075088241828173,-10.075088241828173,-10.075088241828173,44.51165422210369,44.51165422210369,44.51165422210369,0.0,0.0,0.0,3236.7420696172494
2022-12-16,3202.047467083656,3116.805422714613,3374.143391191354,3202.047467083656,3202.047467083656,35.97313744820416,35.97313744820416,35.97313744820416,-11.600021620743998,-11.600021620743998,-11.600021620743998,47.573159068948165,47.573159068948165,47.573159068948165,0.0,0.0,0.0,3238.02060453186
2022-12-19,3201.273357423703,3118.70673737752,3385.9287896507517,3201.273357423703,3201.273357423703,45.780925596249155,45.780925596249155,45.780925596249155,-11.31873997544307,-11.31873997544307,-11.31873997544307,57.09966557169222,57.09966557169222,57.09966557169222,0.0,0.0,0.0,3247.0542830199524
2022-12-20,3201.0153208703855,3123.764713117079,3388.0173314194553,3201.0153208703855,3201.0153208703855,50.594191817260175,50.594191817260175,50.594191817260175,-9.813608091924513,-9.813608091924513,-9.813608091924513,60.407799909184696,60.407799909184696,60.407799909184696,0.0,0.0,0.0,3251.6095126876457
2022-12-21,3200.757284317068,3130.95562523134,3387.212751477247,3200.757284317068,3200.757284317068,55.35598643595119,55.35598643595119,55.35598643595119,-8.435019098228,-8.435019098228,-8.435019098228,63.79100553417919,63.79100553417919,63.79100553417919,0.0,0.0,0.0,3256.113270753019
2022-12-22,3200.49924776375,3128.143966323458,3390.4754833001807,3200.49924776375,3200.49924776375,57.1788932099011,57.1788932099011,57.1788932099011,-10.075088241788213,-10.075088241788213,-10.075088241788213,67.25398145168931,67.25398145168931,67.25398145168931,0.0,0.0,0.0,3257.6781409736514
2022-12-23,3200.2412112104325,3131.9403634132573,3396.24642468087,3200.2412112104325,3200.2412112104325,59.20086909796354,59.20086909796354,59.20086909796354,-11.600021620717312,-11.600021620717312,-11.600021620717312,70.80089071868086,70.80089071868086,70.80089071868086,0.0,0.0,0.0,3259.4420803083963
2022-12-26,3199.467101550479,3147.090178738766,3403.265056538084,3199.467101550479,3199.467101550479,70.65729762801438,70.65729762801438,70.65729762801438,-11.318739975467073,-11.318739975467073,-11.318739975467073,81.97603760348143,81.97603760348143,81.97603760348143,0.0,0.0,0.0,3270.1243991784936
2022-12-27,3199.2090649971615,3143.821143008167,3408.3355837644244,3199.2090649971615,3199.2090649971615,76.0713393812429,76.0713393812429,76.0713393812429,-9.81360809192986,-9.81360809192986,-9.81360809192986,85.88494747317276,85.88494747317276,85.88494747317276,0.0,0.0,0.0,3275.2804043784045
2022-12-28,3198.951028443844,3154.2485206473953,3418.323682554804,3198.951028443844,3198.951028443844,81.45089140368346,81.45089140368346,81.45089140368346,-8.435019098243773,-8.435019098243773,-8.435019098243773,89.88591050192723,89.88591050192723,89.88591050192723,0.0,0.0,0.0,3280.401919847527
2022-12-29,3198.692991890526,3150.104843142477,3414.5418900257473,3198.692991890526,3198.692991890526,83.90201457090123,83.90201457090123,83.90201457090123,-10.075088241817712,-10.075088241817712,-10.075088241817712,93.97710281271895,93.97710281271895,93.97710281271895,0.0,0.0,0.0,3282.5950064614276
2022-12-30,3198.4349553372085,3150.0359279925483,3422.086214445296,3198.4349553372085,3198.4349553372085,86.55526931734117,86.55526931734117,86.55526931734117,-11.600021620758183,-11.600021620758183,-11.600021620758183,98.15529093809934,98.15529093809934,98.15529093809934,0.0,0.0,0.0,3284.99022465455
2023-01-02,3197.6608456772556,3169.5941734306916,3423.8466804538766,3197.6608456772556,3197.6608456772556,99.83813636476182,99.83813636476182,99.83813636476182,-11.31873997534024,-11.31873997534024,-11.31873997534024,111.15687634010206,111.15687634010206,111.15687634010206,0.0,0.0,0.0,3297.4989820420174
2023-01-03,3197.402809123938,3170.1642302439222,3431.5187787711625,3197.402809123938,3197.402809123938,105.80668903439188,105.80668903439188,105.80668903439188,-9.813608091935208,-9.813608091935208,-9.813608091935208,115.62029712632709,115.62029712632709,115.62029712632709,0.0,0.0,0.0,3303.20949815833
2023-01-04,3197.1447725706203,3179.8785563422753,3437.7116313511187,3197.1447725706203,3197.1447725706203,111.69652649956448,111.69652649956448,111.69652649956448,-8.43501909822189,-8.43501909822189,-8.43501909822189,120.13154559778637,120.13154559778637,120.13154559778637,0.0,0.0,0.0,3308.841299070185
2023-01-05,3196.886736017302,3184.0568666220524,3440.0489107599005,3196.886736017302,3196.886736017302,114.6031131605206,114.6031131605206,114.6031131605206,-10.075088241773031,-10.075088241773031,-10.075088241773031,124.67820140229364,124.67820140229364,124.67820140229364,0.0,0.0,0.0,3311.4898491778226
2023-01-06,3196.6286994639845,3181.6699236790073,3438.565929422624,3196.6286994639845,3196.6286994639845,117.64643923977349,117.64643923977349,117.64643923977349,-11.600021620731496,-11.600021620731496,-11.600021620731496,129.24646086050498,129.24646086050498,129.24646086050498,0.0,0.0,0.0,3314.275138703758
2023-01-09,3195.8545898040315,3199.264613851591,3460.217093064577,3195.8545898040315,3195.8545898040315,131.606115765077,131.606115765077,131.606115765077,-11.318739975364243,-11.318739975364243,-11.318739975364243,142.92485574044127,142.92485574044127,142.92485574044127,0.0,0.0,0.0,3327.4607055691085
2023-01-10,3195.5965532507134,3206.1219994785924,3459.796462789043,3195.5965532507134,3195.5965532507134,137.60509826101026,137.60509826101026,137.60509826101026,-9.813608091895619,-9.813608091895619,-9.813608091895619,147.41870635290584,147.41870635290584,147.41870635290584,0.0,0.0,0.0,3333.201651511724
2023-01-11,3195.338516697396,3217.105356258194,3476.2058803451696,3195.338516697396,3195.338516697396,143.41459880183191,143.41459880183191,143.41459880183191,-8.435019098200002,-8.435019098200002,-8.435019098200002,151.84961790003194,151.84961790003194,151.84961790003194,0.0,0.0,0.0,3338.7531154992275
2023-01-12,3195.080480144078,3210.4067843643843,3470.878180119358,3195.080480144078,3195.080480144078,146.1238470546942,146.1238470546942,146.1238470546942,-10.075088241802527,-10.075088241802527,-10.075088241802527,156.19893529649673,156.19893529649673,156.19893529649673,0.0,0.0,0.0,3341.2043271987723
2023-01-13,3194.8224435907605,3210.4183190372987,3463.8027453634368,3194.8224435907605,3194.8224435907605,148.84792043521375,148.84792043521375,148.84792043521375,-11.600021620767087,-11.600021620767087,-11.600021620767087,160.44794205598083,160.44794205598083,160.44794205598083,0.0,0.0,0.0,3343.6703640259743
2023-01-16,3194.0483339308075,3233.9105226288843,3484.8812302145675,3194.0483339308075,3194.0483339308075,161.0911333383114,161.0911333383114,161.0911333383114,-11.318739975403115,-11.318739975403115,-11.318739975403115,172.4098733137145,172.4098733137145,172.4098733137145,0.0,0.0,0.0,3355.139467269119
2023-01-17,3193.79029737749,3237.816368186184,3483.295989384947,3193.79029737749,3193.79029737749,166.2636582133186,166.2636582133186,166.2636582133186,-9.813608091900967,-9.813608091900967,-9.813608091900967,176.07726630521955,176.07726630521955,176.07726630521955,0.0,0.0,0.0,3360.0539555908085
2023-01-18,3193.532260824172,3233.4190200721,3499.5882673348087,3193.532260824172,3193.532260824172,171.12269492179652,171.12269492179652,171.12269492179652,-8.435019098215776,-8.435019098215776,-8.435019098215776,179.5577140200123,179.5577140200123,179.5577140200123,0.0,0.0,0.0,3364.654955745969
2023-01-19,3193.2742242708546,3244.3439874165038,3507.5024012754093,3193.2742242708546,3193.2742242708546,172.76156644010123,172.76156644010123,172.76156644010123,-10.075088241832024,-10.075088241832024,-10.075088241832024,182.83665468193325,182.83665468193325,182.83665468193325,0.0,0.0,0.0,3366.035790710956
2023-01-20,3193.016187717537,3235.5393178745408,3499.8985512337044,3193.016187717537,3193.016187717537,174.30077679161505,174.30077679161505,174.30077679161505,-11.600021620740401,-11.600021620740401,-11.600021620740401,185.90079841235544,185.90079841235544,185.90079841235544,0.0,0.0,0.0,3367.316964509152
2023-01-23,3192.2420780575835,3247.7897304823996,3505.095813362868,3192.2420780575835,3192.2420780575835,182.37351625561163,182.37351625561163,182.37351625561163,-11.318739975427118,-11.318739975427118,-11.318739975427118,193.69225623103875,193.69225623103875,193.69225623103875,0.0,0.0,0.0,3374.6155943131953
2023-01-24,3191.9840415042663,3252.113487360055,3503.479564462136,3191.9840415042663,3191.9840415042663,185.9785268640191,185.9785268640191,185.9785268640191,-9.813608091933201,-9.813608091933201,-9.813608091933201,195.79213495595232,195.79213495595232,195.79213495595232,0.0,0.0,0.0,3377.9625683682852
2023-01-25,3191.726004950948,3244.892958523103,3524.152173670871,3191.726004950948,3191.726004950948,189.1967139711953,189.1967139711953,189.1967139711953,-8.435019098193893,-8.435019098193893,-8.435019098193893,197.6317330693892,197.6317330693892,197.6317330693892,0.0,0.0,0.0,3380.9227189221433
2023-01-27,3191.209931844313,3243.6349881171277,3511.8084075454517,3191.209931844313,3191.209931844313,188.91116345252692,188.91116345252692,188.91116345252692,-11.600021620781272,-11.600021620781272,-11.600021620781272,200.51118507330818,200.51118507330818,200.51118507330818,0.0,0.0,0.0,3380.12109529684
2023-01-30,3190.43582218436,3255.84360511597,3512.3022229415465,3190.43582218436,3190.43582218436,191.46908400730163,191.46908400730163,191.46908400730163,-11.31873997545112,-11.31873997545112,-11.31873997545112,202.78782398275274,202.78782398275274,202.78782398275274,0.0,0.0,0.0,3381.9049061916617
2023-01-31,3190.1777856310423,3245.9264844495983,3512.690253294989,3190.1777856310423,3190.1777856310423,193.18256238636667,193.18256238636667,193.18256238636667,-9.813608091938548,-9.813608091938548,-9.813608091938548,202.9961704783052,202.9961704783052,202.9961704783052,0.0,0.0,0.0,3383.360348017409
2023-02-01,3189.9197490777246,3249.0084966803674,3513.4656393405257,3189.9197490777246,3189.9197490777246,194.49336010483268,194.49336010483268,194.49336010483268,-8.43501909823811,-8.43501909823811,-8.43501909823811,202.9283792030708,202.9283792030708,202.9283792030708,0.0,0.0,0.0,3384.4131091825575
2023-02-02,3189.661712524407,3238.409418941552,3521.11548005795,3189.661712524407,3189.661712524407,192.5092394247029,192.5092394247029,192.5092394247029,-10.075088241816843,-10.075088241816843,-10.075088241816843,202.58432766651978,202.58432766651978,202.58432766651978,0.0,0.0,0.0,3382.17095194911
2023-02-03,3189.4036759710893,3252.4573571316237,3515.8351067490976,3189.4036759710893,3189.4036759710893,190.3639212950388,190.3639212950388,190.3639212950388,-11.600021620754585,-11.600021620754585,-11.600021620754585,201.9639429157934,201.9639429157934,201.9639429157934,0.0,0.0,0.0,3379.767597266128
2023-02-06,3188.6295663111364,3253.1259288865217,3511.508423679908,3188.6295663111364,3188.6295663111364,187.12352553557068,187.12352553557068,187.12352553557068,-11.318739975489995,-11.318739975489995,-11.318739975489995,198.44226551106064,198.44226551106064,198.44226551106064,0.0,0.0,0.0,3375.753091846707
2023-02-07,3188.3715297578183,3243.880326905805,3510.1479480508247,3188.3715297578183,3188.3715297578183,186.89924743751635,186.89924743751635,186.89924743751635,-9.813608091898958,-9.813608091898958,-9.813608091898958,196.71285552941532,196.71285552941532,196.71285552941532,0.0,0.0,0.0,3375.2707771953346
2023-02-08,3188.1134932045006,3248.233717038704,3510.9845789769975,3188.1134932045006,3188.1134932045006,186.2689574989415,186.2689574989415,186.2689574989415,-8.435019098216221,-8.435019098216221,-8.435019098216221,194.70397659715772,194.70397659715772,194.70397659715772,0.0,0.0,0.0,3374.382450703442
2023-02-09,3187.8554566511834,3235.6197077422394,3495.685747091705,3187.8554566511834,3187.8554566511834,182.3391280895958,182.3391280895958,182.3391280895958,-10.075088241776886,-10.075088241776886,-10.075088241776886,192.4142163313727,192.4142163313727,192.4142163313727,0.0,0.0,0.0,3370.194584740779
2023-02-10,3189.513553718752,3246.649596481996,3497.3521756666864,3189.513553718752,3189.513553718752,178.2419845228099,178.2419845228099,178.2419845228099,-11.600021620727897,-11.600021620727897,-11.600021620727897,189.8420061435378,189.8420061435378,189.8420061435378,0.0,0.0,0.0,3367.755538241562
2023-02-13,3194.4878449214593,3243.0344889113553,3490.391161678193,3194.4878449214593,3194.4878449214593,169.09683800276244,169.09683800276244,169.09683800276244,-11.318739975513997,-11.318739975513997,-11.318739975513997,180.41557797827645,180.41557797827645,180.41557797827645,0.0,0.0,0.0,3363.584682924222
2023-02-14,3196.1459419890284,3232.1188186561963,3502.51457441081,3196.1459419890284,3196.1459419890284,166.8863736710803,166.8863736710803,166.8863736710803,-9.813608091976128,-9.813608091976128,-9.813608091976128,176.69998176305646,176.69998176305646,176.69998176305646,0.0,0.0,0.0,3363.032315660109
2023-02-15,3197.8040390565975,3225.153757523492,3492.356910566465,3197.8040390565975,3197.8040390565975,164.2624350346052,164.2624350346052,164.2624350346052,-8.435019098194337,-8.435019098194337,-8.435019098194337,172.69745413279955,172.69745413279955,172.69745413279955,0.0,0.0,0.0,3362.0664740912025
2023-02-16,3199.462136124167,3231.9050096025326,3479.37429927437,3199.462136124167,3199.462136124167,158.33426089233805,158.33426089233805,158.33426089233805,-10.075088241806382,-10.075088241806382,-10.075088241806382,168.4093491341444,168.4093491341444,168.4093491341444,0.0,0.0,0.0,3357.796397016505
2023-02-17,3201.1202331917357,3224.8024215290184,3483.0730034263147,3201.1202331917357,3201.1202331917357,152.2383706179347,152.2383706179347,152.2383706179347,-11.600021620768766,-11.600021620768766,-11.600021620768766,163.83839223870345,163.83839223870345,163.83839223870345,0.0,0.0,0.0,3353.3586038096705
2023-02-20,3206.094524394443,3216.109332679691,3483.1467756880206,3206.094524394443,3206.094524394443,137.16329447416055,137.16329447416055,137.16329447416055,-11.318739975387162,-11.318739975387162,-11.318739975387162,148.4820344495477,148.4820344495477,148.4820344495477,0.0,0.0,0.0,3343.2578188686034
2023-02-21,3207.752621462012,3213.3985651771723,3474.5595565646595,3207.752621462012,3207.752621462012,133.03027385884286,133.03027385884286,133.03027385884286,-9.813608091981475,-9.813608091981475,-9.813608091981475,142.8438819508243,142.8438819508243,142.8438819508243,0.0,0.0,0.0,3340.782895320855
2023-02-22,3209.410718529581,3213.131832301835,3476.0434835606147,3209.410718529581,3209.410718529581,128.5313284980433,128.5313284980433,128.5313284980433,-8.435019098238554,-8.435019098238554,-8.435019098238554,136.96634759628188,136.96634759628188,136.96634759628188,0.0,0.0,0.0,3337.9420470276245
2023-02-23,3211.06881559715,3202.4906206166897,3461.117770801032,3211.06881559715,3211.06881559715,120.79052678312439,120.79052678312439,120.79052678312439,-10.075088241761701,-10.075088241761701,-10.075088241761701,130.8656150248861,130.8656150248861,130.8656150248861,0.0,0.0,0.0,3331.8593423802745
2023-02-24,3212.726912664719,3186.0168755211503,3451.97964576307,3212.726912664719,3212.726912664719,112.96066603148213,112.96066603148213,112.96066603148213,-11.600021620736799,-11.600021620736799,-11.600021620736799,124.56068765221895,124.56068765221895,124.56068765221895,0.0,0.0,0.0,3325.687578696201
2023-02-27,3217.701203867426,3178.371275006223,3441.8292624799124,3217.701203867426,3217.701203867426,93.33457011327586,93.33457011327586,93.33457011327586,-11.318739975411168,-11.318739975411168,-11.318739975411168,104.65331008868704,104.65331008868704,104.65331008868704,0.0,0.0,0.0,3311.035773980702
2023-02-28,3219.359300934995,3168.318249001001,3439.7791490201434,3219.359300934995,3219.359300934995,87.96422371189563,87.96422371189563,87.96422371189563,-9.813608091941886,-9.813608091941886,-9.813608091941886,97.77783180383751,97.77783180383751,97.77783180383751,0.0,0.0,0.0,3307.3235246468907
2023-03-01,3221.0173980025647,3175.902632988901,3432.2879944100414,3221.0173980025647,3221.0173980025647,82.39933084849842,82.39933084849842,82.39933084849842,-8.435019098216669,-8.435019098216669,-8.435019098216669,90.8343499467151,90.8343499467151,90.8343499467151,0.0,0.0,0.0,3303.416728851063
2023-03-02,3222.6754950701334,3166.78815478912,3416.795623259536,3222.6754950701334,3222.6754950701334,73.78209387995015,73.78209387995015,73.78209387995015,-10.075088241791198,-10.075088241791198,-10.075088241791198,83.85718212174135,83.85718212174135,83.85718212174135,0.0,0.0,0.0,3296.4575889500834
2023-03-03,3224.3335921377025,3166.4477191777414,3411.082729763578,3224.3335921377025,3224.3335921377025,65.28228933029817,65.28228933029817,65.28228933029817,-11.600021620710116,-11.600021620710116,-11.600021620710116,76.88231095100828,76.88231095100828,76.88231095100828,0.0,0.0,0.0,3289.6158814680007
2023-03-06,3229.3078833404097,3135.810349546738,3409.1643005968276,3229.3078833404097,3229.3078833404097,45.02838763964404,45.02838763964404,45.02838763964404,-11.31873997545004,-11.31873997545004,-11.31873997545004,56.34712761509408,56.34712761509408,56.34712761509408,0.0,0.0,0.0,3274.3362709800535
2023-03-08,3232.624077475548,3132.7318212556565,3389.3987778199016,3232.624077475548,3232.624077475548,34.92658600715498,34.92658600715498,34.92658600715498,-8.435019098232438,-8.435019098232438,-8.435019098232438,43.36160510538742,43.36160510538742,43.36160510538742,0.0,0.0,0.0,3267.550663482703
2023-03-09,3234.2821745431165,3138.601494592388,3394.0628720128716,3234.2821745431165,3234.2821745431165,27.11590096880293,27.11590096880293,27.11590096880293,-10.075088241820694,-10.075088241820694,-10.075088241820694,37.19098921062363,37.19098921062363,37.19098921062363,0.0,0.0,0.0,3261.3980755119196
2023-03-10,3235.9402716106856,3127.455562490667,3384.6315135618597,3235.9402716106856,3235.9402716106856,19.680783924903142,19.680783924903142,19.680783924903142,-11.600021620750987,-11.600021620750987,-11.600021620750987,31.280805545654133,31.280805545654133,31.280805545654133,0.0,0.0,0.0,3255.6210555355888
2023-03-13,3240.9145628133933,3113.0580322443075,3371.851860393083,3240.9145628133933,3240.9145628133933,4.090598167995892,4.090598167995892,4.090598167995892,-11.318739975308336,-11.318739975308336,-11.318739975308336,15.409338143304227,15.409338143304227,15.409338143304227,0.0,0.0,0.0,3245.005160981389
2023-03-14,3242.5726598809624,3111.2380004682823,3374.1693223738007,3242.5726598809624,3242.5726598809624,1.0066252340373616,1.0066252340373616,1.0066252340373616,-9.813608091952586,-9.813608091952586,-9.813608091952586,10.820233325989946,10.820233325989946,10.820233325989946,0.0,0.0,0.0,3243.579285115
2023-03-15,3244.230756948531,3113.7297537687336,3367.339986074372,3244.230756948531,3244.230756948531,-1.8224095903352675,-1.8224095903352675,-1.8224095903352675,-8.435019098210557,-8.435019098210557,-8.435019098210557,6.6126095078752885,6.6126095078752885,6.6126095078752885,0.0,0.0,0.0,3242.408347358196
2023-03-16,3245.8888540161,3106.104784555478,3369.437504469719,3245.8888540161,3245.8888540161,-7.276892582563829,-7.276892582563829,-7.276892582563829,-10.075088241776013,-10.075088241776013,-10.075088241776013,2.7981956592121855,2.7981956592121855,2.7981956592121855,0.0,0.0,0.0,3238.611961433536
2023-03-17,3247.5469510836692,3097.3754848275107,3369.8373994938856,3247.5469510836692,3247.5469510836692,-12.216129259901866,-12.216129259901866,-12.216129259901866,-11.600021620724299,-11.600021620724299,-11.600021620724299,-0.6161076391775686,-0.6161076391775686,-0.6161076391775686,0.0,0.0,0.0,3235.3308218237676
2023-03-20,3252.5212422863765,3109.7267806650884,3362.209545628444,3252.5212422863765,3252.5212422863765,-19.782495673113367,-19.782495673113367,-19.782495673113367,-11.318739975332337,-11.318739975332337,-11.318739975332337,-8.463755697781028,-8.463755697781028,-8.463755697781028,0.0,0.0,0.0,3232.738746613263
2023-03-21,3254.1793393539456,3088.299768402109,3362.5624641433715,3254.1793393539456,3254.1793393539456,-20.12123921925675,-20.12123921925675,-20.12123921925675,-9.813608091912995,-9.813608091912995,-9.813608091912995,-10.307631127343758,-10.307631127343758,-10.307631127343758,0.0,0.0,0.0,3234.0581001346886
2023-03-22,3255.837436421514,3104.340035908878,3364.6137954396936,3255.837436421514,3255.837436421514,-20.22551376990667,-20.22551376990667,-20.22551376990667,-8.435019098254774,-8.435019098254774,-8.435019098254774,-11.790494671651897,-11.790494671651897,-11.790494671651897,0.0,0.0,0.0,3235.6119226516075
2023-03-23,3257.4955334890833,3103.97317364018,3363.025150298257,3257.4955334890833,3257.4955334890833,-23.008940572866422,-23.008940572866422,-23.008940572866422,-10.07508824180551,-10.07508824180551,-10.07508824180551,-12.933852331060912,-12.933852331060912,-12.933852331060912,0.0,0.0,0.0,3234.486592916217
2023-03-24,3259.1536305566524,3107.499966693894,3371.5718334058224,3259.1536305566524,3259.1536305566524,-25.363046201774015,-25.363046201774015,-25.363046201774015,-11.600021620759891,-11.600021620759891,-11.600021620759891,-13.763024581014125,-13.763024581014125,-13.763024581014125,0.0,0.0,0.0,3233.7905843548783
2023-03-27,3264.12792175936,3096.8628212481403,3364.168903981739,3264.12792175936,3264.12792175936,-25.98426935012309,-25.98426935012309,-25.98426935012309,-11.318739975371212,-11.318739975371212,-11.318739975371212,-14.665529374751879,-14.665529374751879,-14.665529374751879,0.0,0.0,0.0,3238.143652409237
2023-03-28,3265.7860188269287,3098.4229980338214,3367.462912762154,3265.7860188269287,3265.7860188269287,-24.36336490311095,-24.36336490311095,-24.36336490311095,-9.813608091918343,-9.813608091918343,-9.813608091918343,-14.549756811192609,-14.549756811192609,-14.549756811192609,0.0,0.0,0.0,3241.422653923818
2023-03-29,3267.444115894498,3114.07342524153,3372.8347877563506,3267.444115894498,3267.444115894498,-22.720271430235368,-22.720271430235368,-22.720271430235368,-8.435019098232889,-8.435019098232889,-8.435019098232889,-14.285252332002477,-14.285252332002477,-14.285252332002477,0.0,0.0,0.0,3244.7238444642626
2023-03-31,3270.760310029636,3118.142350582086,3376.365154814289,3270.760310029636,3270.760310029636,-25.056268606267373,-25.056268606267373,-25.056268606267373,-11.600021620733205,-11.600021620733205,-11.600021620733205,-13.456246985534168,-13.456246985534168,-13.456246985534168,0.0,0.0,0.0,3245.704041423369
2023-04-03,3275.7346012323433,3125.5400978181233,3379.4600140484654,3275.7346012323433,3275.7346012323433,-23.308898462072506,-23.308898462072506,-23.308898462072506,-11.318739975395212,-11.318739975395212,-11.318739975395212,-11.990158486677297,-11.990158486677297,-11.990158486677297,0.0,0.0,0.0,3252.4257027702706
2023-04-05,3279.050795367481,3122.3346776925114,3384.1567859398915,3279.050795367481,3279.050795367481,-19.66735763145997,-19.66735763145997,-19.66735763145997,-8.435019098211004,-8.435019098211004,-8.435019098211004,-11.232338533248967,-11.232338533248967,-11.232338533248967,0.0,0.0,0.0,3259.383437736021
2023-04-06,3280.70889243505,3131.6381833455143,3387.9632855310388,3280.70889243505,3280.70889243505,-21.073007125693117,-21.073007125693117,-21.073007125693117,-10.075088241795049,-10.075088241795049,-10.075088241795049,-10.997918883898068,-10.997918883898068,-10.997918883898068,0.0,0.0,0.0,3259.635885309357
2023-04-10,3287.341280705327,3131.0555622095612,3393.348463749625,3287.341280705327,3287.341280705327,-22.753376695835403,-22.753376695835403,-22.753376695835403,-11.318739975419213,-11.318739975419213,-11.318739975419213,-11.434636720416192,-11.434636720416192,-11.434636720416192,0.0,0.0,0.0,3264.5879040094915
2023-04-11,3288.9993777728955,3139.7076418939005,3396.115870795112,3288.9993777728955,3288.9993777728955,-21.75169002336106,-21.75169002336106,-21.75169002336106,-9.81360809195592,-9.81360809195592,-9.81360809195592,-11.93808193140514,-11.93808193140514,-11.93808193140514,0.0,0.0,0.0,3267.2476877495346
2023-04-12,3290.6574748404646,3143.628035591108,3402.238347917826,3290.6574748404646,3290.6574748404646,-21.04162137926367,-21.04162137926367,-21.04162137926367,-8.435019098255223,-8.435019098255223,-8.435019098255223,-12.606602281008445,-12.606602281008445,-12.606602281008445,0.0,0.0,0.0,3269.615853461201
2023-04-13,3292.3155719080337,3140.7256616835566,3400.17035983848,3292.3155719080337,3292.3155719080337,-23.512994148019377,-23.512994148019377,-23.512994148019377,-10.075088241824545,-10.075088241824545,-10.075088241824545,-13.437905906194828,-13.437905906194828,-13.437905906194828,0.0,0.0,0.0,3268.802577760014
2023-04-17,3298.9479601783096,3145.1325624129727,3400.5546960137076,3298.9479601783096,3298.9479601783096,-29.567909568527526,-29.567909568527526,-29.567909568527526,-11.318739975458088,-11.318739975458088,-11.318739975458088,-18.249169593069436,-18.249169593069436,-18.249169593069436,0.0,0.0,0.0,3269.380050609782
2023-04-18,3300.6060572458787,3144.7304862338306,3401.747285136731,3300.6060572458787,3300.6060572458787,-29.58338245026046,-29.58338245026046,-29.58338245026046,-9.81360809191633,-9.81360809191633,-9.81360809191633,-19.769774358344133,-19.769774358344133,-19.769774358344133,0.0,0.0,0.0,3271.022674795618
2023-04-19,3302.2641543134478,3135.7454203616794,3400.017648326681,3302.2641543134478,3302.2641543134478,-29.826240994065046,-29.826240994065046,-29.826240994065046,-8.435019098233337,-8.435019098233337,-8.435019098233337,-21.39122189583171,-21.39122189583171,-21.39122189583171,0.0,0.0,0.0,3272.437913319383
2023-04-20,3303.9222513810173,3146.137805645519,3398.8951693837234,3303.9222513810173,3303.9222513810173,-33.174381243519065,-33.174381243519065,-33.174381243519065,-10.075088241784586,-10.075088241784586,-10.075088241784586,-23.099293001734477,-23.099293001734477,-23.099293001734477,0.0,0.0,0.0,3270.7478701374985
2023-04-21,3305.5803484485864,3137.211562167383,3397.8501572537575,3305.5803484485864,3305.5803484485864,-36.4799006753727,-36.4799006753727,-36.4799006753727,-11.6000216207207,-11.6000216207207,-11.6000216207207,-24.879879054651994,-24.879879054651994,-24.879879054651994,0.0,0.0,0.0,3269.1004477732135
2023-04-24,3310.5546396512937,3142.593033880151,3401.839154909263,3310.5546396512937,3310.5546396512937,-41.844509774718496,-41.844509774718496,-41.844509774718496,-11.31873997548209,-11.31873997548209,-11.31873997548209,-30.525769799236404,-30.525769799236404,-30.525769799236404,0.0,0.0,0.0,3268.710129876575
2023-04-25,3312.2127367188627,3139.2425436894955,3398.270976189706,3312.2127367188627,3312.2127367188627,-42.28482938692945,-42.28482938692945,-42.28482938692945,-9.813608091921678,-9.813608091921678,-9.813608091921678,-32.47122129500777,-32.47122129500777,-32.47122129500777,0.0,0.0,0.0,3269.9279073319335
2023-04-26,3313.870833786432,3147.0806855630835,3403.438020731103,3313.870833786432,3313.870833786432,-42.868297001711525,-42.868297001711525,-42.868297001711525,-8.435019098183005,-8.435019098183005,-8.435019098183005,-34.43327790352852,-34.43327790352852,-34.43327790352852,0.0,0.0,0.0,3271.00253678472
2023-04-27,3315.528930854001,3147.180452201694,3403.4929687287845,3315.528930854001,3315.528930854001,-46.48059956006566,-46.48059956006566,-46.48059956006566,-10.075088241814083,-10.075088241814083,-10.075088241814083,-36.40551131825158,-36.40551131825158,-36.40551131825158,0.0,0.0,0.0,3269.0483312939355
2023-04-28,3317.18702792157,3138.3760732904198,3401.517829709812,3317.18702792157,3317.18702792157,-49.983401276397416,-49.983401276397416,-49.983401276397416,-11.60002162076157,-11.60002162076157,-11.60002162076157,-38.38337965563584,-38.38337965563584,-38.38337965563584,0.0,0.0,0.0,3267.203626645173
2023-05-02,3323.8194161918464,3132.391630515552,3393.578871580027,3323.8194161918464,3323.8194161918464,-56.1373667221495,-56.1373667221495,-56.1373667221495,-9.813608091927032,-9.813608091927032,-9.813608091927032,-46.32375863022247,-46.32375863022247,-46.32375863022247,0.0,0.0,0.0,3267.6820494696967
2023-05-03,3325.4775132594154,3138.287122845779,3405.753051097194,3325.4775132594154,3325.4775132594154,-56.75804215827498,-56.75804215827498,-56.75804215827498,-8.435019098227224,-8.435019098227224,-8.435019098227224,-48.32302306004776,-48.32302306004776,-48.32302306004776,0.0,0.0,0.0,3268.7194711011402
2023-05-04,3327.1356103269845,3138.709872669051,3395.90418245059,3327.1356103269845,3327.1356103269845,-60.41004157446522,-60.41004157446522,-60.41004157446522,-10.075088241769407,-10.075088241769407,-10.075088241769407,-50.33495333269582,-50.33495333269582,-50.33495333269582,0.0,0.0,0.0,3266.7255687525194
2023-05-05,3328.7937073945536,3140.4248947609685,3391.1547710510704,3328.7937073945536,3328.7937073945536,-63.96433725501578,-63.96433725501578,-63.96433725501578,-11.600021620734882,-11.600021620734882,-11.600021620734882,-52.36431563428089,-52.36431563428089,-52.36431563428089,0.0,0.0,0.0,3264.829370139538
2023-05-08,3333.7679985972604,3137.226495065869,3391.3585371892086,3333.7679985972604,3333.7679985972604,-69.9236620395508,-69.9236620395508,-69.9236620395508,-11.31873997537926,-11.31873997537926,-11.31873997537926,-58.60492206417154,-58.60492206417154,-58.60492206417154,0.0,0.0,0.0,3263.8443365577095
2023-05-09,3335.4260956648295,3143.9896819305554,3390.4143850680557,3335.4260956648295,3335.4260956648295,-70.56305113576208,-70.56305113576208,-70.56305113576208,-9.81360809188744,-9.81360809188744,-9.81360809188744,-60.74944304387464,-60.74944304387464,-60.74944304387464,0.0,0.0,0.0,3264.8630445290673
2023-05-10,3337.0841927323986,3139.7159780578227,3398.399164612378,3337.0841927323986,3337.0841927323986,-71.36539515315668,-71.36539515315668,-71.36539515315668,-8.43501909820534,-8.43501909820534,-8.43501909820534,-62.930376054951346,-62.930376054951346,-62.930376054951346,0.0,0.0,0.0,3265.7187975792417
2023-05-11,3338.7422897999677,3121.436156864704,3393.357743783885,3338.7422897999677,3338.7422897999677,-75.22319959652495,-75.22319959652495,-75.22319959652495,-10.075088241798904,-10.075088241798904,-10.075088241798904,-65.14811135472605,-65.14811135472605,-65.14811135472605,0.0,0.0,0.0,3263.519090203443
2023-05-12,3340.400386867537,3133.1493306994303,3395.783456987337,3340.400386867537,3340.400386867537,-79.00124847896156,-79.00124847896156,-79.00124847896156,-11.600021620770475,-11.600021620770475,-11.600021620770475,-67.40122685819107,-67.40122685819107,-67.40122685819107,0.0,0.0,0.0,3261.399138388575
2023-05-15,3345.374678070244,3136.7446119246115,3398.159169068686,3345.374678070244,3345.374678070244,-85.64650165527183,-85.64650165527183,-85.64650165527183,-11.318739975418131,-11.318739975418131,-11.318739975418131,-74.32776167985368,-74.32776167985368,-74.32776167985368,0.0,0.0,0.0,3259.728176414972
2023-05-16,3347.032775137813,3135.340605277087,3399.861164409991,3347.032775137813,3347.032775137813,-86.47999227477796,-86.47999227477796,-86.47999227477796,-9.813608091892787,-9.813608091892787,-9.813608091892787,-76.66638418288517,-76.66638418288517,-76.66638418288517,0.0,0.0,0.0,3260.552782863035
2023-05-17,3348.690872205382,3134.0115364817498,3394.900736634042,3348.690872205382,3348.690872205382,-87.4364856926144,-87.4364856926144,-87.4364856926144,-8.435019098221108,-8.435019098221108,-8.435019098221108,-79.00146659439329,-79.00146659439329,-79.00146659439329,0.0,0.0,0.0,3261.2543865127677
2023-05-18,3350.3489692729513,3133.94070396472,3394.248826180975,3350.3489692729513,3350.3489692729513,-91.3939713225178,-91.3939713225178,-91.3939713225178,-10.0750882418284,-10.0750882418284,-10.0750882418284,-81.31888308068939,-81.31888308068939,-81.31888308068939,0.0,0.0,0.0,3258.9549979504336
2023-05-19,3352.0070663405204,3126.1930832779117,3390.158487577726,3352.0070663405204,3352.0070663405204,-95.20274918519527,-95.20274918519527,-95.20274918519527,-11.600021620743789,-11.600021620743789,-11.600021620743789,-83.6027275644515,-83.6027275644515,-83.6027275644515,0.0,0.0,0.0,3256.804317155325
2023-05-22,3356.981357543227,3121.164492192946,3395.316016937109,3356.981357543227,3356.981357543227,-101.39200217638289,-101.39200217638289,-101.39200217638289,-11.318739975442137,-11.318739975442137,-11.318739975442137,-90.07326220094076,-90.07326220094076,-90.07326220094076,0.0,0.0,0.0,3255.5893553668443
2023-05-23,3358.6394546107963,3136.970769454923,3395.240425915694,3358.6394546107963,3358.6394546107963,-101.85258325490977,-101.85258325490977,-101.85258325490977,-9.813608091925017,-9.813608091925017,-9.813608091925017,-92.03897516298477,-92.03897516298477,-92.03897516298477,0.0,0.0,0.0,3256.7868713558864
2023-05-24,3360.2975516783654,3128.9245082283182,3381.3537923878043,3360.2975516783654,3360.2975516783654,-102.31140835380529,-102.31140835380529,-102.31140835380529,-8.435019098199223,-8.435019098199223,-8.435019098199223,-93.87638925560607,-93.87638925560607,-93.87638925560607,0.0,0.0,0.0,3257.98614332456
2023-05-25,3361.9556487459345,3131.9624109071688,3385.5805877532994,3361.9556487459345,3361.9556487459345,-105.64151336212093,-105.64151336212093,-105.64151336212093,-10.07508824178372,-10.07508824178372,-10.07508824178372,-95.56642512033721,-95.56642512033721,-95.56642512033721,0.0,0.0,0.0,3256.3141353838137
2023-05-26,3363.613745813503,3132.290915073273,3398.783745318308,3363.613745813503,3363.613745813503,-108.6910626996278,-108.6910626996278,-108.6910626996278,-11.60002162078466,-11.60002162078466,-11.60002162078466,-97.09104107884313,-97.09104107884313,-97.09104107884313,0.0,0.0,0.0,3254.9226831138753
2023-05-29,3368.588037016211,3134.3771639412926,3390.5507026173104,3368.588037016211,3368.588037016211,-111.83599226155935,-111.83599226155935,-111.83599226155935,-11.318739975466139,-11.318739975466139,-11.318739975466139,-100.51725228609321,-100.51725228609321,-100.51725228609321,0.0,0.0,0.0,3256.7520447546513
2023-05-30,3370.24613408378,3122.2446710351173,3400.598785716135,3370.24613408378,3370.24613408378,-111.05011843260131,-111.05011843260131,-111.05011843260131,-9.813608091930366,-9.813608091930366,-9.813608091930366,-101.23651034067093,-101.23651034067093,-101.23651034067093,0.0,0.0,0.0,3259.1960156511786
2023-05-31,3371.904231151349,3139.736779659259,3394.6669485377224,3371.904231151349,3371.904231151349,-110.16628232007942,-110.16628232007942,-110.16628232007942,-8.435019098243442,-8.435019098243442,-8.435019098243442,-101.73126322183599,-101.73126322183599,-101.73126322183599,0.0,0.0,0.0,3261.7379488312695
2023-06-01,3373.562328218918,3132.3450744820534,3382.8032805244316,3373.562328218918,3373.562328218918,-112.07359974179064,-112.07359974179064,-112.07359974179064,-10.075088241813216,-10.075088241813216,-10.075088241813216,-101.99851149997743,-101.99851149997743,-101.99851149997743,0.0,0.0,0.0,3261.4887284771276
2023-06-02,3375.2204252864867,3130.2989380265813,3397.548386786648,3375.2204252864867,3375.2204252864867,-113.63882305447432,-113.63882305447432,-113.63882305447432,-11.60002162075797,-11.60002162075797,-11.60002162075797,-102.03880143371634,-102.03880143371634,-102.03880143371634,0.0,0.0,0.0,3261.5816022320123
2023-06-05,3380.194716489194,3142.5303876494236,3408.3713915209983,3380.194716489194,3380.194716489194,-112.17728927578267,-112.17728927578267,-112.17728927578267,-11.31873997550501,-11.31873997550501,-11.31873997550501,-100.85854930027767,-100.85854930027767,-100.85854930027767,0.0,0.0,0.0,3268.0174272134113
2023-06-06,3381.852813556763,3142.5217765801713,3408.641866814045,3381.852813556763,3381.852813556763,-109.8835433745479,-109.8835433745479,-109.8835433745479,-9.813608091935718,-9.813608091935718,-9.813608091935718,-100.06993528261218,-100.06993528261218,-100.06993528261218,0.0,0.0,0.0,3271.969270182215
2023-06-07,3383.510910624332,3141.383107968434,3406.7818950888886,3383.510910624332,3383.510910624332,-107.54672669152677,-107.54672669152677,-107.54672669152677,-8.43501909822156,-8.43501909822156,-8.43501909822156,-99.11170759330523,-99.11170759330523,-99.11170759330523,0.0,0.0,0.0,3275.9641839328056
2023-06-08,3385.1690076919012,3148.472773009867,3407.48226804829,3385.1690076919012,3385.1690076919012,-108.08050980312495,-108.08050980312495,-108.08050980312495,-10.075088241773257,-10.075088241773257,-10.075088241773257,-98.0054215613517,-98.0054215613517,-98.0054215613517,0.0,0.0,0.0,3277.088497888776
2023-06-09,3386.8271047594703,3150.70220224076,3410.694101223885,3386.8271047594703,3386.8271047594703,-108.3753782625419,-108.3753782625419,-108.3753782625419,-11.600021620726007,-11.600021620726007,-11.600021620726007,-96.7753566418159,-96.7753566418159,-96.7753566418159,0.0,0.0,0.0,3278.4517264969286
2023-06-12,3391.8013959621776,3152.7875020836336,3414.419624811146,3391.8013959621776,3391.8013959621776,-103.93590632669073,-103.93590632669073,-103.93590632669073,-11.318739975529017,-11.318739975529017,-11.318739975529017,-92.6171663511617,-92.6171663511617,-92.6171663511617,0.0,0.0,0.0,3287.865489635487
2023-06-13,3393.4594930297467,3162.4379030363198,3427.0967803889275,3393.4594930297467,3393.4594930297467,-100.9874527054871,-100.9874527054871,-100.9874527054871,-9.813608091967948,-9.813608091967948,-9.813608091967948,-91.17384461351915,-91.17384461351915,-91.17384461351915,0.0,0.0,0.0,3292.4720403242595
2023-06-14,3395.1175900973158,3171.8834780484617,3424.443616024187,3395.1175900973158,3395.1175900973158,-98.18798713274786,-98.18798713274786,-98.18798713274786,-8.435019098199671,-8.435019098199671,-8.435019098199671,-89.75296803454819,-89.75296803454819,-89.75296803454819,0.0,0.0,0.0,3296.929602964568
2023-06-15,3396.7756871648844,3161.3955308157147,3426.804659368428,3396.7756871648844,3396.7756871648844,-98.46010441748118,-98.46010441748118,-98.46010441748118,-10.075088241802753,-10.075088241802753,-10.075088241802753,-88.38501617567842,-88.38501617567842,-88.38501617567842,0.0,0.0,0.0,3298.3155827474034
2023-06-16,3398.4337842324535,3167.323644137773,3429.147770224518,3398.4337842324535,3398.4337842324535,-98.69958048839717,-98.69958048839717,-98.69958048839717,-11.600021620766876,-11.600021620766876,-11.600021620766876,-87.0995588676303,-87.0995588676303,-87.0995588676303,0.0,0.0,0.0,3299.7342037440562
2023-06-19,3403.4080754351608,3175.098018889083,3427.4837949118887,3403.4080754351608,3403.4080754351608,-95.32746846739671,-95.32746846739671,-95.32746846739671,-11.318739975402185,-11.318739975402185,-11.318739975402185,-84.00872849199455,-84.00872849199455,-84.00872849199455,0.0,0.0,0.0,3308.080606967764
2023-06-20,3405.0661725027303,3183.4278360631492,3438.732350518979,3405.0661725027303,3405.0661725027303,-93.12553768032383,-93.12553768032383,-93.12553768032383,-9.813608091973295,-9.813608091973295,-9.813608091973295,-83.31192958835054,-83.31192958835054,-83.31192958835054,0.0,0.0,0.0,3311.9406348224065
2023-06-21,3406.7242695702994,3193.7883613832855,3443.479871553664,3406.7242695702994,3406.7242695702994,-91.24854572424184,-91.24854572424184,-91.24854572424184,-8.435019098243886,-8.435019098243886,-8.435019098243886,-82.81352662599795,-82.81352662599795,-82.81352662599795,0.0,0.0,0.0,3315.4757238460575
2023-06-22,3408.382366637868,3183.7304495399108,3442.4649186367756,3408.382366637868,3408.382366637868,-92.6023410653168,-92.6023410653168,-92.6023410653168,-10.075088241758074,-10.075088241758074,-10.075088241758074,-82.52725282355873,-82.52725282355873,-82.52725282355873,0.0,0.0,0.0,3315.780025572551
2023-06-23,3410.040463705437,3188.164947094716,3444.7099001918623,3410.040463705437,3410.040463705437,-94.06296936073534,-94.06296936073534,-94.06296936073534,-11.60002162074019,-11.60002162074019,-11.60002162074019,-82.46294773999516,-82.46294773999516,-82.46294773999516,0.0,0.0,0.0,3315.977494344702
2023-06-26,3415.0147549081444,3184.4647423411275,3451.9794101993275,3415.0147549081444,3415.0147549081444,-94.95737279623114,-94.95737279623114,-94.95737279623114,-11.318739975426185,-11.318739975426185,-11.318739975426185,-83.63863282080496,-83.63863282080496,-83.63863282080496,0.0,0.0,0.0,3320.0573821119133
2023-06-27,3416.6728519757135,3200.243754033657,3452.599715744866,3416.6728519757135,3416.6728519757135,-94.29171941788519,-94.29171941788519,-94.29171941788519,-9.813608091933705,-9.813608091933705,-9.813608091933705,-84.47811132595149,-84.47811132595149,-84.47811132595149,0.0,0.0,0.0,3322.381132557828
2023-06-28,3418.330949043282,3188.3666996758984,3452.152636091902,3418.330949043282,3418.330949043282,-93.96184111864977,-93.96184111864977,-93.96184111864977,-8.435019098222005,-8.435019098222005,-8.435019098222005,-85.52682202042776,-85.52682202042776,-85.52682202042776,0.0,0.0,0.0,3324.3691079246323
2023-06-30,3421.6471431784203,3197.492024866049,3450.375861938485,3421.6471431784203,3421.6471431784203,-99.79015327602025,-99.79015327602025,-99.79015327602025,-11.6000216207135,-11.6000216207135,-11.6000216207135,-88.19013165530673,-88.19013165530673,-88.19013165530673,0.0,0.0,0.0,3321.8569899024
2023-07-03,3426.621434381128,3195.9113506249155,3449.865199717466,3426.621434381128,3426.621434381128,-104.60091018738053,-104.60091018738053,-104.60091018738053,-11.318739975450187,-11.318739975450187,-11.318739975450187,-93.28217021193035,-93.28217021193035,-93.28217021193035,0.0,0.0,0.0,3322.0205241937474
2023-07-04,3428.279531448697,3199.850147485629,3463.991186839937,3428.279531448697,3428.279531448697,-104.98234292137647,-104.98234292137647,-104.98234292137647,-9.813608091939054,-9.813608091939054,-9.813608091939054,-95.16873482943743,-95.16873482943743,-95.16873482943743,0.0,0.0,0.0,3323.2971885273205
2023-07-05,3429.937628516266,3194.7801816620795,3457.039190542507,3429.937628516266,3429.937628516266,-105.53616093748815,-105.53616093748815,-105.53616093748815,-8.435019098237776,-8.435019098237776,-8.435019098237776,-97.10114183925037,-97.10114183925037,-97.10114183925037,0.0,0.0,0.0,3324.401467578778
2023-07-06,3431.5957255838352,3191.4595883284474,3451.3050029904844,3431.5957255838352,3431.5957255838352,-109.12343007818315,-109.12343007818315,-109.12343007818315,-10.075088241817067,-10.075088241817067,-10.075088241817067,-99.04834183636606,-99.04834183636606,-99.04834183636606,0.0,0.0,0.0,3322.4722955056523
2023-07-07,3433.2538226514043,3193.057319316296,3446.051495816431,3433.2538226514043,3433.2538226514043,-112.57880900528964,-112.57880900528964,-112.57880900528964,-11.600021620754372,-11.600021620754372,-11.600021620754372,-100.97878738453528,-100.97878738453528,-100.97878738453528,0.0,0.0,0.0,3320.6750136461146
2023-07-10,3438.2281138541116,3188.5993562775293,3439.7611245476814,3438.2281138541116,3438.2281138541116,-117.67567839800974,-117.67567839800974,-117.67567839800974,-11.318739975323357,-11.318739975323357,-11.318739975323357,-106.35693842268638,-106.35693842268638,-106.35693842268638,0.0,0.0,0.0,3320.5524354561016
2023-07-11,3439.8862109216802,3192.492895404707,3449.6543912133334,3439.8862109216802,3439.8862109216802,-117.72551983516594,-117.72551983516594,-117.72551983516594,-9.813608091944403,-9.813608091944403,-9.813608091944403,-107.91191174322152,-107.91191174322152,-107.91191174322152,0.0,0.0,0.0,3322.1606910865144
2023-07-12,3441.5443079892493,3190.550014700987,3459.655750563209,3441.5443079892493,3441.5443079892493,-117.73663347319659,-117.73663347319659,-117.73663347319659,-8.435019098215891,-8.435019098215891,-8.435019098215891,-109.3016143749807,-109.3016143749807,-109.3016143749807,0.0,0.0,0.0,3323.807674516053
2023-07-13,3443.2024050568184,3195.308907857489,3453.4725553739427,3443.2024050568184,3443.2024050568184,-120.57626546371155,-120.57626546371155,-120.57626546371155,-10.075088241777108,-10.075088241777108,-10.075088241777108,-110.50117722193444,-110.50117722193444,-110.50117722193444,0.0,0.0,0.0,3322.626139593107
2023-07-14,3444.8605021243875,3187.1347485575284,3454.578690210197,3444.8605021243875,3444.8605021243875,-123.08819134878202,-123.08819134878202,-123.08819134878202,-11.600021620727686,-11.600021620727686,-11.600021620727686,-111.48816972805433,-111.48816972805433,-111.48816972805433,0.0,0.0,0.0,3321.7723107756055
2023-07-17,3449.8347933270948,3198.118977205343,3456.7660635476013,3449.8347933270948,3449.8347933270948,-124.30995479658563,-124.30995479658563,-124.30995479658563,-11.31873997534736,-11.31873997534736,-11.31873997534736,-112.99121482123827,-112.99121482123827,-112.99121482123827,0.0,0.0,0.0,3325.524838530509
2023-07-18,3451.492890394664,3203.126984184327,3445.1282877653425,3451.492890394664,3451.492890394664,-122.77422503874595,-122.77422503874595,-122.77422503874595,-9.813608091904817,-9.813608091904817,-9.813608091904817,-112.96061694684113,-112.96061694684113,-112.96061694684113,0.0,0.0,0.0,3328.718665355918
2023-07-19,3453.150987462233,3198.821968523784,3468.9654915330943,3453.150987462233,3453.150987462233,-121.0844131869564,-121.0844131869564,-121.0844131869564,-8.43501909826011,-8.43501909826011,-8.43501909826011,-112.64939408869628,-112.64939408869628,-112.64939408869628,0.0,0.0,0.0,3332.0665742752767
2023-07-20,3454.809084529802,3208.7980008500103,3462.8392959701714,3454.809084529802,3454.809084529802,-122.12864348424146,-122.12864348424146,-122.12864348424146,-10.075088241806604,-10.075088241806604,-10.075088241806604,-112.05355524243485,-112.05355524243485,-112.05355524243485,0.0,0.0,0.0,3332.6804410455607
2023-07-21,3456.467181597371,3204.278977132722,3460.193096838977,3456.467181597371,3456.467181597371,-122.77237718244044,-122.77237718244044,-122.77237718244044,-11.600021620763279,-11.600021620763279,-11.600021620763279,-111.17235556167715,-111.17235556167715,-111.17235556167715,0.0,0.0,0.0,3333.694804414931
2023-07-24,3461.441472800078,3208.504848262393,3472.4701517612916,3461.441472800078,3461.441472800078,-118.17478462736587,-118.17478462736587,-118.17478462736587,-11.318739975386233,-11.318739975386233,-11.318739975386233,-106.85604465197964,-106.85604465197964,-106.85604465197964,0.0,0.0,0.0,3343.266688172712
2023-07-25,3463.099569867647,3224.1214875940077,3473.1034801816463,3463.099569867647,3463.099569867647,-114.70115809593963,-114.70115809593963,-114.70115809593963,-9.813608091910163,-9.813608091910163,-9.813608091910163,-104.88755000402946,-104.88755000402946,-104.88755000402946,0.0,0.0,0.0,3348.3984117717073
2023-07-26,3464.757666935216,3203.1995820956727,3476.3961529427716,3464.757666935216,3464.757666935216,-111.10986730625392,-111.10986730625392,-111.10986730625392,-8.435019098238225,-8.435019098238225,-8.435019098238225,-102.67484820801569,-102.67484820801569,-102.67484820801569,0.0,0.0,0.0,3353.6477996289623
2023-07-27,3466.4157640027856,3221.777846842177,3485.604059007229,3466.4157640027856,3466.4157640027856,-110.30901750919415,-110.30901750919415,-110.30901750919415,-10.0750882418361,-10.0750882418361,-10.0750882418361,-100.23392926735805,-100.23392926735805,-100.23392926735805,0.0,0.0,0.0,3356.1067464935913
2023-07-28,3468.0738610703547,3227.6487981815676,3499.112719508345,3468.0738610703547,3468.0738610703547,-109.18286957442965,-109.18286957442965,-109.18286957442965,-11.600021620736591,-11.600021620736591,-11.600021620736591,-97.58284795369305,-97.58284795369305,-97.58284795369305,0.0,0.0,0.0,3358.890991495925
2023-07-31,3473.0481522730615,3232.6485381906878,3498.893148372688,3473.0481522730615,3473.0481522730615,-99.89338556464585,-99.89338556464585,-99.89338556464585,-11.318739975410232,-11.318739975410232,-11.318739975410232,-88.57464558923562,-88.57464558923562,-88.57464558923562,0.0,0.0,0.0,3373.1547667084155
2023-08-01,3474.7062493406306,3253.9273639068415,3504.7311712280275,3474.7062493406306,3474.7062493406306,-95.10911090589897,-95.10911090589897,-95.10911090589897,-9.813608091942394,-9.813608091942394,-9.813608091942394,-85.29550281395657,-85.29550281395657,-85.29550281395657,0.0,0.0,0.0,3379.5971384347317
2023-08-02,3476.3643464081997,3245.3992236577265,3537.1881028205153,3476.3643464081997,3476.3643464081997,-90.35310154232704,-90.35310154232704,-90.35310154232704,-8.435019098216337,-8.435019098216337,-8.435019098216337,-81.9180824441107,-81.9180824441107,-81.9180824441107,0.0,0.0,0.0,3386.011244865873
2023-08-03,3478.022443475769,3252.3901168731904,3529.006024471925,3478.022443475769,3478.022443475769,-88.54221853964778,-88.54221853964778,-88.54221853964778,-10.075088241791425,-10.075088241791425,-10.075088241791425,-78.46713029785636,-78.46713029785636,-78.46713029785636,0.0,0.0,0.0,3389.480224936121
2023-08-04,3479.680540543338,3266.039151795116,3522.15606052855,3479.680540543338,3479.680540543338,-86.56754766716246,-86.56754766716246,-86.56754766716246,-11.600021620777461,-11.600021620777461,-11.600021620777461,-74.967526046385,-74.967526046385,-74.967526046385,0.0,0.0,0.0,3393.112992876175
2023-08-07,3484.6548317460447,3286.7650484098585,3531.4865169233613,3484.6548317460447,3484.6548317460447,-75.74060780179897,-75.74060780179897,-75.74060780179897,-11.318739975434235,-11.318739975434235,-11.318739975434235,-64.42186782636475,-64.42186782636475,-64.42186782636475,0.0,0.0,0.0,3408.914223944246
2023-08-08,3486.312928813614,3283.7911677338234,3552.396443782643,3486.312928813614,3486.312928813614,-70.7832384582952,-70.7832384582952,-70.7832384582952,-9.813608091947742,-9.813608091947742,-9.813608091947742,-60.96963036634747,-60.96963036634747,-60.96963036634747,0.0,0.0,0.0,3415.5296903553185
2023-08-09,3487.9710258811833,3293.2721375431497,3543.8075744595462,3487.9710258811833,3487.9710258811833,-66.02077138754498,-66.02077138754498,-66.02077138754498,-8.435019098232107,-8.435019098232107,-8.435019098232107,-57.58575228931287,-57.58575228931287,-57.58575228931287,0.0,0.0,0.0,3421.9502544936386
2023-08-10,3489.6291229487524,3297.638997746822,3555.0559438642827,3489.6291229487524,3489.6291229487524,-64.36548335855029,-64.36548335855029,-64.36548335855029,-10.075088241820922,-10.075088241820922,-10.075088241820922,-54.29039511672938,-54.29039511672938,-54.29039511672938,0.0,0.0,0.0,3425.2636395902023
2023-08-11,3491.2872200163215,3298.3574486034736,3556.6204311605143,3491.2872200163215,3491.2872200163215,-62.70212415093123,-62.70212415093123,-62.70212415093123,-11.600021620750773,-11.600021620750773,-11.600021620750773,-51.10210253018046,-51.10210253018046,-51.10210253018046,0.0,0.0,0.0,3428.5850958653905
2023-08-14,3496.2615112190283,3301.6769243049584,3569.2507216174054,3496.2615112190283,3496.2615112190283,-53.65536492043833,-53.65536492043833,-53.65536492043833,-11.318739975473108,-11.318739975473108,-11.318739975473108,-42.336624944965216,-42.336624944965216,-42.336624944965216,0.0,0.0,0.0,3442.60614629859
2023-08-16,3499.5777053541665,3316.781715381601,3577.2512243628385,3499.5777053541665,3499.5777053541665,-45.7132217179465,-45.7132217179465,-45.7132217179465,-8.435019098210221,-8.435019098210221,-8.435019098210221,-37.278202619736284,-37.278202619736284,-37.278202619736284,0.0,0.0,0.0,3453.86448363622
2023-08-17,3501.2358024217356,3330.2097550918065,3590.4357332475824,3501.2358024217356,3501.2358024217356,-45.08281047859941,-45.08281047859941,-45.08281047859941,-10.075088241780962,-10.075088241780962,-10.075088241780962,-35.007722236818445,-35.007722236818445,-35.007722236818445,0.0,0.0,0.0,3456.152991943136
2023-08-18,3502.8938994893047,3320.438406437918,3591.909791495594,3502.8938994893047,3502.8938994893047,-44.51407973884794,-44.51407973884794,-44.51407973884794,-11.600021620724085,-11.600021620724085,-11.600021620724085,-32.914058118123855,-32.914058118123855,-32.914058118123855,0.0,0.0,0.0,3458.3798197504566
2023-08-21,3507.868190692012,3340.3719861173263,3606.820057028233,3507.868190692012,3507.868190692012,-38.998665018982514,-38.998665018982514,-38.998665018982514,-11.318739975497111,-11.318739975497111,-11.318739975497111,-27.6799250434854,-27.6799250434854,-27.6799250434854,0.0,0.0,0.0,3468.8695256730293
2023-08-22,3509.526287759581,3336.557201647419,3608.3831085618417,3509.526287759581,3509.526287759581,-36.07988401678559,-36.07988401678559,-36.07988401678559,-9.813608091913501,-9.813608091913501,-9.813608091913501,-26.26627592487209,-26.26627592487209,-26.26627592487209,0.0,0.0,0.0,3473.4464037427956
2023-08-23,3511.18438482715,3345.1073605679244,3605.261092950076,3511.18438482715,3511.18438482715,-33.43784937798371,-33.43784937798371,-33.43784937798371,-8.43501909818834,-8.43501909818834,-8.43501909818834,-25.00283027979537,-25.00283027979537,-25.00283027979537,0.0,0.0,0.0,3477.7465354491665
2023-08-24,3512.842481894719,3350.9234072816357,3614.1566979183694,3512.842481894719,3512.842481894719,-33.95189320651214,-33.95189320651214,-33.95189320651214,-10.075088241810459,-10.075088241810459,-10.075088241810459,-23.87680496470168,-23.87680496470168,-23.87680496470168,0.0,0.0,0.0,3478.890588688207
2023-08-25,3514.5005789622883,3343.868795461981,3601.626552974261,3514.5005789622883,3514.5005789622883,-34.47328319988206,-34.47328319988206,-34.47328319988206,-11.600021620764958,-11.600021620764958,-11.600021620764958,-22.873261579117106,-22.873261579117106,-22.873261579117106,0.0,0.0,0.0,3480.027295762406
2023-08-28,3519.474870164995,3361.125383320474,3617.695468790903,3519.474870164995,3519.474870164995,-31.739474427064422,-31.739474427064422,-31.739474427064422,-11.31873997537028,-11.31873997537028,-11.31873997537028,-20.42073445169414,-20.42073445169414,-20.42073445169414,0.0,0.0,0.0,3487.7353957379305
2023-08-29,3521.132967232564,3354.3261995519597,3622.8865458076616,3521.132967232564,3521.132967232564,-29.53679651446692,-29.53679651446692,-29.53679651446692,-9.813608091918848,-9.813608091918848,-9.813608091918848,-19.723188422548073,-19.723188422548073,-19.723188422548073,0.0,0.0,0.0,3491.5961707180973
2023-08-30,3522.7910643001333,3358.799584848422,3630.5001451498947,3522.7910643001333,3522.7910643001333,-27.485193595268733,-27.485193595268733,-27.485193595268733,-8.435019098232559,-8.435019098232559,-8.435019098232559,-19.050174497036174,-19.050174497036174,-19.050174497036174,0.0,0.0,0.0,3495.3058707048644
2023-08-31,3524.4491613677023,3366.0109274665106,3631.759675278597,3524.4491613677023,3524.4491613677023,-28.454840577981155,-28.454840577981155,-28.454840577981155,-10.075088241765778,-10.075088241765778,-10.075088241765778,-18.379752336215375,-18.379752336215375,-18.379752336215375,0.0,0.0,0.0,3495.9943207897213
2023-09-01,3526.107258435271,3364.2554253358053,3633.911552045233,3526.107258435271,3526.107258435271,-29.290118492309702,-29.290118492309702,-29.290118492309702,-11.600021620738271,-11.600021620738271,-11.600021620738271,-17.69009687157143,-17.69009687157143,-17.69009687157143,0.0,0.0,0.0,3496.817139942961
2023-09-04,3531.0815496379787,3370.5249101341597,3632.020973224256,3531.0815496379787,3531.0815496379787,-26.616878968528912,-26.616878968528912,-26.616878968528912,-11.31873997539428,-11.31873997539428,-11.31873997539428,-15.29813899313463,-15.29813899313463,-15.29813899313463,0.0,0.0,0.0,3504.46467066945
2023-09-05,3532.739646705548,3378.40009767145,3636.4322347056122,3532.739646705548,3532.739646705548,-24.144123732076736,-24.144123732076736,-24.144123732076736,-9.813608091951078,-9.813608091951078,-9.813608091951078,-14.330515640125656,-14.330515640125656,-14.330515640125656,0.0,0.0,0.0,3508.595522973471
2023-09-06,3534.397743773117,3382.1325346308895,3650.527833973278,3534.397743773117,3534.397743773117,-21.68618568536955,-21.68618568536955,-21.68618568536955,-8.43501909821067,-8.43501909821067,-8.43501909821067,-13.251166587158885,-13.251166587158885,-13.251166587158885,0.0,0.0,0.0,3512.711558087747
2023-09-07,3536.055840840686,3371.0617182548835,3645.541325586154,3536.055840840686,3536.055840840686,-22.122913947817903,-22.122913947817903,-22.122913947817903,-10.075088241795275,-10.075088241795275,-10.075088241795275,-12.04782570602263,-12.04782570602263,-12.04782570602263,0.0,0.0,0.0,3513.932926892868
2023-09-08,3537.7139379082546,3400.269692585086,3640.8152513050554,3537.7139379082546,3537.7139379082546,-22.311199841775842,-22.311199841775842,-22.311199841775842,-11.600021620773862,-11.600021620773862,-11.600021620773862,-10.711178221001981,-10.711178221001981,-10.711178221001981,0.0,0.0,0.0,3515.402738066479
2023-09-11,3542.688229110962,3392.008954035947,3655.0259822048884,3542.688229110962,3542.688229110962,-17.17727719393139,-17.17727719393139,-17.17727719393139,-11.318739975433154,-11.318739975433154,-11.318739975433154,-5.858537218498237,-5.858537218498237,-5.858537218498237,0.0,0.0,0.0,3525.5109519170305
2023-09-12,3544.346326178531,3406.9643090183113,3650.6149053932086,3544.346326178531,3544.346326178531,-13.777678031118292,-13.777678031118292,-13.777678031118292,-9.813608091956432,-9.813608091956432,-9.813608091956432,-3.9640699391618583,-3.9640699391618583,-3.9640699391618583,0.0,0.0,0.0,3530.5686481474127
2023-09-13,3546.0044232461,3405.7528698024194,3667.9174619716528,3546.0044232461,3546.0044232461,-10.377744777818542,-10.377744777818542,-10.377744777818542,-8.435019098226444,-8.435019098226444,-8.435019098226444,-1.9427256795920966,-1.9427256795920966,-1.9427256795920966,0.0,0.0,0.0,3535.6266784682816
2023-09-14,3547.662520313669,3412.6830118677362,3674.8290102764277,3547.662520313669,3547.662520313669,-9.882382241499311,-9.882382241499311,-9.882382241499311,-10.075088241824773,-10.075088241824773,-10.075088241824773,0.1927060003254613,0.1927060003254613,0.1927060003254613,0.0,0.0,0.0,3537.78013807217
2023-09-15,3549.320617381238,3421.275617905787,3671.2509057482825,3549.320617381238,3549.320617381238,-9.174397584312459,-9.174397584312459,-9.174397584312459,-11.600021620747173,-11.600021620747173,-11.600021620747173,2.425624036434713,2.425624036434713,2.425624036434713,0.0,0.0,0.0,3540.146219796926
2023-09-18,3554.294908583946,3427.231809964462,3684.3147963896563,3554.294908583946,3554.294908583946,-1.8287475824914756,-1.8287475824914756,-1.8287475824914756,-11.318739975457156,-11.318739975457156,-11.318739975457156,9.48999239296568,9.48999239296568,9.48999239296568,0.0,0.0,0.0,3552.4661610014546
2023-09-20,3557.611102719084,3430.8250801351833,3700.2570156473007,3557.611102719084,3557.611102719084,5.79603249593609,5.79603249593609,5.79603249593609,-8.43501909820456,-8.43501909820456,-8.43501909820456,14.23105159414065,14.23105159414065,14.23105159414065,0.0,0.0,0.0,3563.4071352150204
2023-09-21,3559.2691997866527,3426.0878844714616,3688.8316208659644,3559.2691997866527,3559.2691997866527,6.441159397768332,6.441159397768332,6.441159397768332,-10.075088241780092,-10.075088241780092,-10.075088241780092,16.516247639548425,16.516247639548425,16.516247639548425,0.0,0.0,0.0,3565.710359184421
2023-09-22,3560.927296854222,3436.168090944401,3692.8496997079224,3560.927296854222,3560.927296854222,7.098539329872221,7.098539329872221,7.098539329872221,-11.600021620720488,-11.600021620720488,-11.600021620720488,18.698560950592707,18.698560950592707,18.698560950592707,0.0,0.0,0.0,3568.0258361840943
2023-09-25,3565.901588056929,3447.8070929284995,3713.5581957421978,3565.901588056929,3565.901588056929,12.955574708422187,12.955574708422187,12.955574708422187,-11.318739975481158,-11.318739975481158,-11.318739975481158,24.274314683903345,24.274314683903345,24.274314683903345,0.0,0.0,0.0,3578.8571627653514
2023-09-26,3567.559685124498,3450.281177089329,3703.1051277714155,3567.559685124498,3567.559685124498,15.880059510532377,15.880059510532377,15.880059510532377,-9.81360809192219,-9.81360809192219,-9.81360809192219,25.693667602454564,25.693667602454564,25.693667602454564,0.0,0.0,0.0,3583.4397446350304
2023-09-27,3569.2177821920673,3457.5916727801496,3714.456066606628,3569.2177821920673,3569.2177821920673,18.404104033275836,18.404104033275836,18.404104033275836,-8.435019098248775,-8.435019098248775,-8.435019098248775,26.83912313152461,26.83912313152461,26.83912313152461,0.0,0.0,0.0,3587.621886225343
2023-09-28,3570.8758792596363,3466.7520551643333,3710.674645650847,3570.8758792596363,3570.8758792596363,17.60642454828724,17.60642454828724,17.60642454828724,-10.075088241809588,-10.075088241809588,-10.075088241809588,27.681512790096832,27.681512790096832,27.681512790096832,0.0,0.0,0.0,3588.4823038079235
2023-09-29,3572.5339763272054,3462.4907399097965,3715.500930788747,3572.5339763272054,3572.5339763272054,16.594745235829055,16.594745235829055,16.594745235829055,-11.600021620756081,-11.600021620756081,-11.600021620756081,28.19476685658514,28.19476685658514,28.19476685658514,0.0,0.0,0.0,3589.1287215630346
2023-10-03,3579.166364597482,3461.000889597726,3725.3695016402826,3579.166364597482,3579.166364597482,16.758435412048804,16.758435412048804,16.758435412048804,-9.813608091927536,-9.813608091927536,-9.813608091927536,26.572043503976342,26.572043503976342,26.572043503976342,0.0,0.0,0.0,3595.9248000095304
2023-10-04,3580.8244616650504,3464.6213911681557,3729.113834477003,3580.8244616650504,3580.8244616650504,16.756351755911492,16.756351755911492,16.756351755911492,-8.43501909822689,-8.43501909822689,-8.43501909822689,25.19137085413838,25.19137085413838,25.19137085413838,0.0,0.0,0.0,3597.580813420962
2023-10-05,3582.4825587326195,3462.1069059499127,3730.0442772753727,3582.4825587326195,3582.4825587326195,13.340873818471309,13.340873818471309,13.340873818471309,-10.07508824176963,-10.07508824176963,-10.07508824176963,23.41596206024094,23.41596206024094,23.41596206024094,0.0,0.0,0.0,3595.8234325510907
2023-10-06,3584.1406558001886,3470.183825839233,3720.015326878134,3584.1406558001886,3584.1406558001886,9.652737565631455,9.652737565631455,9.652737565631455,-11.600021620729393,-11.600021620729393,-11.600021620729393,21.252759186360848,21.252759186360848,21.252759186360848,0.0,0.0,0.0,3593.79339336582
2023-10-09,3589.1149470028963,3455.2339237294577,3721.082636386242,3589.1149470028963,3589.1149470028963,1.2667926306069646,1.2667926306069646,1.2667926306069646,-11.318739975378328,-11.318739975378328,-11.318739975378328,12.585532605985293,12.585532605985293,12.585532605985293,0.0,0.0,0.0,3590.3817396335035
2023-10-10,3590.773044070465,3463.920103796239,3719.3175981909426,3590.773044070465,3590.773044070465,-0.7679655186417836,-0.7679655186417836,-0.7679655186417836,-9.813608091959766,-9.813608091959766,-9.813608091959766,9.045642573317984,9.045642573317984,9.045642573317984,0.0,0.0,0.0,3590.0050785518233
2023-10-11,3592.431141138034,3460.8739908233597,3723.0721911854603,3592.431141138034,3592.431141138034,-3.2055104544262942,-3.2055104544262942,-3.2055104544262942,-8.435019098205009,-8.435019098205009,-8.435019098205009,5.229508643778715,5.229508643778715,5.229508643778715,0.0,0.0,0.0,3589.225630683608
2023-10-12,3594.089238205603,3446.383602427656,3710.9178640496057,3594.089238205603,3594.089238205603,-8.902333324398157,-8.902333324398157,-8.902333324398157,-10.075088241799126,-10.075088241799126,-10.075088241799126,1.1727549174009688,1.1727549174009688,1.1727549174009688,0.0,0.0,0.0,3585.186904881205
2023-10-13,3595.747335273172,3454.9173529410023,3708.3396121170076,3595.747335273172,3595.747335273172,-14.685637887584562,-14.685637887584562,-14.685637887584562,-11.600021620770264,-11.600021620770264,-11.600021620770264,-3.085616266814299,-3.085616266814299,-3.085616266814299,0.0,0.0,0.0,3581.0616973855876
2023-10-16,3600.7216264758795,3441.6036430329077,3706.4553601356856,3600.7216264758795,3600.7216264758795,-27.961067319561092,-27.961067319561092,-27.961067319561092,-11.318739975402329,-11.318739975402329,-11.318739975402329,-16.64232734415876,-16.64232734415876,-16.64232734415876,0.0,0.0,0.0,3572.7605591563183
2023-10-17,3602.379723543448,3445.3469896913334,3701.6623359117802,3602.379723543448,3602.379723543448,-31.084532930292735,-31.084532930292735,-31.084532930292735,-9.81360809196512,-9.81360809196512,-9.81360809196512,-21.270924838327613,-21.270924838327613,-21.270924838327613,0.0,0.0,0.0,3571.2951906131552
2023-10-18,3604.037820611017,3450.355205199143,3703.474768235628,3604.037820611017,3604.037820611017,-34.31228342737332,-34.31228342737332,-34.31228342737332,-8.435019098249223,-8.435019098249223,-8.435019098249223,-25.877264329124095,-25.877264329124095,-25.877264329124095,0.0,0.0,0.0,3569.725537183644
2023-10-19,3605.6959176785863,3433.175797412195,3700.139873536605,3605.6959176785863,3605.6959176785863,-40.49060337609576,-40.49060337609576,-40.49060337609576,-10.075088241828622,-10.075088241828622,-10.075088241828622,-30.41551513426714,-30.41551513426714,-30.41551513426714,0.0,0.0,0.0,3565.2053143024905
2023-10-20,3607.3540147461554,3435.4213899794586,3684.4589106782328,3607.3540147461554,3607.3540147461554,-46.44109614795183,-46.44109614795183,-46.44109614795183,-11.600021620743577,-11.600021620743577,-11.600021620743577,-34.84107452720826,-34.84107452720826,-34.84107452720826,0.0,0.0,0.0,3560.9129185982038
2023-10-23,3612.328305948863,3426.1530540811573,3682.865299030934,3612.328305948863,3612.328305948863,-58.3457135372013,-58.3457135372013,-58.3457135372013,-11.318739975441206,-11.318739975441206,-11.318739975441206,-47.0269735617601,-47.0269735617601,-47.0269735617601,0.0,0.0,0.0,3553.9825924116617
2023-10-25,3615.644500084001,3420.3039146923647,3674.0754832898047,3615.644500084001,3615.644500084001,-62.314093476919076,-62.314093476919076,-62.314093476919076,-8.435019098227338,-8.435019098227338,-8.435019098227338,-53.87907437869174,-53.87907437869174,-53.87907437869174,0.0,0.0,0.0,3553.330406607082
2023-10-26,3617.30259715157,3421.9077033431977,3686.4278625692305,3617.30259715157,3617.30259715157,-66.90907821580664,-66.90907821580664,-66.90907821580664,-10.075088241788663,-10.075088241788663,-10.075088241788663,-56.833989974017975,-56.833989974017975,-56.833989974017975,0.0,0.0,0.0,3550.393518935763
2023-10-27,3618.960694219139,3409.034631749289,3671.827021272412,3618.960694219139,3618.960694219139,-71.04482932399235,-71.04482932399235,-71.04482932399235,-11.600021620716891,-11.600021620716891,-11.600021620716891,-59.444807703275465,-59.444807703275465,-59.444807703275465,0.0,0.0,0.0,3547.9158648951466
2023-10-30,3623.934985421846,3420.286530564031,3675.290475644768,3623.934985421846,3623.934985421846,-76.38633174713037,-76.38633174713037,-76.38633174713037,-11.318739975465206,-11.318739975465206,-11.318739975465206,-65.06759177166516,-65.06759177166516,-65.06759177166516,0.0,0.0,0.0,3547.5486536747153
2023-10-31,3625.593082489415,3413.6493521985903,3683.3219135710833,3625.593082489415,3625.593082489415,-75.99363462382637,-75.99363462382637,-75.99363462382637,-9.813608091930877,-9.813608091930877,-9.813608091930877,-66.18002653189549,-66.18002653189549,-66.18002653189549,0.0,0.0,0.0,3549.5994478655884
2023-11-01,3627.251179556984,3423.1902501799805,3679.4638499165203,3627.251179556984,3627.251179556984,-75.34515793014505,-75.34515793014505,-75.34515793014505,-8.435019098243112,-8.435019098243112,-8.435019098243112,-66.91013883190195,-66.91013883190195,-66.91013883190195,0.0,0.0,0.0,3551.906021626839
2023-11-02,3628.909276624553,3423.8862064696227,3694.8404226515745,3628.909276624553,3628.909276624553,-77.33850717909792,-77.33850717909792,-77.33850717909792,-10.07508824181816,-10.07508824181816,-10.07508824181816,-67.26341893727975,-67.26341893727975,-67.26341893727975,0.0,0.0,0.0,3551.570769445455
2023-11-03,3630.5673736921226,3416.0109603043898,3682.331541037751,3630.5673736921226,3630.5673736921226,-78.84921285103466,-78.84921285103466,-78.84921285103466,-11.600021620757762,-11.600021620757762,-11.600021620757762,-67.24919123027689,-67.24919123027689,-67.24919123027689,0.0,0.0,0.0,3551.718160841088
2023-11-06,3635.5416648948294,3421.120095642164,3686.943637858583,3635.5416648948294,3635.5416648948294,-76.46325702138,-76.46325702138,-76.46325702138,-11.318739975338376,-11.318739975338376,-11.318739975338376,-65.14451704604161,-65.14451704604161,-65.14451704604161,0.0,0.0,0.0,3559.0784078734496
2023-11-07,3637.1997619623985,3428.382219127656,3687.428054642871,3637.1997619623985,3637.1997619623985,-73.63060518280543,-73.63060518280543,-73.63060518280543,-9.813608091936224,-9.813608091936224,-9.813608091936224,-63.816997090869215,-63.816997090869215,-63.816997090869215,0.0,0.0,0.0,3563.569156779593
2023-11-08,3638.8578590299676,3439.4729128561526,3704.70249043465,3638.8578590299676,3638.8578590299676,-70.64746523800996,-70.64746523800996,-70.64746523800996,-8.435019098221227,-8.435019098221227,-8.435019098221227,-62.21244613978873,-62.21244613978873,-62.21244613978873,0.0,0.0,0.0,3568.210393791958
2023-11-09,3640.5159560975367,3438.7082951582383,3705.0975760425545,3640.5159560975367,3640.5159560975367,-70.42970446400818,-70.42970446400818,-70.42970446400818,-10.075088241773484,-10.075088241773484,-10.075088241773484,-60.35461622223468,-60.35461622223468,-60.35461622223468,0.0,0.0,0.0,3570.0862516335283
2023-11-10,3642.1740531651058,3450.02072863923,3706.944760444134,3642.1740531651058,3642.1740531651058,-69.86808719635113,-69.86808719635113,-69.86808719635113,-11.600021620731075,-11.600021620731075,-11.600021620731075,-58.26806557562006,-58.26806557562006,-58.26806557562006,0.0,0.0,0.0,3572.3059659687547
2023-11-13,3647.1483443678126,3460.221265941982,3717.1267796785683,3647.1483443678126,3647.1483443678126,-62.203346582982824,-62.203346582982824,-62.203346582982824,-11.318739975362375,-11.318739975362375,-11.318739975362375,-50.88460660762045,-50.88460660762045,-50.88460660762045,0.0,0.0,0.0,3584.94499778483
2023-11-15,3650.4645385029507,3465.6714196811304,3730.7533085434397,3650.4645385029507,3650.4645385029507,-53.70179548572262,-53.70179548572262,-53.70179548572262,-8.435019098265442,-8.435019098265442,-8.435019098265442,-45.26677638745718,-45.26677638745718,-45.26677638745718,0.0,0.0,0.0,3596.7627430172283
2023-11-16,3652.1226355705203,3474.724150578567,3727.177763071714,3652.1226355705203,3652.1226355705203,-52.39152267339496,-52.39152267339496,-52.39152267339496,-10.07508824180298,-10.07508824180298,-10.07508824180298,-42.31643443159198,-42.31643443159198,-42.31643443159198,0.0,0.0,0.0,3599.7311128971255
2023-11-17,3653.7807326380894,3462.1811477150436,3734.2044058512356,3653.7807326380894,3653.7807326380894,-50.89846299632783,-50.89846299632783,-50.89846299632783,-11.600021620766665,-11.600021620766665,-11.600021620766665,-39.29844137556117,-39.29844137556117,-39.29844137556117,0.0,0.0,0.0,3602.8822696417615
2023-11-20,3658.755023840796,3485.1102578262903,3764.199756701427,3658.755023840796,3658.755023840796,-41.326455910130775,-41.326455910130775,-41.326455910130775,-11.318739975401249,-11.318739975401249,-11.318739975401249,-30.007715934729525,-30.007715934729525,-30.007715934729525,0.0,0.0,0.0,3617.4285679306654
2023-11-21,3660.4131209083653,3499.6273252683513,3750.9118291802256,3660.4131209083653,3660.4131209083653,-36.69242804405952,-36.69242804405952,-36.69242804405952,-9.813608091901981,-9.813608091901981,-9.813608091901981,-26.87881995215754,-26.87881995215754,-26.87881995215754,0.0,0.0,0.0,3623.720692864306
2023-11-22,3662.0712179759344,3503.3203668146166,3767.2554892239446,3662.0712179759344,3662.0712179759344,-32.18760490705475,-32.18760490705475,-32.18760490705475,-8.43501909821511,-8.43501909821511,-8.43501909821511,-23.752585808839637,-23.752585808839637,-23.752585808839637,0.0,0.0,0.0,3629.8836130688796
2023-11-23,3663.7293150435034,3500.263784179124,3763.436073985712,3663.7293150435034,3663.7293150435034,-30.712473681291065,-30.712473681291065,-30.712473681291065,-10.075088241832477,-10.075088241832477,-10.075088241832477,-20.63738543945859,-20.63738543945859,-20.63738543945859,0.0,0.0,0.0,3633.0168413622123
2023-11-24,3665.3874121110725,3508.289668956825,3760.0456568245136,3665.3874121110725,3665.3874121110725,-29.139836462349553,-29.139836462349553,-29.139836462349553,-11.60002162073998,-11.60002162073998,-11.60002162073998,-17.539814841609576,-17.539814841609576,-17.539814841609576,0.0,0.0,0.0,3636.247575648723
2023-11-28,3672.019800381349,3524.395093724571,3781.810238380494,3672.019800381349,3672.019800381349,-15.215872482186406,-15.215872482186406,-15.215872482186406,-9.813608091934217,-9.813608091934217,-9.813608091934217,-5.40226439025219,-5.40226439025219,-5.40226439025219,0.0,0.0,0.0,3656.8039278991623
2023-11-29,3673.6778974489184,3533.0075887563034,3787.050493125938,3673.6778974489184,3673.6778974489184,-10.873280272155021,-10.873280272155021,-10.873280272155021,-8.435019098193225,-8.435019098193225,-8.435019098193225,-2.438261173961798,-2.438261173961798,-2.438261173961798,0.0,0.0,0.0,3662.8046171767633
2023-11-30,3675.3359945164875,3539.836739664821,3797.9278769337975,3675.3359945164875,3675.3359945164875,-9.576454337011429,-9.576454337011429,-9.576454337011429,-10.075088241787796,-10.075088241787796,-10.075088241787796,0.4986339047763687,0.4986339047763687,0.4986339047763687,0.0,0.0,0.0,3665.759540179476
2023-12-01,3676.9940915840566,3531.120677455522,3795.7557084300383,3676.9940915840566,3676.9940915840566,-8.189528056166857,-8.189528056166857,-8.189528056166857,-11.60002162078085,-11.60002162078085,-11.60002162078085,3.410493564613992,3.410493564613992,3.410493564613992,0.0,0.0,0.0,3668.80456352789
2023-12-04,3681.9683827867634,3554.7806046438427,3817.4954214916106,3681.9683827867634,3681.9683827867634,0.7071624500965116,0.7071624500965116,0.7071624500965116,-11.318739975449255,-11.318739975449255,-11.318739975449255,12.025902425545766,12.025902425545766,12.025902425545766,0.0,0.0,0.0,3682.6755452368598
2023-12-05,3683.6264798543325,3559.5829830192915,3818.6151996093467,3683.6264798543325,3683.6264798543325,5.056404216901093,5.056404216901093,5.056404216901093,-9.813608091939566,-9.813608091939566,-9.813608091939566,14.870012308840659,14.870012308840659,14.870012308840659,0.0,0.0,0.0,3688.6828840712337
2023-12-06,3685.2845769219016,3567.2024722244323,3823.436397308392,3685.2845769219016,3685.2845769219016,9.27230974980836,9.27230974980836,9.27230974980836,-8.435019098237447,-8.435019098237447,-8.435019098237447,17.707328848045805,17.707328848045805,17.707328848045805,0.0,0.0,0.0,3694.55688667171
2023-12-07,3686.9426739894707,3555.8973945107873,3830.8337718379853,3686.9426739894707,3686.9426739894707,10.467381680924953,10.467381680924953,10.467381680924953,-10.075088241817294,-10.075088241817294,-10.075088241817294,20.54246992274225,20.54246992274225,20.54246992274225,0.0,0.0,0.0,3697.4100556703956
2023-12-08,3688.6007710570393,3575.925863903078,3834.0167976666557,3688.6007710570393,3688.6007710570393,11.780225912195956,11.780225912195956,11.780225912195956,-11.600021620754164,-11.600021620754164,-11.600021620754164,23.38024753295012,23.38024753295012,23.38024753295012,0.0,0.0,0.0,3700.380996969235
2023-12-11,3693.575062259747,3580.3913111435577,3845.0278299133815,3693.575062259747,3693.575062259747,20.64116553976509,20.64116553976509,20.64116553976509,-11.318739975488127,-11.318739975488127,-11.318739975488127,31.959905515253215,31.959905515253215,31.959905515253215,0.0,0.0,0.0,3714.216227799512
2023-12-12,3695.233159327316,3583.3970734890863,3849.86600187767,3695.233159327316,3695.233159327316,25.045820382025607,25.045820382025607,25.045820382025607,-9.813608091899976,-9.813608091899976,-9.813608091899976,34.85942847392558,34.85942847392558,34.85942847392558,0.0,0.0,0.0,3720.278979709342
2023-12-13,3696.891256394885,3598.271941337416,3858.3895637222213,3696.891256394885,3696.891256394885,29.35282829428898,29.35282829428898,29.35282829428898,-8.435019098215557,-8.435019098215557,-8.435019098215557,37.78784739250454,37.78784739250454,37.78784739250454,0.0,0.0,0.0,3726.244084689174
2023-12-14,3698.5493534624543,3606.1438403462025,3858.624402949576,3698.5493534624543,3698.5493534624543,30.67568695304519,30.67568695304519,30.67568695304519,-10.075088241777333,-10.075088241777333,-10.075088241777333,40.75077519482252,40.75077519482252,40.75077519482252,0.0,0.0,0.0,3729.2250404154993
2023-12-15,3700.207450530023,3597.7595913154664,3848.2569183839637,3700.207450530023,3700.207450530023,32.15389112490207,32.15389112490207,32.15389112490207,-11.600021620727475,-11.600021620727475,-11.600021620727475,43.75391274562954,43.75391274562954,43.75391274562954,0.0,0.0,0.0,3732.361341654925
2023-12-18,3705.18174173273,3623.8848133209563,3872.8728717063,3705.18174173273,3705.18174173273,41.743508179896764,41.743508179896764,41.743508179896764,-11.31873997551213,-11.31873997551213,-11.31873997551213,53.062248155408895,53.062248155408895,53.062248155408895,0.0,0.0,0.0,3746.925249912627
2023-12-19,3706.8398388002993,3627.118216746832,3875.4176896562535,3706.8398388002993,3706.8398388002993,46.470162115594036,46.470162115594036,46.470162115594036,-9.813608091977143,-9.813608091977143,-9.813608091977143,56.28377020757118,56.28377020757118,56.28377020757118,0.0,0.0,0.0,3753.3100009158934
2023-12-20,3708.4979358678684,3638.3136533910174,3890.1848653693087,3708.4979358678684,3708.4979358678684,51.13890283251219,51.13890283251219,51.13890283251219,-8.435019098193672,-8.435019098193672,-8.435019098193672,59.573921930705865,59.573921930705865,59.573921930705865,0.0,0.0,0.0,3759.6368387003804
2023-12-21,3710.156032935437,3626.219367305368,3892.4531179413825,3710.156032935437,3710.156032935437,52.86281279290944,52.86281279290944,52.86281279290944,-10.075088241806831,-10.075088241806831,-10.075088241806831,62.93790103471627,62.93790103471627,62.93790103471627,0.0,0.0,0.0,3763.0188457283466
2023-12-22,3711.814130003006,3640.1101812391407,3890.55482479681,3711.814130003006,3711.814130003006,54.78049935484782,54.78049935484782,54.78049935484782,-11.600021620768343,-11.600021620768343,-11.600021620768343,66.38052097561616,66.38052097561616,66.38052097561616,0.0,0.0,0.0,3766.594629357854
2023-12-26,3718.446518273283,3665.890462154246,3933.1421047974195,3718.446518273283,3718.446518273283,71.19967264433554,71.19967264433554,71.19967264433554,-9.813608091982493,-9.813608091982493,-9.813608091982493,81.01328073631801,81.01328073631801,81.01328073631801,0.0,0.0,0.0,3789.6461909176182
2023-12-27,3720.104615340852,3661.059593076095,3925.755413852425,3720.104615340852,3720.104615340852,76.4640293223864,76.4640293223864,76.4640293223864,-8.435019098237891,-8.435019098237891,-8.435019098237891,84.89904842062428,84.89904842062428,84.89904842062428,0.0,0.0,0.0,3796.5686446632385
2023-12-28,3721.7627124084206,3665.084265258181,3936.788006386698,3721.7627124084206,3721.7627124084206,78.80202786380845,78.80202786380845,78.80202786380845,-10.07508824176215,-10.07508824176215,-10.07508824176215,88.87711610557061,88.87711610557061,88.87711610557061,0.0,0.0,0.0,3800.564740272229
2023-12-29,3723.4208094759897,3680.4814606268174,3927.508341988342,3723.4208094759897,3723.4208094759897,81.34597604697848,81.34597604697848,81.34597604697848,-11.600021620741659,-11.600021620741659,-11.600021620741659,92.94599766772014,92.94599766772014,92.94599766772014,0.0,0.0,0.0,3804.7667855229683
2024-01-01,3728.395100678697,3691.9870673343075,3949.482652636407,3728.395100678697,3728.395100678697,94.34264412619147,94.34264412619147,94.34264412619147,-11.3187399754093,-11.3187399754093,-11.3187399754093,105.66138410160076,105.66138410160076,105.66138410160076,0.0,0.0,0.0,3822.7377448048883
2024-01-02,3730.053197746266,3711.1482102764567,3972.1967476533573,3730.053197746266,3730.053197746266,100.23620205738236,100.23620205738236,100.23620205738236,-9.8136080919429,-9.8136080919429,-9.8136080919429,110.04981014932525,110.04981014932525,110.04981014932525,0.0,0.0,0.0,3830.2893998036484
2024-01-03,3731.7112948138347,3710.6403504381024,3968.8626383547476,3731.7112948138347,3731.7112948138347,106.06448567276958,106.06448567276958,106.06448567276958,-8.435019098216006,-8.435019098216006,-8.435019098216006,114.49950477098558,114.49950477098558,114.49950477098558,0.0,0.0,0.0,3837.775780486604
2024-01-04,3733.369391881404,3712.1706545426987,3980.9707385727515,3733.369391881404,3733.369391881404,108.92481616398479,108.92481616398479,108.92481616398479,-10.075088241791647,-10.075088241791647,-10.075088241791647,118.99990440577642,118.99990440577642,118.99990440577642,0.0,0.0,0.0,3842.294208045389
2024-01-05,3735.0274889489733,3726.4270554670416,3976.5228029523087,3735.0274889489733,3735.0274889489733,111.93892869711632,111.93892869711632,111.93892869711632,-11.600021620709697,-11.600021620709697,-11.600021620709697,123.53895031782602,123.53895031782602,123.53895031782602,0.0,0.0,0.0,3846.9664176460897
2024-01-08,3740.0017801516806,3740.148150409892,3999.96709176797,3740.0017801516806,3740.0017801516806,125.92821964455314,125.92821964455314,125.92821964455314,-11.318739975448175,-11.318739975448175,-11.318739975448175,137.24695962000132,137.24695962000132,137.24695962000132,0.0,0.0,0.0,3865.929999796234
2024-01-09,3741.6598772192497,3744.2769240778503,4007.7555166687594,3741.6598772192497,3741.6598772192497,131.9801121702958,131.9801121702958,131.9801121702958,-9.813608091948248,-9.813608091948248,-9.813608091948248,141.79372026224405,141.79372026224405,141.79372026224405,0.0,0.0,0.0,3873.6399893895455
2024-01-10,3743.3179742868183,3751.4547387237044,4003.8822133134477,3743.3179742868183,3743.3179742868183,137.86540111637126,137.86540111637126,137.86540111637126,-8.435019098231777,-8.435019098231777,-8.435019098231777,146.30042021460304,146.30042021460304,146.30042021460304,0.0,0.0,0.0,3881.1833754031895
2024-01-11,3744.9760713543874,3760.5940108486393,4006.7714724606967,3744.9760713543874,3744.9760713543874,140.67371965712033,140.67371965712033,140.67371965712033,-10.075088241821144,-10.075088241821144,-10.075088241821144,150.74880789894146,150.74880789894146,150.74880789894146,0.0,0.0,0.0,3885.6497910115077
2024-01-12,3746.6341684219565,3763.172664669135,4023.9229545127096,3746.6341684219565,3746.6341684219565,143.52025849003536,143.52025849003536,143.52025849003536,-11.600021620750567,-11.600021620750567,-11.600021620750567,155.12028011078596,155.12028011078596,155.12028011078596,0.0,0.0,0.0,3890.154426911992
2024-01-15,3751.6084596246637,3780.9721097186607,4036.8860846233706,3751.6084596246637,3751.6084596246637,156.26803289116802,156.26803289116802,156.26803289116802,-11.31873997530647,-11.31873997530647,-11.31873997530647,167.5867728664745,167.5867728664745,167.5867728664745,0.0,0.0,0.0,3907.8764925158316
2024-01-16,3753.2665566922333,3791.0936594948244,4043.473856071014,3753.2665566922333,3753.2665566922333,161.65202474692612,161.65202474692612,161.65202474692612,-9.813608091953599,-9.813608091953599,-9.813608091953599,171.46563283887969,171.46563283887969,171.46563283887969,0.0,0.0,0.0,3914.9185814391594
2024-01-17,3754.924653759802,3779.9574672198173,4049.045259459381,3754.924653759802,3754.924653759802,166.7423299288649,166.7423299288649,166.7423299288649,-8.435019098209892,-8.435019098209892,-8.435019098209892,175.1773490270748,175.1773490270748,175.1773490270748,0.0,0.0,0.0,3921.6669836886667
2024-01-18,3756.582750827371,3800.147868523453,4054.4874671730927,3756.582750827371,3756.582750827371,168.63085722442318,168.63085722442318,168.63085722442318,-10.075088241776468,-10.075088241776468,-10.075088241776468,178.70594546619964,178.70594546619964,178.70594546619964,0.0,0.0,0.0,3925.2136080517944
2024-01-19,3758.24084789494,3806.344018398894,4073.955891934139,3758.24084789494,3758.24084789494,170.43653866892788,170.43653866892788,170.43653866892788,-11.600021620723878,-11.600021620723878,-11.600021620723878,182.03656028965173,182.03656028965173,182.03656028965173,0.0,0.0,0.0,3928.677386563868
2024-01-23,3764.873236165216,3818.6117395570286,4075.739541227105,3764.873236165216,3764.873236165216,183.3137182794111,183.3137182794111,183.3137182794111,-9.81360809191401,-9.81360809191401,-9.81360809191401,193.12732637132513,193.12732637132513,193.12732637132513,0.0,0.0,0.0,3948.186954444627
2024-01-24,3766.531333232785,3821.3511541683783,4086.3057019446233,3766.531333232785,3766.531333232785,186.85632407936248,186.85632407936248,186.85632407936248,-8.435019098254115,-8.435019098254115,-8.435019098254115,195.29134317761662,195.29134317761662,195.29134317761662,0.0,0.0,0.0,3953.3876573121474
2024-01-25,3768.189430300354,3815.8759301451887,4084.6343493169447,3768.189430300354,3768.189430300354,187.12144194916849,187.12144194916849,187.12144194916849,-10.075088241805965,-10.075088241805965,-10.075088241805965,197.19653019097444,197.19653019097444,197.19653019097444,0.0,0.0,0.0,3955.3108722495226
2024-01-29,3774.821818570631,3835.905436579819,4101.725671703211,3774.821818570631,3774.821818570631,190.8208562093022,190.8208562093022,190.8208562093022,-11.318739975369345,-11.318739975369345,-11.318739975369345,202.13959618467155,202.13959618467155,202.13959618467155,0.0,0.0,0.0,3965.6426747799333
2024-01-30,3776.4799156381996,3837.0401588206064,4095.1021016926175,3776.4799156381996,3776.4799156381996,192.87901384951903,192.87901384951903,192.87901384951903,-9.813608091919356,-9.813608091919356,-9.813608091919356,202.69262194143838,202.69262194143838,202.69262194143838,0.0,0.0,0.0,3969.358929487719
2024-01-31,3778.1380127057687,3845.7278484696008,4102.44747848045,3778.1380127057687,3778.1380127057687,194.5349447166025,194.5349447166025,194.5349447166025,-8.435019098232226,-8.435019098232226,-8.435019098232226,202.96996381483473,202.96996381483473,202.96996381483473,0.0,0.0,0.0,3972.6729574223714
2024-02-01,3779.796109773338,3852.5599552040862,4108.939784702621,3779.796109773338,3779.796109773338,192.89613533758387,192.89613533758387,192.89613533758387,-10.07508824184018,-10.07508824184018,-10.07508824184018,202.97122357942405,202.97122357942405,202.97122357942405,0.0,0.0,0.0,3972.6922451109217
2024-02-02,3781.454206840907,3840.2543358623457,4103.514018147614,3781.454206840907,3781.454206840907,191.0962218591539,191.0962218591539,191.0962218591539,-11.60002162073278,-11.60002162073278,-11.60002162073278,202.69624347988668,202.69624347988668,202.69624347988668,0.0,0.0,0.0,3972.550428700061
2024-02-05,3786.4284980436137,3837.4407405778343,4105.38405270064,3786.4284980436137,3786.4284980436137,188.89404010324384,188.89404010324384,188.89404010324384,-11.31873997539335,-11.31873997539335,-11.31873997539335,200.21278007863722,200.21278007863722,200.21278007863722,0.0,0.0,0.0,3975.3225381468574
2024-02-06,3788.0865951111828,3846.0217165095596,4107.628345451659,3788.0865951111828,3788.0865951111828,189.01748613591255,189.01748613591255,189.01748613591255,-9.813608091951592,-9.813608091951592,-9.813608091951592,198.83109422786416,198.83109422786416,198.83109422786416,0.0,0.0,0.0,3977.104081247095
2024-02-07,3789.744692178752,3849.5962981457906,4119.344144363337,3789.744692178752,3789.744692178752,188.73633880560683,188.73633880560683,188.73633880560683,-8.435019098210342,-8.435019098210342,-8.435019098210342,197.17135790381715,197.17135790381715,197.17135790381715,0.0,0.0,0.0,3978.4810309843588
2024-02-08,3791.402789246321,3843.922449743341,4113.066887729627,3791.402789246321,3791.402789246321,185.1573820639586,185.1573820639586,185.1573820639586,-10.075088241795502,-10.075088241795502,-10.075088241795502,195.2324703057541,195.2324703057541,195.2324703057541,0.0,0.0,0.0,3976.5601713102797
2024-02-09,3793.06088631389,3841.3649285762613,4101.788926101652,3793.06088631389,3793.06088631389,181.41305156714768,181.41305156714768,181.41305156714768,-11.600021620773651,-11.600021620773651,-11.600021620773651,193.01307318792135,193.01307318792135,193.01307318792135,0.0,0.0,0.0,3974.4739378810377
2024-02-12,3798.0351775165977,3842.0768347810713,4102.7391215030075,3798.0351775165977,3798.0351775165977,173.3375183600901,173.3375183600901,173.3375183600901,-11.31873997541735,-11.31873997541735,-11.31873997541735,184.65625833550743,184.65625833550743,184.65625833550743,0.0,0.0,0.0,3971.372695876688
2024-02-13,3799.693274584167,3845.1400045406376,4106.955656491699,3799.693274584167,3799.693274584167,171.48598511291758,171.48598511291758,171.48598511291758,-9.813608091956937,-9.813608091956937,-9.813608091956937,181.2995932048745,181.2995932048745,181.2995932048745,0.0,0.0,0.0,3971.1792596970845
2024-02-14,3801.351371651736,3838.084076654576,4095.2690762904053,3801.351371651736,3801.351371651736,169.2207883132354,169.2207883132354,169.2207883132354,-8.435019098254559,-8.435019098254559,-8.435019098254559,177.65580741148997,177.65580741148997,177.65580741148997,0.0,0.0,0.0,3970.5721599649714
2024-02-15,3803.009468719305,3830.694733099735,4094.2394868832457,3803.009468719305,3803.009468719305,163.64984484179797,163.64984484179797,163.64984484179797,-10.075088241824998,-10.075088241824998,-10.075088241824998,173.72493308362297,173.72493308362297,173.72493308362297,0.0,0.0,0.0,3966.659313561103
2024-02-16,3804.667565786874,3838.8253776548827,4088.2311123605923,3804.667565786874,3804.667565786874,157.9080036746491,157.9080036746491,157.9080036746491,-11.600021620746963,-11.600021620746963,-11.600021620746963,169.50802529539607,169.50802529539607,169.50802529539607,0.0,0.0,0.0,3962.575569461523
2024-02-19,3809.641856989581,3821.721888652425,4095.574020291819,3809.641856989581,3809.641856989581,143.85410537720742,143.85410537720742,143.85410537720742,-11.318739975456225,-11.318739975456225,-11.318739975456225,155.17284535266367,155.17284535266367,155.17284535266367,0.0,0.0,0.0,3953.4959623667883
2024-02-20,3811.29995405715,3824.7873653270753,4083.229597005412,3811.29995405715,3811.29995405715,140.03892620851073,140.03892620851073,140.03892620851073,-9.81360809191735,-9.81360809191735,-9.81360809191735,149.85253430042806,149.85253430042806,149.85253430042806,0.0,0.0,0.0,3951.338880265661
2024-02-21,3812.958051124719,3811.272575897467,4081.1152265950996,3812.958051124719,3812.958051124719,135.84141431372387,135.84141431372387,135.84141431372387,-8.435019098232672,-8.435019098232672,-8.435019098232672,144.27643341195653,144.27643341195653,144.27643341195653,0.0,0.0,0.0,3948.799465438443
2024-02-22,3814.6161481922886,3806.911466321586,4066.3064153482756,3814.6161481922886,3814.6161481922886,128.38224763501006,128.38224763501006,128.38224763501006,-10.07508824178504,-10.07508824178504,-10.07508824178504,138.4573358767951,138.4573358767951,138.4573358767951,0.0,0.0,0.0,3942.9983958272987
2024-02-23,3816.2742452598577,3813.3978696492786,4073.432131948662,3816.2742452598577,3816.2742452598577,120.81071084373606,120.81071084373606,120.81071084373606,-11.60002162072028,-11.60002162072028,-11.60002162072028,132.41073246445634,132.41073246445634,132.41073246445634,0.0,0.0,0.0,3937.084956103594
2024-02-26,3821.2485364625645,3799.0592227753104,4056.4724272283206,3821.2485364625645,3821.2485364625645,101.78431356511915,101.78431356511915,101.78431356511915,-11.318739975480224,-11.318739975480224,-11.318739975480224,113.10305354059938,113.10305354059938,113.10305354059938,0.0,0.0,0.0,3923.0328500276837
2024-02-27,3822.9066335301336,3784.894535300477,4049.4447240130894,3822.9066335301336,3822.9066335301336,96.54411289035936,96.54411289035936,96.54411289035936,-9.813608091922697,-9.813608091922697,-9.813608091922697,106.35772098228206,106.35772098228206,106.35772098228206,0.0,0.0,0.0,3919.450746420493
2024-02-28,3824.5647305977027,3781.1530274354604,4044.0755111025524,3824.5647305977027,3824.5647305977027,91.06935613106664,91.06935613106664,91.06935613106664,-8.435019098182343,-8.435019098182343,-8.435019098182343,99.50437522924898,99.50437522924898,99.50437522924898,0.0,0.0,0.0,3915.6340867287695
2024-02-29,3826.222827665272,3788.283560023723,4040.170307805687,3826.222827665272,3826.222827665272,82.4996622127103,82.4996622127103,82.4996622127103,-10.075088241814536,-10.075088241814536,-10.075088241814536,92.57475045452483,92.57475045452483,92.57475045452483,0.0,0.0,0.0,3908.7224898779823
2024-03-01,3827.880924732841,3774.121359807479,4032.043547943561,3827.880924732841,3827.880924732841,74.00266741872117,74.00266741872117,74.00266741872117,-11.60002162076115,-11.60002162076115,-11.60002162076115,85.60268903948231,85.60268903948231,85.60268903948231,0.0,0.0,0.0,3901.883592151562
2024-03-04,3832.8552159355477,3753.934054180087,4014.9744522934807,3832.8552159355477,3832.8552159355477,53.47549991020254,53.47549991020254,53.47549991020254,-11.318739975353395,-11.318739975353395,-11.318739975353395,64.79423988555594,64.79423988555594,64.79423988555594,0.0,0.0,0.0,3886.33071584575
2024-03-05,3834.5133130031168,3758.6925627010282,4011.8094642233273,3834.5133130031168,3834.5133130031168,48.206080739601525,48.206080739601525,48.206080739601525,-9.813608091928044,-9.813608091928044,-9.813608091928044,58.01968883152958,58.01968883152958,58.01968883152958,0.0,0.0,0.0,3882.7193937427182
2024-03-06,3836.1714100706863,3745.049688084912,4010.464530008455,3836.1714100706863,3836.1714100706863,42.954466419121594,42.954466419121594,42.954466419121594,-8.43501909822656,-8.43501909822656,-8.43501909822656,51.389485517348156,51.389485517348156,51.389485517348156,0.0,0.0,0.0,3879.125876489808
2024-03-07,3837.8295071382554,3742.8831628375683,3999.389811188118,3837.8295071382554,3837.8295071382554,34.865955410669166,34.865955410669166,34.865955410669166,-10.075088241769855,-10.075088241769855,-10.075088241769855,44.94104365243902,44.94104365243902,44.94104365243902,0.0,0.0,0.0,3872.6954625489248
2024-03-11,3844.4618954085313,3716.3117258598413,3980.301371602646,3844.4618954085313,3844.4618954085313,10.338117065545495,10.338117065545495,10.338117065545495,-11.318739975377396,-11.318739975377396,-11.318739975377396,21.65685704092289,21.65685704092289,21.65685704092289,0.0,0.0,0.0,3854.800012474077
2024-03-12,3846.1199924761004,3732.423072372585,3983.9187521988324,3846.1199924761004,3846.1199924761004,6.800794669619755,6.800794669619755,6.800794669619755,-9.813608091888455,-9.813608091888455,-9.813608091888455,16.61440276150821,16.61440276150821,16.61440276150821,0.0,0.0,0.0,3852.92078714572
2024-03-13,3847.7780895436695,3728.63148561232,3977.3200889079617,3847.7780895436695,3847.7780895436695,3.497288179119149,3.497288179119149,3.497288179119149,-8.435019098204677,-8.435019098204677,-8.435019098204677,11.932307277323826,11.932307277323826,11.932307277323826,0.0,0.0,0.0,3851.2753777227886
2024-03-14,3849.4361866112386,3715.927537684138,3977.171080776891,3849.4361866112386,3849.4361866112386,-2.4470592422482698,-2.4470592422482698,-2.4470592422482698,-10.075088241799353,-10.075088241799353,-10.075088241799353,7.628028999551083,7.628028999551083,7.628028999551083,0.0,0.0,0.0,3846.9891273689905
2024-03-15,3851.094283678807,3717.416497416981,3968.917646483504,3851.094283678807,3851.094283678807,-7.885547309562696,-7.885547309562696,-7.885547309562696,-11.600021620770056,-11.600021620770056,-11.600021620770056,3.71447431120736,3.71447431120736,3.71447431120736,0.0,0.0,0.0,3843.2087363692444
2024-03-18,3856.068574881515,3699.473603211809,3958.256655595432,3856.068574881515,3856.068574881515,-16.94406784131312,-16.94406784131312,-16.94406784131312,-11.318739975416266,-11.318739975416266,-11.318739975416266,-5.625327865896851,-5.625327865896851,-5.625327865896851,0.0,0.0,0.0,3839.124507040202
2024-03-19,3857.726671949084,3707.7003389244496,3969.858112830079,3857.726671949084,3857.726671949084,-17.757863114104513,-17.757863114104513,-17.757863114104513,-9.813608091893803,-9.813608091893803,-9.813608091893803,-7.944255022210711,-7.944255022210711,-7.944255022210711,0.0,0.0,0.0,3839.9688088349794
2024-03-20,3859.384769016653,3711.672636581538,3973.9471127704182,3859.384769016653,3859.384769016653,-18.31627643747844,-18.31627643747844,-18.31627643747844,-8.435019098220446,-8.435019098220446,-8.435019098220446,-9.881257339257994,-9.881257339257994,-9.881257339257994,0.0,0.0,0.0,3841.0684925791747
2024-03-21,3861.042866084222,3709.8581740974505,3964.641041882229,3861.042866084222,3861.042866084222,-21.527604325938224,-21.527604325938224,-21.527604325938224,-10.07508824182885,-10.07508824182885,-10.07508824182885,-11.452516084109373,-11.452516084109373,-11.452516084109373,0.0,0.0,0.0,3839.515261758284
2024-03-22,3862.700963151791,3701.2395017769522,3972.774952800105,3862.700963151791,3862.700963151791,-24.278539479686838,-24.278539479686838,-24.278539479686838,-11.600021620743368,-11.600021620743368,-11.600021620743368,-12.678517858943474,-12.678517858943474,-12.678517858943474,0.0,0.0,0.0,3838.422423672104
2024-03-26,3869.333351422067,3720.2658342645223,3975.4001893059803,3869.333351422067,3869.333351422067,-24.48057136672742,-24.48057136672742,-24.48057136672742,-9.813608091926039,-9.813608091926039,-9.813608091926039,-14.66696327480138,-14.66696327480138,-14.66696327480138,0.0,0.0,0.0,3844.8527800553397
2024-03-27,3870.9914484896362,3712.7290754544188,3971.1174237975342,3870.9914484896362,3870.9914484896362,-23.029091086424692,-23.029091086424692,-23.029091086424692,-8.43501909819856,-8.43501909819856,-8.43501909819856,-14.594071988226128,-14.594071988226128,-14.594071988226128,0.0,0.0,0.0,3847.9623574032116
2024-03-28,3872.649545557205,3719.942384693087,3970.4609089928745,3872.649545557205,3872.649545557205,-24.438406886943124,-24.438406886943124,-24.438406886943124,-10.075088241784169,-10.075088241784169,-10.075088241784169,-14.363318645158953,-14.363318645158953,-14.363318645158953,0.0,0.0,0.0,3848.211138670262
2024-04-01,3879.2819338274817,3726.5894239152676,3998.1990754090907,3879.2819338274817,3879.2819338274817,-23.90654819780739,-23.90654819780739,-23.90654819780739,-11.318739975464274,-11.318739975464274,-11.318739975464274,-12.587808222343117,-12.587808222343117,-12.587808222343117,0.0,0.0,0.0,3855.3753856296744
2024-04-02,3880.9400308950508,3724.9523614143245,3985.1509400449672,3880.9400308950508,3880.9400308950508,-21.918242329243398,-21.918242329243398,-21.918242329243398,-9.813608091931386,-9.813608091931386,-9.813608091931386,-12.104634237312016,-12.104634237312016,-12.104634237312016,0.0,0.0,0.0,3859.0217885658076
2024-04-03,3882.59812796262,3728.323338441275,3991.0545065841766,3882.59812796262,3882.59812796262,-20.10402367007494,-20.10402367007494,-20.10402367007494,-8.435019098242778,-8.435019098242778,-8.435019098242778,-11.669004571832161,-11.669004571832161,-11.669004571832161,0.0,0.0,0.0,3862.4941042925448
2024-04-04,3884.2562250301885,3722.8988394660323,4003.435428692266,3884.2562250301885,3884.2562250301885,-21.383125781907463,-21.383125781907463,-21.383125781907463,-10.075088241813667,-10.075088241813667,-10.075088241813667,-11.308037540093798,-11.308037540093798,-11.308037540093798,0.0,0.0,0.0,3862.873099248281
2024-04-05,3885.9143220977576,3730.565749088792,3980.1595641706435,3885.9143220977576,3885.9143220977576,-22.645664273707464,-22.645664273707464,-22.645664273707464,-11.600021620757548,-11.600021620757548,-11.600021620757548,-11.045642652949917,-11.045642652949917,-11.045642652949917,0.0,0.0,0.0,3863.26865782405
2024-04-08,3890.888613300465,3730.216833339944,3997.053678433789,3890.888613300465,3890.888613300465,-22.35436458591551,-22.35436458591551,-22.35436458591551,-11.318739975503146,-11.318739975503146,-11.318739975503146,-11.035624610412363,-11.035624610412363,-11.035624610412363,0.0,0.0,0.0,3868.5342487145494
2024-04-09,3892.546710368034,3738.7757347580477,4000.369125824719,3892.546710368034,3892.546710368034,-21.14813633294652,-21.14813633294652,-21.14813633294652,-9.813608091936734,-9.813608091936734,-9.813608091936734,-11.334528241009787,-11.334528241009787,-11.334528241009787,0.0,0.0,0.0,3871.398574035087
2024-04-10,3894.204807435603,3740.713730443695,4013.237033371339,3894.204807435603,3894.204807435603,-20.23174439646895,-20.23174439646895,-20.23174439646895,-8.435019098220895,-8.435019098220895,-8.435019098220895,-11.796725298248054,-11.796725298248054,-11.796725298248054,0.0,0.0,0.0,3873.973063039134
2024-04-12,3897.521001570741,3737.8136135845048,3998.049250465553,3897.521001570741,3897.521001570741,-24.81508100045816,-24.81508100045816,-24.81508100045816,-11.600021620725586,-11.600021620725586,-11.600021620725586,-13.215059379732576,-13.215059379732576,-13.215059379732576,0.0,0.0,0.0,3872.705920570283
2024-04-15,3902.4952927734485,3741.28560364435,3996.959421553055,3902.4952927734485,3902.4952927734485,-27.830041483803747,-27.830041483803747,-27.830041483803747,-11.318739975527148,-11.318739975527148,-11.318739975527148,-16.5113015082766,-16.5113015082766,-16.5113015082766,0.0,0.0,0.0,3874.665251289645
2024-04-16,3904.1533898410175,3748.9369223157178,4008.8192404520732,3904.1533898410175,3904.1533898410175,-27.700023957886163,-27.700023957886163,-27.700023957886163,-9.813608091968964,-9.813608091968964,-9.813608091968964,-17.8864158659172,-17.8864158659172,-17.8864158659172,0.0,0.0,0.0,3876.4533658831315
2024-04-18,3907.4695839761553,3741.0394190653665,4013.7288349483692,3907.4695839761553,3907.4695839761553,-31.052270387491006,-31.052270387491006,-31.052270387491006,-10.075088241803202,-10.075088241803202,-10.075088241803202,-20.977182145687806,-20.977182145687806,-20.977182145687806,0.0,0.0,0.0,3876.4173135886645
2024-04-19,3909.1276810437244,3752.5867836526086,3999.8161784846484,3909.1276810437244,3909.1276810437244,-34.264953396747195,-34.264953396747195,-34.264953396747195,-11.600021620766457,-11.600021620766457,-11.600021620766457,-22.66493177598074,-22.66493177598074,-22.66493177598074,0.0,0.0,0.0,3874.862727646977
2024-04-22,3914.1019722464316,3743.578445329956,3996.793008902873,3914.1019722464316,3914.1019722464316,-39.44878697949731,-39.44878697949731,-39.44878697949731,-11.318739975400318,-11.318739975400318,-11.318739975400318,-28.130047004096987,-28.130047004096987,-28.130047004096987,0.0,0.0,0.0,3874.653185266934
2024-04-23,3915.7600693140007,3749.035178720286,4015.491313129142,3915.7600693140007,3915.7600693140007,-39.856538426069186,-39.856538426069186,-39.856538426069186,-9.813608091974313,-9.813608091974313,-9.813608091974313,-30.042930334094876,-30.042930334094876,-30.042930334094876,0.0,0.0,0.0,3875.9035308879315
2024-04-24,3917.4181663815702,3751.725795074839,4004.459946695656,3917.4181663815702,3917.4181663815702,-40.41802878103152,-40.41802878103152,-40.41802878103152,-8.435019098243227,-8.435019098243227,-8.435019098243227,-31.983009682788296,-31.983009682788296,-31.983009682788296,0.0,0.0,0.0,3877.000137600539
2024-04-25,3919.0762634491393,3746.5690382902644,4011.4635027552904,3919.0762634491393,3919.0762634491393,-44.01667884902815,-44.01667884902815,-44.01667884902815,-10.075088241758527,-10.075088241758527,-10.075088241758527,-33.94159060726963,-33.94159060726963,-33.94159060726963,0.0,0.0,0.0,3875.059584600111
2024-04-26,3920.7343605167084,3743.906982824707,4005.776979186409,3920.7343605167084,3920.7343605167084,-47.511801265881125,-47.511801265881125,-47.511801265881125,-11.600021620739769,-11.600021620739769,-11.600021620739769,-35.91177964514136,-35.91177964514136,-35.91177964514136,0.0,0.0,0.0,3873.222559250827
2024-04-29,3925.7086517194157,3737.2192210087496,4003.7515622337446,3925.7086517194157,3925.7086517194157,-53.16993734358404,-53.16993734358404,-53.16993734358404,-11.318739975424318,-11.318739975424318,-11.318739975424318,-41.851197368159724,-41.851197368159724,-41.851197368159724,0.0,0.0,0.0,3872.5387143758317
2024-04-30,3927.3667487869843,3741.6094836376037,3994.3296112533626,3927.3667487869843,3927.3667487869843,-53.649718520398004,-53.649718520398004,-53.649718520398004,-9.813608091934723,-9.813608091934723,-9.813608091934723,-43.83611042846328,-43.83611042846328,-43.83611042846328,0.0,0.0,0.0,3873.7170302665863
2024-05-02,3930.6829429221225,3742.3316147091414,4005.720525284858,3930.6829429221225,3930.6829429221225,-57.89728505926013,-57.89728505926013,-57.89728505926013,-10.075088241788023,-10.075088241788023,-10.075088241788023,-47.822196817472104,-47.822196817472104,-47.822196817472104,0.0,0.0,0.0,3872.7856578628625
2024-05-03,3932.3410399896916,3738.4624746705017,3999.787152513471,3932.3410399896916,3932.3410399896916,-61.43054999137541,-61.43054999137541,-61.43054999137541,-11.60002162071308,-11.60002162071308,-11.60002162071308,-49.830528370662336,-49.830528370662336,-49.830528370662336,0.0,0.0,0.0,3870.9104899983163
2024-05-06,3937.315331192399,3730.772871789786,3991.8629591751396,3937.315331192399,3937.315331192399,-67.29111630787527,-67.29111630787527,-67.29111630787527,-11.318739975448322,-11.318739975448322,-11.318739975448322,-55.97237633242696,-55.97237633242696,-55.97237633242696,0.0,0.0,0.0,3870.0242148845236
2024-05-07,3938.973428259968,3752.2001994541656,4007.956124796324,3938.973428259968,3938.973428259968,-67.88789078772196,-67.88789078772196,-67.88789078772196,-9.813608091940074,-9.813608091940074,-9.813608091940074,-58.07428269578188,-58.07428269578188,-58.07428269578188,0.0,0.0,0.0,3871.085537472246
2024-05-08,3940.631525327537,3732.564532026078,3996.4043663161815,3940.631525327537,3940.631525327537,-68.64496996284956,-68.64496996284956,-68.64496996284956,-8.435019098237113,-8.435019098237113,-8.435019098237113,-60.20995086461244,-60.20995086461244,-60.20995086461244,0.0,0.0,0.0,3871.9865553646873
2024-05-09,3942.289622395106,3739.846753927351,4003.841791083673,3942.289622395106,3942.289622395106,-72.4567668496567,-72.4567668496567,-72.4567668496567,-10.07508824181752,-10.07508824181752,-10.07508824181752,-62.381678607839184,-62.381678607839184,-62.381678607839184,0.0,0.0,0.0,3869.8328555454495
2024-05-10,3943.947719462675,3738.3398839518404,4000.143773865448,3943.947719462675,3943.947719462675,-76.19029368292752,-76.19029368292752,-76.19029368292752,-11.600021620753951,-11.600021620753951,-11.600021620753951,-64.59027206217357,-64.59027206217357,-64.59027206217357,0.0,0.0,0.0,3867.757425779748
2024-05-13,3948.922010665382,3737.3104424216367,3994.915039558423,3948.922010665382,3948.922010665382,-82.73652716066874,-82.73652716066874,-82.73652716066874,-11.318739975321488,-11.318739975321488,-11.318739975321488,-71.41778718534725,-71.41778718534725,-71.41778718534725,0.0,0.0,0.0,3866.1854835047134
2024-05-14,3950.580107732951,3743.153177934279,3991.093341545086,3950.580107732951,3950.580107732951,-83.55762899101255,-83.55762899101255,-83.55762899101255,-9.813608091945422,-9.813608091945422,-9.813608091945422,-73.74402089906712,-73.74402089906712,-73.74402089906712,0.0,0.0,0.0,3867.0224787419384
2024-05-15,3952.23820480052,3736.5742403971194,4007.374491512043,3952.23820480052,3952.23820480052,-84.51657017915711,-84.51657017915711,-84.51657017915711,-8.435019098215225,-8.435019098215225,-8.435019098215225,-76.08155108094188,-76.08155108094188,-76.08155108094188,0.0,0.0,0.0,3867.721634621363
2024-05-16,3953.8963018680893,3732.85900423655,4002.765797692387,3953.8963018680893,3953.8963018680893,-88.49385633127562,-88.49385633127562,-88.49385633127562,-10.07508824177756,-10.07508824177756,-10.07508824177756,-78.41876808949806,-78.41876808949806,-78.41876808949806,0.0,0.0,0.0,3865.4024455368135
2024-05-17,3955.5543989356584,3733.852050427789,4001.8338018110157,3955.5543989356584,3955.5543989356584,-92.34204858284522,-92.34204858284522,-92.34204858284522,-11.600021620727267,-11.600021620727267,-11.600021620727267,-80.74202696211795,-80.74202696211795,-80.74202696211795,0.0,0.0,0.0,3863.2123503528132
2024-05-21,3962.1867872059347,3732.735030846449,3997.748964486463,3962.1867872059347,3962.1867872059347,-99.37769139442149,-99.37769139442149,-99.37769139442149,-9.81360809190583,-9.81360809190583,-9.81360809190583,-89.56408330251566,-89.56408330251566,-89.56408330251566,0.0,0.0,0.0,3862.809095811513
2024-05-22,3963.844884273504,3734.5693987364934,3987.9699037521805,3963.844884273504,3963.844884273504,-99.9938327671391,-99.9938327671391,-99.9938327671391,-8.435019098259444,-8.435019098259444,-8.435019098259444,-91.55881366887965,-91.55881366887965,-91.55881366887965,0.0,0.0,0.0,3863.851051506365
2024-05-23,3965.502981341073,3730.5167262330983,3994.788548251526,3965.502981341073,3965.502981341073,-103.50520946453757,-103.50520946453757,-103.50520946453757,-10.075088241807057,-10.075088241807057,-10.075088241807057,-93.4301212227305,-93.4301212227305,-93.4301212227305,0.0,0.0,0.0,3861.9977718765354
2024-05-24,3967.161078408642,3713.067221802772,3991.9496156738674,3967.161078408642,3967.161078408642,-106.75876333964077,-106.75876333964077,-106.75876333964077,-11.600021620762858,-11.600021620762858,-11.600021620762858,-95.1587417188779,-95.1587417188779,-95.1587417188779,0.0,0.0,0.0,3860.4023150690014
2024-05-27,3972.135369611349,3738.227913598417,3992.925440060092,3972.135369611349,3972.135369611349,-110.63118040801703,-110.63118040801703,-110.63118040801703,-11.318739975384366,-11.318739975384366,-11.318739975384366,-99.31244043263267,-99.31244043263267,-99.31244043263267,0.0,0.0,0.0,3861.504189203332
2024-05-28,3973.793466678918,3737.754168384343,3995.228792735529,3973.793466678918,3973.793466678918,-110.11664090613779,-110.11664090613779,-110.11664090613779,-9.81360809191118,-9.81360809191118,-9.81360809191118,-100.30303281422661,-100.30303281422661,-100.30303281422661,0.0,0.0,0.0,3863.67682577278
2024-05-29,3975.451563746487,3746.724470897278,3996.432647606048,3975.451563746487,3975.451563746487,-109.51256970816245,-109.51256970816245,-109.51256970816245,-8.435019098237563,-8.435019098237563,-8.435019098237563,-101.07755060992488,-101.07755060992488,-101.07755060992488,0.0,0.0,0.0,3865.9389940383244
2024-05-30,3977.109660814056,3739.7239681994797,3993.104270166104,3977.109660814056,3977.109660814056,-111.70393398078531,-111.70393398078531,-111.70393398078531,-10.075088241836553,-10.075088241836553,-10.075088241836553,-101.62884573894875,-101.62884573894875,-101.62884573894875,0.0,0.0,0.0,3865.405726833271
2024-05-31,3978.7677578816256,3740.0132714255747,4002.6923819814024,3978.7677578816256,3978.7677578816256,-113.55308173778238,-113.55308173778238,-113.55308173778238,-11.60002162073617,-11.60002162073617,-11.60002162073617,-101.95306011704622,-101.95306011704622,-101.95306011704622,0.0,0.0,0.0,3865.214676143843
2024-06-03,3983.7420490843324,3742.4594371711237,3999.537438217814,3983.7420490843324,3983.7420490843324,-112.89669316458637,-112.89669316458637,-112.89669316458637,-11.318739975408366,-11.318739975408366,-11.318739975408366,-101.577953189178,-101.577953189178,-101.577953189178,0.0,0.0,0.0,3870.845355919746
2024-06-04,3985.4001461519015,3748.4698521484174,4002.0777467556604,3985.4001461519015,3985.4001461519015,-110.84057088132639,-110.84057088132639,-110.84057088132639,-9.813608091943411,-9.813608091943411,-9.813608091943411,-101.02696278938298,-101.02696278938298,-101.02696278938298,0.0,0.0,0.0,3874.559575270575
2024-06-05,3987.0582432194706,3750.2183504445675,4007.2518282948727,3987.0582432194706,3987.0582432194706,-108.71878608082517,-108.71878608082517,-108.71878608082517,-8.435019098215678,-8.435019098215678,-8.435019098215678,-100.28376698260949,-100.28376698260949,-100.28376698260949,0.0,0.0,0.0,3878.3394571386452
2024-06-06,3988.7163402870397,3740.3322859616014,4011.709061896973,3988.7163402870397,3988.7163402870397,-109.44112468913526,-109.44112468913526,-109.44112468913526,-10.075088241791873,-10.075088241791873,-10.075088241791873,-99.3660364473434,-99.3660364473434,-99.3660364473434,0.0,0.0,0.0,3879.275215597904
2024-06-07,3990.3744373546087,3749.6266504827267,3998.825006376149,3990.3744373546087,3990.3744373546087,-109.89461028646478,-109.89461028646478,-109.89461028646478,-11.60002162077704,-11.60002162077704,-11.60002162077704,-98.29458866568774,-98.29458866568774,-98.29458866568774,0.0,0.0,0.0,3880.479827068144
2024-06-10,3995.3487285573156,3769.535363715992,4013.15840193689,3995.3487285573156,3995.3487285573156,-105.72468633755541,-105.72468633755541,-105.72468633755541,-11.318739975432367,-11.318739975432367,-11.318739975432367,-94.40594636212305,-94.40594636212305,-94.40594636212305,0.0,0.0,0.0,3889.62404221976
2024-06-11,3997.0068256248846,3769.675019072553,4032.2124129387234,3997.0068256248846,3997.0068256248846,-102.79149963562139,-102.79149963562139,-102.79149963562139,-9.813608091948758,-9.813608091948758,-9.813608091948758,-92.97789154367264,-92.97789154367264,-92.97789154367264,0.0,0.0,0.0,3894.2153259892634
2024-06-12,3998.664922692454,3756.1566443089305,4027.813612533369,3998.664922692454,3998.664922692454,-99.96879238744765,-99.96879238744765,-99.96879238744765,-8.435019098231447,-8.435019098231447,-8.435019098231447,-91.5337732892162,-91.5337732892162,-91.5337732892162,0.0,0.0,0.0,3898.6961303050066
2024-06-13,4000.3230197600233,3772.270758834083,4040.972719389264,4000.3230197600233,4000.3230197600233,-100.17949314691212,-100.17949314691212,-100.17949314691212,-10.075088241821371,-10.075088241821371,-10.075088241821371,-90.10440490509076,-90.10440490509076,-90.10440490509076,0.0,0.0,0.0,3900.143526613111
2024-06-14,4001.9811168275924,3775.524132689318,4034.218553160633,4001.9811168275924,4001.9811168275924,-100.32042612023288,-100.32042612023288,-100.32042612023288,-11.60002162075035,-11.60002162075035,-11.60002162075035,-88.72040449948253,-88.72040449948253,-88.72040449948253,0.0,0.0,0.0,3901.6606907073597
2024-06-18,4008.6135050978683,3789.8410741354096,4036.7591648302305,4008.6135050978683,4008.6135050978683,-94.02557531971648,-94.02557531971648,-94.02557531971648,-9.813608091909169,-9.813608091909169,-9.813608091909169,-84.2119672278073,-84.2119672278073,-84.2119672278073,0.0,0.0,0.0,3914.5879297781516
2024-06-19,4010.2716021654373,3787.060727811809,4044.8950698623435,4010.2716021654373,4010.2716021654373,-91.90316749059173,-91.90316749059173,-91.90316749059173,-8.435019098209562,-8.435019098209562,-8.435019098209562,-83.46814839238216,-83.46814839238216,-83.46814839238216,0.0,0.0,0.0,3918.3684346748455
2024-06-20,4011.9296992330064,3787.830833613175,4045.0976093717913,4011.9296992330064,4012.01590011804,-92.99380009903061,-92.99380009903061,-92.99380009903061,-10.075088241781412,-10.075088241781412,-10.075088241781412,-82.9187118572492,-82.9187118572492,-82.9187118572492,0.0,0.0,0.0,3918.935899133976
2024-06-21,4013.5877963005755,3791.734094318514,4045.8241122110926,4013.3467612926024,4013.9957524971646,-94.17834919821621,-94.17834919821621,-94.17834919821621,-11.600021620723664,-11.600021620723664,-11.600021620723664,-82.57832757749254,-82.57832757749254,-82.57832757749254,0.0,0.0,0.0,3919.409447102359
2024-06-24,4018.5620875032823,3799.2661402065582,4046.1544357161238,4017.6173120129447,4019.117833714752,-94.2182615859057,-94.2182615859057,-94.2182615859057,-11.318739975495244,-11.318739975495244,-11.318739975495244,-82.89952161041045,-82.89952161041045,-82.89952161041045,0.0,0.0,0.0,3924.3438259173768
2024-06-25,4020.220184570852,3790.4705372240464,4053.3037256162715,4018.8848168786885,4020.9686440762157,-93.27641101966628,-93.27641101966628,-93.27641101966628,-9.813608091914519,-9.813608091914519,-9.813608091914519,-83.46280292775177,-83.46280292775177,-83.46280292775177,0.0,0.0,0.0,3926.9437735511856
2024-06-26,4021.878281638421,3802.5145286031266,4063.5632957854987,4019.8560198294463,4023.177875394006,-92.68315825998158,-92.68315825998158,-92.68315825998158,-8.435019098187677,-8.435019098187677,-8.435019098187677,-84.2481391617939,-84.2481391617939,-84.2481391617939,0.0,0.0,0.0,3929.1951233784393
2024-06-27,4023.53637870599,3793.892554485553,4054.0998820744876,4020.713554142715,4025.3578191739925,-95.3208507912726,-95.3208507912726,-95.3208507912726,-10.075088241810908,-10.075088241810908,-10.075088241810908,-85.24576254946169,-85.24576254946169,-85.24576254946169,0.0,0.0,0.0,3928.2155279147173
2024-06-28,4025.1944757735587,3789.635520913158,4049.3403659358432,4021.273171062358,4027.6467940151356,-98.04205915532555,-98.04205915532555,-98.04205915532555,-11.600021620764538,-11.600021620764538,-11.600021620764538,-86.44203753456101,-86.44203753456101,-86.44203753456101,0.0,0.0,0.0,3927.152416618233
2024-07-01,4030.168766976266,3803.14567639868,4058.8258642686255,4025.2678772303866,4033.3078330976964,-102.35281898905299,-102.35281898905299,-102.35281898905299,-11.318739975368414,-11.318739975368414,-11.318739975368414,-91.03407901368458,-91.03407901368458,-91.03407901368458,0.0,0.0,0.0,3927.815947987213
2024-07-02,4031.826864043835,3790.9141383279866,4059.188605824467,4024.9914428891148,4035.5972163349775,-102.6348508298681,-102.6348508298681,-102.6348508298681,-9.813608091919868,-9.813608091919868,-9.813608091919868,-92.82124273794822,-92.82124273794822,-92.82124273794822,0.0,0.0,0.0,3929.192013213967
2024-07-03,4033.484961111404,3799.362319241879,4061.7405952716977,4025.9009303762055,4038.3856756827518,-103.12662025101349,-103.12662025101349,-103.12662025101349,-8.435019098231892,-8.435019098231892,-8.435019098231892,-94.69160115278159,-94.69160115278159,-94.69160115278159,0.0,0.0,0.0,3930.358340860391
2024-07-04,4035.143058178973,3797.073653977618,4068.06928874452,4026.858428227189,4041.29204530832,-106.69051627285182,-106.69051627285182,-106.69051627285182,-10.075088241766228,-10.075088241766228,-10.075088241766228,-96.6154280310856,-96.6154280310856,-96.6154280310856,0.0,0.0,0.0,3928.4525419061215
2024-07-05,4036.801155246542,3791.3136065641274,4062.3771144123093,4027.84351524318,4044.8243323060215,-110.16189803354204,-110.16189803354204,-110.16189803354204,-11.60002162073785,-11.60002162073785,-11.60002162073785,-98.5618764128042,-98.5618764128042,-98.5618764128042,0.0,0.0,0.0,3926.639257213
2024-07-08,4041.7754464492496,3793.933602303882,4055.710513809208,4032.074394427498,4050.0327176325086,-115.54084868988167,-115.54084868988167,-115.54084868988167,-11.318739975392413,-11.318739975392413,-11.318739975392413,-104.22210871448925,-104.22210871448925,-104.22210871448925,0.0,0.0,0.0,3926.2345977593677
2024-07-09,4043.4335435168186,3791.7985880783776,4060.97194027766,4032.0931041410713,4052.4291555764275,-115.75910131619952,-115.75910131619952,-115.75910131619952,-9.8136080919521,-9.8136080919521,-9.8136080919521,-105.94549322424743,-105.94549322424743,-105.94549322424743,0.0,0.0,0.0,3927.674442200619
2024-07-10,4045.0916405843877,3797.578456731032,4064.8314953808117,4032.157904475243,4055.6153391845855,-115.97266088399114,-115.97266088399114,-115.97266088399114,-8.435019098210008,-8.435019098210008,-8.435019098210008,-107.53764178578112,-107.53764178578112,-107.53764178578112,0.0,0.0,0.0,3929.1189797003967
2024-07-11,4046.7497376519564,3784.1560516748164,4058.0395170954152,4032.166881783383,4058.359026113709,-119.04617054708042,-119.04617054708042,-119.04617054708042,-10.075088241795724,-10.075088241795724,-10.075088241795724,-108.9710823052847,-108.9710823052847,-108.9710823052847,0.0,0.0,0.0,3927.703567104876
2024-07-12,4048.4078347195255,3788.516434745781,4056.158808372606,4032.2438475380163,4061.36540115775,-121.82040474575416,-121.82040474575416,-121.82040474575416,-11.600021620773441,-11.600021620773441,-11.600021620773441,-110.22038312498073,-110.22038312498073,-110.22038312498073,0.0,0.0,0.0,3926.587429973771
2024-07-15,4053.3821259222327,3798.1870882812495,4057.5895468743206,4035.316493189958,4067.2157923811083,-123.96495552043524,-123.96495552043524,-123.96495552043524,-11.318739975431289,-11.318739975431289,-11.318739975431289,-112.64621554500395,-112.64621554500395,-112.64621554500395,0.0,0.0,0.0,3929.4171704017976
2024-07-16,4055.040222989802,3800.123681234355,4066.89294671657,4035.7496050433574,4069.655593482624,-122.76940439049076,-122.76940439049076,-122.76940439049076,-9.813608091957446,-9.813608091957446,-9.813608091957446,-112.95579629853333,-112.95579629853333,-112.95579629853333,0.0,0.0,0.0,3932.270818599311
2024-07-18,4058.3564171249395,3797.6212829416377,4072.6706108233384,4038.283788538128,4074.4866810417675,-122.82887075780232,-122.82887075780232,-122.82887075780232,-10.075088241825222,-10.075088241825222,-10.075088241825222,-112.7537825159771,-112.7537825159771,-112.7537825159771,0.0,0.0,0.0,3935.5275463671373
2024-07-19,4060.0145141925086,3814.9590615995758,4076.457687993018,4039.159874965331,4077.8185633418225,-123.82931499553652,-123.82931499553652,-123.82931499553652,-11.600021620746753,-11.600021620746753,-11.600021620746753,-112.22929337478976,-112.22929337478976,-112.22929337478976,0.0,0.0,0.0,3936.185199196972
2024-07-22,4064.9888053952163,3806.623179940968,4084.7928729869354,4042.9882075251985,4084.562440148477,-120.27138294711808,-120.27138294711808,-120.27138294711808,-11.318739975455289,-11.318739975455289,-11.318739975455289,-108.9526429716628,-108.9526429716628,-108.9526429716628,0.0,0.0,0.0,3944.717422448098
2024-07-23,4066.6469024627854,3816.404788901431,4090.0476523255775,4042.289841931304,4088.6518076631305,-117.12196175305942,-117.12196175305942,-117.12196175305942,-9.813608091962795,-9.813608091962795,-9.813608091962795,-107.30835366109663,-107.30835366109663,-107.30835366109663,0.0,0.0,0.0,3949.524940709726
2024-07-24,4068.304999530354,3807.0741518483965,4094.2606573122284,4042.7741802515775,4092.1204583473013,-113.83816286687563,-113.83816286687563,-113.83816286687563,-8.435019098203897,-8.435019098203897,-8.435019098203897,-105.40314376867174,-105.40314376867174,-105.40314376867174,0.0,0.0,0.0,3954.4668366634783
2024-07-25,4069.963096597923,3818.827111616118,4088.774879368027,4042.742251840657,4094.509513399972,-113.32516908772352,-113.32516908772352,-113.32516908772352,-10.075088241780543,-10.075088241780543,-10.075088241780543,-103.25008084594297,-103.25008084594297,-103.25008084594297,0.0,0.0,0.0,3956.6379275101995
2024-07-26,4071.6211936654922,3823.0536907413243,4097.761779404593,4042.832558269772,4098.258294348162,-112.46462150913699,-112.46462150913699,-112.46462150913699,-11.600021620720067,-11.600021620720067,-11.600021620720067,-100.86459988841693,-100.86459988841693,-100.86459988841693,0.0,0.0,0.0,3959.156572156355
2024-07-29,4076.5954848681995,3830.5279403627956,4119.03482519873,4046.746825834604,4104.859610707434,-103.81710468880917,-103.81710468880917,-103.81710468880917,-11.318739975479293,-11.318739975479293,-11.318739975479293,-92.49836471332988,-92.49836471332988,-92.49836471332988,0.0,0.0,0.0,3972.7783801793903
2024-07-30,4078.2535819357686,3840.3361746839646,4120.50142185139,4045.9905966409387,4108.604146079981,-99.18981895004522,-99.18981895004522,-99.18981895004522,-9.813608091923207,-9.813608091923207,-9.813608091923207,-89.37621085812201,-89.37621085812201,-89.37621085812201,0.0,0.0,0.0,3979.0637629857233
2024-07-31,4079.911679003337,3846.5431127839256,4115.087655357477,4045.7669567400917,4112.675758734355,-94.56048084234706,-94.56048084234706,-94.56048084234706,-8.435019098248116,-8.435019098248116,-8.435019098248116,-86.12546174409893,-86.12546174409893,-86.12546174409893,0.0,0.0,0.0,3985.35119816099
2024-08-01,4081.5697760709068,3841.3493897956687,4123.516613794524,4044.553429924982,4116.653091265963,-92.84539044162717,-92.84539044162717,-92.84539044162717,-10.07508824181004,-10.07508824181004,-10.07508824181004,-82.77030219981714,-82.77030219981714,-82.77030219981714,0.0,0.0,0.0,3988.7243856292794
2024-08-02,4083.227873138476,3855.4616982796338,4133.804948425418,4044.3052739183213,4119.852970017077,-90.93542263357855,-90.93542263357855,-90.93542263357855,-11.60002162075566,-11.60002162075566,-11.60002162075566,-79.33540101282291,-79.33540101282291,-79.33540101282291,0.0,0.0,0.0,3992.2924505048973
2024-08-05,4088.202164341183,3860.9447926322505,4153.289160286363,4048.1177374413114,4125.985314489567,-80.11907327606042,-80.11907327606042,-80.11907327606042,-11.318739975518165,-11.318739975518165,-11.318739975518165,-68.80033330054226,-68.80033330054226,-68.80033330054226,0.0,0.0,0.0,4008.0830910651225
2024-08-06,4089.860261408752,3861.8330413384715,4152.687389752982,4047.4644079713794,4128.542492931121,-75.10671724065755,-75.10671724065755,-75.10671724065755,-9.813608091928552,-9.813608091928552,-9.813608091928552,-65.29310914872899,-65.29310914872899,-65.29310914872899,0.0,0.0,0.0,4014.753544168095
2024-08-07,4091.518358476321,3877.3165875783234,4170.91557336506,4047.8017942274664,4131.792061097674,-70.2621201854853,-70.2621201854853,-70.2621201854853,-8.43501909822623,-8.43501909822623,-8.43501909822623,-61.827101087259074,-61.827101087259074,-61.827101087259074,0.0,0.0,0.0,4021.2562382908354
2024-08-08,4093.17645554389,3878.6451151883684,4176.515689854083,4047.157969620306,4135.554285129274,-68.49927275550091,-68.49927275550091,-68.49927275550091,-10.07508824177008,-10.07508824177008,-10.07508824177008,-58.42418451373082,-58.42418451373082,-58.42418451373082,0.0,0.0,0.0,4024.677182788389
2024-08-09,4094.834552611459,3896.2482872330334,4191.041414520596,4046.4971031762666,4139.201989214041,-66.70491347157416,-66.70491347157416,-66.70491347157416,-11.600021620728972,-11.600021620728972,-11.600021620728972,-55.10489185084519,-55.10489185084519,-55.10489185084519,0.0,0.0,0.0,4028.129639139885
2024-08-12,4099.808843814167,3904.536354560266,4193.179494450907,4048.5587124740923,4146.570249457174,-57.14812444772558,-57.14812444772558,-57.14812444772558,-11.318739975376463,-11.318739975376463,-11.318739975376463,-45.82938447234911,-45.82938447234911,-45.82938447234911,0.0,0.0,0.0,4042.6607193664413
2024-08-13,4101.466940881736,3901.3960593028937,4190.800351461554,4047.618012182117,4150.390611896967,-52.829215542260776,-52.829215542260776,-52.829215542260776,-9.813608091960788,-9.813608091960788,-9.813608091960788,-43.01560745029999,-43.01560745029999,-43.01560745029999,0.0,0.0,0.0,4048.6377253394753
2024-08-14,4103.125037949305,3902.378277332935,4218.849401902668,4046.3887387238083,4153.990239325064,-48.79577158370454,-48.79577158370454,-48.79577158370454,-8.435019098204345,-8.435019098204345,-8.435019098204345,-40.3607524855002,-40.3607524855002,-40.3607524855002,0.0,0.0,0.0,4054.3292663656002
2024-08-16,4106.441232084443,3913.6927489779273,4205.372500958752,4047.153750150659,4159.657244423983,-47.15884336359416,-47.15884336359416,-47.15884336359416,-11.600021620769844,-11.600021620769844,-11.600021620769844,-35.55882174282431,-35.55882174282431,-35.55882174282431,0.0,0.0,0.0,4059.2823887208488
2024-08-19,4111.415523287151,3909.0770552590516,4222.032179904884,4050.6788767451803,4166.133167000267,-40.99262961873786,-40.99262961873786,-40.99262961873786,-11.318739975400465,-11.318739975400465,-11.318739975400465,-29.67388964333739,-29.67388964333739,-29.67388964333739,0.0,0.0,0.0,4070.422893668413
2024-08-20,4113.073620354719,3923.8986326317736,4230.49611654582,4050.0554818540973,4169.120919213391,-37.871692400571405,-37.871692400571405,-37.871692400571405,-9.813608091966135,-9.813608091966135,-9.813608091966135,-28.05808430860527,-28.05808430860527,-28.05808430860527,0.0,0.0,0.0,4075.2019279541482
2024-08-21,4114.731717422289,3927.662081617648,4225.943611796816,4049.892097655365,4172.108671426517,-35.040176505983744,-35.040176505983744,-35.040176505983744,-8.435019098248562,-8.435019098248562,-8.435019098248562,-26.605157407735177,-26.605157407735177,-26.605157407735177,0.0,0.0,0.0,4079.6915409163053
2024-08-22,4116.389814489858,3933.5226528396033,4237.30417838037,4049.9838806141734,4175.326098630129,-35.38035906292743,-35.38035906292743,-35.38035906292743,-10.075088241829073,-10.075088241829073,-10.075088241829073,-25.30527082109836,-25.30527082109836,-25.30527082109836,0.0,0.0,0.0,4081.0094554269303
2024-08-23,4118.047911557427,3932.1265905346627,4238.726249158347,4050.1778101887344,4179.972015346114,-35.746231813179605,-35.746231813179605,-35.746231813179605,-11.600021620743156,-11.600021620743156,-11.600021620743156,-24.146210192436456,-24.146210192436456,-24.146210192436456,0.0,0.0,0.0,4082.3016797442474
2024-08-26,4123.022202760134,3933.943383720872,4250.313789911117,4053.469453369053,4187.132550916712,-32.67882311846576,-32.67882311846576,-32.67882311846576,-11.318739975439337,-11.318739975439337,-11.318739975439337,-21.36008314302642,-21.36008314302642,-21.36008314302642,0.0,0.0,0.0,4090.343379641668
2024-08-27,4124.680299827703,3947.1687066260247,4248.622614116141,4053.613474242125,4191.782710594054,-30.415111019320705,-30.415111019320705,-30.415111019320705,-9.813608091926545,-9.813608091926545,-9.813608091926545,-20.601502927394158,-20.601502927394158,-20.601502927394158,0.0,0.0,0.0,4094.265188808382
2024-08-28,4126.338396895272,3939.376715374687,4255.161536100857,4053.6160793836234,4196.361862093146,-28.329440481292067,-28.329440481292067,-28.329440481292067,-8.435019098226679,-8.435019098226679,-8.435019098226679,-19.894421383065385,-19.894421383065385,-19.894421383065385,0.0,0.0,0.0,4098.00895641398
2024-08-29,4127.996493962841,3936.5069664001194,4256.697449533732,4053.590449618306,4200.292333115695,-29.292414962300075,-29.292414962300075,-29.292414962300075,-10.075088241789114,-10.075088241789114,-10.075088241789114,-19.217326720510957,-19.217326720510957,-19.217326720510957,0.0,0.0,0.0,4098.70407900054
2024-08-30,4129.65459103041,3945.370099803426,4262.1717196120335,4051.781036534128,4203.1020511229535,-30.14833598719995,-30.14833598719995,-30.14833598719995,-11.60002162071647,-11.60002162071647,-11.60002162071647,-18.548314366483478,-18.548314366483478,-18.548314366483478,0.0,0.0,0.0,4099.50625504321
2024-09-02,4134.628882233117,3950.8879139431533,4267.736251355714,4055.1695436235686,4211.524846032745,-27.69216768536105,-27.69216768536105,-27.69216768536105,-11.318739975463341,-11.318739975463341,-11.318739975463341,-16.37342770989771,-16.37342770989771,-16.37342770989771,0.0,0.0,0.0,4106.936714547756
2024-09-03,4136.286979300687,3950.4433649426114,4265.89965099265,4055.164564775834,4215.411206960825,-25.33788661372452,-25.33788661372452,-25.33788661372452,-9.81360809193189,-9.81360809193189,-9.81360809193189,-15.52427852179263,-15.52427852179263,-15.52427852179263,0.0,0.0,0.0,4110.949092686962
2024-09-04,4137.945076368255,3950.585874725295,4281.889671228092,4055.01791764302,4218.688123112146,-23.017375649429923,-23.017375649429923,-23.017375649429923,-8.435019098242444,-8.435019098242444,-8.435019098242444,-14.582356551187475,-14.582356551187475,-14.582356551187475,0.0,0.0,0.0,4114.927700718826
2024-09-05,4139.603173435825,3958.757706403317,4289.357094723534,4055.230816165682,4222.889923837103,-23.607285094987713,-23.607285094987713,-23.607285094987713,-10.07508824181861,-10.07508824181861,-10.07508824181861,-13.5321968531691,-13.5321968531691,-13.5321968531691,0.0,0.0,0.0,4115.995888340837
2024-09-06,4141.2612705033935,3945.154935520417,4273.544322952134,4054.587993878538,4226.348566360266,-23.960869638295804,-23.960869638295804,-23.960869638295804,-11.60002162075734,-11.60002162075734,-11.60002162075734,-12.360848017538462,-12.360848017538462,-12.360848017538462,0.0,0.0,0.0,4117.300400865098
2024-09-09,4146.2355617061,3959.0543262573674,4280.298972242422,4056.4704939525573,4234.257362217831,-19.35376205806842,-19.35376205806842,-19.35376205806842,-11.31873997533651,-11.31873997533651,-11.31873997533651,-8.035022082731912,-8.035022082731912,-8.035022082731912,0.0,0.0,0.0,4126.881799648032
2024-09-10,4147.89365877367,3962.545359698381,4306.421862008961,4053.9479091215985,4237.880571594149,-16.124809239394544,-16.124809239394544,-16.124809239394544,-9.813608091937239,-9.813608091937239,-9.813608091937239,-6.3112011474573055,-6.3112011474573055,-6.3112011474573055,0.0,0.0,0.0,4131.768849534275
2024-09-11,4149.551755841238,3975.8517966121226,4306.964254136918,4054.0593714405663,4242.2569988303385,-12.88501491231628,-12.88501491231628,-12.88501491231628,-8.435019098220565,-8.435019098220565,-8.435019098220565,-4.449995814095714,-4.449995814095714,-4.449995814095714,0.0,0.0,0.0,4136.666740928922
2024-09-12,4151.209852908808,3975.416026264631,4312.184380141729,4054.956051042371,4248.080240202595,-12.534411320522217,-12.534411320522217,-12.534411320522217,-10.075088241773932,-10.075088241773932,-10.075088241773932,-2.459323078748286,-2.459323078748286,-2.459323078748286,0.0,0.0,0.0,4138.675441588286
2024-09-13,4152.8679499763775,3962.2165144129945,4307.081295046787,4053.9956066726645,4251.336378095406,-11.951025273108426,-11.951025273108426,-11.951025273108426,-11.600021620730653,-11.600021620730653,-11.600021620730653,-0.35100365237777226,-0.35100365237777226,-0.35100365237777226,0.0,0.0,0.0,4140.916924703269
2024-09-16,4157.842241179084,3980.90718150658,4326.594619523357,4056.46651048855,4258.681047825971,-4.813785251723394,-4.813785251723394,-4.813785251723394,-11.318739975360511,-11.318739975360511,-11.318739975360511,6.504954723637117,6.504954723637117,6.504954723637117,0.0,0.0,0.0,4153.028455927361
2024-09-17,4159.500338246653,3990.096727684816,4336.784273600792,4055.6212201692974,4261.684403607719,-0.9221815324365482,-0.9221815324365482,-0.9221815324365482,-9.813608091897647,-9.813608091897647,-9.813608091897647,8.8914265594611,8.8914265594611,8.8914265594611,0.0,0.0,0.0,4158.578156714217
2024-09-18,4161.1584353142225,3981.2977248360367,4341.4510039643465,4054.448128281948,4264.855185340288,2.8477697349805977,2.8477697349805977,2.8477697349805977,-8.43501909826478,-8.43501909826478,-8.43501909826478,11.282788833245377,11.282788833245377,11.282788833245377,0.0,0.0,0.0,4164.006205049203
2024-09-19,4162.816532381791,3989.164676364902,4351.533662466509,4053.563894274503,4271.045582574671,3.572690054111707,3.572690054111707,3.572690054111707,-10.07508824180343,-10.07508824180343,-10.07508824180343,13.647778295915137,13.647778295915137,13.647778295915137,0.0,0.0,0.0,4166.389222435902
2024-09-20,4164.474629449361,3992.7446763777693,4341.462386744064,4051.4900349240916,4275.862680503552,4.353197163793785,4.353197163793785,4.353197163793785,-11.600021620766245,-11.600021620766245,-11.600021620766245,15.953218784560029,15.953218784560029,15.953218784560029,0.0,0.0,0.0,4168.827826613155
2024-09-23,4169.4489206520675,4003.4361840827764,4365.877610023412,4054.5818956750672,4284.61862301775,10.844672739252651,10.844672739252651,10.844672739252651,-11.318739975399383,-11.318739975399383,-11.318739975399383,22.163412714652033,22.163412714652033,22.163412714652033,0.0,0.0,0.0,4180.29359339132
2024-09-24,4171.107017719636,4004.5817457072003,4367.297707770799,4053.078003496266,4290.405743659526,14.066738227867557,14.066738227867557,14.066738227867557,-9.813608091903001,-9.813608091903001,-9.813608091903001,23.880346319770556,23.880346319770556,23.880346319770556,0.0,0.0,0.0,4185.173755947504
2024-09-25,4172.765114787206,4020.222990890313,4381.831853630831,4052.7210557296244,4295.4981197758725,16.928288856907336,16.928288856907336,16.928288856907336,-8.435019098214447,-8.435019098214447,-8.435019098214447,25.363307955121783,25.363307955121783,25.363307955121783,0.0,0.0,0.0,4189.6934036441135
2024-09-26,4174.423211854775,4007.5070154206473,4380.081478794883,4051.7351035794172,4300.879200681283,16.504992643664625,16.504992643664625,16.504992643664625,-10.075088241832926,-10.075088241832926,-10.075088241832926,26.580080885497548,26.580080885497548,26.580080885497548,0.0,0.0,0.0,4190.92820449844
2024-09-27,4176.081308922344,3998.243451397457,4379.112759947531,4051.5449609213356,4305.980421234043,15.900790073841893,15.900790073841893,15.900790073841893,-11.600021620739556,-11.600021620739556,-11.600021620739556,27.50081169458145,27.50081169458145,27.50081169458145,0.0,0.0,0.0,4191.982098996185
2024-09-30,4181.055600125051,4006.4084601607456,4381.623429414342,4054.0560731725004,4313.95536056243,16.917080975154413,16.917080975154413,16.917080975154413,-11.318739975423387,-11.318739975423387,-11.318739975423387,28.235820950577796,28.235820950577796,28.235820950577796,0.0,0.0,0.0,4197.972681100205
2024-10-01,4182.71369719262,4010.9721491221176,4381.405484869574,4053.491483572232,4318.551699521343,17.92731478149378,17.92731478149378,17.92731478149378,-9.813608091935231,-9.813608091935231,-9.813608091935231,27.740922873429014,27.740922873429014,27.740922873429014,0.0,0.0,0.0,4200.641011974114
2024-10-03,4186.029891327758,4011.7564018834105,4396.116886319871,4054.9805658149085,4324.380522618734,15.498609871859786,15.498609871859786,15.498609871859786,-10.075088241788245,-10.075088241788245,-10.075088241788245,25.57369811364803,25.57369811364803,25.57369811364803,0.0,0.0,0.0,4201.528501199618
2024-10-04,4187.687988395327,4002.5446192281315,4397.705461099415,4054.7436331742115,4327.4055163813655,12.296511708577079,12.296511708577079,12.296511708577079,-11.600021620780426,-11.600021620780426,-11.600021620780426,23.896533329357503,23.896533329357503,23.896533329357503,0.0,0.0,0.0,4199.984500103904
2024-10-07,4192.662279598034,4013.1705002857207,4397.914194698382,4056.4309802358616,4335.250728218493,5.255275643963553,5.255275643963553,5.255275643963553,-11.318739975447388,-11.318739975447388,-11.318739975447388,16.574015619410943,16.574015619410943,16.574015619410943,0.0,0.0,0.0,4197.917555241997
2024-10-08,4194.320376665603,4000.699942246079,4393.305932126095,4055.2103844638086,4341.469484499178,3.6099242069925137,3.6099242069925137,3.6099242069925137,-9.813608091940578,-9.813608091940578,-9.813608091940578,13.423532298933093,13.423532298933093,13.423532298933093,0.0,0.0,0.0,4197.930300872596
2024-10-09,4195.978473733173,4002.6666429165807,4416.433237339412,4053.511639449494,4347.839406419353,1.5228033887265429,1.5228033887265429,1.5228033887265429,-8.43501909823678,-8.43501909823678,-8.43501909823678,9.957822486963323,9.957822486963323,9.957822486963323,0.0,0.0,0.0,4197.5012771219
2024-10-10,4197.6365708007415,3987.4112489145564,4394.253139643828,4051.5988445301855,4351.5458394227035,-3.8675344341381797,-3.8675344341381797,-3.8675344341381797,-10.075088241817744,-10.075088241817744,-10.075088241817744,6.207553807679563,6.207553807679563,6.207553807679563,0.0,0.0,0.0,4193.769036366603
2024-10-11,4199.29466786831,3993.8704360317183,4409.290800265097,4049.001463055688,4355.1025243213,-9.392600687541398,-9.392600687541398,-9.392600687541398,-11.600021620753743,-11.600021620753743,-11.600021620753743,2.2074209332123456,2.2074209332123456,2.2074209332123456,0.0,0.0,0.0,4189.902067180768
2024-10-14,4204.268959071018,3980.8244351173444,4396.017211107058,4049.228496038279,4363.013624831285,-22.214695644860146,-22.214695644860146,-22.214695644860146,-11.31873997548626,-11.31873997548626,-11.31873997548626,-10.895955669373885,-10.895955669373885,-10.895955669373885,0.0,0.0,0.0,4182.054263426157
2024-10-15,4205.9270561385865,4001.6128454742857,4385.483582022093,4046.335631715006,4367.827866447437,-25.300742335810437,-25.300742335810437,-25.300742335810437,-9.813608091900988,-9.813608091900988,-9.813608091900988,-15.487134243909445,-15.487134243909445,-15.487134243909445,0.0,0.0,0.0,4180.626313802776
2024-10-16,4207.585153206156,3967.4904190885313,4390.2187635165965,4043.567918552921,4372.627599210766,-28.549073407879714,-28.549073407879714,-28.549073407879714,-8.435019098214894,-8.435019098214894,-8.435019098214894,-20.114054309664816,-20.114054309664816,-20.114054309664816,0.0,0.0,0.0,4179.036079798277
2024-10-17,4209.243250273725,3975.667172661985,4385.752072559788,4040.805381484192,4375.59940468884,-34.80537671383427,-34.80537671383427,-34.80537671383427,-10.075088241777783,-10.075088241777783,-10.075088241777783,-24.730288472056486,-24.730288472056486,-24.730288472056486,0.0,0.0,0.0,4174.43787355989
2024-10-18,4210.901347341293,3966.0815549925305,4379.432829337785,4038.7250111283956,4378.145871994849,-40.889823652568495,-40.889823652568495,-40.889823652568495,-11.600021620727057,-11.600021620727057,-11.600021620727057,-29.289802031841436,-29.289802031841436,-29.289802031841436,0.0,0.0,0.0,4170.011523688725
2024-10-21,4215.875638544001,3964.560893549872,4388.676089087542,4044.014631161698,4386.552645228382,-53.5061872629353,-53.5061872629353,-53.5061872629353,-11.318739975510264,-11.318739975510264,-11.318739975510264,-42.18744728742504,-42.18744728742504,-42.18744728742504,0.0,0.0,0.0,4162.369451281066
2024-10-22,4217.533735611571,3947.5116342444794,4387.286199302208,4042.3987801907624,4391.944998112781,-55.90399988458912,-55.90399988458912,-55.90399988458912,-9.813608091978159,-9.813608091978159,-9.813608091978159,-46.090391792610966,-46.090391792610966,-46.090391792610966,0.0,0.0,0.0,4161.629735726981
2024-10-23,4219.191832679139,3948.826617870103,4396.797705278633,4040.3246198217857,4397.308153239152,-58.16958923292001,-58.16958923292001,-58.16958923292001,-8.43501909819301,-8.43501909819301,-8.43501909819301,-49.734570134727,-49.734570134727,-49.734570134727,0.0,0.0,0.0,4161.022243446219
2024-10-24,4220.849929746708,3947.7659577675136,4376.277416952431,4039.835923515902,4402.423989977835,-63.16407784383779,-63.16407784383779,-63.16407784383779,-10.07508824180728,-10.07508824180728,-10.07508824180728,-53.08898960203051,-53.08898960203051,-53.08898960203051,0.0,0.0,0.0,4157.68585190287
2024-10-25,4222.508026814277,3933.7252351674274,4394.6029500390105,4040.6187551795088,4407.53982671652,-67.72678311418986,-67.72678311418986,-67.72678311418986,-11.600021620767928,-11.600021620767928,-11.600021620767928,-56.126761493421924,-56.126761493421924,-56.126761493421924,0.0,0.0,0.0,4154.7812437000875
2024-10-28,4227.482318016984,3928.3824107401947,4394.701811406169,4044.1449126990474,4416.19605335144,-74.45649380352936,-74.45649380352936,-74.45649380352936,-11.318739975383432,-11.318739975383432,-11.318739975383432,-63.137753828145925,-63.137753828145925,-63.137753828145925,0.0,0.0,0.0,4153.025824213455
2024-10-29,4229.140415084554,3942.534493479375,4384.942036209058,4043.4481210906797,4422.237037818535,-74.54309979558727,-74.54309979558727,-74.54309979558727,-9.813608091983506,-9.813608091983506,-9.813608091983506,-64.72949170360377,-64.72949170360377,-64.72949170360377,0.0,0.0,0.0,4154.5973152889665
2024-10-30,4230.7985121521215,3926.4433979890855,4394.166104296234,4043.2510289695674,4427.558111336604,-74.37290536887933,-74.37290536887933,-74.37290536887933,-8.435019098237232,-8.435019098237232,-8.435019098237232,-65.9378862706421,-65.9378862706421,-65.9378862706421,0.0,0.0,0.0,4156.425606783242
2024-10-31,4232.456609219691,3912.376807761469,4395.621223268172,4042.70823127328,4434.126893209029,-76.83830950934909,-76.83830950934909,-76.83830950934909,-10.075088241762602,-10.075088241762602,-10.075088241762602,-66.76322126758647,-66.76322126758647,-66.76322126758647,0.0,0.0,0.0,4155.6182997103415
2024-11-01,4234.1147062872615,3927.4262087382012,4408.143271427223,4042.1307281401714,4437.697126823801,-78.81000100364687,-78.81000100364687,-78.81000100364687,-11.600021620741238,-11.600021620741238,-11.600021620741238,-67.20997938290563,-67.20997938290563,-67.20997938290563,0.0,0.0,0.0,4155.304705283615
2024-11-04,4239.088997489968,3935.8140890187524,4396.951554288617,4044.8694191422,4445.599940687761,-77.698986874285,-77.698986874285,-77.698986874285,-11.318739975407436,-11.318739975407436,-11.318739975407436,-66.38024689887757,-66.38024689887757,-66.38024689887757,0.0,0.0,0.0,4161.390010615683
2024-11-05,4240.747094557538,3921.8081463080243,4407.712320532378,4042.049605861951,4450.903267042069,-75.24404958646912,-75.24404958646912,-75.24404958646912,-9.81360809194392,-9.81360809194392,-9.81360809194392,-65.4304414945252,-65.4304414945252,-65.4304414945252,0.0,0.0,0.0,4165.503044971068
2024-11-06,4242.4051916251055,3937.3391822788303,4414.71751276366,4041.6515343639453,4456.10699633467,-72.61077139153714,-72.61077139153714,-72.61077139153714,-8.435019098215342,-8.435019098215342,-8.435019098215342,-64.17575229332179,-64.17575229332179,-64.17575229332179,0.0,0.0,0.0,4169.794420233568
2024-11-07,4244.063288692675,3934.0483698094317,4425.684488265832,4039.8744343955836,4461.085439891098,-72.7133621174452,-72.7133621174452,-72.7133621174452,-10.075088241792098,-10.075088241792098,-10.075088241792098,-62.6382738756531,-62.6382738756531,-62.6382738756531,0.0,0.0,0.0,4171.34992657523
2024-11-08,4245.721385760245,3939.9777029720003,4426.2685832531615,4036.176408292411,4466.480463620314,-72.44150671996432,-72.44150671996432,-72.44150671996432,-11.600021620709272,-11.600021620709272,-11.600021620709272,-60.84148509925506,-60.84148509925506,-60.84148509925506,0.0,0.0,0.0,4173.27987904028
2024-11-11,4250.695676962951,3946.3815978970206,4454.259639431635,4038.9909128799627,4474.611131273274,-65.4599147102368,-65.4599147102368,-65.4599147102368,-11.318739975446308,-11.318739975446308,-11.318739975446308,-54.1411747347905,-54.1411747347905,-54.1411747347905,0.0,0.0,0.0,4185.235762252714
2024-11-12,4252.35377403052,3947.403251130458,4451.14724097906,4038.802779306538,4479.9632577883895,-61.367347040896846,-61.367347040896846,-61.367347040896846,-9.813608091949266,-9.813608091949266,-9.813608091949266,-51.553738948947576,-51.553738948947576,-51.553738948947576,0.0,0.0,0.0,4190.986426989623
2024-11-13,4254.011871098089,3954.396791868352,4463.532795510459,4038.60958542521,4484.814017092498,-57.26460436329835,-57.26460436329835,-57.26460436329835,-8.435019098231114,-8.435019098231114,-8.435019098231114,-48.82958526506724,-48.82958526506724,-48.82958526506724,0.0,0.0,0.0,4196.74726673479
2024-11-14,4255.669968165658,3934.4244180637434,4472.207104479181,4038.134234496741,4490.610540185108,-56.066620917156726,-56.066620917156726,-56.066620917156726,-10.075088241821595,-10.075088241821595,-10.075088241821595,-45.99153267533513,-45.99153267533513,-45.99153267533513,0.0,0.0,0.0,4199.603347248501
2024-11-18,4262.302356435935,3958.610621379789,4490.093203222242,4041.2788375224945,4500.8299575380925,-45.22554723432064,-45.22554723432064,-45.22554723432064,-11.31873997547031,-11.31873997547031,-11.31873997547031,-33.906807258850336,-33.906807258850336,-33.906807258850336,0.0,0.0,0.0,4217.076809201614
2024-11-19,4263.960453503503,3970.1226809289196,4493.976697411442,4037.7663661375655,4505.947954595379,-40.6028065403469,-40.6028065403469,-40.6028065403469,-9.813608091954615,-9.813608091954615,-9.813608091954615,-30.789198448392284,-30.789198448392284,-30.789198448392284,0.0,0.0,0.0,4223.357646963156
2024-11-21,4267.276647638641,3966.7040979526714,4501.550554074756,4039.006386120111,4514.42010348258,-34.608494093613054,-34.608494093613054,-34.608494093613054,-10.075088241776916,-10.075088241776916,-10.075088241776916,-24.533405851836136,-24.533405851836136,-24.533405851836136,0.0,0.0,0.0,4232.668153545028
2024-11-22,4268.934744706211,3986.193877071695,4513.759476674675,4038.588309035088,4518.119275344574,-33.0147826280944,-33.0147826280944,-33.0147826280944,-11.600021620723457,-11.600021620723457,-11.600021620723457,-21.41476100737094,-21.41476100737094,-21.41476100737094,0.0,0.0,0.0,4235.919962078116
2024-11-25,4273.909035908918,3980.527318746212,4516.913978325588,4041.4864260852028,4525.530899065824,-23.494187703673887,-23.494187703673887,-23.494187703673887,-11.318739975328606,-11.318739975328606,-11.318739975328606,-12.175447728345283,-12.175447728345283,-12.175447728345283,0.0,0.0,0.0,4250.414848205244
2024-11-26,4275.567132976487,3987.447219247656,4534.887075028222,4041.028464518934,4530.691787664052,-18.960850296928587,-18.960850296928587,-18.960850296928587,-9.813608091915029,-9.813608091915029,-9.813608091915029,-9.14724220501356,-9.14724220501356,-9.14724220501356,0.0,0.0,0.0,4256.606282679559
2024-11-27,4277.225230044056,3964.8698420414535,4548.713124787218,4039.094265712588,4535.605564131252,-14.582688759206823,-14.582688759206823,-14.582688759206823,-8.435019098253449,-8.435019098253449,-8.435019098253449,-6.147669660953376,-6.147669660953376,-6.147669660953376,0.0,0.0,0.0,4262.642541284849
2024-11-28,4278.8833271116255,4003.6674749757394,4572.269128059463,4039.3174156886143,4541.059281403992,-13.251744359550667,-13.251744359550667,-13.251744359550667,-10.075088241806414,-10.075088241806414,-10.075088241806414,-3.1766561177442525,-3.1766561177442525,-3.1766561177442525,0.0,0.0,0.0,4265.631582752075
2024-11-29,4280.541424179195,3998.367179686131,4584.373351354168,4040.269015368827,4545.538937179248,-11.83317107636668,-11.83317107636668,-11.83317107636668,-11.60002162075905,-11.60002162075905,-11.60002162075905,-0.23314945560763117,-0.23314945560763117,-0.23314945560763117,0.0,0.0,0.0,4268.708253102828
2024-12-02,4285.515715381902,4006.4549086680495,4580.611709236387,4042.019535716991,4553.463715825107,-2.8641793811234537,-2.8641793811234537,-2.8641793811234537,-11.31873997536748,-11.31873997536748,-11.31873997536748,8.454560594244025,8.454560594244025,8.454560594244025,0.0,0.0,0.0,4282.651536000778
2024-12-03,4287.1738124494705,4005.5105159477985,4591.514322619369,4040.0049187903246,4558.582127322648,1.4996858497860661,1.4996858497860661,1.4996858497860661,-9.813608091920374,-9.813608091920374,-9.813608091920374,11.313293941706439,11.313293941706439,11.313293941706439,0.0,0.0,0.0,4288.673498299257
2024-12-04,4288.831909517039,4022.8825315708864,4582.9660635510545,4037.711626165788,4563.839945697023,5.72477821737449,5.72477821737449,5.72477821737449,-8.435019098231564,-8.435019098231564,-8.435019098231564,14.159797315606053,14.159797315606053,14.159797315606053,0.0,0.0,0.0,4294.556687734414
2024-12-05,4290.490006584609,4012.410543487938,4621.05780688726,4035.826159337912,4568.7784153459515,6.923299387671823,6.923299387671823,6.923299387671823,-10.075088241840628,-10.075088241840628,-10.075088241840628,16.99838762951245,16.99838762951245,16.99838762951245,0.0,0.0,0.0,4297.413305972281
2024-12-06,4292.148103652178,4009.94228404965,4605.723270330888,4033.9406925100357,4573.6190239485395,8.23360684182834,8.23360684182834,8.23360684182834,-11.60002162073236,-11.60002162073236,-11.60002162073236,19.833628462560704,19.833628462560704,19.833628462560704,0.0,0.0,0.0,4300.381710494006
2024-12-09,4297.122394854885,4015.693508029958,4631.87258989335,4034.930018449339,4582.12438456693,17.049019061819493,17.049019061819493,17.049019061819493,-11.318739975391482,-11.318739975391482,-11.318739975391482,28.367759037210973,28.367759037210973,28.367759037210973,0.0,0.0,0.0,4314.171413916704
2024-12-10,4298.780491922454,4015.485591254777,4643.465392868733,4031.327503799449,4587.200951460059,21.425283851974896,21.425283851974896,21.425283851974896,-9.813608091952608,-9.813608091952608,-9.813608091952608,31.238891943927506,31.238891943927506,31.238891943927506,0.0,0.0,0.0,4320.205775774429
2024-12-11,4300.438588990022,4017.923266123117,4676.427517203079,4028.0142542007966,4593.492133948694,25.69703666712552,25.69703666712552,25.69703666712552,-8.435019098209677,-8.435019098209677,-8.435019098209677,34.132055765335195,34.132055765335195,34.132055765335195,0.0,0.0,0.0,4326.135625657148
2024-12-12,4302.096686057592,4032.3612850273657,4652.701345907021,4027.752977603577,4599.8411084472455,26.977640141108388,26.977640141108388,26.977640141108388,-10.075088241795951,-10.075088241795951,-10.075088241795951,37.052728382904334,37.052728382904334,37.052728382904334,0.0,0.0,0.0,4329.0743261987
2024-12-13,4303.754783125161,4011.99614700995,4659.290425947368,4025.8180437641677,4606.126502473133,28.406475929653663,28.406475929653663,28.406475929653663,-11.600021620773234,-11.600021620773234,-11.600021620773234,40.00649755042689,40.00649755042689,40.00649755042689,0.0,0.0,0.0,4332.161259054815
2024-12-16,4308.729074327868,4040.5333917279568,4683.270513110972,4026.3166748465715,4614.590507295122,37.80475988576169,37.80475988576169,37.80475988576169,-11.318739975415486,-11.318739975415486,-11.318739975415486,49.12349986117718,49.12349986117718,49.12349986117718,0.0,0.0,0.0,4346.53383421363
2024-12-17,4310.387171395437,4009.975131149793,4701.225920653979,4024.0182993305684,4621.142466941525,42.453346185848936,42.453346185848936,42.453346185848936,-9.813608091957954,-9.813608091957954,-9.813608091957954,52.26695427780689,52.26695427780689,52.26695427780689,0.0,0.0,0.0,4352.840517581286
2024-12-18,4312.045268463005,4042.1742737814643,4683.192822380378,4023.1580831010447,4626.636463793492,47.037146435649355,47.037146435649355,47.037146435649355,-8.435019098253896,-8.435019098253896,-8.435019098253896,55.47216553390326,55.47216553390326,55.47216553390326,0.0,0.0,0.0,4359.082414898655
2024-12-19,4313.703365530575,4041.4880703058066,4717.54045317024,4018.413534273431,4631.274693983237,48.669571790649854,48.669571790649854,48.669571790649854,-10.075088241825448,-10.075088241825448,-10.075088241825448,58.744660032475295,58.744660032475295,58.744660032475295,0.0,0.0,0.0,4362.3729373212245
2024-12-20,4315.3614625981445,4027.256038933683,4697.658616051449,4015.5044133430015,4636.829208332003,50.48969242417881,50.48969242417881,50.48969242417881,-11.600021620746547,-11.600021620746547,-11.600021620746547,62.08971404492536,62.08971404492536,62.08971404492536,0.0,0.0,0.0,4365.851155022323
2024-12-23,4320.335753800852,4064.3786340405054,4732.075070244968,4016.126256805964,4644.316809130522,61.28820275769912,61.28820275769912,61.28820275769912,-11.318739975454358,-11.318739975454358,-11.318739975454358,72.60694273315347,72.60694273315347,72.60694273315347,0.0,0.0,0.0,4381.623956558551
2024-12-24,4321.993850868422,4071.2901023143613,4747.140157888133,4013.4750860409213,4652.046786557941,66.47245459134231,66.47245459134231,66.47245459134231,-9.813608091918365,-9.813608091918365,-9.813608091918365,76.28606268326068,76.28606268326068,76.28606268326068,0.0,0.0,0.0,4388.466305459764
2024-12-26,4325.310045003559,4058.6992404930156,4746.596834889683,4012.741622922288,4661.141481940182,73.84383615658147,73.84383615658147,73.84383615658147,-10.075088241785489,-10.075088241785489,-10.075088241785489,83.91892439836697,83.91892439836697,83.91892439836697,0.0,0.0,0.0,4399.15388116014
2024-12-27,4326.968142071129,4076.7706935027986,4762.971009485395,4010.6738659388493,4666.213318645782,76.27398273934836,76.27398273934836,76.27398273934836,-11.60002162071986,-11.60002162071986,-11.60002162071986,87.87400436006823,87.87400436006823,87.87400436006823,0.0,0.0,0.0,4403.2421248104765
2024-12-30,4331.942433273835,4097.825355253772,4791.82943976866,4012.4182727006914,4674.542993139063,88.95685284247523,88.95685284247523,88.95685284247523,-11.31873997547836,-11.31873997547836,-11.31873997547836,100.2755928179536,100.2755928179536,100.2755928179536,0.0,0.0,0.0,4420.899286116311
2024-12-31,4333.600530341405,4082.7960101249887,4778.254050465416,4010.031617248679,4681.126556998351,94.76133354018343,94.76133354018343,94.76133354018343,-9.813608091923713,-9.813608091923713,-9.813608091923713,104.57494163210715,104.57494163210715,104.57494163210715,0.0,0.0,0.0,4428.361863881589
2025-01-01,4335.258627408973,4095.6608238376843,4825.138178031351,4007.53916077161,4685.317757109717,100.51156173293907,100.51156173293907,100.51156173293907,-8.435019098247782,-8.435019098247782,-8.435019098247782,108.94658083118686,108.94658083118686,108.94658083118686,0.0,0.0,0.0,4435.770189141912
2025-01-02,4336.916724476542,4095.4516628514557,4817.557969439193,4006.784814651442,4689.9654408870965,103.30680055787387,103.30680055787387,103.30680055787387,-10.075088241814985,-10.075088241814985,-10.075088241814985,113.38188879968885,113.38188879968885,113.38188879968885,0.0,0.0,0.0,4440.223525034416
2025-01-03,4338.574821544112,4094.262526452692,4835.7026347935835,4006.130504774949,4695.276330211053,106.27066388729511,106.27066388729511,106.27066388729511,-11.60002162076073,-11.60002162076073,-11.60002162076073,117.87068550805584,117.87068550805584,117.87068550805584,0.0,0.0,0.0,4444.845485431407
2025-01-06,4343.5491127468185,4112.847961664683,4828.318861313422,4008.807508834661,4704.834485047217,120.21528983327056,120.21528983327056,120.21528983327056,-11.318739975351527,-11.318739975351527,-11.318739975351527,131.53402980862208,131.53402980862208,131.53402980862208,0.0,0.0,0.0,4463.764402580089
2025-01-07,4345.207209814388,4119.757632469432,4880.137671438118,4008.1683187592353,4714.966432663503,126.29248901990155,126.29248901990155,126.29248901990155,-9.813608091929062,-9.813608091929062,-9.813608091929062,136.10609711183062,136.10609711183062,136.10609711183062,0.0,0.0,0.0,4471.49969883429
2025-01-08,4346.865306881958,4104.057509992529,4876.8026968279,4007.52912868381,4720.696324506341,132.22506471140628,132.22506471140628,132.22506471140628,-8.435019098225897,-8.435019098225897,-8.435019098225897,140.66008380963217,140.66008380963217,140.66008380963217,0.0,0.0,0.0,4479.090371593364
2025-01-09,4348.523403949525,4120.314661772516,4902.634955946508,4004.698530358319,4726.426216349177,135.1034030397591,135.1034030397591,135.1034030397591,-10.075088241770304,-10.075088241770304,-10.075088241770304,145.1784912815294,145.1784912815294,145.1784912815294,0.0,0.0,0.0,4483.626806989285
2025-01-10,4350.181501017095,4104.6322312414595,4876.749192704476,4002.6020656435285,4732.1561081920145,138.0431696468805,138.0431696468805,138.0431696468805,-11.600021620734042,-11.600021620734042,-11.600021620734042,149.64319126761455,149.64319126761455,149.64319126761455,0.0,0.0,0.0,4488.224670663975
2025-01-13,4355.155792219802,4135.412012113411,4907.50592572287,4005.2417359019064,4741.2021941699895,151.21028081831338,151.21028081831338,151.21028081831338,-11.318739975375532,-11.318739975375532,-11.318739975375532,162.52902079368891,162.52902079368891,162.52902079368891,0.0,0.0,0.0,4506.366073038115
2025-01-14,4356.813889287372,4138.298606322932,4916.2833416826115,4004.582612087651,4747.253395257888,156.77929918661462,156.77929918661462,156.77929918661462,-9.81360809188947,-9.81360809188947,-9.81360809188947,166.5929072785041,166.5929072785041,166.5929072785041,0.0,0.0,0.0,4513.593188473987
2025-01-15,4358.471986354942,4136.246813082145,4907.157311094604,3998.7413770261396,4754.105889396811,162.07592210187744,162.07592210187744,162.07592210187744,-8.435019098204013,-8.435019098204013,-8.435019098204013,170.51094120008145,170.51094120008145,170.51094120008145,0.0,0.0,0.0,4520.547908456819
2025-01-16,4360.130083422509,4137.230000911599,4950.08381911899,3994.920732959282,4762.58297354379,164.19089306403643,164.19089306403643,164.19089306403643,-10.075088241799802,-10.075088241799802,-10.075088241799802,174.26598130583622,174.26598130583622,174.26598130583622,0.0,0.0,0.0,4524.320976486546
2025-01-17,4361.788180490079,4134.219395579819,4966.519636808186,3993.346626862689,4771.022343687331,166.24177534400985,166.24177534400985,166.24177534400985,-11.600021620769633,-11.600021620769633,-11.600021620769633,177.8417969647795,177.8417969647795,177.8417969647795,0.0,0.0,0.0,4528.0299558340885
2025-01-20,4366.762471692786,4156.094522397939,4982.475808539711,3995.234186545943,4780.313108689282,176.02979883291928,176.02979883291928,176.02979883291928,-11.318739975414406,-11.318739975414406,-11.318739975414406,187.3485388083337,187.3485388083337,187.3485388083337,0.0,0.0,0.0,4542.792270525705
2025-01-21,4368.420568760355,4151.047691389033,4975.9079788529025,3993.9538458161974,4786.287679556095,180.2549538965519,180.2549538965519,180.2549538965519,-9.81360809189482,-9.81360809189482,-9.81360809189482,190.06856198844673,190.06856198844673,190.06856198844673,0.0,0.0,0.0,4548.675522656908
2025-01-22,4370.078665827925,4163.352139533746,4985.3705655195345,3992.6735050864518,4792.142649663276,184.1116083667579,184.1116083667579,184.1116083667579,-8.435019098219783,-8.435019098219783,-8.435019098219783,192.5466274649777,192.5466274649777,192.5466274649777,0.0,0.0,0.0,4554.190274194682
2025-01-23,4371.736762895493,4157.885817060935,5009.628091238502,3991.393164356704,4802.881399845563,184.69927990614136,184.69927990614136,184.69927990614136,-10.0750882418293,-10.0750882418293,-10.0750882418293,194.77436814797065,194.77436814797065,194.77436814797065,0.0,0.0,0.0,4556.436042801634
2025-01-24,4373.394859963062,4153.01287916926,4993.632941460942,3990.320575174986,4810.254768287555,185.14478992016308,185.14478992016308,185.14478992016308,-11.600021620742947,-11.600021620742947,-11.600021620742947,196.74481154090603,196.74481154090603,196.74481154090603,0.0,0.0,0.0,4558.539649883225
2025-01-27,4378.369151165769,4155.213111159309,5020.914121355496,3993.268859827706,4818.916897105726,189.7431748052209,189.7431748052209,189.7431748052209,-11.318739975438405,-11.318739975438405,-11.318739975438405,201.06191478065927,201.06191478065927,201.06191478065927,0.0,0.0,0.0,4568.11232597099
2025-01-28,4380.0272482333385,4178.162460971315,5043.7055784163595,3992.616588785875,4824.26283178876,192.14473909924374,192.14473909924374,192.14473909924374,-9.813608091927053,-9.813608091927053,-9.813608091927053,201.95834719117082,201.95834719117082,201.95834719117082,0.0,0.0,0.0,4572.171987332582
2025-01-29,4381.685345300908,4144.311619775599,5049.442334634878,3990.493809539112,4833.255826841646,194.14516857035468,194.14516857035468,194.14516857035468,-8.435019098197897,-8.435019098197897,-8.435019098197897,202.58018766855258,202.58018766855258,202.58018766855258,0.0,0.0,0.0,4575.830513871263
2025-01-30,4383.343442368476,4155.129678785767,5041.742155430573,3987.7843487816685,4842.441665653666,192.85141261175522,192.85141261175522,192.85141261175522,-10.07508824178462,-10.07508824178462,-10.07508824178462,202.9265008535398,202.9265008535398,202.9265008535398,0.0,0.0,0.0,4576.194854980231
2025-01-31,4385.001539436045,4146.600113971322,5048.076290022437,3986.6156372154237,4848.931289606685,191.39678093827766,191.39678093827766,191.39678093827766,-11.600021620783814,-11.600021620783814,-11.600021620783814,202.99680255906148,202.99680255906148,202.99680255906148,0.0,0.0,0.0,4576.398320374323
2025-02-01,4386.659636503615,4184.253102083502,5077.148215958792,3984.9966665656157,4851.953792136675,212.04964757405813,212.04964757405813,212.04964757405813,9.258757525579458,9.258757525579458,9.258757525579458,202.79089004847867,202.79089004847867,202.79089004847867,0.0,0.0,0.0,4598.709284077673
2025-02-03,4389.975830638752,4166.573226360008,5069.787884263695,3985.1998477168345,4858.656855670917,190.23134385074226,190.23134385074226,190.23134385074226,-11.318739975462405,-11.318739975462405,-11.318739975462405,201.55008382620468,201.55008382620468,201.55008382620468,0.0,0.0,0.0,4580.207174489495
2025-02-04,4391.633927706322,4168.306522836257,5063.307812447425,3981.690804931012,4866.224290131325,190.7012493601522,190.7012493601522,190.7012493601522,-9.813608091932402,-9.813608091932402,-9.813608091932402,200.5148574520846,200.5148574520846,200.5148574520846,0.0,0.0,0.0,4582.335177066474
2025-02-05,4393.292024773891,4155.112591515948,5063.333754391308,3979.6695462159505,4873.7184726445785,190.7675271424828,190.7675271424828,190.7675271424828,-8.435019098242115,-8.435019098242115,-8.435019098242115,199.2025462407249,199.2025462407249,199.2025462407249,0.0,0.0,0.0,4584.059551916374
2025-02-06,4394.950121841459,4149.568582755726,5074.063127380359,3977.8626516216395,4879.980123535688,187.5373263655997,187.5373263655997,187.5373263655997,-10.075088241814116,-10.075088241814116,-10.075088241814116,197.6124146074138,197.6124146074138,197.6124146074138,0.0,0.0,0.0,4582.487448207059
2025-02-07,4396.608218909028,4112.391449434779,5082.2646619533425,3976.0557570273304,4885.729563886354,184.1434114619064,184.1434114619064,184.1434114619064,-11.60002162075713,-11.60002162075713,-11.60002162075713,195.7434330826635,195.7434330826635,195.7434330826635,0.0,0.0,0.0,4580.751630370934
2025-02-10,4401.582510111736,4144.622976612695,5086.845709620195,3977.4956132463435,4893.017519018087,177.13073988405736,177.13073988405736,177.13073988405736,-11.31873997550128,-11.31873997550128,-11.31873997550128,188.44947985955866,188.44947985955866,188.44947985955866,0.0,0.0,0.0,4578.713249995793
2025-02-11,4403.240607179306,4109.845344578251,5100.5889719758125,3975.570662424679,4896.953749603951,175.63702574126364,175.63702574126364,175.63702574126364,-9.81360809193775,-9.81360809193775,-9.81360809193775,185.45063383320138,185.45063383320138,185.45063383320138,0.0,0.0,0.0,4578.877632920569
2025-02-12,4404.898704246875,4121.065150097308,5090.613731466916,3976.6496601995364,4902.789449105291,173.73064061494338,173.73064061494338,173.73064061494338,-8.43501909822023,-8.43501909822023,-8.43501909822023,182.1656597131636,182.1656597131636,182.1656597131636,0.0,0.0,0.0,4578.629344861819
2025-02-13,4406.556801314443,4117.769951192131,5105.131123084246,3976.3844683909906,4911.5634157877175,168.51859679687365,168.51859679687365,168.51859679687365,-10.075088241774157,-10.075088241774157,-10.075088241774157,178.5936850386478,178.5936850386478,178.5936850386478,0.0,0.0,0.0,4575.075398111317
2025-02-14,4408.2148983820125,4098.936608021172,5085.112965900252,3975.0390408934636,4918.9344885858,163.1345069704978,163.1345069704978,163.1345069704978,-11.600021620730443,-11.600021620730443,-11.600021620730443,174.73452859122824,174.73452859122824,174.73452859122824,0.0,0.0,0.0,4571.34940535251
2025-02-17,4413.189189584719,4054.4557149465095,5071.41327097476,3974.076388437708,4929.212036379519,150.12940001633353,150.12940001633353,150.12940001633353,-11.318739975525283,-11.318739975525283,-11.318739975525283,161.4481399918588,161.4481399918588,161.4481399918588,0.0,0.0,0.0,4563.318589601053
2025-02-18,4414.847286652289,4124.974636181445,5083.6776190024575,3969.1769981742914,4936.25481325583,146.64809341757345,146.64809341757345,146.64809341757345,-9.81360809196998,-9.81360809196998,-9.81360809196998,156.46170150954345,156.46170150954345,156.46170150954345,0.0,0.0,0.0,4561.495380069862
2025-02-19,4416.505383719858,4082.306411383517,5080.524457406853,3968.191866309622,4943.325114364648,142.77201574597564,142.77201574597564,142.77201574597564,-8.435019098198346,-8.435019098198346,-8.435019098198346,151.20703484417396,151.20703484417396,151.20703484417396,0.0,0.0,0.0,4559.277399465834
2025-02-20,4418.163480787426,4073.5128426582096,5084.169467870189,3967.2067344449506,4950.88621363462,135.61869613673747,135.61869613673747,135.61869613673747,-10.075088241803654,-10.075088241803654,-10.075088241803654,145.69378437854112,145.69378437854112,145.69378437854112,0.0,0.0,0.0,4553.782176924164
2025-02-21,4419.821577854996,4050.877724638488,5073.996458548404,3966.2216025802823,4958.595878871916,128.3340696997453,128.3340696997453,128.3340696997453,-11.600021620766038,-11.600021620766038,-11.600021620766038,139.93409132051136,139.93409132051136,139.93409132051136,0.0,0.0,0.0,4548.155647554741
2025-02-24,4424.7958690577025,4066.7659521215705,5110.2278049628785,3968.5526648507503,4968.412051237397,110.01962988011152,110.01962988011152,110.01962988011152,-11.318739975398449,-11.318739975398449,-11.318739975398449,121.33836985550997,121.33836985550997,121.33836985550997,0.0,0.0,0.0,4534.815498937814
2025-02-25,4426.453966125272,4025.943840903432,5074.917254551383,3967.5675329860815,4975.230265810352,104.95540701025111,104.95540701025111,104.95540701025111,-9.813608091975327,-9.813608091975327,-9.813608091975327,114.76901510222645,114.76901510222645,114.76901510222645,0.0,0.0,0.0,4531.409373135523
2025-02-27,4429.770160260409,4039.78038341297,5070.10061664356,3968.24049818898,4983.845999641398,91.15105263899547,91.15105263899547,91.15105263899547,-10.075088241758975,-10.075088241758975,-10.075088241758975,101.22614088075444,101.22614088075444,101.22614088075444,0.0,0.0,0.0,4520.921212899405
2025-02-28,4431.428257327979,4009.137215221504,5069.9579860929425,3966.3325256203193,4988.806560921326,82.71246841422222,82.71246841422222,82.71246841422222,-11.60002162073935,-11.60002162073935,-11.60002162073935,94.31249003496156,94.31249003496156,94.31249003496156,0.0,0.0,0.0,4514.140725742201
2025-03-03,4436.402548530686,4008.090182908055,5054.982878539522,3967.1478948141394,4997.624622758715,62.08859431793248,62.08859431793248,62.08859431793248,-11.318739975422455,-11.318739975422455,-11.318739975422455,73.40733429335492,73.40733429335492,73.40733429335492,0.0,0.0,0.0,4498.491142848618
2025-03-04,4438.060645598255,3971.481572948854,5060.029454778644,3964.647069872822,5003.6087126231005,56.69236485261854,56.69236485261854,56.69236485261854,-9.813608091935738,-9.813608091935738,-9.813608091935738,66.50597294455427,66.50597294455427,66.50597294455427,0.0,0.0,0.0,4494.753010450873
2025-03-05,4439.718742665826,3986.149084736092,5065.245951855495,3960.3302450376736,5009.57934280917,51.26625608903927,51.26625608903927,51.26625608903927,-8.435019098220678,-8.435019098220678,-8.435019098220678,59.701275187259945,59.701275187259945,59.701275187259945,0.0,0.0,0.0,4490.984998754865
2025-03-06,4441.376839733393,3949.0294837064803,5041.084714019832,3954.234664961311,5015.435566181939,42.95635214838926,42.95635214838926,42.95635214838926,-10.075088241788473,-10.075088241788473,-10.075088241788473,53.03144039017773,53.03144039017773,53.03144039017773,0.0,0.0,0.0,4484.333191881783
2025-03-07,4443.034936800963,3947.8724355075933,5061.786341797685,3947.7099169147314,5021.082379383835,34.93408865639931,34.93408865639931,34.93408865639931,-11.60002162071266,-11.60002162071266,-11.60002162071266,46.53411027711197,46.53411027711197,46.53411027711197,0.0,0.0,0.0,4477.9690254573625
2025-03-10,4448.00922800367,3932.0755310435266,5059.090720205407,3947.690814878935,5029.0675231188,17.114506820523516,17.114506820523516,17.114506820523516,-11.318739975446455,-11.318739975446455,-11.318739975446455,28.433246795969975,28.433246795969975,28.433246795969975,0.0,0.0,0.0,4465.123734824193
2025-03-11,4449.667325071239,3915.5149559088836,5052.665438004718,3945.733161610396,5035.720769747708,13.157713621351517,13.157713621351517,13.157713621351517,-9.813608091941086,-9.813608091941086,-9.813608091941086,22.971321713292603,22.971321713292603,22.971321713292603,0.0,0.0,0.0,4462.825038692591
2025-03-12,4451.325422138809,3907.1213444454092,5073.214342641822,3943.7755083418574,5042.887030429134,9.406991463574807,9.406991463574807,9.406991463574807,-8.43501909823645,-8.43501909823645,-8.43501909823645,17.842010561811257,17.842010561811257,17.842010561811257,0.0,0.0,0.0,4460.7324136023835
2025-03-13,4452.9835192063765,3912.1128575474704,5070.835550477848,3941.8178550733173,5049.159561393713,2.9929288395259013,2.9929288395259013,2.9929288395259013,-10.07508824181797,-10.07508824181797,-10.07508824181797,13.06801708134387,13.06801708134387,13.06801708134387,0.0,0.0,0.0,4455.9764480459025
2025-03-17,4459.615907476653,3905.9865931694135,5048.391131388133,3944.868323909597,5060.162603070341,-13.491154122003008,-13.491154122003008,-13.491154122003008,-11.318739975319623,-11.318739975319623,-11.318739975319623,-2.1724141466833853,-2.1724141466833853,-2.1724141466833853,0.0,0.0,0.0,4446.12475335465
2025-03-18,4461.274004544222,3905.15613353228,5082.367773134689,3940.508965062279,5066.191353544263,-14.798067505579274,-14.798067505579274,-14.798067505579274,-9.813608091946438,-9.813608091946438,-9.813608091946438,-4.984459413632836,-4.984459413632836,-4.984459413632836,0.0,0.0,0.0,4446.475937038643
2025-03-19,4462.932101611792,3900.982827016699,5067.511417305131,3940.638697500614,5072.909157008124,-15.83588058406274,-15.83588058406274,-15.83588058406274,-8.435019098214568,-8.435019098214568,-8.435019098214568,-7.400861485848173,-7.400861485848173,-7.400861485848173,0.0,0.0,0.0,4447.096221027729
2025-03-20,4464.59019867936,3893.6570304283086,5072.683280462835,3938.961533201868,5083.822555873571,-19.507091745984308,-19.507091745984308,-19.507091745984308,-10.07508824177801,-10.07508824177801,-10.07508824177801,-9.432003504206298,-9.432003504206298,-9.432003504206298,0.0,0.0,0.0,4445.083106933375
2025-03-21,4466.248295746929,3869.511525338204,5067.722853960779,3935.0782559868435,5091.562935722856,-22.692961360111887,-22.692961360111887,-22.692961360111887,-11.600021620726844,-11.600021620726844,-11.600021620726844,-11.092939739385043,-11.092939739385043,-11.092939739385043,0.0,0.0,0.0,4443.555334386818
2025-03-24,4471.222586949636,3894.8851882609965,5071.583095993092,3933.3613230458545,5100.421465046485,-25.38737191053083,-25.38737191053083,-25.38737191053083,-11.318739975343627,-11.318739975343627,-11.318739975343627,-14.068631935187208,-14.068631935187208,-14.068631935187208,0.0,0.0,0.0,4445.835215039106
2025-03-25,4472.880684017206,3858.7643180916684,5073.131355638143,3928.4168029683315,5105.924116181946,-24.294777418167293,-24.294777418167293,-24.294777418167293,-9.813608091906847,-9.813608091906847,-9.813608091906847,-14.48116932626045,-14.48116932626045,-14.48116932626045,0.0,0.0,0.0,4448.585906599038
2025-03-26,4474.538781084773,3894.833566300616,5090.933967022408,3925.6506828585025,5112.185904906357,-23.091287357738047,-23.091287357738047,-23.091287357738047,-8.435019098258785,-8.435019098258785,-8.435019098258785,-14.656268259479264,-14.656268259479264,-14.656268259479264,0.0,0.0,0.0,4451.447493727035
2025-03-27,4476.196878152343,3850.06257395853,5125.00520960323,3923.25076017278,5119.205484900581,-24.703606623968643,-24.703606623968643,-24.703606623968643,-10.075088241807507,-10.075088241807507,-10.075088241807507,-14.628518382161136,-14.628518382161136,-14.628518382161136,0.0,0.0,0.0,4451.493271528374
2025-03-28,4477.854975219912,3861.505280376361,5094.954346842998,3922.7515294397044,5127.10855406064,-26.0338287156082,-26.0338287156082,-26.0338287156082,-11.600021620762435,-11.600021620762435,-11.600021620762435,-14.433807094845767,-14.433807094845767,-14.433807094845767,0.0,0.0,0.0,4451.821146504304
2025-04-01,4484.48736349019,3881.629916804667,5101.485836093116,3925.259339177742,5138.624003925064,-22.526183367849164,-22.526183367849164,-22.526183367849164,-9.81360809191219,-9.81360809191219,-9.81360809191219,-12.712575275936972,-12.712575275936972,-12.712575275936972,0.0,0.0,0.0,4461.961180122341
2025-04-02,4486.145460557757,3884.630503779026,5110.5288634305025,3921.577787698372,5144.866732131251,-20.65711457336425,-20.65711457336425,-20.65711457336425,-8.4350190982369,-8.4350190982369,-8.4350190982369,-12.22209547512735,-12.22209547512735,-12.22209547512735,0.0,0.0,0.0,4465.488345984393
2025-04-03,4487.803557625327,3879.6673456311573,5123.537722509377,3918.4296368453415,5151.069759569682,-21.84700755852232,-21.84700755852232,-21.84700755852232,-10.075088241837003,-10.075088241837003,-10.075088241837003,-11.771919316685318,-11.771919316685318,-11.771919316685318,0.0,0.0,0.0,4465.956550066805
2025-04-04,4489.461654692896,3858.9114368327537,5138.039420314285,3916.426266547708,5157.464857745742,-22.98993600463688,-22.98993600463688,-22.98993600463688,-11.600021620735749,-11.600021620735749,-11.600021620735749,-11.38991438390113,-11.38991438390113,-11.38991438390113,0.0,0.0,0.0,4466.47171868826
2025-04-07,4494.435945895603,3877.8755334815323,5141.68001281446,3916.767389982452,5166.355277139455,-22.201738705670586,-22.201738705670586,-22.201738705670586,-11.318739975406503,-11.318739975406503,-11.318739975406503,-10.882998730264084,-10.882998730264084,-10.882998730264084,0.0,0.0,0.0,4472.234207189933
2025-04-08,4496.094042963173,3858.811741135492,5163.852743817905,3914.1062582563573,5171.700435820201,-20.799466069998097,-20.799466069998097,-20.799466069998097,-9.813608091944426,-9.813608091944426,-9.813608091944426,-10.985857978053671,-10.985857978053671,-10.985857978053671,0.0,0.0,0.0,4475.294576893175
2025-04-09,4497.7521400307405,3854.344109249755,5183.270165780677,3911.6869972415425,5177.045594500946,-19.679662221099633,-19.679662221099633,-19.679662221099633,-8.435019098215012,-8.435019098215012,-8.435019098215012,-11.244643122884622,-11.244643122884622,-11.244643122884622,0.0,0.0,0.0,4478.072477809641
2025-04-11,4501.06833416588,3871.7849276121406,5183.2392812998405,3910.6527631862737,5184.752374555894,-23.851798994277566,-23.851798994277566,-23.851798994277566,-11.60002162077662,-11.60002162077662,-11.60002162077662,-12.251777373500943,-12.251777373500943,-12.251777373500943,0.0,0.0,0.0,4477.216535171602
2025-04-15,4507.700722436156,3871.820220189003,5174.6293654407555,3912.934723266143,5195.988454483014,-26.00110940196817,-26.00110940196817,-26.00110940196817,-9.813608091949774,-9.813608091949774,-9.813608091949774,-16.187501310018398,-16.187501310018398,-16.187501310018398,0.0,0.0,0.0,4481.699613034188
2025-04-16,4509.358819503724,3867.0467396071845,5163.434417415299,3909.228211325319,5202.250243207424,-25.966066202281255,-25.966066202281255,-25.966066202281255,-8.435019098230784,-8.435019098230784,-8.435019098230784,-17.531047104050472,-17.531047104050472,-17.531047104050472,0.0,0.0,0.0,4483.392753301442
2025-04-17,4511.016916571293,3868.3561301468053,5165.326717299344,3903.75719586889,5208.512031931838,-29.07107395104314,-29.07107395104314,-29.07107395104314,-10.07508824182182,-10.07508824182182,-10.07508824182182,-18.99598570922132,-18.99598570922132,-18.99598570922132,0.0,0.0,0.0,4481.94584262025
2025-04-21,4517.64930484157,3842.062420932255,5203.106781430285,3903.2604716151686,5221.328116471708,-37.11183004421228,-37.11183004421228,-37.11183004421228,-11.318739975469377,-11.318739975469377,-11.318739975469377,-25.793090068742902,-25.793090068742902,-25.793090068742902,0.0,0.0,0.0,4480.537474797357
2025-04-22,4519.307401909139,3851.3186782210696,5190.133194672238,3901.667008040482,5229.729576043125,-37.47086266462897,-37.47086266462897,-37.47086266462897,-9.813608091910183,-9.813608091910183,-9.813608091910183,-27.65725457271878,-27.65725457271878,-27.65725457271878,0.0,0.0,0.0,4481.83653924451
2025-04-23,4520.965498976707,3845.455067127866,5193.180901330307,3900.3082782202746,5236.628047125936,-37.99680160676441,-37.99680160676441,-37.99680160676441,-8.4350190982089,-8.4350190982089,-8.4350190982089,-29.561782508555506,-29.561782508555506,-29.561782508555506,0.0,0.0,0.0,4482.968697369943
2025-04-24,4522.623596044277,3816.8017093189465,5205.863948822476,3891.513697946628,5243.054435359708,-41.57103382100127,-41.57103382100127,-41.57103382100127,-10.07508824178186,-10.07508824178186,-10.07508824178186,-31.495945579219413,-31.495945579219413,-31.495945579219413,0.0,0.0,0.0,4481.052562223276
2025-04-25,4524.281693111847,3818.527015054088,5219.824858643236,3888.3379363919566,5250.361070682922,-45.050641220733375,-45.050641220733375,-45.050641220733375,-11.600021620723243,-11.600021620723243,-11.600021620723243,-33.45061960001013,-33.45061960001013,-33.45061960001013,0.0,0.0,0.0,4479.231051891114
2025-04-28,4529.255984314554,3820.4501906850614,5222.720165019307,3890.177799366336,5260.719173781633,-50.692261731138345,-50.692261731138345,-50.692261731138345,-11.31873997549338,-11.31873997549338,-11.31873997549338,-39.373521755644965,-39.373521755644965,-39.373521755644965,0.0,0.0,0.0,4478.563722583415
2025-04-29,4530.914081382123,3846.023048836514,5232.046892820549,3888.863059293061,5271.0810860386855,-51.169012842496066,-51.169012842496066,-51.169012842496066,-9.813608091915533,-9.813608091915533,-9.813608091915533,-41.35540475058053,-41.35540475058053,-41.35540475058053,0.0,0.0,0.0,4479.745068539627
2025-04-30,4532.572178449691,3834.916769975782,5248.1385045170955,3885.41825785774,5277.435792366847,-51.774586310015565,-51.774586310015565,-51.774586310015565,-8.435019098187015,-8.435019098187015,-8.435019098187015,-43.339567211828545,-43.339567211828545,-43.339567211828545,0.0,0.0,0.0,4480.7975921396755
2025-05-02,4535.88837258483,3798.4868125891853,5228.482998748117,3883.4688657626484,5290.535822220804,-58.92211061662871,-58.92211061662871,-58.92211061662871,-11.60002162076412,-11.60002162076412,-11.60002162076412,-47.32208899586459,-47.32208899586459,-47.32208899586459,0.0,0.0,0.0,4476.966261968201
2025-05-05,4540.862663787537,3808.509516247885,5230.658887479162,3879.522202315491,5300.849384921747,-64.70581885526131,-64.70581885526131,-64.70581885526131,-11.318739975366547,-11.318739975366547,-11.318739975366547,-53.38707887989477,-53.38707887989477,-53.38707887989477,0.0,0.0,0.0,4476.156844932276
2025-05-06,4542.520760855106,3797.01258831639,5271.913987882826,3869.2231667140422,5305.710124945813,-65.26539624079037,-65.26539624079037,-65.26539624079037,-9.813608091920878,-9.813608091920878,-9.813608091920878,-55.45178814886949,-55.45178814886949,-55.45178814886949,0.0,0.0,0.0,4477.255364614316
2025-05-07,4544.178857922674,3788.5977888373964,5247.749894861236,3862.5726078905036,5310.57086496988,-65.98077834795014,-65.98077834795014,-65.98077834795014,-8.435019098231232,-8.435019098231232,-8.435019098231232,-57.54575924971889,-57.54575924971889,-57.54575924971889,0.0,0.0,0.0,4478.198079574724
2025-05-08,4545.836954990244,3765.436360105272,5254.395544397672,3861.1821046630603,5315.431604993947,-69.74780796180244,-69.74780796180244,-69.74780796180244,-10.075088241766679,-10.075088241766679,-10.075088241766679,-59.672719720035765,-59.672719720035765,-59.672719720035765,0.0,0.0,0.0,4476.089147028441
2025-05-09,4547.495052057813,3789.11418993136,5282.005327110414,3859.7916014356165,5320.292345018013,-73.435315488883,-73.435315488883,-73.435315488883,-11.60002162073743,-11.60002162073743,-11.60002162073743,-61.83529386814558,-61.83529386814558,-61.83529386814558,0.0,0.0,0.0,4474.05973656893
2025-05-12,4552.46934326052,3820.1096422823507,5246.188640231789,3861.7172923433104,5328.469279177219,-79.85880266701386,-79.85880266701386,-79.85880266701386,-11.31873997539055,-11.31873997539055,-11.31873997539055,-68.54006269162332,-68.54006269162332,-68.54006269162332,0.0,0.0,0.0,4472.610540593506
2025-05-13,4554.1274403280895,3796.953728142095,5259.4831548111615,3860.326789115867,5334.0285168445635,-80.65275767044018,-80.65275767044018,-80.65275767044018,-9.813608091881292,-9.813608091881292,-9.813608091881292,-70.8391495785589,-70.8391495785589,-70.8391495785589,0.0,0.0,0.0,4473.474682657649
2025-05-14,4555.785537395657,3763.157478384212,5283.907007180815,3860.038392993753,5340.670865567016,-81.59601584778912,-81.59601584778912,-81.59601584778912,-8.43501909820935,-8.43501909820935,-8.43501909820935,-73.16099674957977,-73.16099674957977,-73.16099674957977,0.0,0.0,0.0,4474.189521547868
2025-05-15,4557.443634463227,3731.921974906495,5296.726822737219,3859.5747509311354,5347.288457954482,-85.57179663008662,-85.57179663008662,-85.57179663008662,-10.075088241796175,-10.075088241796175,-10.075088241796175,-75.49670838829044,-75.49670838829044,-75.49670838829044,0.0,0.0,0.0,4471.8718378331405
2025-05-16,4559.101731530796,3759.1628085489515,5287.518939100087,3856.2868371649074,5353.1304266555435,-89.43522784605567,-89.43522784605567,-89.43522784605567,-11.600021620773019,-11.600021620773019,-11.600021620773019,-77.83520622528265,-77.83520622528265,-77.83520622528265,0.0,0.0,0.0,4469.666503684741
2025-05-19,4564.076022733504,3732.589892644851,5268.716982246161,3855.7681940251214,5362.196171388638,-96.0454096384169,-96.0454096384169,-96.0454096384169,-11.318739975429423,-11.318739975429423,-11.318739975429423,-84.72666966298749,-84.72666966298749,-84.72666966298749,0.0,0.0,0.0,4468.030613095088
2025-05-20,4565.734119801074,3751.6604631354367,5284.632696464056,3852.3940021258913,5368.733692738797,-96.74074041111537,-96.74074041111537,-96.74074041111537,-9.81360809195846,-9.81360809195846,-9.81360809195846,-86.92713231915691,-86.92713231915691,-86.92713231915691,0.0,0.0,0.0,4468.993379389958
2025-05-21,4567.392216868641,3748.1068127783565,5285.235138463049,3849.8428860819686,5379.4161868883,-97.48344135594078,-97.48344135594078,-97.48344135594078,-8.43501909822512,-8.43501909822512,-8.43501909822512,-89.04842225771566,-89.04842225771566,-89.04842225771566,0.0,0.0,0.0,4469.9087755127
2025-05-22,4569.050313936211,3729.8139851548303,5286.0662925108945,3847.7908867491647,5380.651348739033,-101.14602433835402,-101.14602433835402,-101.14602433835402,-10.075088241825672,-10.075088241825672,-10.075088241825672,-91.07093609652836,-91.07093609652836,-91.07093609652836,0.0,0.0,0.0,4467.904289597856
2025-05-23,4570.70841100378,3732.6139189096866,5271.620878186522,3841.544180973196,5386.650032887237,-104.57495238206809,-104.57495238206809,-104.57495238206809,-11.600021620746332,-11.600021620746332,-11.600021620746332,-92.97493076132176,-92.97493076132176,-92.97493076132176,0.0,0.0,0.0,4466.133458621713
2025-05-26,4575.682702206487,3712.029712048617,5291.632352227402,3840.9457144426015,5395.96491117058,-109.10481837817822,-109.10481837817822,-109.10481837817822,-11.318739975453427,-11.318739975453427,-11.318739975453427,-97.7860784027248,-97.7860784027248,-97.7860784027248,0.0,0.0,0.0,4466.577883828309
2025-05-27,4577.340799274057,3693.854898729836,5300.858424673123,3837.5763059513038,5401.610835863891,-108.84576758645414,-108.84576758645414,-108.84576758645414,-9.813608091963813,-9.813608091963813,-9.813608091963813,-99.03215949449033,-99.03215949449033,-99.03215949449033,0.0,0.0,0.0,4468.495031687603
2025-05-28,4578.9988963416245,3723.795661068824,5326.2949302214,3834.26597333411,5408.443723746319,-108.5103130479078,-108.5103130479078,-108.5103130479078,-8.435019098203234,-8.435019098203234,-8.435019098203234,-100.07529394970456,-100.07529394970456,-100.07529394970456,0.0,0.0,0.0,4470.488583293717
2025-05-29,4580.656993409194,3694.2469599897936,5341.57586233233,3831.447207096241,5414.557224116373,-110.97971159655513,-110.97971159655513,-110.97971159655513,-10.075088241780993,-10.075088241780993,-10.075088241780993,-100.90462335477415,-100.90462335477415,-100.90462335477415,0.0,0.0,0.0,4469.677281812639
2025-05-30,4582.3150904767635,3679.4541002025644,5378.10337323685,3830.7981968109852,5420.427134414094,-113.11224017509997,-113.11224017509997,-113.11224017509997,-11.600021620719646,-11.600021620719646,-11.600021620719646,-101.51221855438033,-101.51221855438033,-101.51221855438033,0.0,0.0,0.0,4469.202850301664
2025-06-02,4587.28938167947,3670.538864761315,5356.419636366229,3833.491671715507,5429.613238846952,-113.29374855083209,-113.29374855083209,-113.29374855083209,-11.318739975477426,-11.318739975477426,-11.318739975477426,-101.97500857535466,-101.97500857535466,-101.97500857535466,0.0,0.0,0.0,4473.9956331286385
2025-06-03,4588.94747874704,3682.5426128111126,5363.635635642147,3827.3088533664577,5437.38678309079,-111.49752726446877,-111.49752726446877,-111.49752726446877,-9.813608091924221,-9.813608091924221,-9.813608091924221,-101.68391917254453,-101.68391917254453,-101.68391917254453,0.0,0.0,0.0,4477.449951482571
2025-06-04,4590.605575814609,3715.3279191796055,5371.951718507838,3824.8972061613176,5444.017184374836,-109.61836586491933,-109.61836586491933,-109.61836586491933,-8.435019098247452,-8.435019098247452,-8.435019098247452,-101.18334676667186,-101.18334676667186,-101.18334676667186,0.0,0.0,0.0,4480.98720994969
2025-06-05,4592.263672882179,3672.4766358168204,5368.538924987075,3822.8382590689275,5450.647585658882,-110.56176309238708,-110.56176309238708,-110.56176309238708,-10.07508824181049,-10.07508824181049,-10.07508824181049,-100.48667485057659,-100.48667485057659,-100.48667485057659,0.0,0.0,0.0,4481.701909789792
2025-06-06,4593.921769949747,3652.4749181783236,5344.819117198804,3820.829310407508,5459.234767632142,-111.21076579728893,-111.21076579728893,-111.21076579728893,-11.600021620755241,-11.600021620755241,-11.600021620755241,-99.6107441765337,-99.6107441765337,-99.6107441765337,0.0,0.0,0.0,4482.7110041524575
2025-06-09,4598.8960611524535,3676.4177278265147,5405.043070944984,3820.0377002699984,5473.6914639676925,-107.44087957184658,-107.44087957184658,-107.44087957184658,-11.3187399755163,-11.3187399755163,-11.3187399755163,-96.12213959633029,-96.12213959633029,-96.12213959633029,0.0,0.0,0.0,4491.455181580607
2025-06-10,4600.554158220023,3678.547628468555,5369.390744986198,3815.607923320662,5480.511593920288,-104.57047514890446,-104.57047514890446,-104.57047514890446,-9.81360809192957,-9.81360809192957,-9.81360809192957,-94.7568670569749,-94.7568670569749,-94.7568670569749,0.0,0.0,0.0,4495.983683071118
2025-06-11,4602.2122552875935,3718.143063487445,5431.181074820601,3811.1477619636007,5485.092833426449,-101.77263001975143,-101.77263001975143,-101.77263001975143,-8.435019098225567,-8.435019098225567,-8.435019098225567,-93.33761092152585,-93.33761092152585,-93.33761092152585,0.0,0.0,0.0,4500.439625267842
2025-06-12,4603.870352355161,3666.9651153711648,5421.391415640501,3806.6572161988124,5491.80461918678,-101.9697130264738,-101.9697130264738,-101.9697130264738,-10.075088241770532,-10.075088241770532,-10.075088241770532,-91.89462478470327,-91.89462478470327,-91.89462478470327,0.0,0.0,0.0,4501.900639328687
2025-06-13,4605.528449422731,3685.6744561123996,5435.075296186463,3801.578814132392,5504.161615507917,-102.05870265235868,-102.05870265235868,-102.05870265235868,-11.600021620728553,-11.600021620728553,-11.600021620728553,-90.45868103163012,-90.45868103163012,-90.45868103163012,0.0,0.0,0.0,4503.469746770372
2025-06-16,4610.502740625438,3701.9868243118876,5441.780733724117,3797.7210626079495,5519.834805964193,-97.81536014125076,-97.81536014125076,-97.81536014125076,-11.318739975374598,-11.318739975374598,-11.318739975374598,-86.49662016587617,-86.49662016587617,-86.49662016587617,0.0,0.0,0.0,4512.687380484187
2025-06-17,4612.160837693007,3659.446114870023,5435.700722034834,3795.138878638244,5528.420824630632,-95.20060425295141,-95.20060425295141,-95.20060425295141,-9.8136080919618,-9.8136080919618,-9.8136080919618,-85.38699616098961,-85.38699616098961,-85.38699616098961,0.0,0.0,0.0,4516.960233440056
2025-06-18,4613.818934760577,3668.373923506053,5454.819921934678,3792.0112272748047,5533.882158745096,-92.86124997744551,-92.86124997744551,-92.86124997744551,-8.435019098203682,-8.435019098203682,-8.435019098203682,-84.42623087924181,-84.42623087924181,-84.42623087924181,0.0,0.0,0.0,4520.957684783131
2025-06-19,4615.477031828144,3686.733573838385,5438.227656357704,3787.5206815100164,5547.329750510712,-93.7116217904664,-93.7116217904664,-93.7116217904664,-10.075088241800028,-10.075088241800028,-10.075088241800028,-83.63653354866638,-83.63653354866638,-83.63653354866638,0.0,0.0,0.0,4521.765410037678
2025-06-20,4617.135128895714,3672.3162548735586,5438.818391185081,3783.1265341640446,5557.2709929619905,-94.63700325938315,-94.63700325938315,-94.63700325938315,-11.600021620769425,-11.600021620769425,-11.600021620769425,-83.03698163861374,-83.03698163861374,-83.03698163861374,0.0,0.0,0.0,4522.498125636331
2025-06-23,4622.109420098421,3681.33376996755,5494.988354342224,3782.0959372332813,5569.274434883227,-93.83473817838141,-93.83473817838141,-93.83473817838141,-11.3187399753986,-11.3187399753986,-11.3187399753986,-82.51599820298281,-82.51599820298281,-82.51599820298281,0.0,0.0,0.0,4528.274681920039
2025-06-24,4623.76751716599,3663.2800186453605,5462.784526268553,3778.5203529854857,5577.639596512264,-92.6077662870406,-92.6077662870406,-92.6077662870406,-9.813608091967149,-9.813608091967149,-9.813608091967149,-82.79415819507346,-82.79415819507346,-82.79415819507346,0.0,0.0,0.0,4531.15975087895
2025-06-25,4625.42561423356,3700.8533020518494,5500.787199171222,3775.710225657806,5584.467922000994,-91.73589039240326,-91.73589039240326,-91.73589039240326,-8.435019098247897,-8.435019098247897,-8.435019098247897,-83.30087129415537,-83.30087129415537,-83.30087129415537,0.0,0.0,0.0,4533.689723841157
2025-06-26,4627.083711301128,3672.0961422070773,5516.262846614774,3773.0612607015946,5589.1368774770135,-94.10654211539642,-94.10654211539642,-94.10654211539642,-10.07508824175535,-10.07508824175535,-10.07508824175535,-84.03145387364108,-84.03145387364108,-84.03145387364108,0.0,0.0,0.0,4532.977169185731
2025-06-27,4628.741808368697,3645.8387425715114,5496.475609364872,3770.4122957453865,5593.805832953038,-96.57715812577338,-96.57715812577338,-96.57715812577338,-11.600021620742735,-11.600021620742735,-11.600021620742735,-84.97713650503064,-84.97713650503064,-84.97713650503064,0.0,0.0,0.0,4532.164650242924
2025-06-30,4633.716099571404,3632.7637219576723,5522.205849935803,3771.0795249243147,5601.790982564198,-100.27849638418233,-100.27849638418233,-100.27849638418233,-11.318739975437474,-11.318739975437474,-11.318739975437474,-88.95975640874487,-88.95975640874487,-88.95975640874487,0.0,0.0,0.0,4533.437603187222
2025-07-01,4635.374196638973,3652.668733344597,5517.57610424322,3768.7957413569648,5606.459938040222,-100.41723233157131,-100.41723233157131,-100.41723233157131,-9.81360809192756,-9.81360809192756,-9.81360809192756,-90.60362423964376,-90.60362423964376,-90.60362423964376,0.0,0.0,0.0,4534.956964307402
2025-07-02,4637.032293706543,3619.9396554742007,5518.697844271826,3765.54681122608,5611.128893516246,-100.80054190862081,-100.80054190862081,-100.80054190862081,-8.435019098226013,-8.435019098226013,-8.435019098226013,-92.36552281039481,-92.36552281039481,-92.36552281039481,0.0,0.0,0.0,4536.231751797922
2025-07-03,4638.690390774111,3607.907632388548,5531.756896420708,3761.7747377780256,5618.7993664823025,-104.29290297407455,-104.29290297407455,-104.29290297407455,-10.075088241789565,-10.075088241789565,-10.075088241789565,-94.21781473228498,-94.21781473228498,-94.21781473228498,0.0,0.0,0.0,4534.397487800036
2025-07-04,4640.34848784168,3641.7807320606653,5550.569288838739,3756.7365934442805,5627.319163218923,-107.73115272666075,-107.73115272666075,-107.73115272666075,-11.60002162071605,-11.60002162071605,-11.60002162071605,-96.13113110594472,-96.13113110594472,-96.13113110594472,0.0,0.0,0.0,4532.617335115019
2025-07-07,4645.322779044388,3613.588870323079,5536.197051684335,3756.050561312274,5639.155154090679,-113.2465943761487,-113.2465943761487,-113.2465943761487,-11.318739975461474,-11.318739975461474,-11.318739975461474,-101.92785440068724,-101.92785440068724,-101.92785440068724,0.0,0.0,0.0,4532.076184668239
2025-07-08,4646.9808761119575,3611.8739975092826,5535.533462649384,3751.5662505161667,5647.441298832768,-113.58774936841677,-113.58774936841677,-113.58774936841677,-9.813608091932911,-9.813608091932911,-9.813608091932911,-103.77414127648385,-103.77414127648385,-103.77414127648385,0.0,0.0,0.0,4533.393126743541
2025-07-09,4648.638973179527,3614.982589235011,5541.239256049878,3745.145192416411,5655.669414202632,-113.96085668504598,-113.96085668504598,-113.96085668504598,-8.435019098241787,-8.435019098241787,-8.435019098241787,-105.52583758680419,-105.52583758680419,-105.52583758680419,0.0,0.0,0.0,4534.678116494481
2025-07-10,4650.297070247095,3621.840685204945,5549.998078312285,3739.5810344116267,5663.897529572494,-117.22853082644629,-117.22853082644629,-117.22853082644629,-10.075088241819062,-10.075088241819062,-10.075088241819062,-107.15344258462723,-107.15344258462723,-107.15344258462723,0.0,0.0,0.0,4533.068539420648
2025-07-11,4651.955167314664,3583.1284645156743,5564.139872294125,3734.318512553111,5673.002299875285,-120.22905154844175,-120.22905154844175,-120.22905154844175,-11.60002162075692,-11.60002162075692,-11.60002162075692,-108.62902992768481,-108.62902992768481,-108.62902992768481,0.0,0.0,0.0,4531.726115766222
2025-07-14,4656.929458517371,3572.1254507208364,5557.03752456595,3732.5936018441366,5688.864798704196,-123.21441557000023,-123.21441557000023,-123.21441557000023,-11.318739975334646,-11.318739975334646,-11.318739975334646,-111.89567559466559,-111.89567559466559,-111.89567559466559,0.0,0.0,0.0,4533.715042947371
2025-07-15,4658.587555584941,3555.28806866419,5586.303235695024,3727.5524970000242,5697.907013242288,-122.34133782282075,-122.34133782282075,-122.34133782282075,-9.813608091938258,-9.813608091938258,-9.813608091938258,-112.52772973088248,-112.52772973088248,-112.52772973088248,0.0,0.0,0.0,4536.24621776212
2025-07-16,4660.24565265251,3563.571259537856,5599.743194409236,3722.5113921559127,5703.60748438663,-121.33844160945321,-121.33844160945321,-121.33844160945321,-8.435019098219902,-8.435019098219902,-8.435019098219902,-112.90342251123332,-112.90342251123332,-112.90342251123332,0.0,0.0,0.0,4538.907211043057
2025-07-17,4661.903749720078,3575.414666684809,5597.2708706568565,3717.4702873118,5711.948436363946,-123.0857048821804,-123.0857048821804,-123.0857048821804,-10.075088241774383,-10.075088241774383,-10.075088241774383,-113.010616640406,-113.010616640406,-113.010616640406,0.0,0.0,0.0,4538.818044837897
2025-07-18,4663.5618467876475,3582.691961961855,5609.264480935434,3712.429182467688,5718.123694132402,-124.44043134850614,-124.44043134850614,-124.44043134850614,-11.600021620730232,-11.600021620730232,-11.600021620730232,-112.8404097277759,-112.8404097277759,-112.8404097277759,0.0,0.0,0.0,4539.121415439141
2025-07-21,4668.536137990354,3561.193898735284,5599.770596176462,3710.7042717587133,5727.438633416981,-121.94412321293736,-121.94412321293736,-121.94412321293736,-11.318739975358644,-11.318739975358644,-11.318739975358644,-110.62538323757872,-110.62538323757872,-110.62538323757872,0.0,0.0,0.0,4546.592014777417
2025-07-22,4670.194235057924,3610.628680111315,5636.972291921529,3705.663166914602,5735.405176245501,-119.1352667122083,-119.1352667122083,-119.1352667122083,-9.813608091898669,-9.813608091898669,-9.813608091898669,-109.32165862030963,-109.32165862030963,-109.32165862030963,0.0,0.0,0.0,4551.058968345716
2025-07-23,4671.852332125493,3564.8452743500206,5645.322751877433,3700.62206207049,5743.184858895406,-116.17936157898122,-116.17936157898122,-116.17936157898122,-8.435019098264117,-8.435019098264117,-8.435019098264117,-107.74434248071711,-107.74434248071711,-107.74434248071711,0.0,0.0,0.0,4555.672970546512
2025-07-24,4673.510429193061,3561.9290830148775,5656.716682842382,3695.5809572263765,5751.8585100391365,-115.97832338860587,-115.97832338860587,-115.97832338860587,-10.07508824180388,-10.07508824180388,-10.07508824180388,-105.903235146802,-105.903235146802,-105.903235146802,0.0,0.0,0.0,4557.532105804456
2025-07-25,4675.168526260631,3557.6803170235585,5654.294393291845,3690.5398523822646,5760.607336369771,-115.41079858029794,-115.41079858029794,-115.41079858029794,-11.600021620765824,-11.600021620765824,-11.600021620765824,-103.81077695953212,-103.81077695953212,-103.81077695953212,0.0,0.0,0.0,4559.757727680333
2025-07-28,4680.142817463337,3566.103282976297,5687.211490616894,3688.8149416732904,5773.664203334423,-107.50337966593706,-107.50337966593706,-107.50337966593706,-11.31873997539752,-11.31873997539752,-11.31873997539752,-96.18463969053954,-96.18463969053954,-96.18463969053954,0.0,0.0,0.0,4572.6394377974
2025-07-29,4681.800914530907,3587.306408953522,5706.641522386862,3683.7738368291784,5783.30204343646,-103.06965305193934,-103.06965305193934,-103.06965305193934,-9.813608091904012,-9.813608091904012,-9.813608091904012,-93.25604496003534,-93.25604496003534,-93.25604496003534,0.0,0.0,0.0,4578.731261478968
2025-07-30,4683.4590115984765,3572.0658130746697,5671.461916459397,3676.349793936477,5792.567518101156,-98.6047542782473,-98.6047542782473,-98.6047542782473,-8.435019098213788,-8.435019098213788,-8.435019098213788,-90.16973518003351,-90.16973518003351,-90.16973518003351,0.0,0.0,0.0,4584.854257320229
2025-07-31,4685.117108666044,3578.7045375199095,5647.6015332983925,3673.6339778855454,5799.674625842294,-97.02398090249429,-97.02398090249429,-97.02398090249429,-10.075088241833377,-10.075088241833377,-10.075088241833377,-86.9488926606609,-86.9488926606609,-86.9488926606609,0.0,0.0,0.0,4588.09312776355
2025-08-01,4686.775205733615,3568.5384768786093,5706.180065582539,3671.0071323797088,5808.8991420440225,-95.21755873287657,-95.21755873287657,-95.21755873287657,-11.600021620739135,-11.600021620739135,-11.600021620739135,-83.61753711213743,-83.61753711213743,-83.61753711213743,0.0,0.0,0.0,4591.557647000738
2025-08-04,4691.7494969363215,3553.2585920253996,5727.271024766981,3672.5018737807336,5823.470172586646,-84.52596299364536,-84.52596299364536,-84.52596299364536,-11.318739975421522,-11.318739975421522,-11.318739975421522,-73.20722301822383,-73.20722301822383,-73.20722301822383,0.0,0.0,0.0,4607.223533942676
2025-08-05,4693.407594003891,3612.0207494733017,5752.8913251207405,3670.6804210466216,5832.880390248044,-79.49451489554679,-79.49451489554679,-79.49451489554679,-9.813608091936247,-9.813608091936247,-9.813608091936247,-69.68090680361055,-69.68090680361055,-69.68090680361055,0.0,0.0,0.0,4613.913079108344
2025-08-06,4695.065691071461,3572.505656236093,5745.689004556355,3668.8941678781057,5841.843247647977,-74.6019509955665,-74.6019509955665,-74.6019509955665,-8.435019098191901,-8.435019098191901,-8.435019098191901,-66.16693189737458,-66.16693189737458,-66.16693189737458,0.0,0.0,0.0,4620.463740075894
2025-08-07,4696.723788139028,3589.573780136505,5781.205817696349,3663.566548798321,5849.479184752224,-72.76360983356331,-72.76360983356331,-72.76360983356331,-10.075088241788697,-10.075088241788697,-10.075088241788697,-62.68852159177462,-62.68852159177462,-62.68852159177462,0.0,0.0,0.0,4623.960178305465
2025-08-08,4698.381885206598,3583.2081802460543,5782.621974458608,3657.289236958045,5858.761811904277,-70.86787250210719,-70.86787250210719,-70.86787250210719,-11.600021620780005,-11.600021620780005,-11.600021620780005,-59.267850881327185,-59.267850881327185,-59.267850881327185,0.0,0.0,0.0,4627.514012704491
2025-08-11,4703.356176409305,3577.450461080393,5826.157308481571,3654.5117564875986,5870.071727212311,-60.87214753936185,-60.87214753936185,-60.87214753936185,-11.318739975445524,-11.318739975445524,-11.318739975445524,-49.55340756391633,-49.55340756391633,-49.55340756391633,0.0,0.0,0.0,4642.484028869942
2025-08-12,4705.014273476874,3553.1606879555543,5803.74279089209,3653.6746698464867,5876.08822054862,-56.37005348986127,-56.37005348986127,-56.37005348986127,-9.813608091941596,-9.813608091941596,-9.813608091941596,-46.556445397919674,-46.556445397919674,-46.556445397919674,0.0,0.0,0.0,4648.644219987013
2025-08-13,4706.672370544444,3568.299474851308,5823.559295633948,3658.18968012809,5881.308894253383,-52.13955351920458,-52.13955351920458,-52.13955351920458,-8.435019098236117,-8.435019098236117,-8.435019098236117,-43.70453442096846,-43.70453442096846,-43.70453442096846,0.0,0.0,0.0,4654.53281702524
2025-08-14,4708.3304676120115,3602.1645129141957,5829.288085368665,3656.4345284773312,5885.309442634861,-51.08415450621775,-51.08415450621775,-51.08415450621775,-10.075088241818193,-10.075088241818193,-10.075088241818193,-41.00906626439956,-41.00906626439956,-41.00906626439956,0.0,0.0,0.0,4657.246313105794
2025-08-18,4714.962855882288,3619.0270195805047,5857.991265595853,3653.9721730971005,5897.636151535134,-43.25235441989164,-43.25235441989164,-43.25235441989164,-11.318739975484396,-11.318739975484396,-11.318739975484396,-31.93361444440724,-31.93361444440724,-31.93361444440724,0.0,0.0,0.0,4671.710501462396
2025-08-19,4716.620952949857,3607.157057797626,5877.2662634868275,3653.0585398886683,5903.917246601643,-39.917814411662704,-39.917814411662704,-39.917814411662704,-9.813608091902006,-9.813608091902006,-9.813608091902006,-30.104206319760703,-30.104206319760703,-30.104206319760703,0.0,0.0,0.0,4676.703138538194
2025-08-20,4718.279050017427,3614.2071161108006,5862.3524909239395,3653.028961263911,5910.819692063247,-36.88145484540649,-36.88145484540649,-36.88145484540649,-8.435019098214232,-8.435019098214232,-8.435019098214232,-28.446435747192258,-28.446435747192258,-28.446435747192258,0.0,0.0,0.0,4681.39759517202
2025-08-21,4719.937147084995,3599.7733718057825,5874.863584491806,3648.3623472121976,5917.722137524849,-37.02870378044726,-37.02870378044726,-37.02870378044726,-10.075088241778234,-10.075088241778234,-10.075088241778234,-26.953615538669023,-26.953615538669023,-26.953615538669023,0.0,0.0,0.0,4682.908443304547
2025-08-22,4721.595244152564,3587.452175667877,5889.938209257913,3643.695733160486,5924.624582986454,-37.21654539516714,-37.21654539516714,-37.21654539516714,-11.600021620726633,-11.600021620726633,-11.600021620726633,-25.61652377444051,-25.61652377444051,-25.61652377444051,0.0,0.0,0.0,4684.378698757397
2025-08-25,4726.569535355272,3560.8522178900334,5896.5313485921215,3642.3453132439117,5934.843222583196,-33.73095674753347,-33.73095674753347,-33.73095674753347,-11.3187399755084,-11.3187399755084,-11.3187399755084,-22.412216772025072,-22.412216772025072,-22.412216772025072,0.0,0.0,0.0,4692.838578607739
2025-08-26,4728.227632422841,3610.4816442256556,5893.721412840762,3636.5559625895007,5941.7456680448,-31.37383527179754,-31.37383527179754,-31.37383527179754,-9.813608091979177,-9.813608091979177,-9.813608091979177,-21.560227179818362,-21.560227179818362,-21.560227179818362,0.0,0.0,0.0,4696.853797151044
2025-08-28,4731.543826557979,3587.459036014727,5924.182122054001,3628.6885730624126,5949.985651603775,-30.142618697582588,-30.142618697582588,-30.142618697582588,-10.07508824180773,-10.07508824180773,-10.07508824180773,-20.067530455774858,-20.067530455774858,-20.067530455774858,0.0,0.0,0.0,4701.401207860396
2025-08-29,4733.201923625548,3580.0914967132235,5896.26842625448,3619.1630864677577,5955.324050231841,-30.985005663375084,-30.985005663375084,-30.985005663375084,-11.600021620767503,-11.600021620767503,-11.600021620767503,-19.38498404260758,-19.38498404260758,-19.38498404260758,0.0,0.0,0.0,4702.216917962173
2025-09-01,4738.176214828255,3595.2112720348955,5952.526348887689,3612.9537940082405,5962.832314474532,-28.650111763988495,-28.650111763988495,-28.650111763988495,-11.318739975381565,-11.318739975381565,-11.318739975381565,-17.331371788606933,-17.331371788606933,-17.331371788606933,0.0,0.0,0.0,4709.526103064267
2025-09-02,4739.834311895825,3578.3393386188563,5955.980189133981,3603.652276103158,5967.024384582084,-26.38684792824714,-26.38684792824714,-26.38684792824714,-9.813608091984522,-9.813608091984522,-9.813608091984522,-16.573239836262623,-16.573239836262623,-16.573239836262623,0.0,0.0,0.0,4713.447463967577
2025-09-03,4741.492408963394,3565.4007496733648,5980.4706324565805,3597.467444596051,5971.188598509841,-24.17962845041341,-24.17962845041341,-24.17962845041341,-8.435019098236564,-8.435019098236564,-8.435019098236564,-15.744609352176845,-15.744609352176845,-15.744609352176845,0.0,0.0,0.0,4717.312780512981
2025-09-04,4743.150506030962,3608.256758234697,5960.033860954018,3595.79296248656,5976.4761610450705,-24.902508552544738,-24.902508552544738,-24.902508552544738,-10.075088241763051,-10.075088241763051,-10.075088241763051,-14.827420310781685,-14.827420310781685,-14.827420310781685,0.0,0.0,0.0,4718.247997478417
2025-09-05,4744.808603098531,3543.103976208834,5957.072243816764,3594.304953621504,5981.980395666052,-25.405660386466835,-25.405660386466835,-25.405660386466835,-11.600021620740817,-11.600021620740817,-11.600021620740817,-13.805638765726014,-13.805638765726014,-13.805638765726014,0.0,0.0,0.0,4719.402942712065
2025-09-08,4749.782894301238,3570.5318891840266,5979.316442928154,3596.133138891586,5990.800824422172,-21.309576325204304,-21.309576325204304,-21.309576325204304,-11.31873997540557,-11.31873997540557,-11.31873997540557,-9.990836349798734,-9.990836349798734,-9.990836349798734,0.0,0.0,0.0,4728.473317976034
2025-09-09,4751.440991368808,3555.0703033680647,5957.605272292331,3594.6451300265303,5998.522630002091,-18.25756290767888,-18.25756290767888,-18.25756290767888,-9.813608091944936,-9.813608091944936,-9.813608091944936,-8.44395481573395,-8.44395481573395,-8.44395481573395,0.0,0.0,0.0,4733.183428461129
2025-09-10,4753.099088436377,3607.1216287085986,6011.018909576889,3593.157121161474,6007.453692728259,-15.190278593375691,-15.190278593375691,-15.190278593375691,-8.435019098214681,-8.435019098214681,-8.435019098214681,-6.755259495161009,-6.755259495161009,-6.755259495161009,0.0,0.0,0.0,4737.908809843002
2025-09-11,4754.757185503945,3564.8446351929956,6012.174854935827,3592.0379640319097,6017.072593566865,-15.002899109093946,-15.002899109093946,-15.002899109093946,-10.07508824179255,-10.07508824179255,-10.07508824179255,-4.927810867301395,-4.927810867301395,-4.927810867301395,0.0,0.0,0.0,4739.754286394851
2025-09-12,4756.415282571515,3544.0948104803842,6009.384243216839,3591.269122428945,6026.6914944054715,-14.568570384139706,-14.568570384139706,-14.568570384139706,-11.600021620708853,-11.600021620708853,-11.600021620708853,-2.9685487634308507,-2.9685487634308507,-2.9685487634308507,0.0,0.0,0.0,4741.846712187375
2025-09-15,4761.389573774221,3539.2414106187953,6039.391737680748,3591.835980617866,6039.626589379216,-7.746291878084659,-7.746291878084659,-7.746291878084659,-11.318739975444444,-11.318739975444444,-11.318739975444444,3.5724480973597847,3.5724480973597847,3.5724480973597847,0.0,0.0,0.0,4753.643281896137
2025-09-16,4763.047670841791,3573.9374820951416,6027.020124017707,3587.2899230692933,6049.245490217822,-3.9010657558163024,-3.9010657558163024,-3.9010657558163024,-9.813608091950284,-9.813608091950284,-9.813608091950284,5.912542336133981,5.912542336133981,5.912542336133981,0.0,0.0,0.0,4759.146605085974
2025-09-17,4764.7057679093605,3557.2402576237123,6035.759161497681,3585.660566225052,6056.167159164861,-0.14184095813741207,-0.14184095813741207,-0.14184095813741207,-8.435019098230455,-8.435019098230455,-8.435019098230455,8.293178140093042,8.293178140093042,8.293178140093042,0.0,0.0,0.0,4764.563926951223
2025-09-18,4766.363864976928,3552.6588253705104,6037.104948579897,3583.2914801812244,6061.276233971114,0.6110746123434984,0.6110746123434984,0.6110746123434984,-10.075088241822046,-10.075088241822046,-10.075088241822046,10.686162854165545,10.686162854165545,10.686162854165545,0.0,0.0,0.0,4766.974939589271
2025-09-19,4768.021962044499,3549.169053961954,6044.319466101617,3577.5810617584852,6066.385308777369,1.460768298236613,1.460768298236613,1.460768298236613,-11.600021620749722,-11.600021620749722,-11.600021620749722,13.060789918986334,13.060789918986334,13.060789918986334,0.0,0.0,0.0,4769.4827303427355
2025-09-22,4772.9962532472055,3570.6006010667743,6097.648233975598,3575.1868374708833,6077.323899808376,8.421328838911466,8.421328838911466,8.421328838911466,-11.318739975468441,-11.318739975468441,-11.318739975468441,19.74006881437991,19.74006881437991,19.74006881437991,0.0,0.0,0.0,4781.417582086117
2025-09-23,4774.654350314775,3601.7667790306195,6081.65371067012,3569.476419048145,6084.840199774834,11.887963338784083,11.887963338784083,11.887963338784083,-9.813608091955631,-9.813608091955631,-9.813608091955631,21.701571430739712,21.701571430739712,21.701571430739712,0.0,0.0,0.0,4786.542313653559
2025-09-24,4776.3124473823445,3603.509640709208,6085.935884043592,3563.766000625406,6089.382004971193,15.036727098788896,15.036727098788896,15.036727098788896,-8.43501909820857,-8.43501909820857,-8.43501909820857,23.47174619699747,23.47174619699747,23.47174619699747,0.0,0.0,0.0,4791.349174481134
2025-09-25,4777.970544449912,3555.1722793038803,6156.883847167897,3557.478160709261,6093.249320017402,14.941211713434901,14.941211713434901,14.941211713434901,-10.075088241777367,-10.075088241777367,-10.075088241777367,25.01629995521227,25.01629995521227,25.01629995521227,0.0,0.0,0.0,4792.9117561633475
2025-09-26,4779.628641517482,3555.420271318023,6087.319195482015,3550.494739429794,6101.416029508241,14.702499923384583,14.702499923384583,14.702499923384583,-11.600021620723036,-11.600021620723036,-11.600021620723036,26.30252154410762,26.30252154410762,26.30252154410762,0.0,0.0,0.0,4794.331141440866
2025-09-29,4784.602932720189,3517.8450974422453,6135.960035316919,3547.081561739725,6112.898933134216,17.00206241979418,17.00206241979418,17.00206241979418,-11.318739975326741,-11.318739975326741,-11.318739975326741,28.320802395120918,28.320802395120918,28.320802395120918,0.0,0.0,0.0,4801.604995139983
2025-09-30,4786.261029787758,3580.5755806458737,6180.53721542667,3539.9034509749054,6121.065642625055,18.485956473405455,18.485956473405455,18.485956473405455,-9.813608091916041,-9.813608091916041,-9.813608091916041,28.299564565321496,28.299564565321496,28.299564565321496,0.0,0.0,0.0,4804.746986261163
2025-10-01,4787.919126855328,3589.9432485558123,6104.058471695062,3534.205051774197,6129.223994127751,19.465953870573507,19.465953870573507,19.465953870573507,-8.435019098252788,-8.435019098252788,-8.435019098252788,27.900972968826295,27.900972968826295,27.900972968826295,0.0,0.0,0.0,4807.385080725901
2025-10-03,4791.235320990465,3562.3495772340284,6140.3096357714085,3533.630942754633,6138.235595968642,14.33125064560869,14.33125064560869,14.33125064560869,-11.600021620758625,-11.600021620758625,-11.600021620758625,25.931272266367316,25.931272266367316,25.931272266367316,0.0,0.0,0.0,4805.566571636074
2025-10-06,4796.209612193172,3536.2338126975656,6157.809106372849,3531.425779365196,6143.023976311827,8.710634388725742,8.710634388725742,8.710634388725742,-11.318739975365613,-11.318739975365613,-11.318739975365613,20.029374364091357,20.029374364091357,20.029374364091357,0.0,0.0,0.0,4804.920246581897
2025-10-07,4797.867709260741,3532.162963131348,6150.1650663032015,3526.1540438098223,6143.929077930636,7.495600247156326,7.495600247156326,7.495600247156326,-9.813608091921388,-9.813608091921388,-9.813608091921388,17.309208339077713,17.309208339077713,17.309208339077713,0.0,0.0,0.0,4805.363309507898
2025-10-08,4799.525806328311,3524.6676121968685,6179.323279601736,3522.923144476451,6145.170395009692,5.806789371404319,5.806789371404319,5.806789371404319,-8.4350190982309,-8.4350190982309,-8.4350190982309,14.241808469635219,14.241808469635219,14.241808469635219,0.0,0.0,0.0,4805.332595699715
2025-10-09,4801.183903395879,3533.37924288205,6153.334642293652,3519.692245143078,6153.061760895093,0.7771095209985076,0.7771095209985076,0.7771095209985076,-10.07508824184108,-10.07508824184108,-10.07508824184108,10.852197762839587,10.852197762839587,10.852197762839587,0.0,0.0,0.0,4801.961012916877
2025-10-10,4802.842000463448,3465.891376152571,6161.4156674849555,3516.461345809706,6160.865083237885,-4.430056367442859,-4.430056367442859,-4.430056367442859,-11.600021620731939,-11.600021620731939,-11.600021620731939,7.169965253289081,7.169965253289081,7.169965253289081,0.0,0.0,0.0,4798.411944096005
2025-10-13,4807.816291666155,3499.2229537677795,6192.002132753271,3515.257860197092,6171.781230123769,-16.59617932882375,-16.59617932882375,-16.59617932882375,-11.318739975389615,-11.318739975389615,-11.318739975389615,-5.277439353434135,-5.277439353434135,-5.277439353434135,0.0,0.0,0.0,4791.220112337332
2025-10-14,4809.474388733725,3469.5845339764737,6131.322064364838,3510.804253187226,6179.381182874515,-19.572776220310992,-19.572776220310992,-19.572776220310992,-9.81360809195362,-9.81360809195362,-9.81360809195362,-9.759168128357375,-9.759168128357375,-9.759168128357375,0.0,0.0,0.0,4789.901612513414
2025-10-15,4811.132485801293,3493.9211025090553,6126.8165821319735,3506.3506461773586,6186.9811356252585,-22.769195524361344,-22.769195524361344,-22.769195524361344,-8.435019098209015,-8.435019098209015,-8.435019098209015,-14.334176426152327,-14.334176426152327,-14.334176426152327,0.0,0.0,0.0,4788.363290276931
2025-10-16,4812.790582868863,3482.5279227283067,6151.725514632868,3501.897039167493,6196.053275715943,-29.031602225809934,-29.031602225809934,-29.031602225809934,-10.0750882417964,-10.0750882417964,-10.0750882417964,-18.956513984013533,-18.956513984013533,-18.956513984013533,0.0,0.0,0.0,4783.758980643052
2025-10-17,4814.448679936432,3458.241916893421,6216.654965492902,3499.496278726948,6205.201540674422,-35.17978398321296,-35.17978398321296,-35.17978398321296,-11.600021620772813,-11.600021620772813,-11.600021620772813,-23.579762362440142,-23.579762362440142,-23.579762362440142,0.0,0.0,0.0,4779.268895953219
2025-10-20,4819.422971139139,3475.2887155946473,6177.650677384781,3502.4518014841833,6217.665999768039,-48.31688899516399,-48.31688899516399,-48.31688899516399,-11.318739975413619,-11.318739975413619,-11.318739975413619,-36.99814901975037,-36.99814901975037,-36.99814901975037,0.0,0.0,0.0,4771.106082143975
2025-10-21,4821.081068206709,3464.181646910748,6155.299044229486,3502.091130106281,6224.95565040897,-50.98888289444137,-50.98888289444137,-50.98888289444137,-9.813608091958972,-9.813608091958972,-9.813608091958972,-41.1752748024824,-41.1752748024824,-41.1752748024824,0.0,0.0,0.0,4770.092185312267
2025-10-23,4824.397262341848,3400.9292839219715,6185.440804658532,3501.6371117058325,6232.247884596221,-58.92463582085848,-58.92463582085848,-58.92463582085848,-10.075088241825899,-10.075088241825899,-10.075088241825899,-48.849547579032574,-48.849547579032574,-48.849547579032574,0.0,0.0,0.0,4765.472626520989
2025-10-24,4826.055359409415,3387.0280023785754,6188.061152195469,3497.936023550186,6238.65195967038,-63.87911460632421,-63.87911460632421,-63.87911460632421,-11.600021620746125,-11.600021620746125,-11.600021620746125,-52.27909298557808,-52.27909298557808,-52.27909298557808,0.0,0.0,0.0,4762.176244803091
2025-10-27,4831.029650612122,3425.8882318160954,6153.703670155899,3496.6529251262723,6249.969235260926,-71.93447965285633,-71.93447965285633,-71.93447965285633,-11.318739975452491,-11.318739975452491,-11.318739975452491,-60.61573967740383,-60.61573967740383,-60.61573967740383,0.0,0.0,0.0,4759.0951709592655
2025-10-28,4832.687747679692,3429.1865896113964,6251.200453293282,3494.2290558240397,6257.67400716471,-72.49391518619606,-72.49391518619606,-72.49391518619606,-9.813608091919383,-9.813608091919383,-9.813608091919383,-62.680307094276685,-62.680307094276685,-62.680307094276685,0.0,0.0,0.0,4760.193832493495
2025-10-29,4834.345844747261,3413.3912792752285,6215.027209397725,3491.805186521807,6265.378779068493,-72.80243015036085,-72.80243015036085,-72.80243015036085,-8.435019098231349,-8.435019098231349,-8.435019098231349,-64.36741105212951,-64.36741105212951,-64.36741105212951,0.0,0.0,0.0,4761.5434145969
2025-10-30,4836.003941814831,3440.9531091293015,6204.096228784078,3489.3813172195746,6273.0835509722765,-75.74687248432411,-75.74687248432411,-75.74687248432411,-10.075088241785938,-10.075088241785938,-10.075088241785938,-65.67178424253818,-65.67178424253818,-65.67178424253818,0.0,0.0,0.0,4760.257069330507
2025-10-31,4837.6620388823985,3345.981066869383,6242.647979396649,3486.666710017574,6280.7883228760575,-78.19264512049739,-78.19264512049739,-78.19264512049739,-11.600021620719438,-11.600021620719438,-11.600021620719438,-66.59262349977794,-66.59262349977794,-66.59262349977794,0.0,0.0,0.0,4759.469393761901
2025-11-03,4842.636330085105,3373.903625826903,6212.247998730752,3487.0470226097523,6291.709601409149,-78.42687836250334,-78.42687836250334,-78.42687836250334,-11.318739975476495,-11.318739975476495,-11.318739975476495,-67.10813838702684,-67.10813838702684,-67.10813838702684,0.0,0.0,0.0,4764.209451722602
2025-11-04,4844.294427152675,3392.1987612742046,6236.117957854025,3484.1111410667936,6298.602443474104,-76.38124881661153,-76.38124881661153,-76.38124881661153,-9.81360809192473,-9.81360809192473,-9.81360809192473,-66.5676407246868,-66.5676407246868,-66.5676407246868,0.0,0.0,0.0,4767.9131783360635
2025-11-06,4847.610621287815,3354.1046233876245,6245.299758450396,3482.833356591405,6304.62953623613,-74.59191465560927,-74.59191465560927,-74.59191465560927,-10.075088241815436,-10.075088241815436,-10.075088241815436,-64.51682641379384,-64.51682641379384,-64.51682641379384,0.0,0.0,0.0,4773.018706632206
2025-11-07,4849.268718355383,3385.867074103778,6267.751688168908,3479.8974750484444,6307.648533330376,-74.64791185036947,-74.64791185036947,-74.64791185036947,-11.600021620760307,-11.600021620760307,-11.600021620760307,-63.047890229609166,-63.047890229609166,-63.047890229609166,0.0,0.0,0.0,4774.620806505013
2025-11-10,4854.243009558089,3373.7699077991065,6237.242696238547,3480.277787640623,6312.818126055892,-68.46554493051933,-68.46554493051933,-68.46554493051933,-11.318739975349661,-11.318739975349661,-11.318739975349661,-57.14680495516967,-57.14680495516967,-57.14680495516967,0.0,0.0,0.0,4785.77746462757
2025-11-11,4855.901106625659,3376.5215597496713,6274.167732590572,3477.3419060976644,6314.671524646271,-64.57750309238953,-64.57750309238953,-64.57750309238953,-9.813608091930076,-9.813608091930076,-9.813608091930076,-54.76389500045946,-54.76389500045946,-54.76389500045946,0.0,0.0,0.0,4791.323603533269
2025-11-12,4857.5592036932285,3375.1386968871298,6274.098838238404,3474.4060245547057,6316.524923236648,-60.649350577810914,-60.649350577810914,-60.649350577810914,-8.435019098225235,-8.435019098225235,-8.435019098225235,-52.214331479585674,-52.214331479585674,-52.214331479585674,0.0,0.0,0.0,4796.909853115418
2025-11-13,4859.217300760798,3407.5656844341393,6310.639806162241,3471.470143011747,6318.378321827026,-59.59726099556528,-59.59726099556528,-59.59726099556528,-10.075088241770755,-10.075088241770755,-10.075088241770755,-49.52217275379452,-49.52217275379452,-49.52217275379452,0.0,0.0,0.0,4799.620039765233
2025-11-14,4860.875397828366,3388.991073387308,6355.235102009138,3468.5342614687866,6322.3646247457245,-58.31054421624015,-58.31054421624015,-58.31054421624015,-11.600021620733619,-11.600021620733619,-11.600021620733619,-46.71052259550654,-46.71052259550654,-46.71052259550654,0.0,0.0,0.0,4802.564853612125
2025-11-17,4865.849689031073,3419.7901076235753,6281.471186398712,3468.914574060965,6330.786751126656,-49.08846392383972,-49.08846392383972,-49.08846392383972,-11.318739975373663,-11.318739975373663,-11.318739975373663,-37.76972394846605,-37.76972394846605,-37.76972394846605,0.0,0.0,0.0,4816.761225107233
2025-11-18,4867.507786098642,3355.4899021492315,6311.038135399931,3465.9786925180065,6336.698419656612,-44.49675034566586,-44.49675034566586,-44.49675034566586,-9.813608091890487,-9.813608091890487,-9.813608091890487,-34.683142253775365,-34.683142253775365,-34.683142253775365,0.0,0.0,0.0,4823.011035752977
2025-11-19,4869.165883166212,3373.0021523758132,6327.802818514353,3463.0428109750483,6343.877424550236,-40.00505774079245,-40.00505774079245,-40.00505774079245,-8.43501909820335,-8.43501909820335,-8.43501909820335,-31.5700386425891,-31.5700386425891,-31.5700386425891,0.0,0.0,0.0,4829.160825425419
2025-11-20,4870.823980233781,3342.4022911607494,6374.929810446805,3460.1069294320896,6351.056429443862,-38.518618606627435,-38.518618606627435,-38.518618606627435,-10.075088241800252,-10.075088241800252,-10.075088241800252,-28.44353036482718,-28.44353036482718,-28.44353036482718,0.0,0.0,0.0,4832.305361627154
2025-11-21,4872.482077301349,3409.2580336912215,6351.52798176035,3457.171047889129,6358.45438022568,-36.914825764354404,-36.914825764354404,-36.914825764354404,-11.600021620769212,-11.600021620769212,-11.600021620769212,-25.314804143585192,-25.314804143585192,-25.314804143585192,0.0,0.0,0.0,4835.567251536994
2025-11-24,4877.456368504056,3351.5289004486535,6372.782528074468,3449.070158118664,6369.642832450903,-27.317983082887995,-27.317983082887995,-27.317983082887995,-11.318739975412539,-11.318739975412539,-11.318739975412539,-15.999243107475456,-15.999243107475456,-15.999243107475456,0.0,0.0,0.0,4850.138385421168
2025-11-25,4879.114465571625,3406.449968632131,6399.35732408662,3441.62177697063,6377.694398480475,-22.750484481954395,-22.750484481954395,-22.750484481954395,-9.813608091895832,-9.813608091895832,-9.813608091895832,-12.936876390058563,-12.936876390058563,-12.936876390058563,0.0,0.0,0.0,4856.363981089671
2025-11-26,4880.772562639195,3408.5064630156585,6391.031686218038,3432.784422841774,6385.745964510046,-18.336649080715876,-18.336649080715876,-18.336649080715876,-8.435019098219119,-8.435019098219119,-8.435019098219119,-9.901629982496754,-9.901629982496754,-9.901629982496754,0.0,0.0,0.0,4862.435913558479
2025-11-27,4882.430659706764,3390.399344996777,6401.940507422069,3429.476272473322,6395.904919920145,-16.969952883135278,-16.969952883135278,-16.969952883135278,-10.075088241829748,-10.075088241829748,-10.075088241829748,-6.894864641305528,-6.894864641305528,-6.894864641305528,0.0,0.0,0.0,4865.460706823629
2025-11-28,4884.088756774332,3393.46747901428,6417.306512144707,3426.1681221048675,6408.153504561503,-15.516795926599944,-15.516795926599944,-15.516795926599944,-11.600021620742528,-11.600021620742528,-11.600021620742528,-3.9167743058574156,-3.9167743058574156,-3.9167743058574156,0.0,0.0,0.0,4868.571960847732
2025-12-01,4889.063047977039,3393.5857289246997,6412.849108983495,3426.1761658715527,6423.371732188318,-6.460871338537094,-6.460871338537094,-6.460871338537094,-11.31873997543654,-11.31873997543654,-11.31873997543654,4.857868636899444,4.857868636899444,4.857868636899444,0.0,0.0,0.0,4882.602176638502
2025-12-02,4890.721145044609,3402.5778379914805,6453.820772434128,3422.8680155031,6433.96664652997,-2.076119601758622,-2.076119601758622,-2.076119601758622,-9.81360809192807,-9.81360809192807,-9.81360809192807,7.737488490169448,7.737488490169448,7.737488490169448,0.0,0.0,0.0,4888.645025442851
2025-12-03,4892.379242112179,3416.9065867350714,6514.3484061119125,3419.5598651346477,6443.254441721597,2.164900506971526,2.164900506971526,2.164900506971526,-8.435019098197236,-8.435019098197236,-8.435019098197236,10.599919605168761,10.599919605168761,10.599919605168761,0.0,0.0,0.0,4894.54414261915
2025-12-04,4894.037339179748,3392.493208805324,6492.889092612078,3416.251714766195,6451.729429988055,3.373998319422271,3.373998319422271,3.373998319422271,-10.075088241785071,-10.075088241785071,-10.075088241785071,13.449086561207341,13.449086561207341,13.449086561207341,0.0,0.0,0.0,4897.41133749917
2025-12-05,4895.695436247316,3378.568228379555,6486.649624164742,3412.629804368519,6458.204411891821,4.689214464889783,4.689214464889783,4.689214464889783,-11.600021620783396,-11.600021620783396,-11.600021620783396,16.289236085673178,16.289236085673178,16.289236085673178,0.0,0.0,0.0,4900.384650712206
2025-12-08,4900.669727450023,3424.593170768069,6517.9326508588065,3409.9072150487004,6473.754912089133,13.482934769326242,13.482934769326242,13.482934769326242,-11.318739975460542,-11.318739975460542,-11.318739975460542,24.801674744786784,24.801674744786784,24.801674744786784,0.0,0.0,0.0,4914.15266221935
2025-12-09,4902.3278245175925,3393.866630579741,6535.718246974385,3403.8684315937444,6485.009777042332,17.83917948325052,17.83917948325052,17.83917948325052,-9.813608091933418,-9.813608091933418,-9.813608091933418,27.652787575183936,27.652787575183936,27.652787575183936,0.0,0.0,0.0,4920.167004000843
2025-12-10,4903.985921585162,3405.088008250559,6536.86050822347,3397.935243581954,6492.054318077676,22.08423561542073,22.08423561542073,22.08423561542073,-8.435019098241456,-8.435019098241456,-8.435019098241456,30.519254713662185,30.519254713662185,30.519254713662185,0.0,0.0,0.0,4926.070157200583
2025-12-11,4905.644018652732,3425.060955086103,6522.746362756279,3392.1975395212526,6494.488309073803,23.331313574520884,23.331313574520884,23.331313574520884,-10.075088241814568,-10.075088241814568,-10.075088241814568,33.40640181633545,33.40640181633545,33.40640181633545,0.0,0.0,0.0,4928.975332227253
2025-12-12,4907.302115720299,3378.22770038665,6562.58305652125,3386.459835460549,6501.51689924376,24.71965582573089,24.71965582573089,24.71965582573089,-11.600021620756712,-11.600021620756712,-11.600021620756712,36.3196774464876,36.3196774464876,36.3196774464876,0.0,0.0,0.0,4932.02177154603
2025-12-15,4912.276406923006,3414.1317890580776,6583.924332790072,3384.038325534985,6514.861851877256,33.953619186090776,33.953619186090776,33.953619186090776,-11.318739975499415,-11.318739975499415,-11.318739975499415,45.272359161590195,45.272359161590195,45.272359161590195,0.0,0.0,0.0,4946.230026109097
2025-12-16,4913.934503990576,3415.6394702149723,6583.868673959552,3378.1973383243026,6524.773613740405,38.533013841065774,38.533013841065774,38.533013841065774,-9.813608091938763,-9.813608091938763,-9.813608091938763,48.346621933004535,48.346621933004535,48.346621933004535,0.0,0.0,0.0,4952.467517831641
2025-12-17,4915.592601058145,3396.050780662476,6607.128360467371,3370.73276791289,6531.721829417774,43.040501866002074,43.040501866002074,43.040501866002074,-8.435019098219568,-8.435019098219568,-8.435019098219568,51.47552096422165,51.47552096422165,51.47552096422165,0.0,0.0,0.0,4958.633102924147
2025-12-18,4917.250698125715,3389.8347907226052,6582.722291305132,3367.6977524328718,6536.69537707002,44.589679033737966,44.589679033737966,44.589679033737966,-10.075088241774608,-10.075088241774608,-10.075088241774608,54.664767275512574,54.664767275512574,54.664767275512574,0.0,0.0,0.0,4961.840377159453
2025-12-19,4918.9087951932825,3389.2593868371723,6679.057675380831,3361.8972683813736,6541.458576010164,46.31991321322215,46.31991321322215,46.31991321322215,-11.600021620730024,-11.600021620730024,-11.600021620730024,57.91993483395217,57.91993483395217,57.91993483395217,0.0,0.0,0.0,4965.228708406505
2025-12-22,4923.883086395989,3410.8465971760907,6679.539113705497,3358.8077915408326,6550.653344344016,56.81395103826429,56.81395103826429,56.81395103826429,-11.318739975523417,-11.318739975523417,-11.318739975523417,68.1326910137877,68.1326910137877,68.1326910137877,0.0,0.0,0.0,4980.697037434254
2025-12-23,4925.541183463559,3409.6735792134923,6662.276512139012,3352.9282953059114,6559.174799258451,61.88755084279393,61.88755084279393,61.88755084279393,-9.813608091970995,-9.813608091970995,-9.813608091970995,71.70115893476492,71.70115893476492,71.70115893476492,0.0,0.0,0.0,4987.428734306352
2025-12-24,4927.199280531128,3412.5675422766726,6681.085845210419,3347.19059124521,6567.993949727958,66.92279175756522,66.92279175756522,66.92279175756522,-8.435019098197683,-8.435019098197683,-8.435019098197683,75.3578108557629,75.3578108557629,75.3578108557629,0.0,0.0,0.0,4994.122072288694
2025-12-26,4930.515474666266,3382.953755851093,6677.619472986504,3343.110984252076,6579.206364652664,71.34456405409514,71.34456405409514,71.34456405409514,-11.600021620765613,-11.600021620765613,-11.600021620765613,82.94458567486076,82.94458567486076,82.94458567486076,0.0,0.0,0.0,5001.8600387203605
2025-12-29,4935.489765868973,3424.3161481987577,6648.550057538919,3342.828426730708,6592.076876644939,83.6949125006079,83.6949125006079,83.6949125006079,-11.318739975396586,-11.318739975396586,-11.318739975396586,95.0136524760045,95.0136524760045,95.0136524760045,0.0,0.0,0.0,5019.184678369581
2025-12-30,4937.147862936543,3424.037279085152,6703.555716231744,3340.2454325536037,6601.891814286631,89.39930327664005,89.39930327664005,89.39930327664005,-9.813608091976343,-9.813608091976343,-9.813608091976343,99.21291136861639,99.21291136861639,99.21291136861639,0.0,0.0,0.0,5026.547166213183
