Date,Open,High,Low,Close,Volume,MA20,MA50,Daily_Return,Volatility
2018-01-01,1341.1500244140625,1347.4000244140625,1317.5,1322.800048828125,1351760,,,,
2018-01-02,1330.0,1334.800048828125,1310.0999755859375,1315.5999755859375,1920290,,,-0.005443054865749475,
2018-01-03,1316.0,1334.5,1315.5999755859375,1319.324951171875,1257120,,,0.002831389217895497,
2018-01-04,1325.0,1331.0,1320.0,1328.550048828125,913082,,,0.0069922862051960966,
2018-01-05,1325.0,1349.75,1325.0,1344.5999755859375,1153706,,,0.012080784440126724,
2018-01-08,1350.0,1363.425048828125,1340.925048828125,1357.199951171875,1242220,,,0.0093707986127598,
2018-01-09,1357.5,1360.5,1338.2750244140625,1354.5,2149396,,,-0.0019893540148919753,
2018-01-10,1355.5,1408.0,1347.324951171875,1403.300048828125,3365850,,,0.03602809068152446,
2018-01-11,1405.0,1410.949951171875,1391.0999755859375,1395.25,2520744,,,-0.005736512896758916,
2018-01-12,1402.5,1402.5,1370.2750244140625,1388.175048828125,3360314,,,-0.005070740850653954,
2018-01-15,1388.574951171875,1404.0,1367.5250244140625,1373.050048828125,1457214,,,-0.010895599955328628,
2018-01-16,1378.0,1430.824951171875,1375.2750244140625,1425.425048828125,4267752,,,0.03814500428786349,
2018-01-17,1435.0,1462.5,1431.074951171875,1444.4749755859375,4280806,,,0.013364383327958196,
2018-01-18,1448.5,1466.5,1434.0250244140625,1459.0999755859375,2209478,,,0.010124785992964291,
2018-01-19,1465.2750244140625,1491.0,1451.824951171875,1479.6500244140625,1820000,,,0.014084058098810193,
2018-01-22,1480.5,1567.3499755859375,1461.0,1558.199951171875,4367110,,,0.053086828278138265,
2018-01-23,1557.4749755859375,1571.175048828125,1545.0250244140625,1551.0,3239610,,,-0.004620685019570248,
2018-01-24,1545.0,1629.5250244140625,1541.324951171875,1587.300048828125,5621538,,,0.02340428680085438,
2018-01-25,1587.5,1589.9000244140625,1540.5,1560.5250244140625,3833844,,,-0.016868281730243795,
2018-01-29,1565.699951171875,1612.5,1561.0,1599.425048828125,3141060,1428.372509765625,,0.024927523625369874,
2018-01-30,1590.0,1601.9000244140625,1571.8499755859375,1576.425048828125,1574758,1441.053759765625,,-0.014380167433823643,0.01867210059751249
2018-01-31,1568.5,1575.0,1549.300048828125,1556.175048828125,3043214,1453.0825134277343,,-0.01284552032147257,0.01904256581429998
2018-02-01,1562.0,1595.0,1544.4000244140625,1569.300048828125,2400630,1465.5812683105469,,0.008434141139766815,0.018994361145384202
2018-02-02,1560.0,1595.0,1551.7249755859375,1576.824951171875,2456490,1477.9950134277344,,0.0047950692089566704,0.019012210886641276
2018-02-05,1555.0,1594.0,1538.425048828125,1551.5999755859375,2757742,1488.3450134277343,,-0.015997321432027478,0.01977633914706949
2018-02-06,1505.0,1538.574951171875,1492.5,1498.625,2657306,1495.4162658691407,,-0.03414216062096309,0.021831152276204097
2018-02-07,1513.5,1515.5,1473.7249755859375,1477.5250244140625,2180324,1501.5675170898437,,-0.014079556650888336,0.022204678084518124
2018-02-08,1489.875,1513.800048828125,1479.5,1487.0999755859375,2755004,1505.7575134277345,,0.006480398648863517,0.020950252346553587
2018-02-09,1475.0,1497.0,1448.324951171875,1485.8499755859375,2102458,1510.2875122070313,,-0.0008405621817776376,0.02086988659824513
2018-02-12,1489.1500244140625,1511.675048828125,1477.7750244140625,1483.6500244140625,1974562,1515.061260986328,,-0.001480601142795357,0.02080894864192954
2018-02-14,1485.0,1487.2249755859375,1446.25,1455.9000244140625,2847532,1519.203759765625,,-0.018703871899277136,0.021164155615468104
2018-02-15,1465.9749755859375,1471.5,1452.550048828125,1462.925048828125,2465236,1521.078759765625,,0.004825210726189688,0.01951083334389387
2018-02-16,1461.5,1499.800048828125,1461.5,1466.5250244140625,2515756,1522.1812622070313,,0.0024608065798183976,0.01931255906477551
2018-02-19,1472.5,1476.6500244140625,1447.5999755859375,1461.800048828125,1568224,1522.3162658691406,,-0.0032218854143489795,0.01920854678589681
2018-02-20,1464.0,1492.5250244140625,1463.949951171875,1472.375,1889068,1521.9525146484375,,0.007234198124669966,0.01900923124801256
2018-02-21,1487.0,1531.300048828125,1480.0250244140625,1521.1500244140625,3089228,1520.1000183105468,,0.033126767578954164,0.01641863445582069
2018-02-22,1526.0,1539.5,1511.25,1525.0999755859375,3463010,1518.8050170898437,,0.002596687445997725,0.016415908286185055
2018-02-23,1525.0,1544.5,1496.050048828125,1537.9000244140625,3362500,1516.3350158691405,,0.008392924420058012,0.015576878722456538
2018-02-26,1537.5,1544.9749755859375,1510.5999755859375,1515.8499755859375,1363882,1514.1012634277345,,-0.01433776479490334,0.015454972256912612
2018-02-27,1520.5,1539.2750244140625,1516.0,1521.175048828125,1717800,1510.1887634277343,,0.0035129289362090255,0.01423302490395819
2018-02-28,1517.5,1531.9749755859375,1510.7249755859375,1517.5250244140625,2706864,1507.2437622070313,,-0.002399476915476928,0.013951992326664515
2018-03-01,1524.5,1530.5999755859375,1510.0,1518.8499755859375,1718124,1505.377508544922,,0.0008731000481436713,0.013716098330045478
2018-03-05,1524.5,1556.824951171875,1516.4749755859375,1552.925048828125,2858168,1504.5587585449218,,0.02243478539020427,0.014560835130986376
2018-03-06,1561.0,1563.5,1515.074951171875,1521.4000244140625,1906764,1501.7875122070313,,-0.02030041593948917,0.015156566781613102
2018-03-07,1535.0,1544.5,1509.25,1513.7249755859375,1917772,1499.8937622070312,,-0.005044727688288897,0.01480577608043465
2018-03-08,1527.449951171875,1527.449951171875,1493.75,1501.9749755859375,1951826,1500.061260986328,,-0.007762308338376878,0.01274121761127546
2018-03-09,1502.5,1531.5999755859375,1488.5999755859375,1517.050048828125,1872436,1502.0375122070313,,0.01003683382694609,0.012457874771726161
2018-03-12,1521.5,1541.949951171875,1517.75,1526.074951171875,2091340,1503.986260986328,,0.00594898128161403,0.012447017560029326
2018-03-13,1462.449951171875,1469.8499755859375,1436.0,1443.4000244140625,88067154,1501.8637634277343,,-0.0541748796114675,0.017594105154007604
2018-03-14,1446.4749755859375,1461.5250244140625,1437.5250244140625,1443.449951171875,3668668,1499.853759765625,1476.5520092773438,3.4589688906683236e-05,0.017596544651505813
2018-03-15,1447.5,1451.2750244140625,1427.800048828125,1434.8499755859375,2348906,1498.8012573242188,1478.7930078125,-0.0059579312597264344,0.017155411317327948
2018-03-16,1434.4000244140625,1436.0,1402.5,1412.8499755859375,7197482,1496.2975036621094,1480.7380078125,-0.015332613426024544,0.01741100067781211
2018-03-19,1414.5,1424.0,1410.0,1415.5,3489940,1493.7462524414063,1482.6615087890625,0.0018756587464026087,0.017404318789607003
2018-03-20,1410.0,1436.5999755859375,1409.5,1432.425048828125,4024984,1492.2775024414063,1484.7390087890626,0.011956940182356046,0.017660007368295177
2018-03-21,1436.25,1442.1500244140625,1425.0,1428.375,3907678,1490.0775024414063,1486.4145092773438,-0.0028274071522543798,0.017560194140670216
2018-03-22,1429.9749755859375,1437.9749755859375,1411.2750244140625,1415.675048828125,2326094,1484.8037536621093,1487.5840112304688,-0.008891188358711832,0.01562274848707177
2018-03-23,1401.0,1417.050048828125,1399.0250244140625,1409.074951171875,3654122,1479.0025024414062,1488.6755102539062,-0.004662155811613333,0.01555861977085335
2018-03-26,1409.5,1413.699951171875,1390.7750244140625,1408.5,2964210,1472.5325012207031,1488.7795092773438,-0.0004080344848915729,0.015317273055289462
2018-03-27,1412.5,1431.5,1411.5250244140625,1423.8499755859375,2494574,1467.9325012207032,1489.3515087890626,0.010898101232472479,0.015482911614809702
2018-03-28,1417.949951171875,1437.5,1412.5,1424.574951171875,6865654,1463.1024963378907,1490.0795068359375,0.0005091657115343651,0.015430793756661851
2018-04-02,1420.0,1457.0,1420.0,1454.824951171875,1662988,1459.9674926757812,1491.7150048828125,0.021234403970893823,0.016368523182772734
2018-04-03,1446.050048828125,1464.949951171875,1446.050048828125,1455.625,1937290,1456.8062438964844,1492.31900390625,0.0005499278985285905,0.016365719833171276
2018-04-04,1464.7249755859375,1467.0,1446.0,1455.449951171875,2841820,1451.9324890136718,1492.5385034179687,-0.00012025681623017981,0.015338638276889666
2018-04-05,1463.2750244140625,1481.875,1460.175048828125,1478.9749755859375,1809424,1449.8112365722657,1492.9360034179688,0.016163403210890825,0.01535636533791488
2018-04-06,1477.0,1480.0,1463.2750244140625,1475.1500244140625,1129018,1447.8824890136718,1492.8460034179689,-0.002586217640605848,0.01533462510048293
2018-04-09,1469.8499755859375,1481.75,1457.5,1461.949951171875,1235866,1445.8812377929687,1490.9210034179687,-0.008948292054179796,0.015363701488915138
2018-04-10,1462.8499755859375,1478.625,1462.8499755859375,1468.800048828125,1184532,1443.4687377929688,1489.2770043945313,0.004685589715816896,0.015202821725483156
2018-04-11,1475.300048828125,1512.5,1472.800048828125,1507.074951171875,3124416,1442.5187377929688,1487.6725024414063,0.026058620010455114,0.016343782527160414
2018-04-12,1505.0,1575.0,1503.9749755859375,1569.625,6114360,1448.8299865722656,1487.854501953125,0.04150427208645935,0.013573110146129004
2018-04-13,1575.0,1620.4000244140625,1566.050048828125,1576.6500244140625,8179118,1455.489990234375,1487.3990014648436,0.004475606857728742,0.013536160207320272
2018-04-16,1558.0,1599.9749755859375,1555.375,1593.824951171875,6270274,1463.438739013672,1487.7469995117187,0.010893303201003901,0.013373842417125933
2018-04-17,1593.824951171875,1597.4749755859375,1573.5999755859375,1583.300048828125,3301724,1471.9612426757812,1488.2894995117188,-0.006603549741150294,0.012793121962222162
2018-04-18,1583.0,1596.7249755859375,1572.925048828125,1579.550048828125,2433066,1480.1637451171875,1488.4944995117187,-0.0023684708421347622,0.01289621628882429
2018-04-19,1589.949951171875,1608.5999755859375,1582.875,1595.574951171875,4820952,1488.321240234375,1488.8694995117187,0.0101452324069371,0.01285533217124256
2018-04-20,1625.0,1711.175048828125,1620.0,1701.2249755859375,18465662,1501.9637390136718,1491.8619995117188,0.06621439145586194,0.01852529130186408
2018-04-23,1712.0,1778.949951171875,1694.7750244140625,1704.324951171875,15185910,1516.3962341308593,1495.9759985351564,0.0018222020193829902,0.01813338738819033
2018-04-24,1705.0,1721.574951171875,1671.25,1692.824951171875,8314336,1530.5837341308593,1500.2819970703124,-0.006747539541736236,0.0182247089098213
2018-04-25,1692.5,1741.5,1682.5250244140625,1735.125,8196574,1546.9149841308595,1505.2424975585936,0.02498784578927804,0.018391633340203602
2018-04-26,1733.5,1780.0,1733.5,1769.625,12135034,1564.2037353515625,1510.917998046875,0.019883293710827754,0.018507687630116416
2018-04-27,1762.5,1772.0,1710.0,1725.9749755859375,4501330,1579.2737365722655,1515.7644970703125,-0.024666256644239604,0.020056371569482933
2018-04-30,1725.9749755859375,1774.5,1718.800048828125,1766.050048828125,3458558,1594.8349914550781,1521.9674975585938,0.023218803174468228,0.020120570727668412
2018-05-02,1765.25,1766.0999755859375,1735.6500244140625,1749.875,3158046,1609.5474914550782,1527.7064965820311,-0.009158884731980343,0.020472779996251175
2018-05-03,1754.9000244140625,1763.0,1735.199951171875,1740.925048828125,3761550,1623.8212463378907,1533.1944970703125,-0.005114623142724484,0.02062545383527293
2018-05-04,1746.0,1748.5,1735.0,1740.375,2347244,1636.8912475585937,1538.76599609375,-0.0003159520442854724,0.02066147020403749
2018-05-07,1745.0,1745.0,1705.449951171875,1710.4749755859375,3484426,1648.6574951171874,1543.5279956054687,-0.01718021944354664,0.02131607539112939
2018-05-08,1717.3499755859375,1743.25,1698.3499755859375,1720.5999755859375,2992820,1661.5899963378906,1547.5169946289063,0.005919408435970608,0.020963482856223365
2018-05-09,1720.0999755859375,1747.375,1720.0999755859375,1744.6500244140625,2615050,1675.3824951171875,1551.9079956054688,0.013977710780761265,0.020980196003948303
2018-05-10,1751.4749755859375,1755.574951171875,1720.0999755859375,1725.625,3858678,1686.3099975585938,1555.6624951171875,-0.0109047798399865,0.02101227881375963
2018-05-11,1727.0999755859375,1742.5,1721.25,1728.4749755859375,2627876,1694.2524963378905,1559.9149951171876,0.0016515613681638008,0.01939530311826984
2018-05-14,1728.5,1735.5,1705.4000244140625,1716.7750244140625,2433894,1701.2587463378907,1563.8269946289063,-0.006768944495658014,0.019573658582603664
2018-05-15,1725.0,1747.9000244140625,1716.8499755859375,1741.199951171875,1952890,1708.6274963378905,1568.3004931640626,0.014227214638184105,0.01964553600503317
2018-05-16,1739.9749755859375,1754.5,1737.625,1746.949951171875,1648450,1716.809991455078,1572.8624926757811,0.003302320331522113,0.019472026303735093
2018-05-17,1756.4749755859375,1766.574951171875,1738.0,1745.9000244140625,2968048,1725.127490234375,1576.7219921875,-0.0006010056310474798,0.019440302140489828
2018-05-18,1740.4000244140625,1758.8499755859375,1729.0,1751.0250244140625,1874996,1732.8999938964844,1581.3144921875,0.002935448724631362,0.019410492812894094
2018-05-21,1764.3499755859375,1796.0,1759.0250244140625,1778.375,3446178,1736.7574951171875,1586.6074926757813,0.015619408748935193,0.013336470494303365
2018-05-22,1779.0,1787.4749755859375,1746.8499755859375,1754.449951171875,1857416,1739.2637451171875,1591.6569921875,-0.013453320490967924,0.013795064166002246
2018-05-23,1762.5,1772.5,1740.5,1747.550048828125,1507298,1742.0,1596.2669921875,-0.003932800898162503,0.01372021362773396
2018-05-24,1755.0,1807.5,1751.175048828125,1801.8499755859373,2962316,1745.336248779297,1601.7824926757812,0.031072029550297975,0.014318574394572594
2018-05-25,1812.5,1837.4000244140625,1786.2750244140625,1792.9000244140625,3769772,1746.5,1608.7724926757812,-0.004967090098033533,0.013750677142821272
2018-05-28,1808.25,1808.25,1743.0,1751.0250244140625,3716798,1747.7525024414062,1614.923994140625,-0.023356015076013592,0.013625803076094857
2018-05-29,1764.949951171875,1772.0,1744.0,1761.75,3525312,1747.5375,1621.4619946289063,0.006124969909854006,0.012647074445028515
2018-05-30,1754.5250244140625,1766.5,1741.25,1757.050048828125,3779106,1747.8962524414062,1628.34599609375,-0.002667774185823757,0.012483138031857483
2018-05-31,1734.0,1759.050048828125,1726.0999755859375,1741.050048828125,5049371,1747.9025024414063,1634.8569970703124,-0.009106172024337833,0.012605209150655427
2018-06-01,1754.0,1757.5,1716.300048828125,1732.449951171875,1603856,1747.50625,1640.8574951171875,-0.0049396039258254865,0.012655130636372587
2018-06-04,1745.0,1749.0,1712.5999755859375,1744.25,1681483,1749.195001220703,1647.1749951171876,0.006811191757743584,0.012080125153221892
2018-06-05,1744.0,1751.9000244140625,1711.1500244140625,1721.5999755859375,2449568,1749.2450012207032,1653.2934936523438,-0.012985537861007646,0.0124138463852326
2018-06-06,1723.0,1734.9000244140625,1715.199951171875,1725.75,2236512,1748.3,1659.6269946289062,0.0024105625423525012,0.01199576866158436
2018-06-07,1725.0,1749.0,1723.800048828125,1735.550048828125,2414762,1748.7962524414063,1666.1679956054688,0.005678718718310938,0.011808683619715321
2018-06-08,1735.0,1757.300048828125,1735.0,1747.0999755859375,2582138,1749.7275024414062,1672.6329956054688,0.006654908491755318,0.011890362535944485
2018-06-11,1747.0999755859375,1763.0,1743.0,1749.699951171875,2179378,1751.3737487792969,1679.1354956054688,0.0014881664600021605,0.011763601075030463
2018-06-12,1757.0,1785.0,1753.0,1781.0,4608875,1753.363751220703,1685.6589965820312,0.017888809339659417,0.012006030584887693
2018-06-13,1816.0,1831.6500244140625,1798.0,1824.0999755859373,5370983,1757.2212524414062,1693.02849609375,0.024199873995472965,0.013061670159262437
2018-06-14,1830.0,1832.300048828125,1784.0,1787.550048828125,3819998,1759.3037536621093,1699.670498046875,-0.020037238773643273,0.01397553941526038
2018-06-15,1800.0,1847.0999755859373,1788.5999755859375,1840.050048828125,9183574,1763.7550048828125,1706.8919995117187,0.02936980703528702,0.015325903671226326
2018-06-18,1867.949951171875,1867.949951171875,1822.1500244140625,1829.0,4674987,1766.2862548828125,1713.9689990234374,-0.006005297972825452,0.015119999009242992
2018-06-19,1822.1500244140625,1839.0,1821.0,1824.5,3245034,1769.7887573242188,1721.22,-0.002460360852925114,0.014742421079890223
2018-06-20,1832.0,1836.300048828125,1818.5999755859373,1822.449951171875,3107695,1773.5337524414062,1728.292998046875,-0.0011236222680871544,0.01469560668661787
2018-06-21,1832.0,1832.0,1817.5999755859373,1819.3499755859373,2910659,1774.4087524414062,1734.5384985351564,-0.0017009935356218087,0.013041111712840931
2018-06-22,1827.0,1827.0,1799.550048828125,1809.800048828125,2949458,1775.2537536621094,1739.3419995117188,-0.00524908724872275,0.01304755728884112
2018-06-25,1811.9000244140625,1822.3499755859373,1806.0,1819.25,2083217,1778.6650024414062,1744.1939990234375,0.005221544323636085,0.011796613287222374
2018-06-26,1823.0,1861.0,1821.0,1852.0,4679712,1783.1775024414062,1749.3575,0.018001923869726433,0.012304346712643051
2018-06-27,1860.0,1885.1500244140625,1851.25,1858.0,4081208,1788.225,1754.8514990234376,0.003239740820734305,0.012242681853062713
2018-06-28,1865.0,1871.0,1826.300048828125,1842.699951171875,4888125,1793.3074951171875,1760.1144970703126,-0.00823468720566467,0.012199294728998167
2018-06-29,1844.9000244140625,1867.4000244140625,1842.300048828125,1847.75,3506276,1799.0724975585938,1765.157998046875,0.0027405703380594115,0.012059226832360995
2018-07-02,1852.0,1857.800048828125,1841.0999755859373,1851.3499755859373,2650290,1804.4274963378907,1768.160498046875,0.0019483023060138382,0.01203360658695126
2018-07-03,1859.949951171875,1879.9000244140625,1857.050048828125,1874.050048828125,3242233,1812.05,1771.555,0.012261362541678977,0.011578269332782717
2018-07-04,1879.9000244140625,1879.9000244140625,1857.1500244140625,1866.1500244140625,2700614,1819.070001220703,1775.0215014648438,-0.004215482088646749,0.01172943323680291
2018-07-05,1873.0,1887.5,1862.0999755859373,1880.300048828125,2472571,1826.3075012207032,1777.9250024414061,0.007582468841702772,0.011751619492278093
2018-07-06,1882.8499755859373,1921.0,1881.6500244140625,1912.949951171875,3713781,1834.6,1780.7915014648438,0.017364197998132713,0.012113601187712921
2018-07-09,1924.0,1924.4000244140625,1876.5,1883.0,6151747,1841.2650024414063,1783.932001953125,-0.0156564217236983,0.012925840405829139
2018-07-10,1898.0,1898.9000244140625,1870.75,1875.0999755859373,5303302,1845.9700012207031,1786.1130004882812,-0.004195445785482033,0.012594082066866854
2018-07-11,1900.0,1998.0,1894.1500244140625,1979.9000244140625,22903802,1853.7600036621093,1790.7135009765625,0.05589037928251095,0.016754216371330663
2018-07-12,1984.0,1990.9000244140625,1960.5,1971.3499755859373,6921701,1862.95,1795.3219995117188,-0.00431842452785236,0.015902617318025607
2018-07-13,1975.0,1997.9000244140625,1974.0,1981.0999755859373,4148185,1870.0024963378905,1800.1364990234374,0.004945849352346432,0.014836628085016276
2018-07-16,1990.0,1996.0,1977.449951171875,1989.199951171875,2582159,1878.0124938964843,1805.7109985351562,0.004088625352459685,0.014656044806697075
2018-07-17,1989.0,2009.0,1981.0,2002.1500244140625,3315492,1886.8949951171876,1811.3419995117188,0.00651019181583945,0.014575096378995817
2018-07-18,2005.0,2011.699951171875,1993.050048828125,2000.25,2013869,1895.7849975585937,1816.4539990234375,-0.0009489920290156606,0.014571441134273196
2018-07-19,2002.0999755859373,2010.449951171875,1970.0,1981.4000244140625,1746318,1903.8875,1821.5694995117187,-0.009423809816741624,0.01485141029767381
2018-07-20,1984.9000244140625,2000.0,1984.0,1996.5999755859373,1934995,1913.2274963378907,1826.9319995117187,0.007671318756730994,0.01469076143299105
2018-07-23,2001.0,2009.949951171875,1986.0,2005.6500244140625,2086201,1922.5474975585937,1832.7094995117188,0.004532730110581751,0.01469108051935191
2018-07-24,2015.0,2015.0,1984.1500244140625,1999.0,2038423,1929.8974975585938,1837.8655004882812,-0.003315645468109696,0.014468927644033007
2018-07-25,2001.9000244140625,2002.0,1968.4000244140625,1981.5,1535492,1936.0724975585938,1842.5565014648437,-0.008754377188594287,0.014744689985784362
2018-07-26,1974.949951171875,1985.0,1955.0999755859373,1964.699951171875,3503036,1942.1724975585937,1846.9325,-0.008478450077277322,0.014754844346269424
2018-07-27,1960.8499755859373,1964.6500244140625,1940.300048828125,1943.75,2033977,1946.9724975585937,1850.7869995117187,-0.010663180990755916,0.01508290163434153
2018-07-30,1943.0,1954.699951171875,1931.550048828125,1944.5999755859373,1579251,1951.6349975585938,1854.1114990234375,0.00043728647508034513,0.015090337902986042
2018-07-31,1942.0,1947.0,1928.0,1940.199951171875,2204803,1954.9424926757813,1857.8264990234375,-0.0022626887119735484,0.014947994034282958
2018-08-01,1949.949951171875,1981.550048828125,1949.800048828125,1976.5,2425180,1960.4599914550781,1862.405498046875,0.01870943703828054,0.015333249152719957
2018-08-02,1980.0,1985.0,1945.0,1948.4000244140625,1509287,1963.864990234375,1865.3364990234375,-0.014217037989343484,0.015758218129587977
2018-08-03,1956.5,1982.050048828125,1956.5,1979.449951171875,1505131,1967.189990234375,1869.0674975585937,0.015936114950085845,0.015687514989816895
2018-08-06,1997.0,1998.949951171875,1972.25,1975.550048828125,1532249,1971.8174926757813,1873.557998046875,-0.0019701949733264,0.015174978241492918
2018-08-07,1978.199951171875,1979.1500244140625,1960.5,1967.3499755859373,1353521,1976.4299926757812,1877.6699975585936,-0.004150779802846283,0.015173942918439796
2018-08-08,1972.0,1978.300048828125,1962.0,1974.0,1315062,1976.134991455078,1882.0089965820312,0.003380193913938623,0.008547837711350136
2018-08-09,1980.0,1980.800048828125,1966.0,1974.3499755859373,2060297,1976.2849914550782,1886.6749951171876,0.00017729259672605302,0.008490389221571427
2018-08-10,1980.949951171875,1996.5,1972.050048828125,1993.0999755859373,2784105,1976.884991455078,1891.8879956054689,0.009496796531443419,0.008685549585431518
2018-08-13,1997.800048828125,2004.25,1990.0,2000.1500244140625,3559575,1977.4324951171875,1897.00599609375,0.003537227893474215,0.008673884099305442
2018-08-14,1992.0,2024.5999755859373,1982.4000244140625,2003.550048828125,3311765,1977.5024963378905,1902.6449975585938,0.001699884694928544,0.008558846274846111
2018-08-16,2000.300048828125,2020.050048828125,1995.0,2008.5,2152065,1977.9149963378907,1908.2999975585938,0.0024705902279658076,0.008571572673269861
2018-08-17,2013.8499755859373,2021.9000244140625,2004.0,2012.75,1213731,1979.4824951171875,1913.8439965820312,0.002116006970375839,0.008269864290170358
2018-08-20,2024.0,2024.0,2003.699951171875,2009.949951171875,1587032,1980.1499938964844,1919.10099609375,-0.0013911557958639076,0.00812151673363234
2018-08-21,2010.1500244140625,2024.0,2004.0,2017.6500244140625,1376866,1980.7499938964843,1924.4599975585938,0.0038309776010581054,0.00810405795834001
2018-08-23,2022.800048828125,2038.0,2020.300048828125,2035.0999755859373,3046791,1982.5549926757812,1929.5419970703124,0.008648651134104623,0.008260895068581728
2018-08-24,2035.0999755859373,2046.0,2031.0,2043.0,1570533,1985.6299926757813,1933.9199975585936,0.0038818851696895695,0.00795913235945002
2018-08-27,2043.0,2059.0,2035.0,2050.89990234375,1532702,1989.939990234375,1939.1869946289062,0.003866814656754869,0.007610769249228923
2018-08-28,2055.0,2072.0,2052.0,2069.199951171875,1987983,1996.2124877929687,1943.7699926757812,0.008922936125362213,0.007115662795648008
2018-08-29,2072.5,2076.60009765625,2045.5999755859373,2072.0,1525867,2002.5824890136719,1948.6299926757813,0.0013532036024548333,0.007100174897600249
2018-08-30,2068.0,2085.0,2065.5,2082.39990234375,2408020,2009.6924865722656,1953.7879907226563,0.0050192578879102445,0.006991077973703472
2018-08-31,2082.300048828125,2092.0,2074.0,2078.39990234375,2504554,2014.7874816894532,1958.9069897460938,-0.0019208606356051483,0.006104898093521281
2018-09-03,2084.800048828125,2090.0,2048.39990234375,2052.89990234375,1439711,2020.0124755859374,1963.57798828125,-0.012269053694259902,0.005833062328217271
2018-09-04,2059.800048828125,2104.75,2056.949951171875,2098.89990234375,4420803,2025.9849731445313,1969.3599853515625,0.02240732728735728,0.006721687979675273
2018-09-05,2100.0,2107.25,2075.050048828125,2079.25,1681106,2031.169970703125,1974.5599853515625,-0.009362000694653316,0.007193435943949941
2018-09-06,2075.0,2081.5,2060.300048828125,2075.300048828125,2238097,2036.5674743652344,1979.025986328125,-0.001899699974449942,0.0070994807391160835
2018-09-07,2079.300048828125,2084.0,2065.39990234375,2079.85009765625,1312182,2041.8599792480468,1983.46298828125,0.002192477579660901,0.0070984441763280726
2018-09-10,2084.39990234375,2093.39990234375,2074.25,2080.75,1530539,2047.17998046875,1988.2239892578125,0.0004326765398929844,0.007094011263714527
2018-09-11,2089.0,2089.0,2042.199951171875,2046.25,3679745,2049.837481689453,1992.1939892578125,-0.016580559894268876,0.00809547573528888
2018-09-12,2052.35009765625,2068.89990234375,2040.0,2043.949951171875,2307661,2052.027478027344,1996.0459887695313,-0.0011240311927306346,0.00809622420713311
2018-09-14,2044.0,2071.550048828125,2018.1500244140625,2065.39990234375,3642038,2055.119970703125,1999.8729858398438,0.01049436223209721,0.00836406912737806
2018-09-17,2070.0,2077.800048828125,2054.550048828125,2074.14990234375,1033857,2058.4024658203125,2004.0329833984374,0.004236467712654957,0.008383546676726446
2018-09-18,2073.0,2078.800048828125,2057.60009765625,2070.75,1456507,2061.3024658203126,2007.841982421875,-0.0016391787015529458,0.00841438465067963
2018-09-19,2071.89990234375,2089.0,2066.85009765625,2077.89990234375,1301268,2064.6999633789064,2011.1409814453125,0.003452808085838477,0.008397846548067063
2018-09-21,2077.0,2121.0,2050.14990234375,2103.14990234375,4508530,2068.974957275391,2015.5439794921874,0.012151692182823304,0.008709444384368874
2018-09-24,2115.0,2210.5,2098.14990234375,2198.449951171875,3032226,2077.1424560546875,2022.0109790039062,0.04531300822728923,0.012972698566681285
2018-09-25,2204.89990234375,2211.89990234375,2153.800048828125,2183.199951171875,2868778,2084.152453613281,2026.0769775390625,-0.006936705560147471,0.013199112093522359
2018-09-26,2187.0,2199.0,2135.10009765625,2142.14990234375,1970951,2088.714953613281,2029.4929760742189,-0.01880269775843968,0.014100042315820165
2018-09-27,2141.89990234375,2209.699951171875,2135.800048828125,2188.85009765625,3311802,2094.6974609375,2033.647978515625,0.021800619677178057,0.014700968694610846
2018-09-28,2178.0,2190.0,2158.85009765625,2183.699951171875,2904371,2100.2824584960936,2037.537978515625,-0.0023529004977954626,0.014744995620939344
2018-10-01,2190.89990234375,2275.949951171875,2190.35009765625,2255.550048828125,3772208,2108.9399658203124,2042.6059790039062,0.032902916729787846,0.016217495472864257
2018-10-03,2250.300048828125,2255.0,2155.60009765625,2162.85009765625,3902322,2113.1624755859375,2045.8579809570313,-0.04109860085793149,0.019096706592236494
2018-10-04,2156.60009765625,2156.64990234375,2056.35009765625,2064.800048828125,4762419,2113.7574829101563,2047.5259814453125,-0.045333723744597876,0.021669995828196113
2018-10-05,2050.0,2120.0,2020.9000244140625,2102.64990234375,3417624,2113.9449829101563,2049.6469799804686,0.018331001850327766,0.021471489204997342
2018-10-08,2102.64990234375,2122.199951171875,2048.14990234375,2077.550048828125,2010154,2113.8599853515625,2051.08498046875,-0.011937248082834473,0.021540148969656024
2018-10-09,2080.35009765625,2107.64990234375,2053.199951171875,2091.800048828125,1867130,2114.6849853515623,2052.9409814453124,0.006859040535768468,0.02158462981097868
2018-10-10,2100.0,2105.949951171875,2029.0,2043.5999755859373,2749573,2112.872479248047,2054.1829809570313,-0.023042390341844854,0.022216076915886757
2018-10-11,1985.0,2013.0,1941.0,1979.949951171875,4700256,2107.8324768066404,2054.487980957031,-0.031146029151724153,0.02323439138893115
2018-10-12,1978.0,1978.0,1903.0,1918.300048828125,9373289,2101.434979248047,2053.978981933594,-0.031137101373325704,0.023925547276565446
2018-10-15,1940.0,1955.550048828125,1920.0,1949.5,2638151,2096.712481689453,2054.076982421875,0.01626437490367305,0.024308282923707198
2018-10-16,1958.0,1971.9000244140625,1935.0,1962.300048828125,2815425,2091.557489013672,2054.518984375,0.006565811145486045,0.024217018348099653
2018-10-17,1970.0,1989.0,1920.0,1929.4000244140625,2779207,2084.3199951171873,2053.5769848632813,-0.01676605187555813,0.0243745435489366
2018-10-19,1929.0,1929.0,1870.050048828125,1913.199951171875,3428776,2076.442492675781,2052.8729833984376,-0.008396430515806186,0.024396730562863175
2018-10-22,1914.0,1916.0,1886.949951171875,1903.0,1778496,2067.6974975585936,2051.343984375,-0.005331356592198966,0.024340843621424534
2018-10-23,1888.0,1898.0,1837.0,1843.6500244140625,2752811,2054.7225036621094,2048.705983886719,-0.031187585699389175,0.02474327104960637
2018-10-24,1852.050048828125,1874.0,1811.0999755859373,1848.5,2735913,2037.2250061035156,2046.328984375,0.0026306378768816696,0.02171532125833539
2018-10-25,1844.0,1876.9000244140625,1825.050048828125,1853.0,2507233,2020.7150085449218,2043.908984375,0.002434406275358292,0.021849374115096798
2018-10-26,1853.9000244140625,1853.9000244140625,1791.0999755859375,1799.0999755859375,2285970,2003.5625122070312,2040.403984375,-0.029087978636838874,0.022236190975329414
2018-10-29,1808.699951171875,1877.949951171875,1784.3499755859375,1871.0,2609483,1987.6700073242187,2037.9619848632813,0.039964440770249965,0.02384922969577667
2018-10-30,1867.0,1909.4000244140625,1845.0,1894.800048828125,2404883,1973.2250122070313,2035.8549853515624,0.012720496434059259,0.024256576276621238
2018-10-31,1900.0,1943.9000244140625,1875.449951171875,1938.1500244140625,2769190,1957.3550109863281,2034.5469848632813,0.02287839057886254,0.023484505772526334
2018-11-01,1943.6500244140625,1944.3499755859373,1901.300048828125,1935.75,2769759,1946.0000061035157,2033.0919848632811,-0.0012383068306531797,0.022115892031209835
2018-11-02,1934.199951171875,1954.5999755859373,1905.0,1913.449951171875,1818635,1938.4325012207032,2031.1059838867188,-0.011520107879697816,0.020094269249270304
2018-11-05,1910.0,1927.3499755859373,1884.75,1890.8499755859373,1713366,1927.8425048828126,2028.723984375,-0.011811114041470838,0.01948334199828352
2018-11-06,1894.0,1937.5,1891.0,1932.699951171875,1398710,1920.6,2027.0249829101563,0.022132890565772723,0.02032657488431263
2018-11-07,1940.0,1949.0,1937.0,1942.1500244140625,144530,1913.117498779297,2025.1659838867188,0.004889570797814491,0.02027891862999289
2018-11-09,1961.0,1961.949951171875,1905.0,1909.199951171875,2570479,1906.3974975585938,2022.4899829101562,-0.01696577135029942,0.02001465706834626
2018-11-12,1908.5,1946.0999755859373,1908.5,1914.8499755859373,2552008,1903.1424987792968,2019.768984375,0.002959367566814697,0.01893243681085173
2018-11-13,1915.0,1939.0,1903.0,1934.949951171875,1418432,1903.9749938964844,2017.083984375,0.010496893146830999,0.017754480833864793
2018-11-14,1925.0,1929.9000244140625,1870.0,1880.6500244140625,2422318,1900.5324951171874,2013.2569848632813,-0.02806270349521267,0.018446958043443977
2018-11-15,1864.0,1899.0,1857.5999755859373,1872.8499755859373,1829123,1896.059991455078,2009.065986328125,-0.004147528102978915,0.018351597611019677
2018-11-16,1889.0,1899.800048828125,1870.25,1886.5999755859373,1829729,1893.9199890136715,2005.2299877929688,0.007341751971189359,0.018132886451936517
2018-11-19,1899.0,1907.3499755859373,1864.300048828125,1902.449951171875,1740628,1893.3824890136716,2002.2209887695312,0.008401344106354625,0.018159561630626476
2018-11-20,1902.0,1902.0,1874.199951171875,1878.25,1190182,1892.1449890136714,1997.8079907226563,-0.012720414093925658,0.01834527132619896
2018-11-21,1871.0,1871.050048828125,1798.550048828125,1812.0,3840461,1890.5624877929683,1992.4629907226563,-0.03527219486223876,0.018723779462716885
2018-11-22,1820.0,1847.5999755859373,1809.949951171875,1812.550048828125,3194219,1888.7649902343746,1987.2079907226562,0.00030355895591882565,0.01870922548758539
2018-11-26,1819.0,1860.0,1784.5,1846.0999755859373,4333177,1888.4199890136715,1982.53298828125,0.018509793304468225,0.019195175073505728
2018-11-27,1854.0,1897.9000244140625,1835.3499755859373,1890.25,3344839,1892.9774902343747,1978.72298828125,0.02391529440330009,0.018619754789249505
2018-11-28,1889.0,1989.0,1882.5,1983.9000244140625,5313249,1898.6224914550778,1977.4759887695313,0.04954372406510377,0.019721069073264152
2018-11-29,1997.0,1997.0,1942.550048828125,1960.550048828125,4035441,1901.9099914550777,1975.8079907226563,-0.01176973400806014,0.019853312670043866
2018-11-30,1966.0,1991.0,1959.8499755859373,1968.25,5268901,1903.4149902343747,1973.8649926757812,0.003927444329451024,0.01924185514547304
2018-12-03,1984.0,1990.0,1968.300048828125,1982.4000244140625,1610576,1905.7474914550778,1972.0299951171876,0.007189139801378142,0.019283740853385793
2018-12-04,1983.0,2019.4000244140625,1971.0,2010.8499755859373,3270615,1910.6174926757808,1970.8319946289062,0.014351266556447806,0.019241450151181692
2018-12-05,2006.0,2018.0,1985.0,2006.75,2501539,1916.412493896484,1969.4089965820312,-0.0020389266408313844,0.01897687563588303
2018-12-06,1998.0,2017.0,1979.5999755859373,1992.699951171875,2321216,1919.412493896484,1967.1999975585939,-0.0070013947069266225,0.01855650026588137
2018-12-07,1985.050048828125,2003.9000244140625,1973.0,1995.199951171875,1680420,1922.0649902343746,1963.1349975585938,0.0012545792448732662,0.01854133415126896
2018-12-10,1975.0,2011.0,1960.0,1975.800048828125,2010786,1925.3949951171871,1958.9869995117188,-0.009723287298777028,0.0182295871262989
2018-12-11,1970.0,2010.0,1961.0,2000.0,2942014,1929.6524963378902,1956.1440014648438,0.01224817824365787,0.01837645948332901
2018-12-12,2001.0999755859373,2022.0,1984.949951171875,2016.800048828125,2219993,1933.7450012207028,1952.7030004882813,0.008400024414062512,0.01833338770252181
2018-12-13,2024.0,2029.699951171875,1974.5,1982.5999755859373,3748429,1938.8424987792964,1948.6810009765625,-0.01695759243067252,0.017517574933608497
2018-12-14,1983.0,1998.949951171875,1975.25,1989.75,2473761,1944.6875,1943.365,0.0036063878251333392,0.017441645720453466
2018-12-17,1999.0,2004.9000244140625,1985.0,1994.300048828125,1227921,1950.0725036621093,1939.9939990234375,0.0022867439769442832,0.01741469909313609
2018-12-18,1991.9000244140625,2002.0,1976.4000244140625,1987.8499755859373,1768742,1954.3425048828126,1938.4549975585937,-0.0032342541665071334,0.017416396171085254
2018-12-19,1984.800048828125,1984.800048828125,1960.050048828125,1968.449951171875,2498833,1958.8525024414062,1935.7709985351562,-0.009759300074113408,0.017293776498768385
2018-12-20,1953.800048828125,1974.9000244140625,1946.0,1954.050048828125,1940277,1965.9550048828125,1933.3009985351562,-0.007315351012697757,0.01506749576977521
2018-12-21,1948.0,1950.0,1886.550048828125,1895.800048828125,3729956,1970.1175048828125,1929.3809985351563,-0.02980988129497164,0.016844249032783087
2018-12-24,1905.800048828125,1938.9000244140625,1905.0,1918.5,1864116,1973.7375061035157,1926.8789990234375,0.01197381083828275,0.01657613335457972
2018-12-26,1921.800048828125,1921.800048828125,1870.25,1889.199951171875,2446614,1973.6850036621095,1925.0639990234374,-0.015272373639887982,0.016167097902181956
2018-12-27,1909.0,1941.699951171875,1872.0999755859373,1908.949951171875,4968201,1969.9375,1924.8769970703124,0.010454160761410591,0.011589149025574737
2018-12-28,1915.0,1920.0,1893.0,1896.050048828125,2239130,1966.7125,1923.807998046875,-0.006757590651253587,0.011416474205844943
2018-12-31,1908.0,1909.0,1886.1500244140625,1893.050048828125,1879740,1962.9525024414063,1922.422998046875,-0.0015822367146132166,0.011342081487076362
2019-01-01,1896.0,1910.0,1885.0,1902.800048828125,1094883,1958.9725036621094,1921.8909985351563,0.005150418503745202,0.011265142289759977
2019-01-02,1905.0,1934.449951171875,1900.0,1923.300048828125,2100463,1954.5950073242188,1922.0930004882812,0.010773596528245388,0.011017746107388093
2019-01-03,1919.0,1944.949951171875,1893.0999755859373,1899.949951171875,2611668,1949.2550048828125,1922.0319995117188,-0.01214064215850108,0.011240937481272141
2019-01-04,1900.0,1901.199951171875,1841.0,1876.8499755859373,4280862,1943.4625061035156,1922.6959985351561,-0.012158202152477648,0.011403478473178214
2019-01-07,1891.800048828125,1908.800048828125,1881.0,1897.9000244140625,1856423,1938.597509765625,1923.6839990234375,0.011215626769291331,0.011806191485479345
2019-01-08,1905.4000244140625,1906.4000244140625,1883.300048828125,1893.550048828125,1691756,1934.485009765625,1924.495,-0.0022919940618476575,0.011680852756325825
2019-01-09,1907.4000244140625,1919.0,1866.699951171875,1886.949951171875,2414376,1928.8325073242188,1926.2519995117189,-0.0034855681054402066,0.011185943489411319
2019-01-10,1890.0,1905.0,1872.0999755859373,1888.550048828125,3053461,1922.4200073242187,1926.6030004882812,0.0008479809733461519,0.01091043437079135
2019-01-11,1870.0,1875.0,1835.0,1842.550048828125,9209862,1915.4175109863281,1925.5580004882813,-0.024357310534896204,0.011509719035982054
2019-01-14,1850.0,1851.0,1810.0,1813.25,3615370,1906.592510986328,1923.06,-0.0159019011976147,0.011692678896002357
2019-01-15,1810.0,1869.3499755859373,1808.0,1867.800048828125,7711653,1900.267510986328,1921.7010009765625,0.030084130058251723,0.013978961234592305
2019-01-16,1870.0,1875.0,1847.0,1870.1500244140625,2359280,1894.3825134277345,1920.8350024414062,0.0012581515818097522,0.01401406449361963
2019-01-17,1878.0,1898.0,1871.300048828125,1894.300048828125,2625816,1890.6750183105469,1920.90400390625,0.012913415554256957,0.014347627181814173
2019-01-18,1881.0,1904.199951171875,1876.0,1900.6500244140625,1683728,1888.0050170898437,1920.2630053710936,0.003352148773825947,0.014330861158338525
2019-01-21,1902.0,1932.0,1895.449951171875,1908.699951171875,2409803,1888.6500122070313,1919.59400390625,0.0042353545652331626,0.012692862159498004
2019-01-22,1907.0999755859373,1918.25,1890.0,1901.9000244140625,2457093,1887.8200134277345,1919.4480053710938,-0.0035625959720057,0.012420758226226696
2019-01-23,1901.0,1906.0999755859373,1870.0,1875.5999755859373,2578169,1887.1400146484375,1918.6630053710937,-0.013828302482002286,0.012333405968522579
2019-01-24,1884.800048828125,1905.25,1875.0,1901.550048828125,1962927,1886.77001953125,1917.9950073242187,0.01383561184686033,0.012510339006039026
2019-01-25,1902.0,1935.0,1901.0,1920.800048828125,2327080,1888.00751953125,1918.7980078125,0.010123320189159957,0.012608023022855807
2019-01-28,1933.0,1962.0,1925.5,1955.0,2769033,1891.1050170898438,1920.4410083007813,0.01780505534281951,0.013154809152607343
2019-01-29,1962.0,1989.050048828125,1936.6500244140625,1982.75,2557626,1895.1025146484376,1922.3640087890626,0.014194373401534621,0.013432412704306873
2019-01-30,1979.5999755859373,1989.5,1954.6500244140625,1981.4000244140625,2429575,1898.0075134277345,1923.9430102539063,-0.0006808602122998497,0.013288600416425553
2019-01-31,1987.0,2019.75,1985.0,2014.0999755859373,4094319,1903.7150146484375,1926.660009765625,0.016503457539597477,0.013276389415522321
2019-02-01,2009.5,2034.75,1998.0999755859373,2029.949951171875,3064163,1911.3700134277344,1931.0190087890626,0.007869507858628833,0.012819945997335516
2019-02-04,2029.949951171875,2055.449951171875,2023.0,2050.25,1590764,1918.9875122070312,1935.7730078125,0.010000270605886596,0.012786813039638543
2019-02-05,2050.0,2055.0,2028.0,2044.550048828125,1111404,1926.5375122070313,1939.7420092773436,-0.0027801249466528066,0.012799805012727648
2019-02-06,2049.89990234375,2086.85009765625,2041.050048828125,2074.800048828125,1789812,1935.9300170898437,1943.4330102539063,0.014795431404253767,0.012895409710610171
2019-02-07,2074.75,2097.949951171875,2067.0,2082.89990234375,1339945,1945.647509765625,1945.4130078125,0.0039039200525370354,0.012863742840267936
2019-02-08,2075.0,2089.5,2051.0,2061.39990234375,1684474,1956.5900024414063,1947.4300048828125,-0.010322147490528732,0.011487845997357055
2019-02-11,2060.0,2096.0,2048.89990234375,2065.89990234375,1778730,1969.2224975585937,1949.3830029296876,0.002182982542535017,0.010354710487025945
2019-02-12,2070.0,2070.0,2018.0,2051.60009765625,2422903,1978.4125,1950.7670043945313,-0.006921828434803157,0.009175514867803273
2019-02-14,2060.050048828125,2075.0,2033.050048828125,2044.5999755859373,1724085,1987.1349975585938,1951.4420043945313,-0.003412030482114803,0.00932706649272027
2019-02-15,2049.0,2052.0,2010.949951171875,2029.699951171875,1930065,1993.9049926757812,1951.9010034179687,-0.007287501023173104,0.009462010087055307
2019-02-18,2037.5999755859373,2041.949951171875,1962.6500244140625,1970.300048828125,2942184,1997.3874938964843,1951.4530053710937,-0.02926536127147983,0.011968015961568632
2019-02-19,1970.0,1971.0,1892.0,1904.800048828125,4408554,1997.1924987792968,1949.6450073242188,-0.03324366765303455,0.014287522411475895
2019-02-20,1915.0,1933.800048828125,1881.300048828125,1914.75,4645778,1997.8349975585938,1948.4240063476564,0.005223619758932818,0.014307426073716089
2019-02-21,1914.75,1940.0,1897.050048828125,1914.199951171875,4683919,1999.7649963378906,1946.7080053710938,-0.00028726926654920604,0.013911873117503366
2019-02-22,1917.199951171875,1930.0,1905.0999755859373,1925.6500244140625,2271955,2000.9699951171874,1944.8850048828126,0.0059816495320552665,0.013642041185007697
2019-02-25,1932.5,1990.0,1930.5,1985.1500244140625,2934880,2004.1874938964843,1944.936005859375,0.030898657204392332,0.015108004838380403
2019-02-26,1984.0,2045.1500244140625,1972.25,2038.699951171875,6453309,2008.372491455078,1945.9150048828126,0.026975254312891606,0.015746316874142116
2019-02-27,2040.0,2074.949951171875,2022.0,2058.10009765625,4732082,2012.1399963378906,1947.191005859375,0.009515940034836134,0.015593015666409853
2019-02-28,2060.0,2071.35009765625,1977.5999755859373,1983.449951171875,8454295,2012.2424926757812,1947.1030053710938,-0.03627138765961191,0.01778916348062748
2019-03-01,1995.050048828125,2005.0,1980.3499755859373,1995.4000244140625,4148548,2011.3074951171875,1947.6420068359375,0.006024892755739586,0.017434586399221234
2019-03-05,2005.0,2007.0,1976.5999755859373,1988.0999755859373,2449622,2009.2149963378906,1948.3230053710938,-0.0036584387785947303,0.017339856108686262
2019-03-06,1989.300048828125,2015.0,1985.050048828125,1999.5999755859373,2635047,2006.6824951171875,1950.39900390625,0.005784417353866145,0.01722565519062692
2019-03-07,2005.0,2024.050048828125,2000.199951171875,2013.300048828125,2539884,2005.1199951171875,1952.2950048828125,0.006851406986126518,0.017310874977662382
2019-03-08,2025.0,2033.0,2010.050048828125,2022.699951171875,2031071,2002.514990234375,1954.9650048828125,0.004668902853909529,0.01698100792507866
2019-03-11,2028.9000244140625,2033.0,2003.6500244140625,2014.800048828125,3111689,1999.1099975585937,1957.0820068359376,-0.0039056224523924543,0.016948850244464252
2019-03-12,2014.050048828125,2024.800048828125,2003.0,2012.449951171875,2658550,1996.6625,1959.4100048828125,-0.0011664173115425447,0.016821860226028582
2019-03-13,2013.0,2015.9000244140625,1978.5999755859373,2000.5,1833163,1993.3925048828125,1961.55900390625,-0.005938011608644711,0.0168373244350233
2019-03-14,2004.949951171875,2007.800048828125,1981.0,1987.4000244140625,1905495,1990.1825012207032,1963.2510034179688,-0.006548350705292472,0.016831167598149416
2019-03-15,1998.9000244140625,2068.949951171875,1991.0,2039.949951171875,5184318,1989.95,1965.5840014648438,0.026441544788299742,0.017935821030276248
2019-03-18,2043.0,2064.60009765625,2011.0,2022.800048828125,2349915,1989.6050048828124,1968.0410034179688,-0.008407021130051762,0.017961620531435168
2019-03-19,2030.0,2030.0,1995.0999755859373,2022.800048828125,2373993,1992.2300048828124,1970.9600048828124,0.0,0.016593346610624032
2019-03-20,2028.0,2044.800048828125,2000.0,2015.050048828125,3091165,1997.7425048828125,1973.3030053710938,-0.0038313228262426557,0.014532373226103752
2019-03-22,2015.0,2016.0,1983.300048828125,2005.6500244140625,3148149,2002.2875061035156,1975.5450048828125,-0.00466490865550917,0.014617753372705173
2019-03-25,2007.800048828125,2007.800048828125,1977.199951171875,1984.25,2429205,2005.7900085449219,1977.491005859375,-0.010669869694895695,0.014900701824939116
2019-03-26,1984.0,1994.949951171875,1958.050048828125,1982.6500244140625,2316539,2008.6400085449218,1979.3730053710938,-0.0008063377023749263,0.014880229096777182
2019-03-27,1994.0,1998.0,1961.0,1967.9000244140625,2266166,2007.7775085449218,1981.8800048828125,-0.007439537900471915,0.01328652851368662
2019-03-28,1980.0,2014.5999755859373,1972.800048828125,2000.300048828125,4054489,2005.8575134277344,1985.621005859375,0.016464263434169846,0.01232153374774994
2019-04-01,2010.0,2039.949951171875,2008.25,2031.6500244140625,2095740,2004.535009765625,1988.8980053710939,0.01567263651485873,0.012666938873541447
2019-04-02,2037.0999755859373,2086.0,2037.0,2079.300048828125,3719663,2009.3275146484375,1993.081005859375,0.023453854670567598,0.010693755544830345
2019-04-03,2085.0,2089.60009765625,2058.10009765625,2079.300048828125,2939886,2013.5225158691405,1996.781005859375,0.0,0.010671588919655214
2019-04-04,2078.14990234375,2079.699951171875,2007.4000244140625,2014.5,4397518,2014.8425170898438,1999.0580053710937,-0.031164356902047774,0.012977979087013881
2019-04-05,2028.6500244140625,2054.39990234375,2018.800048828125,2048.300048828125,3152103,2017.277520751953,2001.8500073242187,0.016778381150719834,0.013427928955088177
2019-04-08,2059.0,2075.0,2032.699951171875,2070.75,2194294,2020.1500183105468,2005.2270068359376,0.010960284448911173,0.013548396056188362
2019-04-09,2070.0,2098.0,2057.64990234375,2091.5,2690970,2023.590020751953,2009.5450073242187,0.010020523964747063,0.013666712530180803
2019-04-10,2083.0,2085.5,2036.0,2040.25,3313062,2024.8625183105469,2012.3190063476563,-0.024503944537413336,0.014841948015977765
2019-04-11,2045.0,2055.0,2013.6500244140625,2019.5,3422442,2025.215020751953,2014.2930053710938,-0.010170322264428378,0.01503784418685239
2019-04-12,2038.0,2039.0,2007.0,2014.5,3198471,2025.915020751953,2015.4830053710937,-0.0024758603614756236,0.014982294329977964
2019-04-15,2070.0,2119.800048828125,2041.0,2113.300048828125,9189201,2032.2100219726562,2018.0940063476562,0.049044452136076,0.018385091205093212
2019-04-16,2120.0,2155.949951171875,2115.550048828125,2131.800048828125,5771952,2036.8025268554688,2021.1020068359376,0.008754081092393173,0.01761951453995348
2019-04-18,2149.89990234375,2155.0,2114.199951171875,2150.050048828125,3413728,2043.1650268554688,2023.8210083007812,0.008560840408101233,0.017482229676117376
2019-04-22,2148.0,2176.0,2145.60009765625,2161.449951171875,2007135,2050.097521972656,2026.4510083007813,0.00530215673349721,0.017471361896201663
2019-04-23,2163.0,2165.5,2134.050048828125,2155.050048828125,2163524,2057.097521972656,2028.5470092773437,-0.002960930157221653,0.01745330751413987
2019-04-24,2158.0,2195.0,2156.10009765625,2183.449951171875,3003071,2065.987518310547,2031.3250073242189,0.013178302916534657,0.017469595285918692
2019-04-25,2175.0,2205.0,2168.050048828125,2195.0,4211526,2076.525018310547,2033.7290063476562,0.0052898161562742185,0.01710571750657084
2019-04-26,2203.0,2243.949951171875,2193.14990234375,2238.550048828125,2716958,2089.32001953125,2036.8420092773438,0.0198405689421981,0.017345630991369244
2019-04-30,2238.550048828125,2266.949951171875,2230.10009765625,2260.35009765625,3488395,2103.942523193359,2040.8210131835938,0.009738468362383568,0.01705600266869783
2019-05-02,2255.0,2259.39990234375,2211.10009765625,2215.39990234375,2457699,2114.6975158691407,2043.8110131835938,-0.01988638634303097,0.01791934623974596
2019-05-03,2185.0,2186.050048828125,2125.0,2132.0,3780886,2119.7150146484373,2045.4190112304686,-0.03764552948454958,0.020121364068606488
2019-05-06,2110.0,2165.0,2108.5,2157.85009765625,2891422,2123.6425170898438,2047.684013671875,0.012124811283419357,0.019657685743641348
2019-05-07,2160.050048828125,2184.35009765625,2138.800048828125,2151.949951171875,2201698,2127.275012207031,2050.129013671875,-0.0027342707868277527,0.01968210757486813
2019-05-08,2151.0,2168.0,2130.39990234375,2152.85009765625,1824895,2134.192517089844,2053.7800146484374,0.00041829341053434277,0.018092206863578323
2019-05-09,2145.0,2184.10009765625,2136.10009765625,2172.550048828125,2264162,2140.4050170898436,2059.1350146484374,0.009150637656250016,0.017876265998783142
2019-05-10,2175.0,2192.0,2125.85009765625,2135.800048828125,2039633,2143.65751953125,2063.556015625,-0.016915605704836523,0.018312579340979785
2019-05-13,2133.0,2167.0,2121.64990234375,2128.75,1701744,2145.52001953125,2067.8470166015627,-0.0033008936543442724,0.018236370262114256
2019-05-14,2135.0,2159.800048828125,2072.35009765625,2092.35009765625,2456110,2148.1250244140624,2071.181018066406,-0.017099190766294736,0.01775939780122799
2019-05-15,2097.0,2124.0,2084.5,2095.39990234375,2346876,2151.92001953125,2073.386015625,0.0014575976988344674,0.01754940446314864
2019-05-16,2096.0,2124.0,2077.050048828125,2108.75,1946529,2156.63251953125,2074.7870166015623,0.006371145498917707,0.01754235596594832
2019-05-17,2112.60009765625,2135.0,2090.0,2095.449951171875,1947908,2155.7400146484374,2075.534013671875,-0.006307077096917579,0.013760507370363988
2019-05-20,2125.0,2151.39990234375,2050.0,2143.949951171875,2625116,2156.347509765625,2078.744013671875,0.023145386971841875,0.014610717730942534
2019-05-21,2148.050048828125,2148.699951171875,2102.550048828125,2109.75,1863157,2154.3325073242186,2081.0310131835936,-0.01595184213753753,0.01491389642991458
2019-05-22,2110.0,2121.949951171875,2075.0,2081.75,2595795,2150.347509765625,2082.904013671875,-0.013271714658134814,0.015088619878772714
2019-05-23,2098.0,2115.35009765625,2050.0,2054.050048828125,2541294,2145.297509765625,2083.993015136719,-0.013306089190284642,0.01530740703751352
2019-05-24,2070.0,2070.0,2032.25,2048.0,2274208,2138.525012207031,2084.687014160156,-0.0029454242517491513,0.014868432527340061
2019-05-27,2054.800048828125,2068.949951171875,2040.0999755859373,2055.14990234375,2329820,2131.532507324219,2085.336013183594,0.0034911632537841797,0.014820432471047074
2019-05-28,2060.0,2097.5,2045.0,2073.75,5872979,2123.2925048828124,2086.5150122070313,0.009050482222750622,0.014118013791655691
2019-05-29,2080.0,2123.699951171875,2077.10009765625,2107.550048828125,3281320,2115.6525024414063,2088.417014160156,0.01629899883212782,0.014517750282754179
2019-05-30,2123.0,2156.550048828125,2114.39990234375,2146.300048828125,4971725,2112.197509765625,2091.3330151367186,0.01838627747964816,0.014749816219872817
2019-05-31,2160.0,2204.949951171875,2152.25,2196.550048828125,4265370,2115.425012207031,2095.516015625,0.02341238357024511,0.01309632639729263
2019-06-03,2201.0,2247.64990234375,2185.64990234375,2242.300048828125,3682419,2119.647509765625,2099.563017578125,0.02082811635656001,0.01360027056620962
2019-06-04,2224.0,2224.0,2175.0,2183.10009765625,2408658,2121.2050170898438,2102.7690185546876,-0.026401440432922474,0.01499302249166589
2019-06-06,2199.0,2199.0,2152.0,2166.10009765625,3735467,2121.8675170898437,2105.63501953125,-0.007787091401924684,0.015116511068029328
2019-06-07,2174.0,2189.800048828125,2142.10009765625,2181.75,2659446,2122.3275146484375,2108.9690185546874,0.0072249211200734464,0.015063983873242783
2019-06-10,2196.699951171875,2235.85009765625,2185.5,2231.5,2080593,2127.112512207031,2113.4860180664064,0.022802795920705776,0.015288730033026436
2019-06-11,2237.0,2263.949951171875,2231.0,2252.800048828125,3048937,2133.3150146484377,2118.8570190429687,0.009545170884214693,0.015310651497965165
2019-06-12,2245.0,2266.89990234375,2219.0,2260.89990234375,2404448,2141.7425048828127,2124.4220166015625,0.0035954604670034307,0.014565736266304412
2019-06-13,2264.0,2285.0,2243.050048828125,2254.10009765625,3320916,2149.6775146484374,2130.146018066406,-0.003007565562920811,0.014640493546568876
2019-06-14,2257.25,2263.10009765625,2234.0,2254.5,2131408,2156.9650146484373,2135.230017089844,0.0001774110848784538,0.014647830182034152
2019-06-17,2256.0,2262.0,2241.449951171875,2249.199951171875,1489497,2164.6525146484373,2139.581015625,-0.0023508755059326036,0.014535427614603885
2019-06-18,2244.0,2260.0,2231.199951171875,2250.85009765625,1877447,2169.997521972656,2143.0120166015627,0.0007336593100650823,0.013798308167567329
2019-06-19,2255.0,2276.0,2243.14990234375,2259.89990234375,1652817,2177.505017089844,2146.624013671875,0.0040206163426534935,0.013095442254568716
2019-06-20,2230.0,2284.0,2212.0,2277.949951171875,2199377,2187.3150146484377,2151.8930126953123,0.007987101025760168,0.012510019653341259
2019-06-21,2285.0,2292.5,2242.0,2249.85009765625,3871804,2197.105017089844,2155.924013671875,-0.012335588629227456,0.012438636654532174
2019-06-24,2254.14990234375,2280.0,2250.800048828125,2275.5,1382424,2208.480017089844,2160.019013671875,0.01140071615014282,0.012391969661894282
2019-06-25,2270.0,2274.449951171875,2250.5,2267.800048828125,1386077,2219.1125244140626,2163.5450146484377,-0.0033838502183586305,0.012540815248689783
2019-06-26,2265.0,2266.800048828125,2250.0,2254.199951171875,1762224,2228.1350219726564,2167.824013671875,-0.005997044432236365,0.012735515116026754
2019-06-27,2255.0,2264.0,2241.300048828125,2252.550048828125,2813464,2235.3850219726564,2172.4850146484373,-0.0007319236888867486,0.012454269807270596
2019-06-28,2260.0,2261.949951171875,2222.5,2227.199951171875,2372928,2239.4300170898437,2176.739013671875,-0.011253955342496513,0.012340869362683688
2019-07-01,2235.0,2255.0,2206.60009765625,2239.550048828125,2769940,2241.5800170898438,2179.264013671875,0.005545122991652329,0.011306826705506087
2019-07-02,2244.89990234375,2257.0,2216.449951171875,2252.10009765625,1771746,2242.07001953125,2181.6700146484377,0.0056038260161641595,0.010378179775253552
2019-07-03,2252.199951171875,2258.800048828125,2232.0,2237.64990234375,1656881,2244.797509765625,2183.42201171875,-0.0064163201837867945,0.008459879412851453
2019-07-04,2234.0,2252.0,2230.10009765625,2242.64990234375,984140,2248.625,2185.0460107421877,0.0022344871710104908,0.008187689204603799
2019-07-05,2247.0,2250.0,2140.0,2163.10009765625,4088470,2247.6925048828125,2185.20701171875,-0.0354713433444801,0.011561539830554711
2019-07-08,2149.0,2188.800048828125,2132.10009765625,2175.39990234375,2788062,2244.8875,2185.0460107421877,0.00568619302492146,0.01032353604398356
2019-07-09,2174.0,2174.39990234375,2104.550048828125,2133.35009765625,3977224,2238.915002441406,2183.8130126953124,-0.019329689516946358,0.01074895980675546
2019-07-10,2080.0,2127.85009765625,2071.300048828125,2108.199951171875,6343581,2231.2800048828126,2181.2060107421876,-0.011789038523027928,0.010827579498465691
2019-07-11,2128.0,2129.0,2086.050048828125,2102.550048828125,2400346,2223.702502441406,2178.050009765625,-0.002679965124090522,0.01082850616801583
2019-07-12,2102.10009765625,2119.75,2093.10009765625,2107.60009765625,1560725,2216.3575073242187,2175.894013671875,0.0024018685457403155,0.010878682020191524
2019-07-15,2125.0,2153.60009765625,2098.0,2145.699951171875,2900415,2211.182507324219,2176.1680126953124,0.01807736370765678,0.011885531507707211
2019-07-16,2126.0,2132.5,2100.0,2106.0,2735399,2203.9400024414062,2175.1310107421873,-0.018502098184880356,0.012395748159233336
2019-07-17,2108.0,2125.0,2092.10009765625,2117.25,1802969,2196.807507324219,2174.43701171875,0.005341880341880323,0.012439959704462227
2019-07-18,2116.199951171875,2116.199951171875,2060.0,2065.949951171875,3072096,2186.2075073242186,2172.6990087890626,-0.024229566101369726,0.012991382296177533
2019-07-19,2077.0,2097.0,2062.5,2076.949951171875,1953177,2177.5625,2170.7870068359375,0.005324427144888233,0.013051652987449218
2019-07-22,2077.0,2117.449951171875,2068.800048828125,2109.89990234375,1920167,2169.2824951171874,2170.26900390625,0.015864586025909677,0.01336171535390842
2019-07-23,2127.89990234375,2130.0,2102.39990234375,2112.449951171875,3538588,2161.514990234375,2169.9430029296873,0.0012086112830718143,0.013406553437353837
2019-07-24,2110.0,2120.800048828125,2076.5,2096.800048828125,2413196,2153.6449951171876,2170.032001953125,-0.007408413314156093,0.013424337560620808
2019-07-25,2108.89990234375,2135.0,2092.550048828125,2127.89990234375,2544464,2147.412487792969,2170.682001953125,0.014832054936762429,0.014032198931475417
2019-07-26,2129.800048828125,2129.800048828125,2095.0,2109.050048828125,1720592,2141.504992675781,2170.6880029296876,-0.008858430556278996,0.01396583930238926
2019-07-29,2110.800048828125,2142.0,2103.300048828125,2130.0,1647090,2136.027490234375,2171.37900390625,0.009933358946847104,0.014134458825267687
2019-07-30,2130.0,2185.0,2120.449951171875,2179.14990234375,2851672,2132.37998046875,2172.0830029296876,0.023075071522887347,0.015158529427021948
2019-07-31,2171.75,2211.699951171875,2147.14990234375,2205.699951171875,3000677,2130.7824829101564,2174.002001953125,0.01218367254109931,0.015411761069794997
2019-08-01,2200.0,2217.5,2166.25,2180.050048828125,2375236,2127.652490234375,2175.9680029296874,-0.011628917310408604,0.01558807351635983
2019-08-02,2173.0,2210.0,2165.5,2205.300048828125,2500816,2129.762487792969,2178.9930029296875,0.011582302898767383,0.01358054841883317
2019-08-05,2199.89990234375,2252.25,2195.60009765625,2248.60009765625,3039682,2133.422497558594,2183.0050048828125,0.019634538552309122,0.014176033595147136
2019-08-06,2232.800048828125,2251.949951171875,2211.449951171875,2214.89990234375,2885467,2137.4999877929686,2186.2000048828127,-0.014987189295075698,0.013866015579078916
2019-08-07,2230.0,2238.5,2207.25,2213.449951171875,2165362,2142.762487792969,2188.99400390625,-0.0006546350786962307,0.013503346144957875
2019-08-08,2228.89990234375,2281.0,2218.89990234375,2258.10009765625,2073298,2150.539990234375,2192.0050048828125,0.020172196105331386,0.013997487643055615
2019-08-09,2260.0,2267.89990234375,2241.35009765625,2246.25,1744550,2157.4724853515627,2194.00400390625,-0.0052478176979618985,0.014137721899427703
2019-08-13,2245.0,2246.25,2194.300048828125,2199.449951171875,1647281,2160.1599853515627,2194.062001953125,-0.020834746278519778,0.014662733863902164
2019-08-14,2181.10009765625,2217.85009765625,2167.39990234375,2204.39990234375,1945002,2165.07998046875,2193.3039990234374,0.002250540490470243,0.013899080443325823
2019-08-16,2241.39990234375,2241.39990234375,2143.25,2165.10009765625,3755507,2167.4724853515627,2192.9439990234373,-0.017827892591410377,0.014587559396918656
2019-08-19,2180.0,2186.0,2157.699951171875,2163.0,974884,2172.324987792969,2192.8819970703125,-0.0009699771657316614,0.013324381780934064
2019-08-20,2172.0,2205.0,2166.5,2186.75,1843611,2177.814990234375,2192.9819970703124,0.010980120203421206,0.013449540018960836
2019-08-21,2184.949951171875,2202.0,2182.25,2186.199951171875,1214408,2181.629992675781,2192.07599609375,-0.00025153713416026235,0.013095201004385321
2019-08-22,2187.0,2235.64990234375,2170.0,2216.0,2131601,2186.8074951171875,2191.3399951171873,0.013630980465511033,0.013354752036412934
2019-08-23,2214.949951171875,2259.89990234375,2213.89990234375,2247.699951171875,2826425,2194.352490234375,2191.07599609375,0.014305032117272187,0.01339108924657048
2019-08-26,2247.0,2282.0,2225.0,2276.300048828125,2345475,2201.772497558594,2191.5199951171876,0.012724161710880866,0.013305775666703143
2019-08-27,2270.0,2274.85009765625,2229.0,2236.5,3432106,2208.1449951171876,2191.1599951171875,-0.017484535419051928,0.013854598986080253
2019-08-28,2240.0,2252.14990234375,2216.0,2239.25,1294621,2213.6074951171877,2190.96099609375,0.0012295998211491188,0.013762711560404045
2019-08-29,2222.199951171875,2248.199951171875,2222.199951171875,2233.449951171875,1670652,2216.3224975585936,2190.6129931640626,-0.0025901747585687085,0.0129234608771913
2019-08-30,2241.0,2266.0,2218.0,2259.60009765625,2583625,2219.0175048828123,2190.6069970703124,0.011708409436555378,0.012902836484536209
2019-09-03,2270.0,2296.199951171875,2236.949951171875,2251.60009765625,2545060,2222.595007324219,2190.08,-0.003540449484091379,0.012599900603683122
2019-09-04,2265.0,2270.0,2233.0,2245.39990234375,2228092,2224.6,2189.99099609375,-0.0027536840662575335,0.012414012719337758
2019-09-05,2242.199951171875,2253.64990234375,2207.300048828125,2215.300048828125,2055943,2222.9349975585938,2188.7869970703123,-0.01340511927706367,0.011991338321047283
2019-09-06,2216.0,2233.5,2192.60009765625,2197.5,1890550,2222.0650024414062,2187.38099609375,-0.008035050979907199,0.011650613617102101
2019-09-09,2200.0,2202.85009765625,2179.800048828125,2182.85009765625,1703945,2220.535009765625,2185.9539990234375,-0.00666662222696246,0.011736678020169578
2019-09-11,2186.0,2195.0,2146.550048828125,2154.0,2627440,2215.3300048828123,2183.982998046875,-0.013216710431571355,0.010971670805785908
2019-09-12,2155.0,2165.0,2120.35009765625,2133.60009765625,2118859,2209.697509765625,2182.1110009765625,-0.009470706751973035,0.011071569382583763
2019-09-13,2135.0,2157.949951171875,2115.550048828125,2141.949951171875,2291174,2206.822509765625,2180.1589990234374,0.003913504468244566,0.010269782077670863
2019-09-16,2159.949951171875,2173.39990234375,2126.39990234375,2150.0,2597948,2204.1025146484376,2178.1169970703127,0.0037582805441933598,0.010302494234074065
2019-09-17,2154.949951171875,2156.550048828125,2105.60009765625,2122.64990234375,2796530,2201.9800048828124,2175.8169970703125,-0.012720975654069822,0.009925006119120412
2019-09-18,2126.39990234375,2142.949951171875,2113.14990234375,2138.550048828125,1454663,2200.7575073242188,2173.735,0.007490706058883578,0.010102508414880149
2019-09-19,2135.0,2135.800048828125,2091.0,2101.949951171875,1652691,2196.5175048828123,2172.5119970703126,-0.0171144452178269,0.010369045928575701
2019-09-20,2104.89990234375,2129.39990234375,2057.0,2065.449951171875,6941979,2190.4800048828124,2170.312998046875,-0.017364828301287827,0.01091543568451187
2019-09-23,2099.0,2099.0,1975.0,2015.800048828125,6323401,2180.470007324219,2167.9619970703125,-0.024038298442225714,0.011181338617575061
2019-09-24,2015.0,2061.0,2013.0,2044.699951171875,4620978,2170.3200073242188,2166.6919970703125,0.014336690963248522,0.011184167225933624
2019-09-25,2065.0,2092.0,2060.050048828125,2088.449951171875,4002232,2160.9275024414064,2166.4099951171875,0.021396782434961015,0.012029891181087935
2019-09-26,2097.89990234375,2107.0,2063.0,2087.60009765625,4234281,2153.4825073242187,2166.0099951171874,-0.0004069302762789162,0.011639187421826467
2019-09-27,2085.0,2085.199951171875,2051.39990234375,2056.14990234375,2046795,2144.327502441406,2164.218994140625,-0.015065239433457167,0.01186800768299895
2019-09-30,2061.85009765625,2104.0,2060.0,2099.300048828125,2620039,2137.620007324219,2164.0849951171876,0.020985895257534137,0.01313809554687126
2019-10-01,2095.949951171875,2095.949951171875,2039.699951171875,2059.949951171875,3342877,2127.6375,2162.938994140625,-0.018744389435048192,0.01310710042960019
2019-10-03,2070.0,2081.14990234375,2046.1500244140625,2060.25,2317618,2118.0699951171873,2162.8249951171874,0.00014565830978297,0.01314764628818285
2019-10-04,2060.60009765625,2087.949951171875,2054.949951171875,2079.35009765625,2163251,2109.7675048828123,2162.872998046875,0.009270766973061617,0.013494774177044337
2019-10-07,2080.0,2094.5,2041.0,2047.699951171875,2177916,2101.3875,2161.6289990234377,-0.015221172480790801,0.013569082760029145
2019-10-09,2060.0,2060.0,2015.5,2020.0999755859373,2066920,2092.517498779297,2159.781999511719,-0.013478525293777799,0.013711537968763683
2019-10-10,2028.0,2039.050048828125,1997.0999755859373,2004.449951171875,2881452,2083.597491455078,2157.9349975585938,-0.007747153409832119,0.013724262505956415
2019-10-11,1931.0,1995.0,1925.0,1986.8499755859373,12593069,2075.239990234375,2155.1139990234374,-0.00878045150274176,0.013605597152863861
2019-10-14,1995.0,2032.75,1968.0,2021.0,3510704,2069.6099853515625,2153.352998046875,0.017188023672492836,0.01432250648558142
2019-10-15,2032.0,2047.0,2022.699951171875,2037.300048828125,2261310,2064.377490234375,2151.4989990234376,0.008065338361269214,0.014451539495499943
2019-10-16,2038.0,2056.0,2016.0,2046.4000244140625,3034082,2059.1974914550783,2148.8440014648436,0.0044666840268186014,0.014468291748689957
2019-10-17,2014.0,2038.0,1999.300048828125,2030.949951171875,3818774,2054.6124938964845,2145.3490014648437,-0.0075498793285107,0.014318953452874534
2019-10-18,2037.5,2063.89990234375,2025.0,2057.35009765625,3087901,2050.5524963378907,2142.895002441406,0.012998915344586415,0.01456416921270816
2019-10-22,2080.0,2111.5,2040.050048828125,2051.39990234375,5552505,2048.0249938964844,2139.8169995117187,-0.0028921646924743305,0.014119166099164483
2019-10-23,2060.0,2083.85009765625,2052.5,2070.10009765625,2348134,2048.257501220703,2136.246999511719,0.00911582148908896,0.013752651989467405
2019-10-24,2084.0,2099.0,2061.300048828125,2082.0,2798671,2051.567498779297,2133.589001464844,0.005748467118678491,0.012549613068468773
2019-10-25,2094.0,2130.0,2075.050048828125,2124.949951171875,3954245,2055.579998779297,2131.819001464844,0.020629179237211748,0.012955624810773546
2019-10-27,2129.0,2129.0,2108.800048828125,2115.699951171875,224405,2056.942498779297,2128.9709985351565,-0.004353043701052273,0.01218370973315729
2019-10-29,2121.5,2201.699951171875,2121.5,2194.85009765625,5064173,2062.304998779297,2127.943000488281,0.03741085612850448,0.01467892168650145
2019-10-30,2225.0,2260.0,2176.85009765625,2252.800048828125,5195136,2072.1375061035155,2129.0100024414064,0.026402692026100683,0.014976594596418967
2019-10-31,2250.0,2284.949951171875,2237.0,2269.64990234375,4879261,2080.654998779297,2130.3150024414062,0.007479515780546064,0.01449970303001303
2019-11-01,2264.0,2275.0,2195.0,2200.89990234375,4172620,2087.702496337891,2131.0309985351564,-0.030291015336332494,0.01563845758566863
2019-11-04,2207.0,2229.199951171875,2180.89990234375,2193.949951171875,2646411,2094.3874938964846,2131.649997558594,-0.0031577770367812175,0.015692329405649883
2019-11-05,2197.0,2211.0,2169.0,2201.85009765625,2693475,2100.5124938964846,2131.951999511719,0.0036008781696024172,0.01562921339470407
2019-11-06,2200.0,2210.800048828125,2179.0,2188.5,2540719,2107.5524963378907,2131.9980004882814,-0.006063127399299595,0.015195989210370185
2019-11-07,2204.5,2204.5,2175.199951171875,2185.35009765625,1915598,2115.8150024414062,2131.3850024414064,-0.0014392973926204977,0.014721584072047206
2019-11-08,2189.60009765625,2189.60009765625,2124.0,2129.949951171875,2788759,2122.0900024414063,2129.0300024414064,-0.025350696231139613,0.015939382972779373
2019-11-11,2135.0,2139.0,2091.0,2100.949951171875,2983768,2127.795001220703,2125.5230004882815,-0.013615343395296464,0.016165098203034176
2019-11-13,2118.0,2183.800048828125,2118.0,2178.60009765625,3823365,2135.6750061035154,2124.3650024414064,0.03695954129752743,0.017622470158070336
2019-11-14,2187.5,2200.0,2146.699951171875,2196.800048828125,2995915,2143.650006103516,2123.516003417969,0.008353966013062486,0.01762617142233917
2019-11-15,2196.0,2211.5,2168.75,2174.449951171875,2724180,2150.0525024414064,2122.3360034179686,-0.01017393352124718,0.01790421662637224
2019-11-18,2178.39990234375,2187.75,2148.75,2152.60009765625,1611089,2156.135009765625,2120.1960034179688,-0.010048450875518866,0.017991608137929382
2019-11-19,2153.0,2154.64990234375,2105.0,2108.800048828125,2975313,2158.7075073242186,2117.3400024414063,-0.020347508520423552,0.018558832411844462
2019-11-20,2121.949951171875,2135.0,2094.5,2108.550048828125,2894129,2161.5650146484377,2114.603005371094,-0.00011855083185285942,0.01853543170594934
2019-11-21,2112.0,2126.60009765625,2107.39990234375,2118.10009765625,2052574,2163.9650146484373,2112.659006347656,0.004529201871889432,0.018464968570065163
2019-11-22,2097.0,2107.0,2060.5,2071.699951171875,3742049,2163.4500122070312,2110.1430053710938,-0.02190649371845943,0.019138125426478678
2019-11-25,2074.550048828125,2084.949951171875,2052.199951171875,2081.5,2737010,2161.2775146484373,2108.116003417969,0.004730438315925678,0.018554160684520687
2019-11-26,2089.85009765625,2097.89990234375,2035.050048828125,2046.6500244140625,6561580,2157.825018310547,2105.96900390625,-0.016742721876501276,0.018880537862599855
2019-11-27,2052.0,2071.699951171875,2046.550048828125,2054.300048828125,2907521,2150.7975158691406,2104.3830029296873,0.0037378273387276284,0.016591723379209822
2019-11-28,2067.050048828125,2094.39990234375,2060.0,2077.35009765625,2924429,2142.025018310547,2103.091005859375,0.011220390537046265,0.015477219471788553
2019-11-29,2085.0,2085.0,2045.800048828125,2053.25,2064271,2131.2050231933595,2101.156005859375,-0.011601365452766355,0.015324092792093067
2019-12-02,2060.0,2067.699951171875,2016.0,2021.050048828125,3809860,2122.212530517578,2099.1240087890624,-0.015682430864178754,0.014367749073378766
2019-12-03,2027.699951171875,2062.0,2010.0,2051.0,4664774,2115.0650329589844,2097.3730078125,0.014819005194473656,0.014982621547608514
2019-12-04,2053.0,2082.0,2045.5,2078.5,3334301,2108.897528076172,2096.9040087890626,0.013408093612871763,0.015374251365073928
2019-12-05,2083.0,2126.800048828125,2068.35009765625,2121.300048828125,3902721,2105.537530517578,2098.0210107421876,0.020591796405160068,0.01620624698748495
2019-12-06,2124.0,2128.0,2101.0,2123.60009765625,1829461,2102.450030517578,2100.17701171875,0.0010842637888004436,0.016216023132134112
2019-12-09,2127.949951171875,2127.949951171875,2053.5,2060.449951171875,2244747,2098.975030517578,2100.49201171875,-0.02973730626311033,0.01658382835739517
2019-12-10,2060.0,2060.85009765625,2003.25,2012.8499755859373,4520045,2094.570031738281,2098.9800122070315,-0.023101738316364084,0.017076123677665433
2019-12-11,2025.4000244140625,2048.0,2006.75,2041.9000244140625,4943024,2087.735028076172,2098.0660107421877,0.014432297081489631,0.014986007813326216
2019-12-12,2051.10009765625,2083.64990234375,1984.0,2020.9000244140625,7137306,2078.9400268554687,2097.361013183594,-0.010284538786871411,0.014812959512783243
2019-12-13,2023.0,2077.39990234375,2007.0,2071.25,5711133,2073.780029296875,2096.800012207031,0.024914629609416705,0.016074843372549254
2019-12-16,2096.0,2136.0,2080.300048828125,2126.75,5574177,2072.4875244140626,2098.1360131835936,0.026795413397706636,0.017211719325145525
2019-12-17,2126.5,2169.0,2119.0,2164.949951171875,6059673,2075.29501953125,2100.2300122070315,0.017961655658575326,0.01701286560093018
2019-12-18,2174.0,2203.449951171875,2153.0,2167.75,8251081,2078.255017089844,2101.998010253906,0.0012933549926219534,0.017008932319729487
2019-12-19,2179.800048828125,2236.5,2167.550048828125,2229.050048828125,6251505,2083.8025146484374,2105.6250122070314,0.028278191132798947,0.018028296272405202
2019-12-20,2220.0,2246.699951171875,2208.25,2222.89990234375,5548338,2091.362512207031,2109.6810107421875,-0.002759088557750533,0.017138687027704658
2019-12-23,2210.0,2241.949951171875,2210.0,2231.699951171875,2247329,2098.872509765625,2114.2260107421876,0.003958814708141523,0.017137037688594307
2019-12-24,2239.0,2243.550048828125,2211.14990234375,2215.60009765625,1805896,2107.3200134277345,2118.8010131835936,-0.007214165823309249,0.01666686666325324
2019-12-26,2216.39990234375,2229.0,2195.199951171875,2201.949951171875,1880367,2114.702508544922,2122.420012207031,-0.006160925204333867,0.016824597483260376
2019-12-27,2208.0,2226.39990234375,2176.0,2198.5,2720261,2120.7600036621093,2125.6440112304685,-0.0015667709295749122,0.016763055823344523
2019-12-30,2207.0,2225.0,2177.10009765625,2183.199951171875,2288830,2127.257501220703,2128.380009765625,-0.006959312635035242,0.01658181684495572
2019-12-31,2189.0,2197.0,2157.449951171875,2161.699951171875,1909289,2134.2899963378904,2130.995009765625,-0.009847929864811311,0.016280655282458527
2020-01-01,2168.0,2183.89990234375,2154.0,2167.60009765625,1354908,2140.120001220703,2133.200009765625,0.0027294012201724005,0.016061046456369753
2020-01-02,2179.949951171875,2179.949951171875,2149.199951171875,2157.64990234375,2380752,2144.077496337891,2135.325009765625,-0.004590420217852387,0.015944550564857024
2020-01-03,2164.0,2223.0,2164.0,2200.64990234375,4655761,2148.044989013672,2137.936005859375,0.019929090420689244,0.015904498711523767
2020-01-06,2205.0,2225.949951171875,2187.89990234375,2200.449951171875,3023209,2151.887481689453,2140.3050048828127,-9.086005532366048e-05,0.015910065128199292
2020-01-07,2200.5,2214.64990234375,2183.800048828125,2205.85009765625,2429317,2159.1574890136717,2141.9230078125,0.0024541101157511402,0.014062102588733449
2020-01-08,2205.0,2260.0,2202.050048828125,2255.25,5197454,2171.277490234375,2144.7140087890625,0.022394949863654867,0.013183327055476483
2020-01-09,2248.75,2251.949951171875,2210.0,2214.35009765625,3734173,2179.8999938964844,2145.1040087890624,-0.018135418398736336,0.014042183521116514
2020-01-10,2228.0,2234.0,2208.0,2213.550048828125,1915807,2189.5324951171874,2144.3190087890625,-0.00036130186864846703,0.013675657271145393
2020-01-13,2217.85009765625,2218.949951171875,2184.699951171875,2190.35009765625,2843893,2195.4875,2142.7330126953125,-0.01048087942902276,0.013197243567669393
2020-01-14,2195.0,2229.800048828125,2195.0,2206.89990234375,2948452,2199.4949951171875,2142.8530126953124,0.0075557805600159345,0.01201016886063413
2020-01-15,2213.0,2231.0,2194.199951171875,2226.89990234375,2620681,2202.592492675781,2143.51201171875,0.009062486240884793,0.011540202415699006
2020-01-16,2226.949951171875,2249.0,2215.0,2238.800048828125,3117214,2206.1449951171876,2144.2510107421876,0.0053438174171414055,0.011572353664936271
2020-01-17,2240.75,2253.550048828125,2213.0,2219.10009765625,3281059,2205.647497558594,2144.8630126953126,-0.008799334796417702,0.009941564774218016
2020-01-20,2194.89990234375,2242.199951171875,2156.199951171875,2170.35009765625,5817599,2203.0200073242186,2144.5630126953124,-0.02196836458683782,0.011068233330246265
2020-01-21,2169.949951171875,2186.550048828125,2158.050048828125,2171.050048828125,1902980,2199.987512207031,2145.3850146484374,0.00032250611209261315,0.011009825887303778
2020-01-22,2181.0,2210.0,2173.699951171875,2206.89990234375,1773686,2199.5525024414064,2147.504013671875,0.016512679445126466,0.011603504714323433
2020-01-23,2209.800048828125,2217.75,2183.699951171875,2190.949951171875,2069866,2199.0025024414062,2147.7510107421876,-0.007227310651894969,0.01163506941644035
2020-01-24,2190.949951171875,2190.949951171875,2170.0,2183.39990234375,1319430,2198.2474975585938,2147.4830078125,-0.0034460161100835496,0.011654377956593066
2020-01-27,2189.699951171875,2193.449951171875,2165.0,2169.25,1549101,2197.55,2147.3790087890625,-0.00648067370918215,0.011640423620766841
2020-01-28,2174.0,2187.800048828125,2152.0,2183.75,1743024,2198.6525024414063,2148.0020068359377,0.006684337904805826,0.011509705869289419
2020-01-29,2185.0,2186.949951171875,2150.0,2154.60009765625,2306761,2198.0025024414062,2148.9180078125,-0.013348552876359498,0.01190564907698518
2020-01-30,2160.0,2165.0,2125.0,2137.85009765625,2098567,2197.0125122070312,2149.5040087890625,-0.00777406443925277,0.011987967425258442
2020-01-31,2139.39990234375,2144.35009765625,2071.60009765625,2079.050048828125,3287223,2190.93251953125,2148.7230078125,-0.02750428989038478,0.012439511356229109
2020-02-03,2152.0,2194.699951171875,2093.199951171875,2102.5,4728073,2186.035021972656,2149.3390087890625,0.011279166263983287,0.012822052662945697
2020-02-04,2129.0,2136.699951171875,2086.60009765625,2107.75,3509339,2181.130017089844,2149.8640087890626,0.0024970273483948535,0.012822875384247022
2020-02-05,2115.0,2156.699951171875,2104.300048828125,2146.550048828125,2439322,2175.69501953125,2151.8620092773435,0.018408278414482337,0.012445971407656674
2020-02-06,2145.0,2174.199951171875,2115.5,2128.35009765625,2640065,2171.39501953125,2153.3430102539064,-0.008478698729531553,0.011981765497401571
2020-02-07,2139.0,2151.0,2119.0,2136.550048828125,2083442,2167.54501953125,2154.527009277344,0.003852726664144601,0.012047309092467403
2020-02-10,2140.89990234375,2167.0,2119.0,2161.949951171875,2383032,2166.1250122070314,2156.7010083007813,0.0118882786563701,0.01222618033053428
2020-02-11,2163.0,2174.800048828125,2147.60009765625,2153.39990234375,1335820,2163.4500122070312,2159.3480053710937,-0.003954785735669097,0.012093191963371186
2020-02-12,2151.10009765625,2185.0,2150.0,2170.75,1620407,2160.6425170898438,2161.7430053710937,0.008057071813445393,0.012050490597406737
2020-02-13,2172.949951171875,2197.0,2171.0,2191.949951171875,1645948,2158.300012207031,2164.0120043945312,0.009766187341644583,0.012216447569388297
2020-02-14,2188.0,2212.0,2171.0,2184.199951171875,1500115,2156.5550048828127,2165.270002441406,-0.0035356646696502736,0.012095354185019894
2020-02-17,2196.949951171875,2217.0,2190.199951171875,2203.25,1774724,2158.2,2166.863000488281,0.00872175132954478,0.011169431310476746
2020-02-18,2199.949951171875,2221.0,2186.050048828125,2215.75,2486223,2160.4349975585938,2169.9690014648436,0.005673436968115286,0.011221056537701135
2020-02-19,2215.75,2230.0,2190.5,2196.35009765625,1760463,2159.907507324219,2173.63900390625,-0.008755456321223098,0.01080680031400108
2020-02-20,2204.5,2214.39990234375,2151.25,2156.800048828125,2317278,2158.2000122070312,2175.9370043945314,-0.018007169654022492,0.01142757877168533
2020-02-24,2156.0,2178.949951171875,2106.699951171875,2115.35009765625,3092877,2154.7975219726563,2177.826005859375,-0.019218263275910252,0.012146968198804583
2020-02-25,2115.5,2176.64990234375,2111.0,2156.14990234375,2674567,2154.1425170898438,2179.52400390625,0.019287495120881015,0.01293329407818333
2020-02-26,2154.0,2163.89990234375,2112.949951171875,2123.60009765625,2686842,2151.1350219726564,2179.461005859375,-0.015096262394427296,0.013234548331762056
2020-02-27,2119.949951171875,2119.949951171875,2086.199951171875,2105.5,2349001,2148.6800170898437,2178.2720068359376,-0.008523307978854588,0.013046219844438458
2020-02-28,2068.0,2069.5,1990.0,2000.1500244140625,4298076,2141.7950134277344,2174.9200073242187,-0.05003560939726315,0.017009575929772605
2020-03-02,2035.0,2053.949951171875,1985.699951171875,2001.300048828125,2667076,2137.9075134277346,2170.365007324219,0.0005749690773317884,0.01602697320714078
2020-03-03,2020.0,2060.0,2012.0,2036.199951171875,2757585,2134.5925109863283,2166.631008300781,0.01743861564595761,0.016347105385637963
2020-03-04,2056.0,2094.449951171875,2025.0,2083.199951171875,3237002,2133.3650085449217,2163.6610083007813,0.0230822125169734,0.017234140902606478
2020-03-05,2085.699951171875,2147.75,2084.050048828125,2125.050048828125,3937056,2132.290008544922,2161.850007324219,0.020089333063159742,0.017334723853353454
2020-03-06,2098.0,2123.64990234375,2071.60009765625,2116.449951171875,2595027,2131.695001220703,2160.140007324219,-0.004047009462667783,0.01725359953758217
2020-03-09,2075.0,2079.89990234375,1935.0,1972.3499755859373,4940975,2123.484997558594,2155.6170068359374,-0.06808569959622712,0.022939723999548578
2020-03-11,1933.0,1987.300048828125,1920.0,1953.699951171875,6796449,2113.0724975585936,2151.0270068359373,-0.009455737898910077,0.0226695859444898
2020-03-12,1904.0,1908.4000244140625,1758.3499755859375,1769.8499755859375,8728786,2093.8950012207033,2143.1900073242186,-0.09410348578637162,0.03020294146927583
2020-03-13,1687.9000244140625,1820.0,1506.050048828125,1806.300048828125,8029720,2075.672503662109,2135.9640063476563,0.020595007342427474,0.030708249981778568
2020-03-16,1755.0,1842.25,1675.8499755859375,1696.4000244140625,7844271,2050.8950073242186,2126.7390087890626,-0.06084261830439652,0.032483265128618974
2020-03-17,1730.0,1731.0,1623.1500244140625,1658.0,5713248,2024.585009765625,2115.8860107421874,-0.022636184780370994,0.032495525586125444
2020-03-18,1676.800048828125,1713.550048828125,1627.75,1654.4000244140625,7258778,1997.142510986328,2104.965012207031,-0.0021712759866933107,0.03219927732868961
2020-03-19,1559.699951171875,1685.449951171875,1546.75,1636.3499755859375,5135111,1968.172509765625,2093.575009765625,-0.01091032915967094,0.03188580267646673
2020-03-20,1630.0,1869.0,1627.0,1797.449951171875,8547498,1948.2275024414062,2084.4190087890624,0.0984508069725436,0.0407020036680694
2020-03-23,1620.0,1750.0,1617.75,1669.699951171875,7003490,1923.8724975585938,2073.526005859375,-0.07107291077379452,0.04297388850156745
2020-03-24,1653.050048828125,1770.0,1632.8499755859375,1703.1500244140625,6350865,1903.2624938964843,2063.318005371094,0.020033583410426825,0.04351184226100138
2020-03-25,1700.0,1810.0,1680.0,1750.300048828125,2765520,1882.9700012207031,2054.5170043945313,0.027684011236933426,0.04384720535968166
2020-03-26,1831.5999755859373,1832.050048828125,1722.550048828125,1790.949951171875,4556067,1866.3374938964844,2046.1980053710938,0.023224533628372068,0.04442107954522284
2020-03-27,1820.0,1850.0,1750.4000244140625,1824.5,4331250,1852.2874938964844,2038.1500073242187,0.018733102399747237,0.04480562403099246
2020-03-30,1766.0,1905.0,1763.550048828125,1778.5,8513547,1841.2049926757813,2028.9440063476563,-0.025212386955330235,0.043860473689919084
2020-03-31,1837.4000244140625,1855.0,1780.0,1826.0999755859373,3927593,1832.4449890136718,2021.08400390625,0.026764113346042784,0.044420883463648926
2020-04-01,1825.9000244140625,1834.75,1702.0,1708.75,4941878,1816.072491455078,2011.852001953125,-0.06426262370891467,0.046106880982793086
2020-04-03,1740.0,1740.0,1650.0,1654.199951171875,5735369,1794.622491455078,2001.515,-0.03192394957022682,0.045813251689552914
2020-04-07,1710.0,1785.8499755859375,1705.0,1775.199951171875,5427577,1777.1299865722656,1992.8810009765625,0.07314714277090917,0.049093946362067264
2020-04-08,1760.0,1806.0,1701.0,1705.449951171875,6285615,1756.5799865722656,1983.1710009765625,-0.03929134853454419,0.04958208707075197
2020-04-09,1750.449951171875,1778.800048828125,1731.199951171875,1766.1500244140625,5307397,1746.2699890136719,1974.8260034179686,0.03559182326076371,0.048550936142802155
2020-04-13,1761.0,1787.0,1746.0,1759.25,2990438,1736.5474914550782,1966.6260034179688,-0.003906816702251348,0.0485362742560975
2020-04-15,1785.0,1812.0,1727.800048828125,1735.1500244140625,4761399,1734.8124938964843,1957.65400390625,-0.01369900559098336,0.043787032913534966
2020-04-16,1709.949951171875,1764.9000244140625,1675.050048828125,1716.050048828125,6245533,1730.2999938964845,1948.8830029296876,-0.011007679634149947,0.043571157577914375
2020-04-17,1800.0,1851.949951171875,1753.0,1806.199951171875,9895823,1735.789990234375,1942.25,0.052533375938139226,0.04283587292030289
2020-04-20,1830.0,1830.0,1802.5,1818.6500244140625,3244282,1743.822491455078,1937.0419995117188,0.0068929651083811105,0.04237577001136198
2020-04-21,1765.0,1794.5999755859375,1727.699951171875,1737.6500244140625,5122541,1747.9849914550782,1929.745,-0.04453853073028535,0.04381297682211761
2020-04-22,1737.6500244140625,1790.0,1719.1500244140625,1769.5,3829836,1754.6424926757813,1922.98,0.01832933855404928,0.04379952256276641
2020-04-23,1780.0,1900.0,1760.8499755859375,1878.25,5934366,1758.6824951171875,1917.6139990234376,0.06145803899406621,0.040277026770858405
2020-04-24,1840.699951171875,1851.949951171875,1807.800048828125,1818.550048828125,2987102,1766.125,1911.417998046875,-0.031784880166045526,0.037325459617161987
2020-04-27,1832.300048828125,1875.0,1825.0,1836.5999755859373,3374741,1772.7974975585937,1905.4189965820312,0.00992544954671093,0.037178448009863654
2020-04-28,1865.0,1868.0,1832.5999755859373,1859.050048828125,2678505,1778.2349975585937,1899.3609985351563,0.012223714222268534,0.03682864478267425
2020-04-29,1874.0,1912.550048828125,1850.050048828125,1905.6500244140625,4241510,1783.9700012207031,1894.4060009765626,0.025066552466036285,0.036882411285391145
2020-04-30,1980.0,2032.0,1942.199951171875,2014.449951171875,5915544,1793.4674987792969,1891.28,0.05709334104580166,0.03865721760009244
2020-05-04,1966.0,1966.0,1913.6500244140625,1930.449951171875,3729348,1801.0649963378905,1886.05,-0.04169872771032823,0.039516626278131704
2020-05-05,1955.0999755859373,1977.0,1927.0,1932.75,2905528,1806.3974975585938,1881.0210009765624,0.001191457373307614,0.03918239772565886
2020-05-06,1939.800048828125,1953.699951171875,1893.5999755859373,1903.5999755859373,3517431,1816.1399963378906,1875.0280004882814,-0.015082149483411023,0.0361254716205923
2020-05-07,1910.0,1934.449951171875,1883.3499755859373,1891.6500244140625,3166754,1828.0125,1868.5460009765625,-0.0062775537534857095,0.035149482209988855
2020-05-08,1939.0999755859373,1939.5,1886.25,1893.4000244140625,2686530,1833.9225036621094,1862.4869995117188,0.0009251182710405814,0.03155565701630366
2020-05-11,1909.0,1951.4000244140625,1909.0,1935.300048828125,2449841,1845.4150085449219,1858.0569995117187,0.02212951509125971,0.030107295978468777
2020-05-12,1933.4000244140625,1956.5,1910.25,1949.5,3256595,1854.5825073242188,1854.7399975585938,0.007337338300835272,0.02933665465394833
2020-05-13,1994.0,1994.0,1925.6500244140625,1949.6500244140625,2656665,1864.1025085449219,1850.61,7.69553290906888e-05,0.02928393261403787
2020-05-14,1910.0,1923.0999755859373,1891.0999755859373,1902.3499755859373,2263146,1872.4625061035156,1846.1849975585935,-0.02426078949340693,0.02974108165046839
2020-05-15,1916.0,1917.4000244140625,1865.199951171875,1892.9000244140625,3173682,1881.3050048828125,1841.9329980468747,-0.004967514544196416,0.029600023405488975
2020-05-18,1907.0,1952.949951171875,1872.0999755859373,1945.5999755859373,3727694,1888.2750061035156,1840.8419970703121,0.027840852919946313,0.027999147972681573
2020-05-19,1903.0,1966.449951171875,1903.0,1948.6500244140625,3198693,1894.7750061035156,1839.788996582031,0.001567664918995737,0.02799645084699755
2020-05-20,1950.0,1962.9000244140625,1931.699951171875,1953.5999755859373,2778505,1905.5725036621093,1838.1369970703122,0.002540195063176265,0.0255916962329745
2020-05-21,1946.0,1998.0,1941.1500244140625,1991.199951171875,3400908,1916.6575012207031,1836.2969970703123,0.01924650699008157,0.02561542032746837
2020-05-22,1977.0999755859373,2032.0,1961.25,2020.3499755859373,3663418,1923.7625,1834.2029956054685,0.014639426039010583,0.022216162241734644
2020-05-26,2015.0,2024.0,1925.0,1943.0,4575317,1929.9849975585937,1830.733996582031,-0.03828543396967865,0.0228052542760255
2020-05-27,1959.0,2010.0,1941.25,2005.300048828125,3482160,1938.4200012207032,1831.3929980468747,0.03206384396712547,0.023651957651454312
2020-05-28,1988.5,2014.0,1971.300048828125,2004.300048828125,3475681,1945.6825012207032,1832.4049999999997,-0.000498678489827209,0.023609111555353165
2020-05-29,1982.0,2002.6500244140625,1962.4000244140625,1972.3499755859373,7237735,1949.0174987792968,1836.4549999999997,-0.01594076359019614,0.02346646452511253
2020-06-01,1990.0,2060.0,1981.0999755859373,2045.25,3747773,1950.5575012207032,1841.2339990234373,0.03696099846195189,0.021310771017745984
2020-06-02,2060.199951171875,2081.0,2040.050048828125,2047.1500244140625,2443886,1956.3925048828125,1848.2489990234371,0.0009289937240251067,0.01880214712890903
2020-06-03,2051.85009765625,2063.75,2020.0,2046.1500244140625,3699799,1962.0625061035157,1856.0119995117184,-0.0004884839841116095,0.018814902286627497
2020-06-04,2046.75,2100.0,2046.75,2091.550048828125,4048593,1971.460009765625,1864.7549999999997,0.02218802329856695,0.0187729838874178
2020-06-05,2091.60009765625,2098.0,2040.300048828125,2048.25,3573289,1979.2900085449219,1872.993000488281,-0.020702372793988677,0.019487943156169175
2020-06-08,2078.25,2095.0,2062.10009765625,2071.75,2957841,1988.2075073242188,1878.4790014648433,0.01147320883681191,0.01953831208133192
2020-06-09,2063.10009765625,2095.5,2060.25,2072.050048828125,2909439,1995.0450073242187,1886.5260034179685,0.00014482868498855161,0.01911961173933221
2020-06-10,2077.050048828125,2132.0,2073.5,2108.75,5168397,2003.0075073242188,1894.6380029296872,0.017711903818458108,0.0193656890346995
2020-06-11,2100.0,2105.0,2061.800048828125,2067.64990234375,2269513,2008.9075012207031,1900.9849999999997,-0.01949026563426204,0.020062020458403433
2020-06-12,2011.199951171875,2049.199951171875,2011.0,2039.5,2842642,2015.7650024414063,1905.956000976562,-0.013614443292281342,0.019428120724841354
2020-06-15,2039.0999755859373,2059.0,2000.949951171875,2029.9000244140625,2399022,2022.6150024414062,1910.0640014648434,-0.004707024067633014,0.01942211467197026
2020-06-16,2065.0,2073.949951171875,2031.0,2045.800048828125,2146528,2027.6250061035157,1915.410002441406,0.007832910105339819,0.018610401920402433
2020-06-17,2046.0,2058.85009765625,2026.550048828125,2047.800048828125,2703527,2032.5825073242188,1919.8440039062498,0.0009776126465270707,0.018612723222682905
2020-06-18,2045.0,2059.199951171875,2025.199951171875,2038.0999755859373,1944389,2036.8075073242187,1926.4310034179684,-0.00473682635555106,0.01868594660123858
2020-06-19,2042.0,2090.0,2032.0,2044.5999755859373,5681758,2039.4775085449219,1934.2390039062498,0.003189244923145207,0.018258908322252642
2020-06-22,2050.0,2052.25,2019.1500244140625,2027.949951171875,3196138,2039.8575073242187,1939.2940039062496,-0.008143414170437291,0.01810489908499007
2020-06-23,2027.0,2044.0,2010.0,2035.300048828125,4205944,2044.472509765625,1945.8910058593747,0.0036243979551875416,0.015658752087120427
2020-06-24,2034.0,2064.25,2031.5999755859373,2042.199951171875,2560937,2046.3175048828125,1951.4120043945309,0.003390115549656958,0.014031693159845347
2020-06-25,2035.0,2060.0,2009.25,2016.0999755859373,3043931,2046.9075012207031,1956.5490039062497,-0.012780323283702377,0.014365733997745735
2020-06-26,2025.0,2132.0,2019.949951171875,2118.85009765625,6300722,2054.2325073242187,1964.2230053710934,0.05096479505707574,0.01775311350419476
2020-06-29,2108.0,2127.60009765625,2091.300048828125,2101.64990234375,3076341,2057.0525024414064,1971.935002441406,-0.008117702772615143,0.01609725460791634
2020-06-30,2100.0,2111.89990234375,2075.050048828125,2082.14990234375,3071725,2058.8024963378907,1977.4540014648435,-0.009278424526489304,0.01627653646828207
2020-07-01,2079.699951171875,2113.949951171875,2079.5,2092.050048828125,2503466,2061.0974975585937,1982.9220019531247,0.004754771245447209,0.016293993213051482
2020-07-02,2102.0,2165.0,2098.0,2157.14990234375,3758699,2064.377490234375,1991.3119995117186,0.03111773236595905,0.01700521368606922
2020-07-03,2163.64990234375,2205.0,2160.25,2199.64990234375,4185208,2071.9474853515626,1999.9149975585935,0.019701922408741135,0.016601393328970062
2020-07-06,2205.0,2269.89990234375,2205.0,2263.199951171875,5190366,2081.519982910156,2007.613996582031,0.02889098340622831,0.0174649825801715
2020-07-07,2275.0,2302.699951171875,2232.14990234375,2269.89990234375,5630055,2091.4124755859375,2016.6409936523435,0.0029603885279361197,0.01743874968309854
2020-07-08,2270.0,2274.39990234375,2207.60009765625,2218.89990234375,2793358,2096.919970703125,2024.2869921874997,-0.02246795109658395,0.01816177969316116
2020-07-09,2229.0,2244.5,2191.050048828125,2204.35009765625,3443998,2103.75498046875,2031.1929931640623,-0.006557215434608632,0.0175499152195523
2020-07-10,2205.25,2249.85009765625,2176.0,2222.35009765625,9610320,2112.8974853515624,2037.5269946289059,0.0081656720586889,0.017112118321950295
2020-07-13,2220.0,2244.949951171875,2210.0,2220.0,2963503,2122.402484130859,2041.6379956054684,-0.0010574830935632384,0.01702870993820144
2020-07-14,2210.0,2239.0,2165.0,2171.949951171875,2976738,2128.7099792480467,2046.4679956054686,-0.02164416613879505,0.017984924968301532
2020-07-15,2185.0,2260.0,2181.10009765625,2233.89990234375,5569321,2138.014971923828,2052.4909936523436,0.028522734208700218,0.018844151732718396
2020-07-16,2244.0,2333.0,2220.10009765625,2234.75,8582118,2147.8474731445312,2059.113994140625,0.0003805442022528638,0.018746262970343482
2020-07-17,2237.0,2243.89990234375,2190.050048828125,2200.75,4509135,2155.6549743652345,2065.295993652344,-0.015214229779617394,0.019272778798303126
2020-07-20,2201.0,2226.89990234375,2190.800048828125,2207.89990234375,2952646,2164.652471923828,2071.5859912109377,0.0032488480489605287,0.019066569593954627
2020-07-21,2230.0,2238.64990234375,2201.14990234375,2225.050048828125,2665286,2174.139971923828,2077.3809912109373,0.007767628625813039,0.019079856637267897
2020-07-22,2231.0,2231.0,2184.199951171875,2190.949951171875,2861534,2181.577471923828,2082.209990234375,-0.015325541856557212,0.019596224651368503
2020-07-23,2190.949951171875,2190.949951171875,2163.0,2171.199951171875,2265766,2189.332470703125,2086.6409887695313,-0.009014354704650507,0.01944704091172219
2020-07-24,2154.5,2163.0,2125.10009765625,2157.39990234375,3665100,2191.2599609375,2091.7419873046874,-0.006355954835332689,0.01607583088180246
2020-07-27,2165.0,2215.0,2163.5,2206.800048828125,4248480,2196.517468261719,2098.0199877929685,0.02289800163182898,0.0166338629469919
2020-07-28,2215.0,2320.0,2215.0,2309.75,8092319,2207.8974731445314,2105.30298828125,0.04665123658418646,0.01906065281744877
2020-07-29,2292.0,2342.0,2246.050048828125,2276.050048828125,6090431,2217.0974731445312,2111.8509887695313,-0.014590302488093898,0.019577417703962787
2020-07-30,2285.89990234375,2358.0,2272.25,2279.5,7098496,2223.214978027344,2118.3689892578127,0.0015157624383748125,0.018543165177481336
2020-07-31,2303.14990234375,2334.800048828125,2257.449951171875,2281.39990234375,4723290,2227.3024780273436,2124.17298828125,0.0008334732808730205,0.018119769173435808
2020-08-03,2290.449951171875,2303.85009765625,2230.699951171875,2254.14990234375,4012337,2226.8499755859375,2128.848986816406,-0.011944420604211192,0.0172054758451855
2020-08-04,2259.949951171875,2269.64990234375,2225.050048828125,2249.699951171875,2927928,2225.839978027344,2134.982985839844,-0.0019741150165959453,0.017195240649811833
2020-08-05,2260.0,2300.0,2253.0,2259.5,3800641,2227.869982910156,2140.066984863281,0.004356158172568847,0.016403736633853565
2020-08-06,2275.0,2319.5,2265.35009765625,2308.10009765625,4748047,2233.057482910156,2146.1429858398437,0.021509226667957515,0.016912842798711365
2020-08-07,2308.0,2328.0,2287.0,2295.35009765625,3165491,2236.707482910156,2152.60298828125,-0.005524023855354887,0.01694575736713535
2020-08-10,2318.0,2325.0,2276.050048828125,2282.800048828125,2929353,2239.8474853515627,2157.3539892578124,-0.0054675967909817436,0.017012799605724348
2020-08-11,2283.0,2312.0,2275.60009765625,2279.89990234375,2774423,2245.244982910156,2162.0089868164064,-0.0012704338629498935,0.016139619064434233
2020-08-12,2288.35009765625,2296.39990234375,2246.550048828125,2257.35009765625,3415751,2246.4174926757814,2166.23298828125,-0.00989069944005816,0.015140877737902535
2020-08-13,2273.0,2300.0,2250.5,2254.449951171875,2695682,2247.402490234375,2169.490986328125,-0.0012847570642170458,0.015146896507477008
2020-08-14,2277.0,2281.300048828125,2233.10009765625,2242.14990234375,2270405,2249.4724853515627,2173.368984375,-0.005455897932766907,0.01476484779119624
2020-08-17,2263.0,2270.0,2238.25,2253.39990234375,2625630,2251.7474853515623,2177.001982421875,0.005017505737792138,0.014784095007420308
2020-08-18,2262.800048828125,2289.0,2248.300048828125,2269.75,3493374,2253.9824829101562,2180.9559814453123,0.007255746145743647,0.014772424091110245
2020-08-19,2276.35009765625,2284.60009765625,2252.5,2256.60009765625,2843005,2257.264990234375,2183.9129833984375,-0.005793546577266273,0.014362787266131521
2020-08-20,2257.0,2276.550048828125,2240.050048828125,2252.85009765625,2895164,2261.3474975585937,2187.6169873046874,-0.0016617920046599899,0.01417032518370249
2020-08-21,2260.0,2271.0,2241.050048828125,2248.60009765625,1975294,2265.907507324219,2191.7989892578125,-0.0018864992413039072,0.01406745795684366
2020-08-24,2250.60009765625,2259.949951171875,2230.0,2248.10009765625,2167966,2267.972509765625,2196.162990722656,-0.00022236057025937228,0.013197034247662751
2020-08-25,2245.0,2250.0,2233.550048828125,2242.64990234375,1663419,2264.6175048828127,2200.099987792969,-0.002424356156641827,0.007668081574985457
2020-08-26,2242.0,2259.89990234375,2216.449951171875,2253.5,2618149,2263.4900024414064,2204.2139868164063,0.004838070197631383,0.007126675710615641
2020-08-27,2266.0,2287.35009765625,2241.75,2248.39990234375,3579393,2261.9349975585938,2208.4199853515624,-0.002263189552363043,0.0071212458433548105
2020-08-28,2268.39990234375,2279.949951171875,2235.10009765625,2238.550048828125,2941136,2259.7925048828124,2212.2989868164063,-0.004380828119302738,0.00715893794107504
2020-08-31,2240.0,2276.199951171875,2228.0,2257.25,6018154,2259.947509765625,2216.884987792969,0.008353599769486575,0.0069500337693889904
2020-09-01,2269.0,2278.0,2241.300048828125,2246.35009765625,3610908,2259.7800170898436,2221.1059887695315,-0.004828841441466336,0.0070236143041169045
2020-09-02,2247.0,2268.75,2241.64990234375,2265.14990234375,2084137,2260.0625122070314,2225.5649877929686,0.008369044837273965,0.00721096665207081
2020-09-03,2268.0,2324.0,2268.0,2299.5,4654146,2259.6325073242188,2231.23298828125,0.015164602404771577,0.0063044027699607225
2020-09-04,2275.0,2324.25,2262.949951171875,2288.800048828125,5231303,2259.3050048828127,2234.6319873046873,-0.004653164240867591,0.006268366076330024
2020-09-07,2289.0,2343.5,2283.35009765625,2327.050048828125,4620401,2261.5175048828123,2239.139990234375,0.01671181369450947,0.007170341322881503
2020-09-08,2335.949951171875,2390.449951171875,2327.050048828125,2348.199951171875,7453998,2264.932507324219,2244.4609912109377,0.009088718291383913,0.007370231603611418
2020-09-09,2325.0,2359.0,2320.0,2327.64990234375,3866535,2268.4474975585936,2249.17298828125,-0.008751405014666425,0.0072814048597259155
2020-09-10,2335.0,2348.5,2324.300048828125,2331.14990234375,2308813,2272.2824951171874,2252.65298828125,0.0015036625552991012,0.007250706486211386
2020-09-11,2330.949951171875,2383.0,2330.14990234375,2374.10009765625,4145424,2278.8800048828125,2256.1419921875,0.018424467370939057,0.007943601000720266
2020-09-14,2384.10009765625,2505.75,2381.85009765625,2491.39990234375,7512131,2290.7800048828126,2260.7059912109376,0.04940811248999166,0.01309786134997428
2020-09-15,2491.39990234375,2538.0,2464.60009765625,2491.39990234375,7318770,2301.8625,2265.1359912109374,0.0,0.013135806172734946
2020-09-16,2488.949951171875,2507.60009765625,2477.300048828125,2503.0,3074003,2314.1824951171875,2270.8179931640625,0.004656056077283033,0.012900072378130352
2020-09-17,2480.0,2495.75,2450.60009765625,2460.949951171875,4828176,2324.5874877929687,2275.949990234375,-0.01679985969961051,0.013744789615845823
2020-09-18,2485.0,2500.39990234375,2436.39990234375,2449.89990234375,4183256,2334.652478027344,2280.500986328125,-0.004490155853378086,0.013820736266962019
2020-09-21,2465.0,2504.89990234375,2452.14990234375,2465.300048828125,4598809,2345.5124755859374,2285.4069873046874,0.0062860308985042135,0.013783109156563023
2020-09-22,2485.0,2555.0,2458.0,2522.949951171875,7499613,2359.527478027344,2292.4269873046874,0.023384537866355748,0.014279190399924093
2020-09-23,2510.0,2519.85009765625,2409.0,2467.449951171875,7502280,2370.2249755859375,2297.09798828125,-0.02199805825486989,0.015594532904986493
2020-09-24,2450.0,2450.0,2302.60009765625,2332.25,8424708,2374.41748046875,2299.04798828125,-0.054793391496214094,0.020480190347245703
2020-09-25,2368.0,2440.0,2352.10009765625,2422.300048828125,8228267,2383.60498046875,2303.4789892578124,0.03861080451414933,0.02197334755085347
2020-09-28,2440.0,2444.0,2366.0,2426.300048828125,4347166,2392.057482910156,2307.8469921875,0.0016513230893651087,0.02195748584875563
2020-09-29,2434.85009765625,2511.050048828125,2426.300048828125,2488.39990234375,6995811,2404.1599731445312,2313.1139892578126,0.025594465756870743,0.022374659769297877
2020-09-30,2489.0,2505.0,2460.0,2492.300048828125,3917166,2415.51748046875,2319.1409912109375,0.0015673310711439292,0.02237834175883261
2020-10-01,2510.0,2540.0,2492.300048828125,2523.449951171875,2610337,2426.714978027344,2326.1859912109376,0.01249845593767751,0.022322653793315293
2020-10-05,2620.0,2728.10009765625,2603.050048828125,2705.800048828125,17412105,2447.564978027344,2337.153994140625,0.07226222084237,0.026773017363918544
2020-10-06,2736.0,2736.0,2650.10009765625,2714.300048828125,9846367,2466.9274780273436,2347.303994140625,0.003141399898962005,0.02673230054074085
2020-10-07,2742.0,2770.0,2703.0,2735.949951171875,9656101,2486.314978027344,2355.8279931640627,0.00797623768716993,0.02673120963313633
2020-10-08,2800.0,2885.0,2800.0,2825.699951171875,19839329,2511.21748046875,2366.8209912109373,0.032803962646158036,0.02697399220497785
2020-10-09,2810.0,2829.85009765625,2780.0,2812.949951171875,7739245,2535.307482910156,2377.489990234375,-0.004512156357829977,0.027107922238782854
2020-10-12,2815.5,2854.0,2800.75,2830.0,4623203,2558.1024780273438,2388.4619921875,0.006061269885382137,0.027041389297349495
2020-10-13,2845.0,2854.89990234375,2812.199951171875,2826.550048828125,4209878,2574.8599853515625,2399.9099951171875,-0.0012190640183303847,0.025395509936366405
2020-10-14,2842.0,2842.0,2787.550048828125,2809.60009765625,4395936,2590.7699951171876,2411.107998046875,-0.005996692391455172,0.02551308625801302
2020-10-15,2811.0,2827.75,2727.0,2740.60009765625,6629355,2602.65,2420.73,-0.024558655182835176,0.02643394279519846
2020-10-16,2750.10009765625,2771.64990234375,2731.300048828125,2763.300048828125,5273773,2617.7675048828123,2429.8339990234376,0.00828283965664589,0.025941985143998158
2020-10-19,2774.0,2774.0,2706.60009765625,2711.550048828125,3331194,2630.8500122070313,2438.157998046875,-0.018727607963509585,0.026439260726863135
2020-10-20,2725.0,2759.89990234375,2717.949951171875,2739.0,3406273,2644.535009765625,2447.2819970703126,0.010123342987431894,0.02645982390945395
2020-10-21,2739.0,2749.0,2663.050048828125,2675.39990234375,4570143,2652.157507324219,2455.1919970703125,-0.023220188994614865,0.026860994861295992
2020-10-22,2661.0,2686.64990234375,2638.10009765625,2671.14990234375,5262294,2662.3425048828126,2463.4679931640626,-0.0015885475648993452,0.026230505975783077
2020-10-23,2687.800048828125,2702.0,2670.10009765625,2686.800048828125,3499091,2680.0700073242188,2472.1149951171874,0.005858954778480641,0.022242058522971255
2020-10-26,2689.949951171875,2709.949951171875,2670.5,2688.199951171875,2672752,2693.3650024414064,2481.03599609375,0.0005210295959168221,0.021019843896958275
2020-10-27,2699.75,2718.14990234375,2624.10009765625,2630.14990234375,3537502,2703.5574951171875,2488.57099609375,-0.02159439397460705,0.021865230829676514
2020-10-28,2650.0,2655.949951171875,2606.0,2622.199951171875,3569445,2710.2474975585938,2495.6199951171875,-0.003022622841683198,0.021325572362143802
2020-10-29,2608.0,2655.0,2600.25,2632.64990234375,3105968,2717.264990234375,2503.1409912109375,0.003985184717589796,0.021324873916136067
2020-10-30,2636.10009765625,2674.35009765625,2621.60009765625,2664.85009765625,3427003,2724.334997558594,2511.3809912109373,0.012231096616315495,0.021318658589645535
2020-11-02,2660.0,2664.85009765625,2600.050048828125,2604.60009765625,2571196,2719.275,2518.5009912109376,-0.022609151656594162,0.014568262289118302
2020-11-03,2604.0,2665.0,2601.050048828125,2633.60009765625,2879269,2715.2400024414064,2526.2109912109377,0.011134146860432015,0.01481852066973253
2020-11-04,2610.0,2721.85009765625,2610.0,2653.14990234375,4893928,2711.1,2534.4209912109377,0.007423224469386369,0.014800602371071177
2020-11-05,2685.0,2710.0,2667.0,2685.699951171875,2816502,2704.1,2543.064990234375,0.012268454488519875,0.012889505193050849
2020-11-06,2699.0,2713.25,2681.300048828125,2707.449951171875,3884421,2698.825,2552.2459912109375,0.008098447479402804,0.013090604531271267
2020-11-09,2731.10009765625,2744.0,2695.10009765625,2726.60009765625,3646592,2693.6550048828126,2562.0069921875,0.0070731303735036555,0.013124608951743166
2020-11-10,2697.199951171875,2713.14990234375,2638.35009765625,2649.60009765625,4760020,2684.807507324219,2569.853994140625,-0.02824029826236274,0.014393615653874745
2020-11-11,2667.949951171875,2692.800048828125,2643.39990234375,2687.800048828125,3242441,2678.7175048828126,2578.6829931640623,0.014417251571535505,0.014894565955465655
2020-11-12,2686.0,2713.0,2661.75,2671.050048828125,2437505,2675.2400024414064,2586.80099609375,-0.006231862376556929,0.013976043230392829
2020-11-13,2655.75,2664.89990234375,2636.0,2656.85009765625,2548093,2669.9175048828124,2593.947998046875,-0.005316243017649547,0.013820820387214501
2020-11-14,2677.949951171875,2689.0,2660.050048828125,2670.35009765625,298819,2667.8575073242187,2601.5789990234375,0.005081204999826339,0.013308334194138245
2020-11-17,2695.0,2695.0,2650.050048828125,2666.050048828125,2827273,2664.210009765625,2608.3589990234377,-0.0016102940329431048,0.013063374952722707
2020-11-18,2661.0,2664.199951171875,2607.050048828125,2626.64990234375,2893762,2661.772509765625,2613.927998046875,-0.014778472182730984,0.012438139624338242
2020-11-19,2637.0,2676.14990234375,2630.85009765625,2636.89990234375,4167501,2660.060009765625,2620.112998046875,0.003902309169887541,0.012481387201838735
2020-11-20,2655.0,2676.0,2627.550048828125,2660.25,2711471,2658.7325073242187,2626.695,0.008855132360350737,0.012580207882952372
2020-11-23,2690.0,2730.0,2665.0,2724.25,3706418,2660.535009765625,2633.697998046875,0.02405788929611874,0.013722020851668862
2020-11-24,2734.39990234375,2743.0,2705.0,2722.050048828125,3120516,2665.130017089844,2638.3110009765624,-0.0008075437907222316,0.012688317413133615
2020-11-25,2729.0,2732.949951171875,2688.199951171875,2701.300048828125,3302249,2669.0850219726562,2642.50900390625,-0.00762293110993062,0.012821259944204653
2020-11-26,2686.0,2730.949951171875,2680.0,2720.60009765625,2341099,2673.482531738281,2646.861005859375,0.00714472605014671,0.012872007501221147
2020-11-27,2705.0,2717.699951171875,2669.050048828125,2679.64990234375,6086808,2674.222521972656,2651.2350048828125,-0.015051898052851564,0.013142678292431325
2020-12-01,2679.0,2735.89990234375,2624.449951171875,2726.800048828125,3605017,2680.33251953125,2656.7730078125,0.017595636819248472,0.012503863045831318
2020-12-02,2719.0,2754.699951171875,2702.449951171875,2749.550048828125,2509032,2686.130017089844,2662.4580078125,0.008343112656821638,0.012416163725705542
2020-12-03,2773.89990234375,2773.89990234375,2700.800048828125,2709.449951171875,2852548,2688.94501953125,2666.1880078125,-0.014584239946219935,0.012897564277628096
2020-12-04,2710.800048828125,2738.85009765625,2699.0,2727.550048828125,2686527,2691.0375244140623,2671.390009765625,0.006680358737913394,0.012702615705261187
2020-12-07,2715.0,2744.0,2706.14990234375,2737.699951171875,1996400,2692.5500244140626,2679.4990087890624,0.003721252465417102,0.01260852040323766
2020-12-08,2740.0,2805.550048828125,2732.449951171875,2797.300048828125,4277818,2696.0850219726562,2686.9990087890624,0.021770135047392003,0.013406735845173868
2020-12-09,2815.0,2840.0,2793.14990234375,2810.800048828125,3659996,2704.14501953125,2694.6890087890624,0.004826082209398841,0.011461201068735728
2020-12-10,2818.0,2827.300048828125,2780.25,2784.300048828125,2127801,2708.97001953125,2700.60701171875,-0.009427920712840598,0.01145340039118248
2020-12-11,2792.699951171875,2807.699951171875,2764.550048828125,2783.60009765625,1795408,2714.597521972656,2706.4330126953123,-0.00025139214869085436,0.011309077703608254
2020-12-14,2802.0,2804.0,2756.25,2797.699951171875,2483658,2721.6400146484375,2711.9180126953124,0.0050653301555410035,0.011187084166652254
2020-12-15,2786.0,2794.699951171875,2755.0,2761.550048828125,2365509,2726.2000122070312,2713.0330126953127,-0.012921293553516344,0.011693568533421517
2020-12-16,2779.0,2819.800048828125,2760.449951171875,2814.199951171875,2565149,2733.6075073242187,2715.0310107421874,0.019065344249723948,0.012280496344681676
2020-12-17,2811.0,2853.699951171875,2805.0,2838.199951171875,2863460,2744.185009765625,2717.0760107421875,0.008528178671173059,0.011614477526012823
2020-12-18,2868.0,2898.0,2846.199951171875,2861.0,6076692,2755.3900146484375,2717.78201171875,0.008033277859338606,0.011650365863445533
2020-12-21,2861.0,2886.5,2785.0,2820.14990234375,2705195,2763.385009765625,2717.9260107421874,-0.014278258530671106,0.012289573513742493
2020-12-22,2834.0,2883.64990234375,2818.64990234375,2872.5,2881737,2770.797509765625,2718.7760107421873,0.018562877672829714,0.011847350804267034
2020-12-23,2876.050048828125,2919.0,2865.449951171875,2908.75,2790988,2780.1325073242188,2720.420009765625,0.012619669277632806,0.0120162004480727
2020-12-24,2909.0,2921.35009765625,2883.199951171875,2909.35009765625,1807144,2790.535009765625,2722.415009765625,0.00020630774602481416,0.011763379071848518
2020-12-28,2910.0,2949.699951171875,2902.0,2929.39990234375,2108994,2800.975,2726.191005859375,0.006891506355199972,0.01175970537215739
2020-12-29,2920.0,2952.0,2920.0,2930.5,1994151,2813.5175048828123,2729.5350048828127,0.00037553686520230833,0.010937357849284419
2020-12-30,2934.39990234375,2947.699951171875,2902.0,2909.300048828125,2637968,2822.6425048828123,2733.4900048828126,-0.007234243703079679,0.01078571311450978
2020-12-31,2900.0,2905.0,2845.0,2862.75,4040956,2828.3025024414064,2735.9650048828125,-0.016000428985272763,0.011534212989833755
2021-01-01,2880.0,2940.0,2879.0,2928.25,2681440,2839.2425048828127,2741.0220068359376,0.02288009780805167,0.011725616434787518
2021-01-04,2950.0,3050.75,2940.949951171875,3039.449951171875,5113293,2854.8375,2748.3880078125,0.037974883009263216,0.013979741304831917
2021-01-05,3039.60009765625,3114.25,3039.60009765625,3093.0,5801309,2872.602502441406,2756.5120068359374,0.017618335451609735,0.014228766835019818
2021-01-06,3100.0,3113.5,3037.199951171875,3051.5,3726716,2885.3125,2763.7780078125,-0.013417394115745274,0.01437884599586935
2021-01-07,3075.0,3080.85009765625,3000.25,3032.800048828125,3717827,2896.4125,2771.8310107421876,-0.006128117703383618,0.014571341834693151
2021-01-08,3090.0,3128.0,3060.0,3120.89990234375,5879039,2913.2424926757812,2781.805009765625,0.02904901480388289,0.015242508664137133
2021-01-11,3230.0,3230.0,3146.550048828125,3176.449951171875,9508039,2932.8849853515626,2792.6810107421875,0.017799368953296923,0.01539697079867631
2021-01-12,3176.449951171875,3210.0,3150.0,3174.85009765625,3611458,2951.7424926757812,2802.8810107421873,-0.000503660860463051,0.015478884841956891
2021-01-13,3175.0,3177.0,3126.25,3158.949951171875,3572801,2971.6124877929688,2813.9680078125,-0.005008156604342617,0.01505277967880122
2021-01-14,3155.0,3266.5,3120.39990234375,3250.699951171875,6931542,2993.4374877929686,2826.3100048828123,0.029044461424899692,0.01563313556116987
2021-01-15,3235.0,3274.0,3210.0,3233.35009765625,4131692,3013.1949951171873,2837.9140087890623,-0.005337266981337518,0.015883603115225922
2021-01-18,3250.0,3256.75,3187.39990234375,3221.75,4160906,3031.2324951171877,2848.635009765625,-0.0035876404675938556,0.016042383693110958
2021-01-19,3233.0,3279.0,3232.0,3260.699951171875,2975735,3053.2599975585936,2859.700009765625,0.01208968764549545,0.015350107859763264
2021-01-20,3270.0,3327.949951171875,3267.10009765625,3308.800048828125,3453446,3075.075,2871.3440087890626,0.014751463911594431,0.015227326843260346
2021-01-21,3305.0,3309.14990234375,3262.10009765625,3273.85009765625,2778546,3093.3300048828123,2883.8290087890623,-0.010562726866573002,0.015669316388500942
2021-01-22,3241.89990234375,3325.0,3241.89990234375,3303.10009765625,3052459,3113.0175048828123,2896.135009765625,0.008934434725933249,0.015619607523150341
2021-01-25,3308.949951171875,3339.800048828125,3278.64990234375,3291.300048828125,2272887,3131.112512207031,2908.540009765625,-0.0035724163601635883,0.015779580750974125
2021-01-27,3300.0,3306.449951171875,3227.0,3261.050048828125,2786662,3147.6400146484375,2920.6240087890624,-0.009190897077515192,0.016099464791790814
2021-01-28,3230.0,3275.0,3183.800048828125,3196.550048828125,3083938,3162.0025146484377,2931.1480078125,-0.019778905271073177,0.016847853108680012
2021-01-29,3210.050048828125,3216.85009765625,3100.0,3111.35009765625,5445659,3174.43251953125,2940.0540087890627,-0.026653720376788703,0.017689247379224327
2021-02-01,3100.0,3165.0,3044.10009765625,3139.35009765625,3985846,3184.9875244140626,2950.3080126953123,0.00899930869916954,0.017187918095910276
2021-02-02,3174.0,3224.0,3150.0,3203.449951171875,2881837,3193.1875244140624,2961.639013671875,0.02041819214858509,0.01572759261975619
2021-02-03,3213.0,3236.0,3162.64990234375,3200.050048828125,2505866,3198.5400268554686,2972.4350146484376,-0.0010613252573233867,0.015348118528210764
2021-02-04,3216.050048828125,3237.85009765625,3176.0,3188.449951171875,2057261,3205.3875244140627,2981.719013671875,-0.0036249738220494043,0.014988625462867264
2021-02-05,3198.949951171875,3205.85009765625,3129.0,3157.949951171875,2366135,3211.64501953125,2990.43701171875,-0.00956577662095337,0.015109630517224564
2021-02-08,3189.5,3226.0,3155.14990234375,3214.10009765625,2526592,3216.305029296875,3000.6930126953125,0.01778056883502499,0.014238049746353646
2021-02-09,3195.0,3245.800048828125,3164.0,3176.89990234375,2658751,3216.327526855469,3009.8190087890625,-0.011574062469189017,0.013988463530067038
2021-02-10,3185.0,3219.39990234375,3157.300048828125,3213.300048828125,2127983,3218.2500244140624,3020.49201171875,0.011457756807987884,0.01421516918677101
2021-02-11,3215.0,3219.300048828125,3185.050048828125,3206.0,1165882,3220.6025268554686,3030.0760107421875,-0.0022718229599465456,0.014170457519467905
2021-02-12,3184.199951171875,3245.5,3182.0,3190.800048828125,2777404,3217.607531738281,3038.9010107421873,-0.0047410951877339125,0.01255191800827401
2021-02-15,3209.0,3209.0,3131.550048828125,3139.85009765625,2630853,3212.9325317382813,3047.509013671875,-0.015967766827190366,0.012969856210706636
2021-02-16,3150.0,3167.64990234375,3100.0,3108.800048828125,3435770,3207.2850341796875,3055.134013671875,-0.009889022680191761,0.013102016625913102
2021-02-17,3105.10009765625,3132.85009765625,3045.550048828125,3073.10009765625,3678426,3197.9050415039064,3061.8420166015626,-0.01148351473596132,0.01285407243189556
2021-02-18,3065.0,3097.89990234375,3031.0,3057.35009765625,4189909,3185.3325439453124,3067.043017578125,-0.0051251177961993966,0.012169292338594147
2021-02-19,3058.0,3087.14990234375,3016.14990234375,3071.85009765625,3725028,3175.2325439453125,3072.2640185546875,0.00474266915362942,0.012207689799450576
2021-02-22,3096.0,3096.0,2943.14990234375,2958.449951171875,5366696,3158.000036621094,3075.7470166015623,-0.03691591154493401,0.014000627283526376
2021-02-23,2970.0,3028.0,2968.0,2980.199951171875,3832829,3142.445031738281,3079.679013671875,0.007351822866357605,0.014285906154047888
2021-02-24,2972.0,3003.35009765625,2921.14990234375,2948.10009765625,3774549,3126.7975341796873,3082.6870166015624,-0.010771040212588012,0.01431548825598585
2021-02-25,2974.0,3029.89990234375,2968.449951171875,2995.300048828125,4224073,3116.7350341796873,3087.3620166015626,0.016010294633278965,0.014596245706833062
2021-02-26,2960.0,2972.35009765625,2880.0,2894.300048828125,5553153,3105.882531738281,3088.9640185546873,-0.03371949332405444,0.015265392167306548
2021-03-01,2926.0,2965.0,2901.800048828125,2924.199951171875,3265871,3095.1250244140624,3090.6840185546876,0.010330615982906188,0.0153255372512339
2021-03-02,2960.0,3025.0,2948.0,3006.35009765625,3306469,3085.2700317382814,3093.5910205078126,0.02809320424598649,0.016033870695659376
2021-03-03,3035.0,3064.0,2996.89990234375,3059.10009765625,3509857,3078.2225341796875,3098.3700244140623,0.01754619331964169,0.016681927387466256
2021-03-04,3023.0,3081.449951171875,3016.050048828125,3049.699951171875,3916760,3071.2850341796875,3101.9140234375,-0.003072846976003518,0.016679756951517594
2021-03-05,3016.10009765625,3063.199951171875,2996.60009765625,3008.050048828125,3203686,3063.7900390625,3103.9000244140625,-0.013657049221430961,0.0168009248147536
2021-03-08,3016.0,3033.0,2996.0,3006.949951171875,2003125,3053.4325317382813,3105.852021484375,-0.00036571786984684884,0.01613662708761461
2021-03-09,3006.949951171875,3066.89990234375,2992.10009765625,3050.949951171875,1942397,3047.1350341796874,3108.2830224609374,0.014632767659751744,0.01648128784242728
2021-03-10,3075.0,3093.199951171875,3060.0,3070.949951171875,3053778,3040.017529296875,3111.092021484375,0.0065553353283680504,0.016307854307054465
2021-03-12,3075.0,3117.0,3041.35009765625,3057.949951171875,2938317,3032.615026855469,3114.06501953125,-0.0042332178012342014,0.016314611052592312
2021-03-15,3041.0,3099.0,3041.0,3066.14990234375,3097083,3026.38251953125,3118.133017578125,0.002681519090504514,0.016338983670778427
2021-03-16,3060.0,3141.0,3060.0,3110.050048828125,4894756,3024.8925170898438,3121.7690185546876,0.014317677831347408,0.01636633831062336
2021-03-17,3105.0,3155.0,3085.300048828125,3112.949951171875,3838390,3025.1000122070313,3123.2390185546874,0.0009324294780537201,0.016212484599080895
2021-03-18,3125.949951171875,3146.449951171875,2987.050048828125,3036.5,3656306,3023.2700073242186,3122.1090185546873,-0.02455868304053377,0.016954727693286355
2021-03-19,3030.0,3099.0,3005.0,3050.199951171875,5776626,3022.9125,3122.083017578125,0.004511757342952505,0.016952143580664266
2021-03-22,3048.699951171875,3139.449951171875,3018.64990234375,3129.64990234375,2821646,3025.802490234375,3124.0200146484376,0.02604745670569919,0.01790697042365841
2021-03-23,3140.0,3169.0,3122.85009765625,3142.60009765625,3305973,3035.0099975585936,3124.4540185546875,0.0041379054260355375,0.015514750371468324
2021-03-24,3111.199951171875,3152.300048828125,3111.14990234375,3121.10009765625,2207104,3042.0550048828127,3123.347021484375,-0.006841468634852577,0.015636022230970728
2021-03-25,3112.199951171875,3130.85009765625,3050.0,3064.85009765625,3179786,3047.8925048828123,3121.147021484375,-0.018022491506196836,0.016037144691872618
2021-03-26,3090.64990234375,3118.0,3043.050048828125,3066.800048828125,3697370,3051.4675048828126,3119.3040234375,0.0006362305201699225,0.015698478802557633
2021-03-30,3083.0,3188.449951171875,3060.89990234375,3158.550048828125,4694008,3064.6800048828127,3117.461025390625,0.02991717703769403,0.014640973111076783
2021-03-31,3155.0,3205.0,3132.0,3177.85009765625,3530069,3077.362512207031,3116.351025390625,0.0061104141234948894,0.01458250048593533
2021-04-01,3191.10009765625,3215.0,3145.0,3165.0,4285076,3085.2950073242187,3115.216025390625,-0.004043644999406126,0.013553342828425836
2021-04-05,3171.0,3263.0,3151.0,3238.89990234375,5317862,3094.2849975585937,3114.7800244140626,0.023349100266587763,0.013945206582364141
2021-04-06,3275.0,3275.0,3230.0,3264.699951171875,2291562,3105.0349975585937,3113.8980224609377,0.007965682671902119,0.013912619464007786
2021-04-07,3259.0,3277.550048828125,3234.800048828125,3271.39990234375,2491268,3118.202490234375,3113.8490185546875,0.0020522410243153377,0.013323774246951182
2021-04-08,3270.0,3335.0,3266.050048828125,3317.35009765625,2578118,3133.7224975585937,3114.1340185546874,0.014046034322975798,0.013447913305382673
2021-04-09,3354.0,3354.35009765625,3308.0,3322.25,2911129,3147.2875,3114.753017578125,0.001477053129608441,0.013273051225324059
2021-04-12,3322.25,3338.10009765625,3213.199951171875,3246.550048828125,3791828,3156.0675048828125,3114.463017578125,-0.02278574796354127,0.014574413828674443
2021-04-13,3214.0,3214.0,3073.050048828125,3104.050048828125,8654596,3158.372509765625,3112.613017578125,-0.0438927470258581,0.0179101436967784
2021-04-15,3160.300048828125,3237.25,3087.449951171875,3218.949951171875,6062760,3166.0125122070312,3114.7650146484375,0.037016124268720585,0.019650658151688677
2021-04-16,3229.0,3247.0,3182.60009765625,3195.14990234375,3224657,3170.2675048828123,3115.8810107421873,-0.007393730623074912,0.01956988706814695
2021-04-19,3169.0,3189.0,3135.10009765625,3161.800048828125,2679106,3172.710009765625,3115.0480126953125,-0.010437649104087954,0.01975255104140498
2021-04-20,3225.0,3225.35009765625,3126.35009765625,3144.550048828125,3141893,3178.112512207031,3113.9380126953124,-0.005455752967804983,0.018896728931745165
2021-04-22,3148.0,3148.0,3105.25,3118.800048828125,1988980,3181.542517089844,3112.5450146484377,-0.008188770921167654,0.019018049741121014
2021-04-23,3105.0,3119.0,3091.050048828125,3109.5,1615309,3180.535021972656,3111.576015625,-0.0029819317309615068,0.018114999838941968
2021-04-26,3102.050048828125,3153.0,3088.050048828125,3100.800048828125,2490260,3178.44501953125,3109.3100146484376,-0.002797861769376131,0.018094631272660186
2021-04-27,3106.0,3136.10009765625,3103.0,3132.0,1471417,3178.9900146484374,3108.4120166015623,0.010061903599255295,0.018178082019957454
2021-04-28,3149.949951171875,3151.0,3112.0,3124.10009765625,1639037,3181.9525146484375,3106.628017578125,-0.00252231875598663,0.017677923538315616
2021-04-29,3145.60009765625,3157.35009765625,3105.5,3115.25,1621395,3184.3750122070314,3104.813017578125,-0.0028328470214157297,0.01769978714521214
2021-04-30,3099.0,3132.050048828125,3020.0,3035.64990234375,3072305,3178.2300048828124,3101.7100146484377,-0.025551752718481646,0.017259477127861435
2021-05-03,3024.89990234375,3055.0,3004.0,3037.0,1545831,3171.1875,3099.6530126953126,0.00044474748395972874,0.017168367404323034
2021-05-04,3062.800048828125,3090.0,3035.0,3049.75,1990777,3165.425,3098.47201171875,0.004198221929535784,0.017218695898333573
2021-05-05,3070.0,3099.39990234375,3052.39990234375,3095.699951171875,1939289,3158.265002441406,3098.9240087890626,0.015066792744282242,0.016675279323100818
2021-05-06,3105.5,3134.0,3074.0,3111.449951171875,1791671,3150.602502441406,3100.006005859375,0.005087702376981973,0.016595841881249632
2021-05-07,3133.0,3159.85009765625,3111.800048828125,3132.89990234375,1912540,3143.6775024414064,3101.227001953125,0.006893876330485771,0.016697203478655987
2021-05-10,3145.949951171875,3164.199951171875,3125.0,3145.5,2137153,3135.084997558594,3104.9680029296874,0.004021864103230355,0.016335864525273018
2021-05-11,3125.0,3128.10009765625,3091.14990234375,3122.60009765625,2415625,3125.102502441406,3107.816005859375,-0.007280210568669565,0.01634020915031651
2021-05-12,3120.0,3120.0,3070.60009765625,3087.60009765625,1978558,3117.1550048828126,3110.606005859375,-0.011208607860567876,0.015797192642345047
2021-05-14,3098.5,3098.5,3040.0,3051.5,2043935,3114.5275024414063,3111.7300048828124,-0.011691960265078682,0.012677221641672894
2021-05-17,3055.0,3075.199951171875,3036.0,3069.75,2890462,3107.0675048828125,3115.23900390625,0.005980665246600125,0.009241425871320957
2021-05-18,3100.0,3124.0,3078.0,3088.800048828125,2098538,3101.7500122070314,3118.531005859375,0.006205732984160051,0.009348876527871888
2021-05-19,3084.0,3118.0,3067.10009765625,3082.0,1986041,3097.760009765625,3120.04400390625,-0.0022015179748215985,0.009119984714584405
2021-05-20,3067.10009765625,3088.800048828125,3052.10009765625,3060.0,2329027,3093.532507324219,3120.062001953125,-0.007138221933809197,0.009168571282870115
2021-05-21,3061.0,3088.199951171875,3055.10009765625,3080.5,1685566,3091.6175048828127,3120.6780029296874,0.006699346405228734,0.009186058501544856
2021-05-24,3081.5,3105.0,3072.0,3081.5,1652260,3090.2175048828126,3122.147001953125,0.0003246226261970353,0.009170244832426918
2021-05-25,3092.0,3128.25,3082.10009765625,3114.0,1841613,3090.8775024414062,3124.2880029296875,0.010546811617718754,0.009468155435309518
2021-05-26,3120.0,3165.0,3103.800048828125,3158.5,1923753,3092.202502441406,3126.43900390625,0.014290301862556198,0.009741910817780345
2021-05-27,3161.949951171875,3217.75,3161.800048828125,3180.0,5959785,3094.9974975585938,3128.6200048828123,0.00680702865284144,0.009814345301902857
2021-05-28,3189.5,3198.0,3135.64990234375,3143.60009765625,1763701,3096.415002441406,3130.3330078125,-0.01144651017099052,0.010170828370657067
2021-05-31,3150.0,3170.35009765625,3128.60009765625,3159.14990234375,1652799,3102.5900024414063,3132.1930078125,0.004946495802406137,0.008143096383629587
2021-06-01,3168.60009765625,3169.949951171875,3132.0,3153.0,1377441,3108.390002441406,3133.0520068359374,-0.0019466953243300056,0.008185008293434529
2021-06-02,3150.85009765625,3159.449951171875,3115.0,3129.449951171875,2240078,3112.375,3133.3820068359373,-0.00746909255570094,0.008425419931833229
2021-06-03,3154.550048828125,3154.550048828125,3122.64990234375,3141.25,1281706,3114.6525024414063,3135.4770068359376,0.0037706462836084587,0.007811992854761211
2021-06-04,3128.0,3156.85009765625,3125.0,3143.75,1836060,3116.2675048828123,3137.3480078125,0.0007958615200955865,0.007745509340280089
2021-06-07,3145.0,3190.449951171875,3133.60009765625,3183.199951171875,2559821,3118.782507324219,3138.4190087890624,0.012548692221669988,0.008085225922143327
2021-06-08,3198.0,3231.0,3187.199951171875,3200.14990234375,2574057,3121.515002441406,3139.5700048828126,0.005324815101745317,0.008117502204196467
2021-06-09,3202.0,3220.0,3186.199951171875,3200.25,1710925,3125.397497558594,3141.1530029296873,3.127905232713779e-05,0.007891543141802567
2021-06-10,3210.0,3224.0,3193.0,3216.800048828125,1874324,3131.8574951171877,3144.192001953125,0.0051714862364269365,0.007361780466702868
2021-06-11,3211.550048828125,3309.0,3211.0,3273.800048828125,3452954,3142.9724975585937,3148.332001953125,0.01771947249900263,0.0074039203530244044
2021-06-14,3279.0,3308.699951171875,3270.35009765625,3276.35009765625,1847360,3153.3025024414064,3150.6880029296876,0.0007789262600315094,0.007405333549925908
2021-06-15,3298.0,3298.0,3251.550048828125,3262.75,1304985,3162.0,3152.3860009765626,-0.00415099035538935,0.007551235950456913
2021-06-16,3262.10009765625,3294.699951171875,3253.0,3274.35009765625,1635552,3171.6175048828127,3154.5730029296874,0.003555313050723985,0.00746093054030026
2021-06-17,3265.5,3336.050048828125,3260.0,3317.75,2273413,3184.5050048828125,3156.1500048828125,0.013254508848890456,0.00738724976244474
2021-06-18,3350.89990234375,3358.0,3275.0,3297.300048828125,3380431,3195.345007324219,3156.8020068359374,-0.006163801121806922,0.0077003002253933145
2021-06-21,3265.0,3286.0,3251.699951171875,3273.10009765625,1130569,3204.925012207031,3156.8360107421877,-0.007339323329242031,0.008046131275797449
2021-06-22,3304.0,3327.050048828125,3285.0,3301.199951171875,1708688,3214.285009765625,3156.5130078125,0.008585088349649439,0.0079614594371253
2021-06-23,3329.0,3329.0,3256.39990234375,3261.39990234375,1467104,3219.4300048828127,3155.296005859375,-0.01205623694923319,0.00816396734955233
2021-06-24,3284.0,3383.0,3278.5,3373.60009765625,4155204,3229.110009765625,3157.8370068359377,0.03440246479184261,0.010942893741750887
2021-06-25,3375.25,3399.64990234375,3350.0,3380.800048828125,2722861,3240.970007324219,3163.3720068359376,0.0021342041034670967,0.010406459127878695
2021-06-28,3391.5,3391.5,3333.0,3336.75,1355238,3249.8500122070313,3165.7280078125,-0.013029474737316638,0.011049091651872496
2021-06-29,3342.0,3366.300048828125,3326.5,3340.85009765625,1497322,3259.2425170898437,3168.64201171875,0.001228769807821939,0.011000061913279137
2021-06-30,3346.0,3382.0,3338.5,3345.75,1693146,3270.05751953125,3172.3210107421874,0.0014666633343374258,0.010732620070373407
2021-07-01,3358.0,3362.0,3332.35009765625,3341.5,990310,3280.07001953125,3176.260009765625,-0.0012702682507659269,0.010782567125158309
2021-07-02,3331.0,3339.699951171875,3295.199951171875,3325.449951171875,1682274,3289.1550170898436,3180.3930078125,-0.004803246694037089,0.010918716331141208
2021-07-05,3342.0,3374.0,3302.0,3321.0,1972858,3296.04501953125,3184.6230078125,-0.0013381500961416881,0.010710354055122393
2021-07-06,3313.0,3328.0,3256.10009765625,3262.300048828125,2159420,3299.1525268554688,3187.8530078125,-0.017675384273374006,0.011555794644841947
2021-07-07,3275.0,3282.699951171875,3241.60009765625,3274.949951171875,2640710,3302.8875244140627,3190.7120068359377,0.003877602352454934,0.011570382007271202
2021-07-08,3298.0,3298.0,3231.89990234375,3258.5,2485811,3304.972521972656,3193.4000048828125,-0.005022962615348847,0.01161149988235029
2021-07-09,3250.0,3282.0,3201.0,3208.14990234375,6365067,3301.6900146484377,3195.2580029296873,-0.015451925013426404,0.011421182813866905
2021-07-12,3235.0,3236.0,3188.35009765625,3193.10009765625,1892226,3297.5275146484373,3198.4070068359374,-0.004691116420870833,0.011443052708262739
2021-07-13,3214.0,3214.0,3175.0,3187.550048828125,1809339,3293.7675170898438,3201.4180078125,-0.0017381380659500234,0.011423276369520006
2021-07-14,3187.0,3222.0,3185.0,3214.550048828125,2044279,3290.7775146484373,3204.7140087890625,0.008470455235652263,0.011580574539158827
2021-07-15,3227.60009765625,3231.85009765625,3194.0,3202.949951171875,2232968,3285.0375122070313,3206.8590087890625,-0.003608622507053183,0.011103031184356387
2021-07-16,3213.0,3219.85009765625,3192.0,3194.800048828125,1256526,3279.9125122070313,3208.5260107421873,-0.0025444988114060596,0.011055862670497156
2021-07-19,3180.0,3199.800048828125,3176.0,3184.60009765625,1597058,3275.487512207031,3209.5600146484376,-0.003192672785771511,0.010979610680303543
2021-07-20,3184.60009765625,3215.0,3156.14990234375,3205.800048828125,1811945,3270.7175170898436,3210.766015625,0.006657021453801093,0.010896278630390659
2021-07-22,3190.0,3224.949951171875,3190.0,3216.35009765625,2859334,3268.4650268554688,3212.641015625,0.003290925406274736,0.010644509857682768
2021-07-23,3230.0,3241.550048828125,3206.64990234375,3212.85009765625,1776193,3260.427526855469,3215.146015625,-0.001088189996030109,0.006735285320881768
2021-07-26,3200.0,3224.25,3190.85009765625,3197.550048828125,1259611,3251.265026855469,3218.0670166015625,-0.004762142136443326,0.006666227261209843
2021-07-27,3200.0,3210.0,3161.14990234375,3182.949951171875,1121367,3243.5750244140627,3220.331015625,-0.00456602631180103,0.006234761265321576
2021-07-28,3188.0,3204.449951171875,3132.39990234375,3197.800048828125,1660654,3236.4225219726563,3222.511015625,0.004665514030713025,0.00638382070560981
2021-07-29,3200.25,3225.449951171875,3190.300048828125,3195.800048828125,1731997,3228.9250244140626,3224.7870166015623,-0.0006254299735635183,0.0063381358692243634
2021-07-30,3219.0,3223.5,3162.35009765625,3167.449951171875,2999943,3220.222521972656,3226.936015625,-0.008871048633548151,0.006500769308736362
2021-08-02,3180.0,3224.89990234375,3167.0,3219.39990234375,2608669,3214.92001953125,3229.714013671875,0.016401190854698378,0.007741916897096974
2021-08-03,3229.0,3290.0,3218.949951171875,3284.89990234375,3804735,3213.1150146484374,3233.78201171875,0.02034540659341988,0.009166378944315509
2021-08-04,3300.0,3305.199951171875,3261.199951171875,3273.949951171875,2929598,3213.697509765625,3236.9810107421877,-0.0033334200424378624,0.008269677994706584
2021-08-05,3275.0,3315.0,3262.5,3283.949951171875,2534521,3214.147509765625,3239.490009765625,0.0030544144379545113,0.008252496893615884
2021-08-06,3272.550048828125,3324.0,3265.0,3309.800048828125,2292362,3216.712512207031,3242.0860107421877,0.007871647875457244,0.008328833528798499
2021-08-09,3323.89990234375,3337.0,3310.0,3322.699951171875,1510489,3222.4400146484377,3245.6680078125,0.003897486903572167,0.00741343377424937
2021-08-10,3315.60009765625,3349.89990234375,3315.60009765625,3333.89990234375,2040777,3229.4800048828124,3249.1630078125,0.003370738055335165,0.0072605640741582565
2021-08-11,3350.0,3360.0,3327.10009765625,3344.199951171875,1929707,3237.3125,3252.9870068359373,0.0030894895257305155,0.007203304847377403
2021-08-12,3326.0,3368.0,3326.0,3351.75,1310205,3244.172497558594,3257.4330078125,0.0022576547270982683,0.007061492169142648
2021-08-13,3360.75,3480.0,3357.5,3463.39990234375,4363584,3257.1949951171873,3263.876005859375,0.0333109278268815,0.00978631513052714
2021-08-16,3460.0,3494.35009765625,3436.5,3472.949951171875,2083489,3271.102490234375,3270.4600048828124,0.002757420193279625,0.009671945646695674
2021-08-17,3482.10009765625,3560.800048828125,3463.0,3553.050048828125,4336019,3289.5249877929687,3277.8570068359377,0.02306399423614547,0.010368774406739497
2021-08-18,3573.85009765625,3595.0,3536.60009765625,3560.550048828125,2631309,3307.262487792969,3285.065009765625,0.00211086246940817,0.010392786951759742
2021-08-20,3506.0,3575.0,3500.0,3559.5,2836148,3324.4199829101562,3292.250009765625,-0.0002949119697026603,0.010460202039602077
2021-08-23,3580.0,3673.0,3561.89990234375,3637.39990234375,3744176,3345.6474731445314,3300.6620068359375,0.021885068785995276,0.010989111686267506
2021-08-24,3657.0,3667.35009765625,3594.39990234375,3613.199951171875,2511141,3366.429968261719,3307.4500048828127,-0.006653090620110769,0.011096736210879494
2021-08-25,3610.0,3697.75,3607.050048828125,3659.0,2123263,3390.232470703125,3315.1030029296876,0.01267575817753186,0.010885116896479101
2021-08-26,3660.0,3687.60009765625,3647.89990234375,3671.85009765625,1902533,3413.9349731445313,3323.2850048828127,0.0035119151834517304,0.010901455754064284
2021-08-27,3666.0,3729.5,3651.10009765625,3720.14990234375,3944728,3440.1524658203125,3332.2010009765627,0.013154078571543604,0.010829940059703986
2021-08-30,3715.0,3740.35009765625,3687.60009765625,3701.300048828125,2033114,3466.844970703125,3339.872001953125,-0.005066960743638105,0.010553838292685476
2021-08-31,3709.39990234375,3804.10009765625,3703.449951171875,3786.449951171875,3207480,3495.197473144531,3349.655,0.02300540383660854,0.010931361486291312
2021-09-01,3796.0,3816.699951171875,3707.0,3714.949951171875,2643336,3516.6999755859374,3358.4919970703127,-0.018883122957394805,0.01209500517000851
2021-09-02,3734.0,3859.14990234375,3722.0,3836.75,3403717,3544.839978027344,3369.202998046875,0.032786457537524294,0.01323348724640887
2021-09-03,3825.0,3856.89990234375,3804.550048828125,3842.050048828125,1746812,3572.744982910156,3380.8160009765625,0.001381390194337584,0.013271927606667016
2021-09-06,3849.699951171875,3877.60009765625,3814.0,3852.0,1723693,3599.85498046875,3390.3839990234374,0.0025897505356313744,0.013326252382354372
2021-09-07,3864.0,3869.949951171875,3808.25,3815.89990234375,1585039,3624.5149780273437,3399.08599609375,-0.009371780284592401,0.013845592150365947
2021-09-08,3810.0,3815.0,3756.0,3774.14990234375,4147175,3646.527478027344,3407.833994140625,-0.010941062676816271,0.014403492849716223
2021-09-09,3789.699951171875,3808.699951171875,3765.0,3791.39990234375,1441148,3668.8874755859374,3416.844990234375,0.004570565676071281,0.014389818618839038
2021-09-13,3767.0,3852.39990234375,3767.0,3845.35009765625,1691473,3693.56748046875,3426.8369921875,0.01422962407082129,0.01445761045627988
2021-09-14,3849.949951171875,3896.5,3825.0,3885.89990234375,1991188,3714.69248046875,3437.724990234375,0.010545152887955656,0.013109683217944987
2021-09-15,3882.10009765625,3980.0,3866.0,3954.550048828125,2461369,3738.7724853515624,3450.3069921875,0.017666473200446786,0.013346158185023108
2021-09-16,3930.0,3981.75,3892.10009765625,3903.300048828125,2946666,3756.2849853515627,3461.9529931640627,-0.012959755058653766,0.013437555718366396
2021-09-17,3920.0,3945.0,3805.0,3827.85009765625,6477148,3769.6499877929687,3473.263994140625,-0.019329785112094378,0.014478105833415645
2021-09-20,3809.0,3871.0,3807.85009765625,3823.5,2002008,3782.849987792969,3484.2349951171873,-0.0011364336495082172,0.014491620005494435
2021-09-21,3858.0,3871.550048828125,3821.64990234375,3862.949951171875,1568129,3794.127490234375,3496.323994140625,0.01031775890463571,0.013947548613783693
2021-09-22,3862.5,3896.85009765625,3852.449951171875,3862.14990234375,1744067,3806.574987792969,3509.403994140625,-0.00020710825618708295,0.013783715158006155
2021-09-23,3870.0,3879.0,3835.0,3869.25,2003869,3817.0874877929687,3522.9269921875,0.0018383796164775923,0.013612948934432469
2021-09-24,3890.0,3944.39990234375,3855.0,3871.300048828125,2320754,3827.0599853515623,3536.6019921875,0.0005298310597983136,0.0136220499127773
2021-09-27,3900.0,3904.0,3802.89990234375,3836.949951171875,1673362,3832.8999877929687,3549.049990234375,-0.008873013515614203,0.013625856438888211
2021-09-28,3850.0,3850.0,3751.25,3779.14990234375,2253075,3836.79248046875,3560.5739892578126,-0.015064061184971056,0.01406105548110695
2021-09-29,3759.800048828125,3806.0,3722.14990234375,3791.89990234375,2489161,3837.064978027344,3572.515986328125,0.0033737746131987656,0.013106786860425658
2021-09-30,3805.0,3805.0,3750.10009765625,3775.550048828125,2252412,3840.0949829101564,3584.3349853515624,-0.004311784049341405,0.012377630660293777
2021-10-01,3781.75,3810.0,3725.0,3730.199951171875,1578374,3834.76748046875,3594.8229833984374,-0.012011520724066638,0.010153789535025768
2021-10-04,3724.800048828125,3783.64990234375,3707.449951171875,3773.300048828125,1356860,3831.32998046875,3605.961982421875,0.011554366580995179,0.01054549927009585
2021-10-05,3754.0,3840.0,3741.60009765625,3833.300048828125,1877966,3830.394982910156,3618.3709814453123,0.015901200334872412,0.011175259705083205
2021-10-06,3836.0,3857.449951171875,3795.0,3810.89990234375,1678154,3830.144982910156,3630.637978515625,-0.005843567213378753,0.011049731718543756
2021-10-07,3830.0,3899.0,3820.050048828125,3892.89990234375,1647233,3836.082482910156,3644.8369775390624,0.02151722745317164,0.011722520049232257
2021-10-08,3925.0,3989.89990234375,3900.0,3935.64990234375,2934339,3843.2949829101562,3659.593974609375,0.01098153075404329,0.011893980918247182
2021-10-11,3755.0,3757.5,3660.0,3685.60009765625,11845402,3835.307482910156,3669.3899755859375,-0.06353456503806165,0.018525592263668744
2021-10-12,3706.0,3707.0,3630.60009765625,3652.85009765625,5752877,3823.654992675781,3679.097978515625,-0.008885934212131796,0.018344315913724287
2021-10-13,3650.0,3675.449951171875,3645.0,3655.199951171875,3545655,3808.6874877929686,3687.8139794921876,0.0006432931691153776,0.017723071928642364
2021-10-14,3625.0,3670.0,3608.199951171875,3611.449951171875,6442299,3794.0949829101564,3694.34498046875,-0.011969249448576247,0.017697420646187918
2021-10-18,3603.449951171875,3652.699951171875,3601.449951171875,3647.14990234375,3590107,3785.0599731445313,3701.8089794921875,0.009885212768985241,0.017546713956336474
2021-10-19,3669.0,3690.10009765625,3625.199951171875,3634.14990234375,3135441,3775.5924682617188,3708.812978515625,-0.0035644271137980077,0.017546896006659422
2021-10-20,3612.0,3630.0,3578.300048828125,3608.85009765625,2933693,3762.8874755859374,3714.7939794921876,-0.0069616844014011026,0.017312294810838104
2021-10-21,3604.10009765625,3607.449951171875,3511.25,3532.5,4871211,3746.40498046875,3718.98998046875,-0.021156350524460743,0.017746794736912878
2021-10-22,3560.0,3561.60009765625,3485.0,3498.85009765625,2691670,3727.8849853515626,3722.288984375,-0.009525803918966735,0.01772190605623694
2021-10-25,3503.0,3514.550048828125,3450.0,3492.949951171875,2595594,3708.96748046875,3725.263984375,-0.0016863101646815704,0.017693299346290988
2021-10-26,3494.5,3529.0,3475.0,3482.60009765625,3878763,3691.2499877929686,3727.880986328125,-0.002963069514395067,0.017674140626363643
2021-10-27,3483.0,3511.25,3483.0,3489.75,2510813,3676.779992675781,3728.40798828125,0.0020530357041457226,0.017558956576431372
2021-10-28,3518.0,3518.0,3415.0,3421.64990234375,2424942,3658.2674926757813,3727.3819873046873,-0.01951431983845553,0.017809150127584755
2021-10-29,3400.050048828125,3461.0,3385.949951171875,3397.75,3960501,3639.377490234375,3724.275986328125,-0.006984905827851939,0.017813983273820937
2021-11-01,3437.949951171875,3487.0,3412.949951171875,3476.39990234375,2020718,3626.6874877929686,3722.5929833984374,0.02314764251158863,0.0188037025250387
2021-11-02,3494.0,3513.60009765625,3469.75,3484.199951171875,3087414,3612.2324829101562,3721.086982421875,0.0022437144883320492,0.018528651099472344
2021-11-03,3504.199951171875,3519.89990234375,3466.050048828125,3492.25,1537639,3595.17998046875,3718.183984375,0.0023104439874115368,0.018009612564853176
2021-11-04,3512.949951171875,3513.25,3505.0,3508.64990234375,328991,3580.06748046875,3716.0929833984374,0.004696084857541694,0.018121785479403327
2021-11-08,3548.0,3548.0,3481.199951171875,3502.75,2526082,3560.5599853515623,3712.9679833984374,-0.001681530647959173,0.01711972930213285
2021-11-09,3508.0,3535.0,3496.0,3505.699951171875,1782692,3539.0624877929686,3709.64498046875,0.0008421814779457915,0.01676414934602739
2021-11-10,3498.0,3519.699951171875,3480.199951171875,3484.300048828125,1516489,3528.9974853515623,3704.9279833984374,-0.006104316582084102,0.009792880291778083
2021-11-11,3480.0,3510.050048828125,3436.0,3488.199951171875,1284514,3520.7649780273437,3700.6659814453124,0.0011192785607145872,0.009718680825290371
2021-11-12,3506.0,3534.14990234375,3485.699951171875,3526.050048828125,1747259,3514.307482910156,3695.4579833984376,0.010850896790917552,0.01013807208813806
2021-11-15,3528.0,3569.60009765625,3528.0,3553.300048828125,1809157,3511.3999877929687,3692.2249853515623,0.00772819433151728,0.010049250588039014
2021-11-16,3569.0,3575.550048828125,3542.0,3556.39990234375,2013204,3506.8624877929688,3686.6179833984374,0.0008723872099254404,0.00974405183656747
2021-11-17,3550.60009765625,3562.85009765625,3506.39990234375,3521.89990234375,1632914,3501.2499877929686,3680.21498046875,-0.009700821321377173,0.00991703462657792
2021-11-18,3515.14990234375,3520.85009765625,3451.60009765625,3475.699951171875,2136598,3494.59248046875,3672.6889794921876,-0.013117905804514773,0.010186676248293074
2021-11-22,3478.39990234375,3515.949951171875,3440.300048828125,3458.39990234375,3167936,3490.8874755859374,3665.5389794921875,-0.004977428739869283,0.00916188771259886
2021-11-23,3445.0,3480.949951171875,3407.800048828125,3464.25,2153461,3489.157470703125,3659.3409814453125,0.001691561942355202,0.008954762307000645
2021-11-24,3472.199951171875,3493.050048828125,3424.0,3443.300048828125,2161746,3486.6749755859373,3652.378984375,-0.006047470930756971,0.009038931648780791
2021-11-25,3443.89990234375,3463.0,3434.050048828125,3445.89990234375,1849619,3484.8399658203125,3644.38998046875,0.0007550470417208022,0.009027663592781881
2021-11-26,3425.0,3490.0,3411.89990234375,3446.85009765625,1941251,3482.694970703125,3635.608984375,0.00027574663786777975,0.009010034313579699
2021-11-29,3447.14990234375,3529.35009765625,3406.449951171875,3502.0,2981745,3486.7124755859377,3626.5579833984375,0.016000087262643126,0.008570896003155887
2021-11-30,3491.0,3563.75,3491.0,3529.14990234375,5588446,3493.282470703125,3619.07498046875,0.007752684849728686,0.008463387447607362
2021-12-01,3535.0,3590.0,3535.0,3577.800048828125,2102118,3498.3524780273438,3614.0739794921874,0.013785230956629535,0.007423213594825956
2021-12-02,3589.199951171875,3648.0,3574.10009765625,3642.89990234375,3152938,3506.2874755859375,3610.4619775390624,0.018195497967234964,0.008314754048276836
2021-12-03,3646.449951171875,3665.949951171875,3630.85009765625,3640.449951171875,2486263,3513.697473144531,3606.0119775390626,-0.0006725277217468628,0.008340558822295561
2021-12-06,3640.449951171875,3658.0,3522.0,3536.39990234375,1849642,3515.0849731445314,3599.4969775390623,-0.028581645187741422,0.010765103553070763
2021-12-07,3562.5,3598.0,3524.300048828125,3584.5,1484458,3519.172473144531,3593.8019775390626,0.013601430546463789,0.011141724781770742
2021-12-08,3601.0,3646.449951171875,3601.0,3626.89990234375,1428660,3525.232470703125,3588.913974609375,0.011828679688589805,0.011390517001348638
2021-12-09,3610.0,3634.75,3566.0,3601.75,1567957,3531.1049682617186,3584.2099755859376,-0.006934269767825074,0.01142215441044956
2021-12-10,3585.0,3642.0,3575.10009765625,3636.800048828125,1510718,3538.5349731445312,3581.362978515625,0.009731394135663152,0.011559772640687947
2021-12-13,3650.0,3662.0,3601.699951171875,3609.64990234375,1883864,3542.7149658203125,3577.717978515625,-0.00746539433563953,0.011559871044199326
2021-12-14,3605.0,3635.0,3576.699951171875,3623.800048828125,1747007,3546.2399658203126,3574.682978515625,0.003920088337427741,0.011478383790345534
2021-12-15,3620.0,3623.0,3558.14990234375,3570.35009765625,1603233,3546.9374755859376,3571.4859814453125,-0.014749696575880322,0.01201002233406288
2021-12-16,3582.0,3608.449951171875,3570.0,3581.60009765625,2072320,3549.9224853515625,3567.651982421875,0.0031509515011944877,0.0117905789586736
2021-12-17,3602.5,3651.35009765625,3573.699951171875,3584.35009765625,4333992,3555.3549926757814,3562.6729833984373,0.0007678132468780241,0.011320719613818404
2021-12-20,3589.0,3606.0,3510.14990234375,3556.89990234375,2312310,3560.279992675781,3557.5929833984374,-0.007658346580165065,0.011418170314494349
2021-12-21,3582.64990234375,3641.199951171875,3566.39990234375,3608.300048828125,2340989,3567.4824951171877,3551.900986328125,0.014450827376532471,0.01178200746709575
2021-12-22,3624.0,3636.800048828125,3606.25,3630.75,1224328,3576.8549926757814,3545.80298828125,0.006221752866468533,0.011653887897146081
2021-12-23,3648.0,3670.5,3630.0,3662.699951171875,1792861,3587.6949951171873,3545.3449853515626,0.008799821296392007,0.011721182029163082
2021-12-24,3685.0,3705.0,3644.800048828125,3670.89990234375,2209923,3598.8974853515624,3545.7059814453123,0.002238772293988056,0.011704309183433077
2021-12-27,3671.0,3700.0,3653.10009765625,3696.10009765625,1534135,3608.602490234375,3546.523984375,0.006864854935546116,0.01135223729038575
2021-12-28,3710.0,3725.0,3693.85009765625,3706.550048828125,1456218,3617.4724975585937,3548.425986328125,0.0028272911706317405,0.011291545024575156
2021-12-29,3692.25,3719.949951171875,3685.0,3694.699951171875,1456923,3623.317492675781,3549.3769873046876,-0.0031970693772221948,0.011035132295743542
2021-12-30,3681.35009765625,3740.0,3680.0,3733.75,1966475,3627.859997558594,3551.3689892578127,0.010569207065309616,0.010555265468390777
2021-12-31,3742.800048828125,3760.0,3731.300048828125,3738.35009765625,1207141,3632.7550048828125,3553.9589892578124,0.0012320315115501579,0.01054525541268
2022-01-03,3750.0,3830.0,3745.0,3817.75,2346158,3646.822509765625,3559.6639892578123,0.021239290133240774,0.008841703293590195
2022-01-04,3831.10009765625,3889.14990234375,3811.699951171875,3884.75,2488606,3661.835009765625,3567.3819873046873,0.017549603824241977,0.009110359848355827
2022-01-05,3865.0,3870.0,3812.39990234375,3860.949951171875,1733031,3673.5375122070313,3574.7419873046874,-0.006126532937286822,0.009189825339505313
2022-01-06,3812.0,3835.0,3772.0,3807.449951171875,1810293,3683.822509765625,3581.238984375,-0.013856693476112403,0.00970632824811921
2022-01-07,3820.0,3864.89990234375,3796.39990234375,3853.5,2460591,3694.657507324219,3588.513984375,0.012094722036714245,0.00980867285002302
2022-01-10,3978.0,3978.0,3861.0,3879.85009765625,3937092,3708.167517089844,3597.67798828125,0.006837964877708602,0.009527188124617803
2022-01-11,3856.0,3925.0,3856.0,3915.89990234375,1906106,3722.772509765625,3608.040986328125,0.00929154575051161,0.009610289255720125
2022-01-12,3925.0,3929.0,3836.550048828125,3859.89990234375,3203744,3737.25,3615.710986328125,-0.014300671977463653,0.009564776711753748
2022-01-13,3918.0,3923.0,3857.0,3897.89990234375,6684507,3753.064990234375,3623.9849853515625,0.009844814881579289,0.009652068249689451
2022-01-14,3877.85009765625,3977.0,3860.050048828125,3968.14990234375,3348123,3772.25498046875,3633.5029833984377,0.018022525400859912,0.010082721767171786
2022-01-17,3992.699951171875,4043.0,3962.300048828125,4019.14990234375,3442604,3795.36748046875,3643.7129833984377,0.012852337047518647,0.009749260386205195
2022-01-18,4033.949951171875,4041.699951171875,3980.0,3990.60009765625,2389041,3814.4824829101562,3653.4699853515626,-0.00710344360902071,0.009974752104727848
2022-01-19,4012.0,4012.0,3910.5,3914.64990234375,3102539,3828.6774780273436,3661.648984375,-0.019032274207858357,0.011330886454861319
2022-01-20,3910.0,3920.0,3811.0,3826.550048828125,6176776,3836.869982910156,3668.493984375,-0.02250516794947066,0.012689372190752057
2022-01-21,3807.0,3851.550048828125,3771.10009765625,3833.5,3112358,3844.9999877929686,3675.3999853515625,0.0018162446807676869,0.012689773656652683
2022-01-24,3840.0,3849.64990234375,3740.10009765625,3771.35009765625,3258414,3848.762487792969,3680.305986328125,-0.016212313119538302,0.013283004197465233
2022-01-25,3769.5,3809.39990234375,3722.199951171875,3769.89990234375,3330501,3851.92998046875,3684.6379833984374,-0.00038452948544909216,0.013280337701300932
2022-01-27,3731.0,3733.39990234375,3625.10009765625,3649.25,5718297,3849.6574829101564,3686.4949853515627,-0.032003476343958615,0.01517817292002233
2022-01-28,3646.0,3729.800048828125,3646.0,3690.050048828125,3143862,3847.4724853515627,3689.85798828125,0.011180392910358217,0.015202247013951576
2022-01-31,3749.0,3758.0,3721.39990234375,3736.25,2739393,3847.36748046875,3695.0689892578125,0.012520142155401759,0.015476159064592482
2022-02-01,3770.0,3808.0,3736.39990234375,3800.64990234375,2105169,3846.5124755859374,3701.9139892578123,0.01723650782034114,0.015211833004302294
2022-02-02,3827.89990234375,3864.0,3800.64990234375,3856.199951171875,1984212,3845.0849731445314,3709.75298828125,0.01461593418374818,0.01504578213671409
2022-02-03,3851.0,3882.5,3816.050048828125,3824.60009765625,1960538,3843.26748046875,3717.3789892578125,-0.008194557833035132,0.015095242068890591
2022-02-04,3815.300048828125,3824.699951171875,3769.0,3814.89990234375,2307366,3843.6399780273437,3724.7589892578126,-0.0025362639399723053,0.014771449474813165
2022-02-07,3791.0,3831.800048828125,3756.14990234375,3779.0,1919149,3839.9149780273438,3731.4019873046873,-0.009410444117208483,0.014642329121287555
2022-02-08,3791.550048828125,3799.699951171875,3721.0,3743.449951171875,2946443,3833.094970703125,3736.230986328125,-0.009407263516307274,0.014642637548765153
2022-02-09,3750.0,3777.949951171875,3746.10009765625,3760.550048828125,1638721,3825.3274780273437,3740.8589892578125,0.0045680048830081255,0.014493601255286117
2022-02-10,3789.800048828125,3789.800048828125,3758.0,3770.35009765625,2112459,3820.849987792969,3744.709990234375,0.002606014732121187,0.014224133825401431
2022-02-11,3752.5,3752.5,3690.0,3694.949951171875,3851488,3810.702490234375,3745.7509912109376,-0.019998181742126753,0.01457905469668915
2022-02-14,3724.0,3793.25,3710.0,3733.75,5951745,3798.9824951171877,3747.6169921875,0.010500832038555563,0.014109377885173276
2022-02-15,3786.0,3835.0,3748.0,3817.800048828125,3931683,3788.915002441406,3753.2449951171875,0.02251089355959146,0.014825636421432326
2022-02-16,3844.0,3854.10009765625,3806.0,3813.10009765625,3256906,3780.040002441406,3757.8169970703125,-0.0012310626831589788,0.014786968364871287
2022-02-17,3825.0,3835.0,3779.0,3784.199951171875,3134372,3773.5175048828123,3760.962998046875,-0.007579173308914333,0.014313691019749242
2022-02-18,3769.0,3815.949951171875,3757.60009765625,3793.89990234375,3688883,3771.8849975585936,3764.80599609375,0.002563276596647901,0.013458330965859019
2022-02-21,3810.0,3827.800048828125,3705.550048828125,3719.39990234375,7465922,3766.1799926757812,3766.4579931640624,-0.019636785871439688,0.014116112458809898
2022-02-22,3650.0,3667.89990234375,3570.0,3586.39990234375,5408531,3756.932482910156,3765.9929931640627,-0.0357584566037632,0.01577381819893574
2022-02-23,3611.0,3622.89990234375,3555.64990234375,3563.800048828125,2426203,3746.627490234375,3764.7929931640624,-0.006301543088057637,0.01578966779887034
2022-02-24,3474.0,3483.85009765625,3391.10009765625,3401.64990234375,5039136,3734.2474853515623,3761.4189892578124,-0.04549922674188589,0.017322425770544214
2022-02-25,3468.0,3530.0,3462.0,3520.75,2549723,3725.7824829101564,3760.2019873046875,0.03501245015666954,0.019103605699704745
2022-02-28,3490.0,3563.75,3455.89990234375,3554.199951171875,3288942,3716.67998046875,3759.598984375,0.00950080271870335,0.018993008541002703
2022-03-02,3552.5,3571.949951171875,3506.0,3546.14990234375,2761341,3703.95498046875,3759.383984375,-0.0022649397723025766,0.01842825237596577
2022-03-03,3562.85009765625,3578.60009765625,3530.10009765625,3544.39990234375,1928039,3688.3649780273436,3758.1059814453124,-0.0004934929566410284,0.017958990412550505
2022-03-04,3501.5,3561.199951171875,3487.050048828125,3524.35009765625,2370257,3673.3524780273438,3755.9779833984376,-0.005656755795033774,0.017937136049877282
2022-03-07,3450.0,3548.0,3431.550048828125,3484.89990234375,3054130,3656.8524780273438,3752.421982421875,-0.011193608529054822,0.018006172843493602
2022-03-08,3460.0,3609.0,3460.0,3599.949951171875,3300992,3647.8999755859377,3751.0029833984377,0.033013874731595116,0.019790213392728916
2022-03-09,3605.0,3654.0,3597.050048828125,3632.60009765625,2719654,3642.3574829101562,3749.7329833984377,0.009069611224385543,0.01986899651944925
2022-03-10,3684.0,3684.0,3615.0,3620.949951171875,2005441,3635.377478027344,3748.0209814453124,-0.003207109555464549,0.019823877731829836
2022-03-11,3603.25,3639.85009765625,3592.85009765625,3599.14990234375,1623423,3626.8174682617187,3746.10998046875,-0.0060205330430125326,0.019819055267426878
2022-03-14,3580.0,3648.35009765625,3580.0,3643.0,1765688,3624.219970703125,3744.29498046875,0.012183459662987284,0.019597458020098407
2022-03-15,3659.0,3659.0,3585.39990234375,3593.89990234375,3651133,3617.2274658203123,3741.4059765625,-0.013477929633886943,0.019620930316928714
2022-03-16,3640.5,3668.0,3616.25,3655.89990234375,3090475,3609.132458496094,3738.168974609375,0.017251454321130844,0.019311844159012555
2022-03-17,3696.60009765625,3710.0,3660.300048828125,3672.75,3600452,3602.114953613281,3733.928974609375,0.004609015045911935,0.01936793533172386
2022-03-21,3696.0,3713.949951171875,3615.0,3626.699951171875,2413831,3594.239953613281,3729.243974609375,-0.012538302042917393,0.019478669376640296
2022-03-22,3640.0,3711.0,3625.0,3700.949951171875,2907611,3589.5924560546873,3727.113974609375,0.020473157691473176,0.020098526688464444
2022-03-23,3708.0,3729.800048828125,3690.0,3712.39990234375,1596195,3589.2424560546874,3724.29197265625,0.0030937870878933182,0.019629174138219473
2022-03-24,3700.0,3758.199951171875,3695.0,3749.85009765625,1879046,3597.4149658203123,3721.69197265625,0.010087866689377112,0.017815658318072122
2022-03-25,3759.89990234375,3779.5,3672.0,3707.449951171875,1690133,3604.5974609375,3717.5229736328124,-0.011307157721018313,0.017978486082721973
2022-03-28,3695.0,3713.0,3661.199951171875,3707.699951171875,1760990,3619.8999633789062,3714.478974609375,6.743179362977969e-05,0.01409184578302989
2022-03-29,3694.75,3722.0,3691.0,3705.35009765625,2689063,3629.1299682617187,3710.627978515625,-0.0006337766126092159,0.012136136281664975
2022-03-30,3738.0,3738.0,3706.199951171875,3731.550048828125,1583455,3637.9974731445313,3705.8959814453124,0.007070843639970015,0.01207572100122818
2022-03-31,3740.0,3754.64990234375,3720.199951171875,3739.949951171875,2168110,3647.6874755859376,3700.311982421875,0.002251049090548296,0.01202391920484292
2022-04-01,3748.0,3763.0,3728.050048828125,3758.75,1387014,3658.40498046875,3695.67498046875,0.005026818292644286,0.012009327799139718
2022-04-04,3762.0,3780.0,3737.10009765625,3770.35009765625,1472994,3670.70498046875,3692.788984375,0.003086158338875933,0.011835180658986203
2022-04-05,3772.0,3835.60009765625,3772.0,3814.800048828125,2314947,3687.199987792969,3692.553984375,0.011789343169883892,0.011448449399825027
2022-04-06,3809.300048828125,3809.300048828125,3731.14990234375,3755.35009765625,2051729,3694.9699951171874,3690.990986328125,-0.015584028103946768,0.010186917952898685
2022-04-07,3745.5,3745.5,3679.0,3684.14990234375,2494829,3697.5474853515625,3689.246982421875,-0.01895966912830227,0.011076204537616425
2022-04-08,3690.0,3705.0,3642.5,3685.64990234375,2296773,3700.7824829101564,3687.561982421875,0.00040714955682052967,0.011037435984958212
2022-04-11,3690.0,3712.35009765625,3656.10009765625,3696.39990234375,2291660,3705.644982910156,3688.50498046875,0.002916717616929354,0.010920939550435
2022-04-12,3683.0,3739.0,3648.35009765625,3691.10009765625,4483476,3708.0499877929688,3688.5259814453125,-0.0014337747071521134,0.010633346759650735
2022-04-13,3707.0,3709.85009765625,3655.550048828125,3661.949951171875,1621672,3711.452490234375,3687.03998046875,-0.007897414243218326,0.010309751321766623
2022-04-18,3610.0,3610.0,3522.5,3528.050048828125,3820792,3705.0599975585938,3681.5879833984377,-0.036565191804683206,0.01260857870743933
2022-04-19,3550.0,3563.550048828125,3439.14990234375,3471.89990234375,3170014,3695.0174926757813,3673.901982421875,-0.01591534862239996,0.012899769122587546
2022-04-20,3500.0,3569.14990234375,3480.0,3556.800048828125,2640370,3691.522497558594,3668.5459814453125,0.02445351216118352,0.014022286285371915
2022-04-21,3580.0,3644.0,3567.39990234375,3628.64990234375,2280996,3687.9074951171874,3664.8209814453126,0.020200700778582714,0.014000566491440327
2022-04-22,3581.10009765625,3617.0,3571.5,3612.550048828125,1581465,3682.915002441406,3661.491982421875,-0.004436871549726051,0.013988983827208671
2022-04-25,3558.0,3584.0,3533.10009765625,3548.199951171875,1960694,3672.8324951171876,3657.586982421875,-0.017812929035301406,0.014186639952324803
2022-04-26,3575.14990234375,3587.89990234375,3518.14990234375,3546.300048828125,1943469,3664.775,3653.301982421875,-0.0005354552646117394,0.014044994463938773
2022-04-27,3546.0,3568.449951171875,3506.300048828125,3561.199951171875,1727648,3657.45,3649.1189794921875,0.004201534596226297,0.014109237773107635
2022-04-28,3588.0,3604.39990234375,3538.050048828125,3584.300048828125,1703660,3651.397497558594,3646.9059814453126,0.006486605069352613,0.014232656953919013
2022-04-29,3597.0,3623.25,3536.85009765625,3546.699951171875,2051115,3642.154992675781,3643.16498046875,-0.010490220445842247,0.014213691578463071
2022-05-02,3519.89990234375,3547.949951171875,3492.75,3542.39990234375,1324161,3632.277490234375,3637.6569775390626,-0.0012124084042418604,0.014174567442567504
2022-05-04,3538.5,3545.449951171875,3465.300048828125,3479.75,2305825,3618.327490234375,3630.9899755859374,-0.017685722693900008,0.014437601676294407
2022-05-05,3512.10009765625,3533.0,3485.35009765625,3513.39990234375,1612262,3605.47998046875,3625.573974609375,0.00967020686651332,0.014674782441656152
2022-05-06,3459.0,3474.5,3424.5,3432.60009765625,2010812,3586.369982910156,3618.347978515625,-0.022997611126931328,0.014837854022183957
2022-05-09,3398.0,3456.0,3346.85009765625,3445.10009765625,2481830,3570.8574829101562,3612.861982421875,0.0036415544031869196,0.014749457383452924
2022-05-10,3434.0,3464.800048828125,3422.0,3438.75,1622685,3558.5874877929687,3609.908984375,-0.0018432258791464262,0.014338723349168633
2022-05-11,3435.0,3448.449951171875,3382.14990234375,3412.0,1841769,3544.904992675781,3606.8729833984376,-0.007778989458378738,0.014342895107389734
2022-05-12,3378.0,3449.699951171875,3350.10009765625,3408.64990234375,2807195,3530.5174926757813,3607.0129833984374,-0.0009818574608001507,0.01427382278606861
2022-05-13,3435.0,3439.89990234375,3382.14990234375,3414.89990234375,2187823,3516.707482910156,3604.8959814453124,0.001833570527645767,0.014322710933221225
2022-05-16,3415.0,3430.0,3366.60009765625,3376.800048828125,1195813,3502.449987792969,3601.3479833984375,-0.011156945915010819,0.014390374258502554
2022-05-17,3370.0,3467.0,3350.39990234375,3451.60009765625,1754076,3498.627490234375,3599.4569873046876,0.0221511631563982,0.013336286459914306
2022-05-18,3465.0,3495.0,3443.050048828125,3448.800048828125,1866781,3497.4724975585937,3597.544990234375,-0.0008112321094284614,0.012867238625447709
2022-05-19,3397.0,3405.0,3230.0,3261.949951171875,4642963,3482.7299926757814,3592.2969873046877,-0.05417829245268657,0.016437725041074717
2022-05-20,3310.0,3313.89990234375,3270.050048828125,3293.0,3065125,3465.9474975585936,3588.4589892578124,0.009518861200482176,0.015763326359490456
2022-05-23,3304.800048828125,3338.89990234375,3267.0,3321.75,2293690,3451.4074951171874,3582.894990234375,0.008730640753112695,0.016048218720771393
2022-05-24,3315.14990234375,3324.85009765625,3275.60009765625,3288.0,1711510,3438.397497558594,3576.00298828125,-0.01016030706705806,0.015792307514578312
2022-05-25,3292.85009765625,3292.85009765625,3154.050048828125,3167.64990234375,3548046,3419.464990234375,3566.9369873046876,-0.03660282775433399,0.017392573963358363
2022-05-26,3191.0,3241.5,3180.550048828125,3226.949951171875,2813186,3402.752490234375,3559.49298828125,0.018720518572538314,0.018106438226918486
2022-05-27,3253.199951171875,3278.89990234375,3229.199951171875,3261.300048828125,3103153,3386.602490234375,3551.8589892578125,0.01064475686825439,0.018265516344941304
2022-05-30,3297.0,3386.60009765625,3286.35009765625,3375.25,2094624,3378.029992675781,3547.4859912109373,0.03494003908435861,0.020209275307871342
2022-05-31,3354.14990234375,3383.39990234375,3325.0,3364.35009765625,4840965,3369.1275024414062,3541.6549951171874,-0.003229361482482762,0.020208710915659178
2022-06-01,3388.0,3388.0,3340.050048828125,3355.199951171875,1493835,3362.9,3535.303994140625,-0.0027197367154950802,0.019886602016373187
2022-06-02,3355.0,3432.0,3346.300048828125,3423.0,2657939,3358.3800048828125,3531.2299951171876,0.020207454045904072,0.0203362516134999
2022-06-03,3459.39990234375,3477.300048828125,3431.199951171875,3440.14990234375,1913622,3358.7574951171873,3526.013994140625,0.0050101964194420034,0.01970373716068845
2022-06-06,3418.0,3453.0,3377.14990234375,3430.949951171875,1084210,3358.0499877929688,3520.3849951171874,-0.002674287874957715,0.019697920513252257
2022-06-07,3401.050048828125,3418.85009765625,3356.0,3362.699951171875,2308256,3354.2474853515623,3512.6419921875,-0.01989244989618355,0.02019313472577869
2022-06-08,3380.14990234375,3413.949951171875,3346.5,3404.14990234375,2185707,3353.85498046875,3506.5759912109374,0.012326390035908519,0.02033374093913717
2022-06-09,3385.0,3437.0,3353.10009765625,3427.10009765625,1279197,3354.777490234375,3500.963994140625,0.006741828641770198,0.020385714965912745
2022-06-10,3382.0,3393.0,3352.0,3359.89990234375,1527582,3352.027490234375,3494.054990234375,-0.019608471710078512,0.02086834383579342
2022-06-13,3290.0,3293.0,3192.449951171875,3219.60009765625,3030921,3344.1674926757814,3483.8159912109377,-0.04175713823784799,0.022722329997321763
2022-06-14,3190.0,3238.89990234375,3174.699951171875,3210.550048828125,2611493,3332.114990234375,3473.2279931640624,-0.0028109232679900398,0.021992115013862938
2022-06-15,3218.5,3234.0,3201.0,3206.300048828125,1404536,3319.989990234375,3462.178994140625,-0.001323760706222643,0.021989262364746655
2022-06-16,3240.0,3244.85009765625,3133.050048828125,3142.0,2032028,3313.9924926757812,3449.6119921875,-0.02005428308296542,0.01895719846606827
2022-06-17,3092.0,3118.75,3023.85009765625,3088.89990234375,5240434,3303.787487792969,3435.0939892578126,-0.01690009473464349,0.01905453797174799
2022-06-20,3094.0,3138.75,3069.0,3112.39990234375,1502769,3293.3199829101563,3422.2349853515625,0.0076078865430921905,0.01901971689914539
2022-06-21,3130.0,3237.75,3125.39990234375,3211.949951171875,2964461,3289.51748046875,3412.790986328125,0.03198498006414918,0.020472803600560842
2022-06-22,3199.89990234375,3250.550048828125,3183.0,3222.949951171875,3336315,3292.2824829101564,3403.5369873046875,0.0034247108974991836,0.018684415187242565
2022-06-23,3222.949951171875,3318.0,3222.949951171875,3308.800048828125,3692578,3296.3749877929686,3395.784990234375,0.0266371178444873,0.019156758011752314
2022-06-24,3339.0,3345.0,3277.5,3293.10009765625,2132118,3297.964990234375,3387.824990234375,-0.004744907803490683,0.019075959444830638
2022-06-27,3350.0,3362.89990234375,3306.5,3314.699951171875,2037686,3294.9374877929686,3380.879990234375,0.006559124495182589,0.017370965372011354
2022-06-28,3307.0,3330.0,3272.60009765625,3318.14990234375,1400046,3292.627478027344,3376.6819873046875,0.0010408034581397274,0.01736526852532307
2022-06-29,3271.0,3333.0,3271.0,3290.5,2133994,3289.39248046875,3373.0539892578126,-0.008332927431705106,0.017447394364334626
2022-06-30,3272.0,3310.89990234375,3255.0,3267.10009765625,2719603,3281.5974853515627,3367.259990234375,-0.007111351570809887,0.01677011371078818
2022-07-01,3260.0,3333.0,3252.050048828125,3315.10009765625,1502879,3275.3449951171874,3360.988994140625,0.014691928182559932,0.017124993318882342
2022-07-04,3312.0,3317.949951171875,3225.050048828125,3235.050048828125,2622535,3265.55,3353.438994140625,-0.024147098570181824,0.01784655495410577
2022-07-05,3255.0,3272.0,3206.949951171875,3216.300048828125,2170627,3258.2300048828124,3346.80099609375,-0.005795891784361129,0.017408273470843096
2022-07-06,3218.5,3268.5,3202.25,3260.75,2182144,3251.060009765625,3341.0899951171873,0.01382021282127277,0.01747640313936881
2022-07-07,3271.0,3319.39990234375,3265.050048828125,3287.85009765625,1989921,3244.097509765625,3335.622998046875,0.008311001351299474,0.017521197706793418
2022-07-08,3300.0,3305.0,3250.0,3265.449951171875,2136916,3239.3750122070314,3329.24599609375,-0.006813007229357293,0.017069313621002013
2022-07-11,3206.14990234375,3225.0,3106.0,3113.800048828125,6974600,3234.085009765625,3320.587998046875,-0.04644073699225659,0.017675155487702158
2022-07-12,3114.89990234375,3136.199951171875,3080.25,3084.699951171875,3734815,3227.7925048828124,3311.4339990234375,-0.00934552546725076,0.0177604682869695
2022-07-13,3104.0,3110.0,3035.0,3038.75,3863530,3219.415002441406,3302.6139990234374,-0.014896084513639218,0.0179971576305996
2022-07-14,3056.0,3057.0,2967.0,2998.75,4764908,3212.2525024414062,3292.3210009765626,-0.013163307280954384,0.017707539826077166
2022-07-15,3018.550048828125,3028.89990234375,2953.0,2994.60009765625,4574806,3207.5375122070313,3283.5610009765624,-0.0013838773968319895,0.017365297776783375
2022-07-18,3023.0,3076.949951171875,3014.300048828125,3063.5,3202795,3205.0925170898436,3275.9289990234374,0.023008047851756697,0.018111379974957487
2022-07-19,3030.050048828125,3078.949951171875,3030.050048828125,3074.25,1865074,3198.20751953125,3268.6389990234375,0.0035090582666883474,0.016455674056107848
2022-07-20,3107.800048828125,3171.949951171875,3098.050048828125,3164.800048828125,3402251,3195.3000244140626,3263.695,0.029454354339472966,0.017879890630873505
2022-07-21,3167.0,3184.0,3144.050048828125,3177.300048828125,2420640,3188.7250244140623,3259.0680029296873,0.0039496966023584434,0.016733344708534992
2022-07-22,3185.0,3197.0,3143.5,3171.0,2075886,3182.62001953125,3254.1900048828124,-0.001982830935482016,0.01671994831953259
2022-07-25,3165.0,3186.449951171875,3149.10009765625,3166.75,1797504,3175.222521972656,3249.98900390625,-0.0013402712078208756,0.01660616408753547
2022-07-26,3164.699951171875,3168.89990234375,3096.5,3115.89990234375,2639367,3165.1100219726563,3243.275,-0.016057503009789253,0.01687134581270722
2022-07-27,3115.0,3194.10009765625,3110.0,3188.85009765625,1389808,3160.0275268554688,3238.0760009765627,0.023412239673561874,0.01781068908634781
2022-07-28,3216.0,3264.0,3201.64990234375,3260.5,2106333,3159.6975219726564,3238.047001953125,0.02246888381376455,0.018526646810465706
2022-07-29,3290.0,3317.300048828125,3275.0,3301.89990234375,2430257,3159.0375122070313,3238.225,0.01269740909178041,0.018448962179990615
2022-08-01,3327.0,3327.0,3271.0,3298.800048828125,1306913,3162.2250122070313,3237.7660009765623,-0.000938809051547751,0.01756116230301058
2022-08-02,3290.0,3312.89990234375,3271.64990234375,3291.800048828125,1269114,3166.0000122070314,3237.842001953125,-0.0021219837202581804,0.017504094536457085
2022-08-03,3280.0,3349.0,3277.050048828125,3339.5,2895824,3169.9375122070314,3241.27900390625,0.014490537233224687,0.01752993741604154
2022-08-04,3350.0,3387.89990234375,3307.35009765625,3354.949951171875,2150567,3173.2925048828124,3243.83900390625,0.004626426462606581,0.01747209612345509
2022-08-05,3361.199951171875,3377.0,3355.0,3365.050048828125,1106933,3178.272509765625,3245.91400390625,0.00301050620821397,0.017374066078860065
2022-08-08,3365.0,3378.89990234375,3336.0,3374.449951171875,1068836,3191.3050048828127,3245.8980029296877,0.002793391541687118,0.013184738300925224
2022-08-10,3385.0,3385.0,3335.0,3354.25,1878359,3204.782507324219,3245.6960009765626,-0.00598614632433947,0.013024731797925695
2022-08-11,3400.0,3428.699951171875,3375.050048828125,3422.5,1449248,3223.970007324219,3247.042001953125,0.020347320563464333,0.012673507311979493
2022-08-12,3419.0,3419.0,3381.25,3401.550048828125,1472354,3244.110009765625,3246.6130029296874,-0.0061212421247260895,0.01220093192837408
2022-08-16,3411.0,3414.85009765625,3387.5,3392.699951171875,839942,3264.015002441406,3245.66400390625,-0.0026017837542325895,0.012244743634875157
2022-08-17,3385.10009765625,3417.949951171875,3371.10009765625,3401.10009765625,1622326,3280.8950073242186,3245.0670068359377,0.0024759473591153824,0.011617579226801636
2022-08-18,3390.0,3392.0,3362.0,3381.25,1430659,3296.245007324219,3245.4380078125,-0.005836375609741373,0.011878594085466982
2022-08-19,3387.0,3421.5,3371.25,3385.75,1398410,3307.2925048828124,3245.070009765625,0.0013308687615527504,0.0103812852773388
2022-08-22,3365.0,3384.10009765625,3347.39990234375,3354.550048828125,1536532,3316.1550048828126,3243.6190087890627,-0.009215078246141872,0.010757211497793828
2022-08-23,3319.949951171875,3341.89990234375,3270.0,3284.60009765625,1849256,3321.835009765625,3242.1130126953126,-0.020852260408608658,0.011956831545819852
2022-08-24,3292.0,3308.0,3250.199951171875,3255.35009765625,1691923,3326.2650146484375,3242.8280126953123,-0.008905193670569411,0.01217994338049064
2022-08-25,3276.0,3278.14990234375,3214.75,3218.199951171875,1946930,3331.380017089844,3242.9810107421877,-0.011412028006180353,0.011868803659763668
2022-08-26,3234.300048828125,3257.0,3216.800048828125,3222.199951171875,1457962,3333.047509765625,3243.2990087890626,0.001242930849757684,0.010711447952183772
2022-08-29,3125.0,3142.699951171875,3081.0,3132.550048828125,2539173,3326.650012207031,3243.110009765625,-0.02782257578743541,0.011193400909049255
2022-08-30,3155.0,3226.5,3142.10009765625,3211.14990234375,3431525,3322.112512207031,3245.555009765625,0.025091332074655526,0.012331620992612933
2022-09-01,3190.0,3190.0,3121.0,3131.699951171875,3546935,3313.7575073242188,3245.9410107421877,-0.024741900436938913,0.013395618629392037
2022-09-02,3163.0,3163.0,3120.300048828125,3130.39990234375,2052900,3305.6875,3244.310009765625,-0.0004151256021952543,0.01340365796871342
2022-09-05,3123.64990234375,3147.949951171875,3112.25,3133.39990234375,2147912,3295.3824951171873,3242.5190087890624,0.0009583440114964148,0.012834283627850095
2022-09-06,3135.5,3140.85009765625,3106.35009765625,3127.050048828125,1936453,3283.9875,3238.8840087890626,-0.002026505940360579,0.012709047378486915
2022-09-07,3102.0,3161.89990234375,3102.0,3149.60009765625,1291534,3273.2150024414063,3236.0140087890627,0.007211284909423021,0.01285503846602295
2022-09-08,3170.0,3183.5,3160.10009765625,3169.64990234375,1346113,3262.975,3233.1130078125,0.006365825522554491,0.012967383408783834
2022-09-09,3195.0,3233.5,3168.5,3217.64990234375,1561185,3256.1449951171876,3231.1030078125,0.015143628311917734,0.013562305010244266
2022-09-12,3239.89990234375,3269.800048828125,3225.0,3242.949951171875,1785928,3247.1674926757814,3230.1520068359373,0.007862896709084577,0.012742673038449616
2022-09-13,3263.449951171875,3263.449951171875,3225.0,3229.35009765625,1972678,3238.5574951171875,3229.3970068359376,-0.004193667407882962,0.012722017648660098
2022-09-14,3135.0,3141.39990234375,3113.800048828125,3120.39990234375,5090269,3224.942492675781,3225.5030029296877,-0.033737498883001926,0.014512041111697347
2022-09-15,3130.0,3137.75,3100.0,3104.35009765625,2138023,3210.1049926757814,3222.88900390625,-0.00514350890584403,0.014430833828681726
2022-09-16,3076.0,3094.35009765625,3000.0,3008.699951171875,5322221,3191.477490234375,3218.737001953125,-0.030811649290648613,0.015590686070102944
2022-09-19,3036.0,3042.0,2987.800048828125,3028.800048828125,2072220,3173.629992675781,3214.0980029296875,0.00668065875044177,0.015762671291444295
2022-09-20,3050.0,3079.949951171875,3030.0,3040.300048828125,1544295,3157.9174926757814,3209.147001953125,0.0037968831928834046,0.015866670761841024
2022-09-21,3028.0,3041.39990234375,2998.14990234375,3001.199951171875,2253818,3143.7474853515623,3203.862001953125,-0.012860604883824234,0.015537976036236804
2022-09-22,2990.0,3029.949951171875,2979.300048828125,3007.39990234375,2017983,3131.3499755859375,3201.7339990234377,0.0020658240946105355,0.015563665817799843
2022-09-23,3004.0,3022.5,2979.0,2982.050048828125,2652374,3119.54248046875,3199.6810009765627,-0.008429159519447116,0.01550142576172492
2022-09-26,2959.85009765625,3025.85009765625,2926.10009765625,2994.39990234375,2925489,3108.152478027344,3198.7939990234377,0.004141397130634328,0.015563377876341444
2022-09-27,3009.39990234375,3025.0,2976.0,3017.449951171875,2227447,3102.3974731445314,3199.167998046875,0.007697718935297582,0.014646612548383052
2022-09-28,2980.0,3049.949951171875,2980.0,3035.64990234375,2739767,3093.6224731445313,3199.988994140625,0.006031566874806549,0.013371648207851456
2022-09-29,3054.0,3055.85009765625,2990.0,2997.300048828125,2493902,3086.902478027344,3198.6649951171876,-0.012633160854951031,0.012572313923942393
2022-09-30,2990.85009765625,3019.699951171875,2950.10009765625,3004.550048828125,2817353,3080.6099853515625,3197.27099609375,0.002418843586525332,0.01260839654980118
2022-10-03,2995.0,3020.699951171875,2974.0,2984.949951171875,1763331,3073.1874877929686,3193.673994140625,-0.006523471846939133,0.012627822424141651
2022-10-04,3029.949951171875,3098.0,3023.0,3091.14990234375,2145875,3071.39248046875,3191.9509912109374,0.03557846962565714,0.01521307965011529
2022-10-06,3111.0,3124.0,3092.449951171875,3101.949951171875,1790816,3069.009973144531,3190.569990234375,0.0034938612391253177,0.01513684995239848
2022-10-07,3097.39990234375,3105.0,3058.10009765625,3064.89990234375,1939879,3063.7724731445314,3188.53298828125,-0.011944115608354067,0.015243345175384474
2022-10-10,3010.0,3127.0,3005.0,3118.550048828125,3064063,3058.81748046875,3188.5859912109377,0.017504697769525235,0.015388039817363293
2022-10-11,3100.0,3145.0,3053.35009765625,3069.550048828125,4730645,3050.1474853515624,3186.199990234375,-0.01571243021044766,0.015539307055957153
2022-10-12,3084.89990234375,3109.89990234375,3062.050048828125,3100.75,1665247,3043.71748046875,3183.004990234375,0.010164340269931849,0.015792809864716557
2022-10-13,3100.75,3110.0,3052.35009765625,3103.300048828125,2054781,3042.8624877929688,3179.0329931640626,0.0008223974290493263,0.013905081917847227
2022-10-14,3145.0,3150.0,3071.0,3099.14990234375,2245977,3042.6024780273438,3175.039990234375,-0.0013373332965151974,0.013859590631058254
2022-10-17,3072.64990234375,3128.39990234375,3071.449951171875,3111.75,1517005,3047.75498046875,3171.4389892578124,0.0040656625375625755,0.01182219710064357
2022-10-18,3150.0,3155.35009765625,3128.550048828125,3144.699951171875,1793722,3053.5499755859373,3167.54298828125,0.01058888123142121,0.011939683151142728
2022-10-19,3159.0,3159.0,3112.0,3121.85009765625,1194289,3057.627478027344,3162.8809912109373,-0.007266147445040061,0.01210457582038771
2022-10-20,3105.0,3160.0,3105.0,3157.300048828125,1587601,3065.432482910156,3158.7259912109375,0.011355430293878976,0.01181132547921247
2022-10-21,3157.800048828125,3160.39990234375,3127.0,3137.39990234375,1021913,3071.932482910156,3153.984990234375,-0.006302900002095546,0.011978456489570485
2022-10-24,3170.10009765625,3178.0,3155.0,3161.699951171875,260949,3080.9149780273438,3150.1339892578126,0.00774528258573981,0.011768238203858254
2022-10-25,3180.5,3184.25,3151.14990234375,3162.10009765625,2069643,3089.2999877929688,3144.9259912109374,0.00012656054987969512,0.011781878437165617
2022-10-27,3160.699951171875,3174.0,3134.35009765625,3157.39990234375,2438421,3096.2974853515625,3140.04298828125,-0.0014864157260497946,0.01175963937018364
2022-10-28,3150.0,3178.5,3145.0,3163.25,1355739,3102.677490234375,3135.4539892578123,0.0018528212571069513,0.011727574046590791
2022-10-31,3199.0,3199.0,3177.800048828125,3193.14990234375,1919414,3112.4699829101564,3131.2949853515624,0.009452272929344918,0.01129661399450432
2022-11-01,3214.5,3262.60009765625,3203.449951171875,3259.699951171875,2991060,3125.2274780273438,3128.863984375,0.0208415047409074,0.011958700280675678
2022-11-02,3270.0,3270.0,3222.050048828125,3241.699951171875,1405955,3138.064978027344,3125.9829833984377,-0.005521980633072965,0.01191366277763207
2022-11-03,3228.050048828125,3228.050048828125,3195.0,3206.75,1422652,3143.8449829101564,3123.026982421875,-0.010781365239938556,0.009812022145900278
2022-11-04,3217.0,3220.050048828125,3166.14990234375,3217.39990234375,1464013,3149.61748046875,3121.682978515625,0.003321089060185578,0.00981060528377491
2022-11-07,3229.0,3242.800048828125,3195.10009765625,3233.699951171875,1474498,3158.057482910156,3121.2499755859376,0.005066217853817667,0.009272142404214088
2022-11-09,3249.800048828125,3249.800048828125,3201.64990234375,3216.050048828125,1162267,3162.932482910156,3121.2069775390623,-0.005458113804700293,0.008752852085807663
2022-11-10,3170.0,3225.0,3170.0,3205.64990234375,1573092,3169.7374755859373,3120.8759765625,-0.0032338260681498143,0.007854181315024376
2022-11-11,3269.60009765625,3341.60009765625,3255.050048828125,3315.949951171875,3265394,3180.4974731445313,3124.543974609375,0.03440801465795795,0.010554564900436528
2022-11-14,3324.0,3349.0,3309.0,3335.5,1342074,3192.107470703125,3127.0309765625,0.005895761129089294,0.010549993470997688
2022-11-15,3321.0,3339.949951171875,3292.0,3332.60009765625,1400708,3203.77998046875,3131.0489794921873,-0.0008694055894917785,0.010538825362182728
2022-11-16,3338.89990234375,3367.89990234375,3321.449951171875,3355.35009765625,1748235,3215.9599853515624,3135.5479833984373,0.0068265016303634685,0.010562061077297298
2022-11-17,3340.0,3360.0,3317.75,3349.0,1417986,3226.1749877929688,3139.8599853515625,-0.0018925290868113676,0.010510174109841997
2022-11-18,3350.0,3362.75,3321.0,3343.449951171875,1164540,3237.25498046875,3144.1879833984376,-0.0016572256877053215,0.010288590134679799
2022-11-21,3322.5,3333.699951171875,3273.0,3283.5,1304194,3243.564978027344,3146.8659814453126,-0.017930566345359167,0.011156800957017854
2022-11-22,3280.0,3318.949951171875,3255.25,3314.949951171875,1149739,3252.44248046875,3149.771982421875,0.00957817912954928,0.011098250741596535
2022-11-23,3330.0,3330.0,3291.0,3308.300048828125,1150011,3259.7724853515624,3151.5849853515624,-0.002006034010075819,0.011084402745747235
2022-11-24,3316.25,3392.949951171875,3308.300048828125,3380.14990234375,1296591,3270.6749755859373,3154.328984375,0.021718058354796455,0.01188164375782131
2022-11-25,3383.0,3403.35009765625,3348.0,3389.64990234375,1588981,3282.2874755859375,3157.53498046875,0.002810526241280753,0.011827243550251786
2022-11-28,3366.0,3417.0,3365.550048828125,3395.25,2195437,3293.8874755859374,3163.031982421875,0.0016521168314100887,0.01182890780805375
2022-11-29,3383.0,3429.0,3383.0,3397.35009765625,1576028,3304.0974853515627,3168.891982421875,0.0006185399178999518,0.01176406221128709
2022-11-30,3383.0,3414.89990234375,3375.0,3390.800048828125,3410702,3310.652490234375,3176.533984375,-0.0019279875902821209,0.01104350688794332
2022-12-01,3425.0,3480.0,3420.0,3475.64990234375,2180856,3322.349987792969,3185.4709814453126,0.02502354969145104,0.012013572378514671
2022-12-02,3458.10009765625,3468.89990234375,3413.0,3439.14990234375,2411749,3333.9699829101564,3193.447978515625,-0.010501633083178752,0.011996149463446877
2022-12-05,3433.0,3439.14990234375,3407.0,3425.89990234375,1475065,3344.394982910156,3201.9419775390625,-0.00385269626978757,0.012110750596784549
2022-12-06,3400.050048828125,3407.949951171875,3368.0,3385.35009765625,1166999,3351.977490234375,3209.5009814453124,-0.01183624911508907,0.012556207779331724
2022-12-07,3368.300048828125,3393.699951171875,3354.0,3380.60009765625,1167505,3360.2049926757813,3217.471982421875,-0.0014031045129685449,0.012455516045701961
2022-12-08,3360.0,3380.60009765625,3339.449951171875,3350.550048828125,1285619,3367.45,3224.5949853515626,-0.008888968810288556,0.01265679256218552
2022-12-09,3374.10009765625,3374.10009765625,3276.35009765625,3292.75,1797896,3366.290002441406,3230.100986328125,-0.01725091342788354,0.01090716846999454
2022-12-12,3255.5,3296.0,3236.10009765625,3286.449951171875,1527610,3363.8375,3235.1169873046874,-0.0019133091877989727,0.010813269385907447
2022-12-13,3277.199951171875,3336.449951171875,3267.800048828125,3332.10009765625,1378016,3363.8125,3241.81298828125,0.01389041280488601,0.011293057469530287
2022-12-14,3348.800048828125,3377.0,3340.89990234375,3365.35009765625,1213311,3364.3125,3249.0289892578126,0.009978691823630204,0.011413918240367369
2022-12-15,3358.800048828125,3364.75,3298.949951171875,3305.10009765625,1415694,3362.1175048828127,3255.4319921875,-0.01790304076891147,0.012109439634686988
2022-12-16,3275.0,3292.0,3225.199951171875,3240.25,2703680,3356.9575073242186,3258.413994140625,-0.019621220459325017,0.012837121729948863
2022-12-19,3227.0,3245.5,3194.5,3202.050048828125,2120965,3352.885009765625,3260.41599609375,-0.011789198725985606,0.012491926968556102
2022-12-20,3198.89990234375,3249.0,3163.64990234375,3243.949951171875,1529971,3349.335009765625,3263.9969970703123,0.013085336489067068,0.012674199784726165
2022-12-21,3249.0,3283.050048828125,3240.0,3268.550048828125,1432566,3347.347509765625,3266.9969970703123,0.007583377680461245,0.012814975215015846
2022-12-22,3294.0,3294.0,3245.10009765625,3259.699951171875,1384101,3341.3250122070312,3270.7999951171873,-0.002707652483223577,0.011698763038624242
2022-12-23,3217.0,3266.85009765625,3217.0,3228.35009765625,1360281,3333.2600219726564,3273.3519970703123,-0.009617404664608697,0.011773728437104789
2022-12-26,3228.35009765625,3272.0,3225.050048828125,3252.89990234375,870157,3326.1425170898438,3276.343994140625,0.007604443119512583,0.011954568447249233
2022-12-27,3269.199951171875,3273.800048828125,3231.5,3259.5,835883,3319.2500122070314,3279.55099609375,0.0020289888574482884,0.01197541454525421
2022-12-28,3249.800048828125,3266.10009765625,3226.0,3257.10009765625,910795,3312.5650146484377,3282.457998046875,-0.0007362792893849113,0.011978760868452261
2022-12-29,3231.10009765625,3271.5,3228.0,3268.75,1037927,3302.22001953125,3284.9389990234376,0.0035767713593244377,0.01027687603042225
2022-12-30,3286.050048828125,3299.0,3246.199951171875,3256.699951171875,1163131,3293.097521972656,3287.63599609375,-0.0036864394120459387,0.01012742574379634
2023-01-02,3261.0,3266.85009765625,3235.199951171875,3261.449951171875,709547,3284.8750244140624,3289.718994140625,0.0014585316643280777,0.01016442942358458
2023-01-03,3252.0,3320.0,3245.300048828125,3311.35009765625,1245178,3281.1750244140626,3293.197998046875,0.015299988419704258,0.01063960927951992
2023-01-04,3306.699951171875,3327.35009765625,3286.199951171875,3314.64990234375,1231668,3277.8775146484377,3296.2569970703125,0.000996513382814923,0.01064895025661318
2023-01-05,3330.199951171875,3337.300048828125,3281.949951171875,3311.10009765625,1826057,3275.9050170898436,3299.2369970703126,-0.0010709440791891733,0.01048364687785404
2023-01-06,3300.0,3301.550048828125,3200.0,3211.550048828125,2488376,3271.84501953125,3300.32,-0.030065550992732337,0.011859997998747648
2023-01-09,3229.0,3327.0,3221.14990234375,3319.949951171875,2885060,3273.52001953125,3303.4539990234375,0.033753141223286987,0.01419551783399929
2023-01-10,3285.0,3298.0,3230.10009765625,3286.39990234375,3864655,3271.235009765625,3305.3189990234373,-0.01010558873524059,0.014026415404666322
2023-01-11,3290.10009765625,3349.5,3271.14990234375,3328.699951171875,2720512,3269.4025024414063,3306.6989990234374,0.01287124211449675,0.014155518704146379
2023-01-12,3329.0,3350.0,3315.550048828125,3334.35009765625,2250391,3270.8650024414064,3308.552001953125,0.0016974033608483374,0.013549281390306383
2023-01-13,3342.89990234375,3379.0,3305.0,3374.550048828125,1742837,3277.5800048828123,3311.9080029296874,0.012056307824463985,0.012906198815123624
2023-01-16,3317.0,3353.0,3298.050048828125,3334.050048828125,1843607,3284.1800048828127,3314.241005859375,-0.012001600039704408,0.012918321067068262
2023-01-17,3330.0,3381.800048828125,3321.0,3378.39990234375,1688475,3290.9025024414063,3317.1350048828126,0.013302095909212053,0.012928108715381179
2023-01-18,3380.0,3408.949951171875,3372.25,3390.0,2421189,3296.975,3320.61400390625,0.003433607030417729,0.012868837194644146
2023-01-19,3380.0,3387.0,3361.0,3373.10009765625,1585044,3302.6450073242186,3323.9630078125,-0.004985221930309702,0.012921766302828683
2023-01-20,3365.0,3394.64990234375,3355.60009765625,3363.10009765625,1529349,3309.3825073242188,3324.9060107421874,-0.002964631855114086,0.0126963046026983
2023-01-23,3388.0,3419.0,3355.60009765625,3414.89990234375,1067916,3317.4825073242187,3326.4940087890627,0.015402397544931556,0.012989835034667196
2023-01-24,3425.0,3451.949951171875,3417.300048828125,3436.300048828125,1387863,3326.322509765625,3328.5680078125,0.0062666980281580464,0.013016059378458015
2023-01-25,3425.300048828125,3435.0,3405.0,3429.75,874110,3334.9550048828123,3330.056005859375,-0.0019061341370230078,0.013035047032936628
2023-01-27,3426.0,3446.0,3382.300048828125,3411.050048828125,1785879,3342.0700073242188,3331.2970068359373,-0.005452278204497452,0.01315763751502362
2023-01-30,3420.0,3458.449951171875,3385.550048828125,3433.64990234375,1953798,3350.9175048828124,3333.101005859375,0.00662548282555675,0.013116189547130187
2023-01-31,3449.0,3449.0,3351.0,3358.699951171875,2820375,3355.7800048828126,3334.6050048828124,-0.021828070217850493,0.014222017236380906
2023-02-01,3363.0,3419.0,3355.0,3408.35009765625,2205161,3360.6300048828125,3336.4730078125,0.01478254896423592,0.014196165723890573
2023-02-02,3427.0,3469.0,3420.10009765625,3460.39990234375,1813847,3367.9175048828124,3339.5150048828127,0.015271261224981458,0.014522477044656666
2023-02-03,3504.0,3504.0,3452.89990234375,3482.300048828125,1804469,3376.477502441406,3341.5580078125,0.006328790631840553,0.014527566735683084
2023-02-06,3473.14990234375,3473.14990234375,3436.85009765625,3459.949951171875,1138714,3388.897497558594,3342.9640087890625,-0.0064181998514950545,0.012555443333760925
2023-02-07,3468.89990234375,3493.0,3461.39990234375,3472.550048828125,1455647,3396.5275024414063,3344.510009765625,0.003641699398565734,0.010394919376099718
2023-02-08,3478.050048828125,3539.89990234375,3478.050048828125,3520.10009765625,1986946,3408.212512207031,3346.965009765625,0.013693121239295447,0.01026126054769798
2023-02-09,3515.0,3547.60009765625,3505.300048828125,3540.85009765625,1655427,3418.82001953125,3349.9660107421873,0.005894718736497273,0.010041830385456935
2023-02-10,3520.0,3542.35009765625,3508.14990234375,3537.550048828125,1187821,3428.980017089844,3351.204013671875,-0.0009319933736560149,0.010078882737763242
2023-02-13,3549.0,3549.0,3473.39990234375,3482.39990234375,1087939,3434.372509765625,3352.069013671875,-0.01558992684856697,0.01065247401667008
2023-02-14,3505.0,3524.85009765625,3495.0,3500.10009765625,1579818,3442.675012207031,3353.553017578125,0.005082757813250405,0.010176332147460077
2023-02-15,3487.0,3526.0,3460.14990234375,3520.64990234375,1429449,3449.7875122070313,3356.259013671875,0.005871204855329992,0.009892194670069174
2023-02-16,3527.199951171875,3575.0,3527.0,3558.050048828125,1618931,3458.1900146484377,3359.8080126953123,0.010623080261254358,0.010071790061821248
2023-02-17,3526.14990234375,3538.89990234375,3490.0,3501.14990234375,1061369,3464.5925048828126,3362.820009765625,-0.015991946629057563,0.010776660761843547
2023-02-20,3502.0,3522.0,3475.050048828125,3487.300048828125,1296082,3470.8025024414064,3366.7110107421877,-0.003955801351536947,0.01080255397721844
2023-02-21,3494.0,3508.89990234375,3444.75,3451.0,1139541,3472.6075073242187,3370.00201171875,-0.010409212949807234,0.010641462831759263
2023-02-22,3414.949951171875,3447.0,3395.0,3401.550048828125,1218430,3470.870007324219,3371.3910107421875,-0.014329165798862675,0.011050850342550902
2023-02-23,3421.0,3452.39990234375,3408.0,3413.800048828125,1441570,3470.072509765625,3372.360009765625,0.0036012993559275674,0.01108123025346262
2023-02-24,3422.5,3433.949951171875,3382.300048828125,3400.449951171875,977592,3469.5425048828124,3374.2670068359375,-0.003910626710791898,0.011047897102457212
2023-02-27,3390.0,3390.0,3316.0,3331.85009765625,1128022,3464.4525146484375,3376.0990087890623,-0.020173757738144005,0.01178985955240435
2023-02-28,3328.5,3392.0,3299.89990234375,3312.85009765625,4116217,3462.160021972656,3378.315009765625,-0.00570253746210414,0.010834704609381319
2023-03-01,3323.0,3389.0,3315.0,3385.699951171875,1669307,3461.0275146484373,3381.150009765625,0.021990084479573735,0.011475296429009577
2023-03-02,3361.0,3369.89990234375,3318.0,3321.449951171875,1556538,3454.0800170898438,3382.2080078125,-0.018976873593822607,0.011588750962216905
2023-03-03,3354.0,3358.0,3331.10009765625,3342.14990234375,1043190,3447.072509765625,3383.8570068359377,0.006232203247431567,0.011585124380042762
2023-03-06,3361.89990234375,3404.949951171875,3359.0,3371.85009765625,1334132,3442.667517089844,3386.7270068359376,0.008886553918982631,0.011780904072274128
2023-03-08,3364.0,3396.0,3330.85009765625,3390.39990234375,1844590,3438.560009765625,3389.4770068359376,0.005501372881431932,0.011828561281693245
2023-03-09,3385.0,3385.0,3330.85009765625,3336.85009765625,1648500,3429.397509765625,3391.0240087890625,-0.01579453935521924,0.011720974210500645
2023-03-10,3312.89990234375,3337.25,3290.0,3331.0,1024404,3418.9050048828126,3392.5020068359377,-0.0017531796409910871,0.011552653544407864
2023-03-13,3333.0,3369.800048828125,3272.0,3281.949951171875,1901233,3406.125,3392.766005859375,-0.014725322374099403,0.011831886101593098
2023-03-14,3280.0,3304.39990234375,3209.39990234375,3214.949951171875,2670334,3392.7525024414062,3391.931005859375,-0.020414692788376154,0.012132933041958938
2023-03-15,3250.0,3260.35009765625,3192.0,3198.89990234375,1780522,3377.692492675781,3390.6800048828127,-0.004992316854660395,0.01194731716433851
2023-03-16,3208.0,3219.800048828125,3172.0,3185.0,1901060,3360.9099975585937,3388.1530029296873,-0.00434521328209303,0.011699938369966842
2023-03-17,3150.5,3221.39990234375,3144.0,3179.300048828125,6739966,3341.9724975585937,3385.446005859375,-0.0017896236018445366,0.011147556047199152
2023-03-20,3169.64990234375,3169.64990234375,3095.050048828125,3143.300048828125,2289468,3324.0800048828123,3382.0900048828125,-0.01132324708178123,0.010964832030754346
2023-03-21,3143.300048828125,3156.75,3097.449951171875,3106.10009765625,1815297,3305.0200073242186,3379.981005859375,-0.011834680302233225,0.011054438519568123
2023-03-22,3130.050048828125,3143.5,3106.10009765625,3130.800048828125,1123939,3289.010009765625,3376.1980078125,0.007952078296032061,0.011400925835849464
2023-03-23,3114.89990234375,3146.35009765625,3101.0,3124.64990234375,1372218,3275.165002441406,3372.9630078125,-0.001964400916205755,0.011190012916848008
2023-03-24,3148.89990234375,3170.0,3106.0,3120.5,1329577,3260.5,3368.7990087890626,-0.0013281175406681944,0.01106324378380862
2023-03-27,3135.0,3152.75,3106.0,3122.300048828125,1524217,3246.5925048828126,3364.5580078125,0.0005768462836484023,0.011119551370596309
2023-03-28,3127.0,3149.550048828125,3110.14990234375,3115.89990234375,1303530,3235.7949951171877,3359.3850048828126,-0.0020498178856247495,0.010468612526672047
2023-03-29,3129.0,3150.0,3104.10009765625,3138.89990234375,1740616,3227.0974853515627,3355.482001953125,0.007381495144532568,0.010715995198945385
2023-03-31,3189.949951171875,3213.0,3152.0,3205.89990234375,2382581,3218.1074829101562,3352.032001953125,0.021345057849717408,0.010638662089278451
2023-04-03,3224.949951171875,3224.949951171875,3173.75,3200.0,1521830,3212.0349853515627,3348.232001953125,-0.0018403264367164995,0.009922225963729938
2023-04-05,3185.5,3264.35009765625,3185.5,3239.800048828125,2655065,3206.9174926757814,3345.5660009765625,0.012437515258789,0.010277721738761516
2023-04-06,3225.0,3257.35009765625,3215.0,3220.699951171875,1703464,3199.3599853515625,3342.717998046875,-0.005895455697384366,0.010019464331649084
2023-04-10,3220.0,3272.0,3215.0,3263.39990234375,2203187,3193.0099853515626,3339.687998046875,0.013257972434326915,0.010474775655408036
2023-04-11,3264.0,3272.949951171875,3192.14990234375,3213.800048828125,2348779,3186.8574829101562,3335.237998046875,-0.015198827909507107,0.010433818536881629
2023-04-12,3227.949951171875,3260.949951171875,3199.0,3241.64990234375,2417727,3182.3899780273437,3331.47599609375,0.008665708224685709,0.010694448611539087
2023-04-13,3210.0,3230.0,3180.0,3188.85009765625,4174070,3177.7349853515625,3327.0319970703126,-0.016287941720457,0.010802819023524066
2023-04-17,3134.10009765625,3163.39990234375,3070.25,3139.5,5505048,3173.9624877929687,3321.1489990234377,-0.015475828635695854,0.01039355573508832
2023-04-18,3154.949951171875,3156.85009765625,3110.60009765625,3130.75,2617302,3170.5549926757812,3316.59,-0.00278706800445927,0.010362135796279601
2023-04-19,3130.75,3140.0,3071.5,3089.60009765625,3298034,3165.7849975585937,3310.215,-0.01314378418709572,0.010692029171992912
2023-04-20,3090.0,3113.0,3078.0,3104.800048828125,2419999,3162.0599975585938,3303.1030029296876,0.004919714749946236,0.010786151820422451
2023-04-21,3110.0,3164.449951171875,3100.800048828125,3160.85009765625,1929184,3162.9375,3296.67400390625,0.018052708047747057,0.011312282030636408
2023-04-24,3151.10009765625,3180.949951171875,3126.14990234375,3174.800048828125,1640676,3166.3724975585938,3290.971005859375,0.0044133542372726264,0.010970256637597571
2023-04-25,3183.0,3191.199951171875,3147.5,3176.0,2024090,3168.6324951171873,3285.0400048828124,0.0003779611797340987,0.010853248084209432
2023-04-26,3181.0,3208.39990234375,3181.0,3198.14990234375,2000029,3172.3074951171875,3278.6010009765623,0.006974150612012009,0.010918443588778618
2023-04-27,3185.0,3199.199951171875,3170.64990234375,3187.949951171875,2434446,3175.6799926757812,3271.542998046875,-0.003189328669178426,0.010949191262620872
2023-04-28,3200.39990234375,3227.25,3196.25,3219.25,2931312,3180.527490234375,3265.1769970703126,0.009818237208090164,0.011118456004373615
2023-05-02,3235.0,3235.0,3210.0,3219.39990234375,2321159,3185.702490234375,3259.9169970703124,4.656436864181046e-05,0.011092198609594999
2023-05-03,3216.0,3216.0,3173.14990234375,3179.89990234375,2468285,3187.752490234375,3253.5129931640627,-0.0122693673349632,0.011427125567745725
2023-05-04,3180.14990234375,3224.449951171875,3178.0,3220.699951171875,1953253,3188.4924926757812,3247.513994140625,0.012830607906259228,0.01075688616740142
2023-05-05,3220.0,3244.0,3210.050048828125,3230.699951171875,1710027,3190.027490234375,3240.9669921875,0.0031049151276452136,0.01076228867179179
2023-05-08,3245.0,3254.85009765625,3231.300048828125,3250.60009765625,928235,3190.567492675781,3235.95599609375,0.006159701236617909,0.01048476811020189
2023-05-09,3252.60009765625,3298.0,3246.0,3283.25,1107375,3193.6949951171873,3231.8749951171876,0.010044269169650066,0.010600725057683509
2023-05-10,3290.0,3306.5,3266.050048828125,3286.800048828125,1559987,3194.8650024414064,3228.59099609375,0.0010812605887839943,0.010202809644397536
2023-05-11,3309.0,3309.699951171875,3272.0,3282.14990234375,1719623,3198.2824951171874,3226.2029931640627,-0.0014147944551823333,0.009536992757315073
2023-05-12,3279.14990234375,3290.0,3260.0,3274.300048828125,1027479,3199.915002441406,3223.4129931640623,-0.0023916803769442607,0.009394515968765652
2023-05-15,3284.0,3292.0,3248.35009765625,3255.050048828125,1150390,3203.225,3220.5049951171877,-0.005879119113378017,0.008673685886982169
2023-05-16,3256.199951171875,3285.0,3250.449951171875,3258.14990234375,986306,3209.1574951171874,3219.0309912109374,0.0009523213066235936,0.007754076721150361
2023-05-17,3255.949951171875,3280.0,3198.25,3208.699951171875,1588815,3213.0549926757812,3216.94798828125,-0.015177310023796964,0.008596227697291688
2023-05-18,3225.949951171875,3228.949951171875,3195.0,3199.85009765625,1369364,3218.567492675781,3213.2309912109376,-0.0027580807337229674,0.00797091976096512
2023-05-19,3210.0,3234.5,3203.050048828125,3222.85009765625,1152449,3224.4699951171874,3211.258994140625,0.007187836710490503,0.008033756255677012
2023-05-22,3230.0,3308.449951171875,3217.050048828125,3298.699951171875,1333243,3231.3624877929688,3210.3899951171875,0.02353502372660321,0.008681391653865892
2023-05-23,3306.0,3327.949951171875,3290.10009765625,3297.050048828125,1687418,3237.474987792969,3208.893994140625,-0.0005001674502598252,0.008684158414921844
2023-05-24,3276.0,3317.199951171875,3276.0,3303.35009765625,1016555,3243.842492675781,3207.152998046875,0.0019108138289753995,0.008676531782988526
2023-05-25,3294.0,3306.0,3267.10009765625,3293.5,1374917,3248.609997558594,3206.28599609375,-0.0029818509588913633,0.008661919083679326
2023-05-26,3293.5,3338.64990234375,3291.0,3328.89990234375,1791115,3255.6574951171874,3206.243994140625,0.010748414253453742,0.008823489052102661
2023-05-29,3360.800048828125,3372.0,3312.0,3320.35009765625,1210372,3260.7125,3207.0119970703126,-0.002568357396832588,0.008694561166816828
2023-05-30,3315.0,3326.949951171875,3301.35009765625,3316.199951171875,1344224,3265.5525024414064,3209.0369970703123,-0.0012499123171693105,0.008711436308673395
2023-05-31,3309.0,3327.699951171875,3265.14990234375,3289.5,5815424,3271.032507324219,3210.8489990234375,-0.008051369508777606,0.008405772390169831
2023-06-01,3314.0,3340.0,3297.5,3324.0,1177314,3276.197509765625,3213.6289990234377,0.010487916096671324,0.00825795397618952
2023-06-02,3326.25,3335.89990234375,3297.449951171875,3305.60009765625,2030661,3279.942517089844,3216.155,-0.0055354700191786455,0.0084005226835196
2023-06-05,3315.0,3327.0,3285.050048828125,3288.89990234375,1861468,3281.8575073242187,3219.0669970703125,-0.00505209184993094,0.00842478346507867
2023-06-06,3280.0,3288.85009765625,3220.60009765625,3232.300048828125,2022849,3279.310009765625,3221.59099609375,-0.017209357291564475,0.009004268059083699
2023-06-07,3253.0,3278.85009765625,3241.0,3274.89990234375,1567196,3278.7150024414063,3224.4729931640627,0.013179424209416979,0.009524635486800288
2023-06-08,3261.0,3270.0,3233.0,3236.449951171875,1759366,3276.4300048828127,3226.708994140625,-0.011740801953781133,0.009871037815397176
2023-06-09,3245.0,3250.0,3205.35009765625,3209.300048828125,1775689,3273.1800048828127,3228.4849951171873,-0.008388791037513,0.01001659483234114
2023-06-12,3215.0,3254.39990234375,3211.0,3246.89990234375,2324605,3272.772497558594,3230.9769921875,0.011715904696837143,0.010329113027578192
2023-06-13,3260.0,3265.0,3239.0,3243.699951171875,1371928,3272.05,3233.5329931640626,-0.000985540444152666,0.010328060055358407
2023-06-14,3243.699951171875,3255.85009765625,3225.85009765625,3251.050048828125,1658544,3274.1675048828124,3235.77599609375,0.002265961021947982,0.009712357114974752
2023-06-15,3245.300048828125,3247.449951171875,3210.0,3216.300048828125,2273810,3274.9900024414064,3235.9839990234377,-0.01068885420958865,0.010018083886477114
2023-06-16,3197.0,3199.39990234375,3156.0,3174.89990234375,4156189,3272.592492675781,3235.4819970703124,-0.012871978937244788,0.010293009753424854
2023-06-19,3190.0,3214.89990234375,3175.0,3210.39990234375,1468186,3268.177490234375,3234.893994140625,0.011181454877929653,0.009058872864206764
2023-06-20,3214.0,3232.5,3201.050048828125,3227.699951171875,1528452,3264.7099853515624,3235.033994140625,0.005388751979307882,0.009181684146144854
2023-06-21,3250.0,3261.39990234375,3223.949951171875,3258.199951171875,1645987,3262.4524780273437,3234.9299951171874,0.009449453313938427,0.009458985864462126
2023-06-22,3260.0,3267.64990234375,3230.10009765625,3238.5,1529603,3259.7024780273437,3235.423994140625,-0.0060462683282496155,0.00952342535183382
2023-06-23,3237.300048828125,3249.39990234375,3209.14990234375,3216.35009765625,1119505,3254.074987792969,3234.917998046875,-0.006839556073413577,0.009207864522173322
2023-06-26,3205.0,3213.89990234375,3173.0,3189.64990234375,1978803,3247.5399780273438,3234.933994140625,-0.008301395837460701,0.009325528510640559
2023-06-27,3202.0,3209.64990234375,3182.300048828125,3197.35009765625,863542,3241.5974853515627,3236.09099609375,0.0024141192758622143,0.009376160971791525
2023-06-28,3208.0,3230.949951171875,3193.39990234375,3215.449951171875,1575872,3237.894982910156,3237.7849951171875,0.005660891977044669,0.009394875577492062
2023-06-30,3220.0,3310.0,3214.10009765625,3302.25,2672406,3236.807482910156,3242.0379931640623,0.026994681971800105,0.011046026828602173
2023-07-03,3314.300048828125,3318.800048828125,3268.75,3272.300048828125,1687264,3235.14248046875,3245.3879931640627,-0.009069558989136195,0.011162339633353368
2023-07-04,3290.0,3315.0,3277.300048828125,3308.85009765625,1656681,3236.139990234375,3248.3479931640627,0.011169528552619878,0.011397008548589103
2023-07-05,3320.0,3329.0,3305.0,3319.949951171875,1453008,3240.5224853515624,3251.2509912109376,0.0033545954600624484,0.010629960666631796
2023-07-06,3306.550048828125,3328.449951171875,3302.0,3322.89990234375,1848238,3242.9224853515625,3254.1889892578124,0.0008885529044899698,0.010261539101636871
2023-07-07,3302.0,3356.89990234375,3302.0,3329.25,1789326,3247.5624877929686,3256.8109912109376,0.0019110108167179618,0.00982997912687986
2023-07-10,3324.75,3324.75,3265.199951171875,3271.949951171875,1407431,3250.6949829101563,3258.4909912109374,-0.017211098243786083,0.01047217739036909
2023-07-11,3295.0,3295.0,3260.800048828125,3272.39990234375,1110172,3251.9699829101564,3259.5539892578126,0.00013751774281067775,0.01016525178852814
2023-07-12,3280.949951171875,3289.14990234375,3250.10009765625,3259.89990234375,1515240,3252.77998046875,3260.3639892578126,-0.0038198265410799292,0.010205848362914499
2023-07-13,3284.0,3367.449951171875,3272.75,3340.550048828125,4585146,3257.25498046875,3263.5769921875,0.024740068376452484,0.011578785264239652
2023-07-14,3365.0,3524.85009765625,3352.0,3514.64990234375,6306101,3272.172473144531,3269.4559912109376,0.052117121722723425,0.015850248237901664
2023-07-17,3510.0,3549.89990234375,3477.050048828125,3491.699951171875,2743228,3288.0124755859374,3274.6759912109374,-0.0065297972229242385,0.015543563704103511
2023-07-18,3476.0,3524.0,3465.0,3496.85009765625,2600090,3302.3349853515624,3279.6009912109375,0.0014749682264785235,0.015487874250979649
2023-07-19,3500.0,3516.85009765625,3445.64990234375,3470.050048828125,2405370,3314.452490234375,3283.3369921875,-0.0076640542430136405,0.01571707752038269
2023-07-20,3453.10009765625,3478.89990234375,3436.050048828125,3463.300048828125,1715404,3324.7074951171876,3286.8669921875,-0.0019452169003382203,0.015705800421118694
2023-07-21,3404.050048828125,3434.89990234375,3359.050048828125,3368.300048828125,3770223,3331.1974975585936,3288.5899951171873,-0.027430484988485215,0.017037782481563776
2023-07-24,3381.0,3413.449951171875,3372.10009765625,3394.75,1680132,3340.1174926757812,3290.998994140625,0.007852611343540206,0.016948438822753046
2023-07-25,3397.5,3406.800048828125,3380.199951171875,3399.14990234375,1272980,3350.592492675781,3293.8809912109373,0.0012960902404448582,0.01675118673128995
2023-07-26,3400.35009765625,3420.85009765625,3385.0,3388.300048828125,1066803,3360.139990234375,3296.483994140625,-0.00319193146149388,0.01681387811995443
2023-07-27,3394.949951171875,3411.64990234375,3385.050048828125,3396.89990234375,1701769,3369.2124877929687,3300.2479931640623,0.0025381027039206305,0.01680272314717007
2023-07-28,3385.0,3393.699951171875,3331.0,3355.39990234375,2599831,3371.869982910156,3303.3589892578125,-0.012217021753089141,0.016114513566569347
2023-07-31,3364.39990234375,3426.64990234375,3360.89990234375,3421.449951171875,2743678,3379.3274780273437,3307.330986328125,0.019684702494623396,0.016455446081324217
2023-08-01,3415.0,3460.0,3415.0,3452.050048828125,1956167,3386.4874755859373,3310.39798828125,0.008943605223793893,0.016400145727491912
2023-08-02,3434.949951171875,3446.39990234375,3413.60009765625,3440.64990234375,1914899,3392.5224731445314,3313.2699853515624,-0.003302427926340501,0.01644396773588216
2023-08-03,3420.0,3433.25,3368.0,3399.949951171875,2026351,3396.3749755859376,3315.201982421875,-0.01182914633196197,0.016729116456590955
2023-08-04,3401.25,3471.0,3401.25,3443.550048828125,2248493,3402.089978027344,3318.2029833984375,0.012823746902868915,0.016927645204640237
2023-08-07,3453.949951171875,3488.0,3441.25,3484.050048828125,1853889,3412.6949829101563,3321.305986328125,0.011761118446291352,0.016445822205640358
2023-08-08,3484.050048828125,3489.949951171875,3456.60009765625,3470.60009765625,1634225,3422.6049926757814,3324.310986328125,-0.003860435695061004,0.01651009845548152
2023-08-09,3464.89990234375,3467.0,3425.050048828125,3462.5,1794589,3432.734997558594,3327.2369873046873,-0.0023339184660658985,0.016480769795617724
2023-08-10,3450.0,3464.89990234375,3430.050048828125,3442.10009765625,1096701,3437.8125,3330.2889892578123,-0.005891668546931461,0.015776704637226076
2023-08-11,3438.10009765625,3466.64990234375,3414.0,3448.800048828125,1679974,3434.5200073242186,3332.784990234375,0.0019464719159205668,0.010394721319760712
2023-08-14,3440.699951171875,3455.0,3411.0,3449.85009765625,1190425,3432.4275146484374,3335.669990234375,0.0003044678767276654,0.010311693717718468
2023-08-16,3450.0,3466.0,3435.199951171875,3458.39990234375,1328445,3430.5050048828125,3339.059990234375,0.0024783119397879805,0.010324506912650877
2023-08-17,3455.0,3460.800048828125,3413.199951171875,3435.75,1843241,3428.790002441406,3343.1289892578125,-0.006549243286873896,0.010286744360382443
2023-08-18,3410.0,3410.0,3356.5,3367.10009765625,2526749,3423.9800048828124,3344.9729931640627,-0.01998105285418028,0.011177107863255036
2023-08-21,3375.0,3409.75,3372.0,3401.64990234375,1375579,3425.647497558594,3348.2769921875,0.010260997203958677,0.009616488887539564
2023-08-22,3400.0,3411.0,3365.050048828125,3382.14990234375,1222012,3425.0174926757813,3351.7339892578125,-0.00573251232778671,0.009552106835134801
2023-08-23,3388.0,3402.0,3376.0,3398.25,1330046,3424.9724975585937,3354.7609912109374,0.004760314628601492,0.009610796466627927
2023-08-24,3408.0,3413.050048828125,3378.10009765625,3387.75,1152881,3424.9449951171873,3357.6419921875,-0.003089825645552824,0.009609021492264285
2023-08-25,3375.0,3385.800048828125,3350.25,3381.300048828125,1158046,3424.165002441406,3360.2469921875,-0.0019039041168548154,0.009599469066649796
2023-08-28,3394.0,3394.0,3360.10009765625,3375.550048828125,1037485,3425.172509765625,3363.4319921875,-0.00170052935763354,0.009184863430719267
2023-08-29,3381.050048828125,3389.550048828125,3365.0,3376.14990234375,944517,3422.907507324219,3367.4569921875,0.00017770541302830622,0.007979031631170478
2023-08-30,3398.0,3408.10009765625,3383.050048828125,3390.949951171875,1188200,3419.852502441406,3371.0679931640625,0.004383706072366822,0.0077528395294747835
2023-08-31,3401.0,3417.39990234375,3343.64990234375,3356.800048828125,3417652,3415.660009765625,3373.6499951171877,-0.010070895423256898,0.00800840266716314
2023-09-01,3366.0,3389.0,3356.800048828125,3379.199951171875,1277950,3414.622509765625,3376.0699951171873,0.0066729927365110075,0.007781659297909046
2023-09-04,3378.0,3432.85009765625,3370.050048828125,3418.5,1828332,3413.370007324219,3379.6699951171877,0.011629986208568699,0.007679793066548195
2023-09-05,3420.0,3447.0,3405.14990234375,3429.35009765625,1501842,3410.635009765625,3383.9299951171874,0.003173935251206572,0.007192401735960269
2023-09-06,3434.0,3443.89990234375,3398.10009765625,3429.89990234375,1314818,3408.6,3388.7349951171873,0.0001603232892073425,0.007157471173872104
2023-09-07,3430.800048828125,3460.0,3422.300048828125,3455.25,1885092,3408.2375,3393.8929931640623,0.007390914714137109,0.007358495212327995
2023-09-08,3455.25,3465.0,3435.050048828125,3441.89990234375,1518917,3408.227490234375,3398.4219921875,-0.0038637139588307834,0.0072878153451911365
2023-09-11,3462.0,3485.699951171875,3445.0,3480.64990234375,1783604,3409.8199829101563,3401.989990234375,0.011258316946873848,0.007702838274978417
2023-09-12,3492.0,3589.89990234375,3483.0,3580.800048828125,4476016,3416.36748046875,3408.159990234375,0.02877340419010177,0.009965324567612089
2023-09-13,3571.10009765625,3588.85009765625,3545.0,3567.85009765625,1754929,3421.839990234375,3413.339990234375,-0.0036164965916243297,0.010039988070601441
2023-09-14,3570.050048828125,3597.699951171875,3545.60009765625,3560.050048828125,2604721,3428.0549926757812,3418.1419921875,-0.002186204188693086,0.009899868605930758
2023-09-15,3567.85009765625,3607.35009765625,3562.449951171875,3598.300048828125,2952897,3439.614990234375,3423.6499951171877,0.010744230972986157,0.008641987326660789
2023-09-18,3580.050048828125,3619.300048828125,3575.25,3606.14990234375,1395753,3449.839990234375,3429.1879931640624,0.0021815450098947586,0.008489976901685611
2023-09-20,3580.0,3625.0,3580.0,3606.050048828125,1649396,3461.0349975585937,3435.8699951171875,-2.768978504197328e-05,0.008275792433261703
2023-09-21,3588.550048828125,3605.0,3528.0,3585.300048828125,2004073,3470.3875,3442.127998046875,-0.005754218526929034,0.008505086712169856
2023-09-22,3584.0,3633.75,3565.050048828125,3603.64990234375,1989083,3481.1824951171875,3449.002998046875,0.005118080290552829,0.008407628875893986
2023-09-25,3602.5,3620.0,3558.64990234375,3577.14990234375,1238778,3490.974987792969,3453.7349951171873,-0.00735365552096634,0.008663675556830027
2023-09-26,3567.60009765625,3594.949951171875,3536.0,3585.699951171875,1726062,3501.4824829101562,3455.15599609375,0.00239018466140406,0.008598519142059773
2023-09-27,3590.0,3614.0,3555.699951171875,3589.300048828125,1541134,3512.139990234375,3457.107998046875,0.0010040153122887752,0.008585921336904886
2023-09-28,3600.0,3602.800048828125,3527.35009765625,3536.75,1755753,3519.4299926757812,3457.90599609375,-0.014640751152939169,0.009446941524015755
2023-09-29,3537.199951171875,3568.449951171875,3505.550048828125,3528.60009765625,2243791,3528.0199951171876,3459.0769970703127,-0.002304347874107604,0.009070300105392708
2023-10-03,3534.199951171875,3534.199951171875,3480.10009765625,3513.85009765625,1948148,3534.7525024414062,3460.087998046875,-0.004180127980441095,0.009134296777444014
2023-10-04,3486.300048828125,3548.0,3477.300048828125,3537.75,1788138,3540.7150024414063,3463.4769970703123,0.006801628322076425,0.008927710096919589
2023-10-05,3554.0,3624.0,3551.199951171875,3589.35009765625,2990768,3548.7150024414063,3467.3689990234375,0.014585569261889697,0.009376650604706254
2023-10-06,3591.0,3634.949951171875,3575.050048828125,3621.39990234375,2075691,3558.290002441406,3471.8139990234376,0.008929138650595192,0.009474649902909553
2023-10-09,3645.050048828125,3679.0,3631.0,3638.35009765625,4233074,3567.4450073242188,3476.815,0.004680564358973349,0.00942421356483848
2023-10-10,3640.050048828125,3648.0,3601.35009765625,3628.89990234375,1848148,3576.7950073242187,3481.455,-0.002597384819725712,0.009382472296184125
2023-10-11,3650.0,3650.0,3605.0,3609.89990234375,2426417,3583.2575073242188,3486.545,-0.005235746510320882,0.009314372613428898
2023-10-12,3575.0,3588.64990234375,3538.10009765625,3542.550048828125,4241281,3581.345007324219,3488.967001953125,-0.018656986436631606,0.008055911507520776
2023-10-13,3530.0,3577.0,3525.0,3570.85009765625,2890357,3581.495007324219,3491.3430029296874,0.007988609458739138,0.008236006335716604
2023-10-16,3566.0,3574.64990234375,3519.10009765625,3524.050048828125,1671104,3579.6950073242188,3493.011005859375,-0.013106136507618271,0.008740277254882002
2023-10-17,3530.0,3534.14990234375,3503.35009765625,3507.050048828125,1672065,3575.1325073242188,3495.1530078125,-0.0048239950524122666,0.008374410195406383
2023-10-18,3511.0,3522.699951171875,3484.0,3487.25,1408245,3569.1875122070314,3496.0270068359373,-0.005645784506195239,0.00838848492613815
2023-10-19,3469.5,3476.85009765625,3451.89990234375,3455.64990234375,1514545,3561.6675048828124,3495.45900390625,-0.009061609479174115,0.00853889194136613
2023-10-20,3450.39990234375,3499.5,3444.050048828125,3494.550048828125,1481211,3557.1300048828125,3495.9380029296876,0.011256969769417813,0.008990328156037742
2023-10-23,3473.0,3478.949951171875,3401.300048828125,3410.14990234375,1106272,3547.4550048828123,3494.8910009765623,-0.02415193524347381,0.01020123158049648
2023-10-25,3390.5,3425.0,3377.199951171875,3390.10009765625,1518537,3538.1025146484376,3493.8510009765623,-0.005879449661060354,0.010171164268040761
2023-10-26,3368.050048828125,3373.699951171875,3330.0,3336.75,1984471,3525.6550170898436,3491.61,-0.015737027261564784,0.010502317906538144
2023-10-27,3350.0,3362.0,3337.0,3350.949951171875,1108851,3513.737512207031,3489.6319970703125,0.004255623337641401,0.010601047041017421
2023-10-30,3350.0,3382.85009765625,3333.75,3378.550048828125,910972,3505.8275146484375,3488.035,0.008236499517576545,0.010555757069690145
2023-10-31,3399.0,3399.0,3350.050048828125,3368.75,999811,3497.835009765625,3486.695,-0.002900667057314732,0.010556813432254305
2023-11-01,3355.0,3371.60009765625,3311.0,3330.64990234375,1563475,3488.675,3485.96599609375,-0.011309862012987004,0.01074371596271782
2023-11-02,3343.199951171875,3375.949951171875,3343.199951171875,3360.10009765625,1245384,3479.7925048828124,3485.135,0.008842176805126334,0.010847075106113529
2023-11-03,3382.0,3387.89990234375,3344.300048828125,3350.89990234375,1402598,3467.8699951171875,3484.51,-0.0027380717970031387,0.010073629303887702
2023-11-06,3375.0,3392.300048828125,3359.0,3380.25,1099852,3455.8125,3484.15,0.008758870306964761,0.01006274272120875
2023-11-07,3378.0,3404.14990234375,3366.0,3370.449951171875,1191144,3442.4174926757814,3483.8039990234374,-0.0028992082917314033,0.009883883854375386
2023-11-08,3371.449951171875,3401.949951171875,3369.550048828125,3381.550048828125,992899,3430.05,3483.8089990234375,0.003293357805948416,0.010007670765766804
2023-11-09,3390.10009765625,3391.5,3342.050048828125,3347.449951171875,2112352,3416.9275024414064,3483.2469970703123,-0.010084161749451925,0.010110740705506925
2023-11-10,3338.0,3347.449951171875,3322.35009765625,3333.449951171875,1338557,3406.4724975585937,3482.392998046875,-0.00418228807128207,0.009483739306148094
2023-11-13,3356.0,3356.0,3327.0,3331.550048828125,1030990,3394.5074951171873,3481.205,-0.0005699507631972134,0.009149270451871935
2023-11-15,3383.10009765625,3413.0,3356.050048828125,3404.300048828125,2059802,3388.5199951171876,3482.155,0.021836682305159894,0.010447023211020458
2023-11-16,3430.050048828125,3529.35009765625,3414.199951171875,3497.85009765625,3951984,3388.0599975585938,3484.5280029296873,0.02747996577455858,0.012272340587995964
2023-11-17,3497.85009765625,3524.5,3492.550048828125,3502.449951171875,2021292,3388.8199951171873,3486.207001953125,0.0013150516423523495,0.01220410533347676
2023-11-20,3491.25,3533.89990234375,3491.25,3519.60009765625,1475621,3392.0175048828123,3488.012001953125,0.004896614290986978,0.012039288168235332
2023-11-21,3519.60009765625,3539.050048828125,3501.0,3510.199951171875,1807236,3392.8,3489.6180029296875,-0.002670799586190098,0.01181462926554928
2023-11-22,3500.0,3532.64990234375,3481.10009765625,3530.14990234375,1798051,3398.8,3491.1160009765626,0.0056834230099098715,0.010360153448483496
2023-11-23,3530.0,3544.0,3500.0,3508.25,2729804,3404.7074951171876,3492.4430029296873,-0.006203674900380318,0.010373017421171743
2023-11-24,3494.25,3504.550048828125,3453.0,3457.10009765625,1989733,3410.725,3491.9720068359375,-0.014579890926744055,0.010273003905085763
2023-11-28,3457.10009765625,3481.25,3433.0,3470.14990234375,1689195,3416.6849975585938,3489.75900390625,0.0037747835812873554,0.010267572364700007
2023-11-29,3481.0,3518.0,3475.800048828125,3513.75,1441634,3423.4449951171873,3488.677001953125,0.012564326868646836,0.01045429314694806
2023-11-30,3499.449951171875,3516.64990234375,3481.0,3487.60009765625,3266235,3429.3875,3487.2280029296876,-0.0074421635983635825,0.010614782622843572
2023-12-01,3500.0,3516.949951171875,3490.050048828125,3511.64990234375,1172141,3438.4375,3485.495,0.006895803421860691,0.010205139351444445
2023-12-04,3544.64990234375,3547.800048828125,3498.0,3512.449951171875,1625213,3446.0549926757812,3483.6210009765623,0.00022782704722112967,0.010113571789318853
2023-12-05,3538.0,3538.0,3502.800048828125,3531.60009765625,1377656,3455.0900024414063,3482.132001953125,0.005452076684533402,0.010065911428468582
2023-12-06,3532.60009765625,3612.85009765625,3525.14990234375,3604.10009765625,1896572,3466.282507324219,3482.5080029296873,0.02052893815698864,0.010760299566521123
2023-12-07,3605.0,3630.550048828125,3591.699951171875,3614.89990234375,1967653,3478.5050048828125,3482.7330029296877,0.0029965329471628444,0.010662831799105568
2023-12-08,3633.0,3645.0,3602.050048828125,3626.699951171875,1641155,3490.7625,3483.72400390625,0.003264280933608754,0.01066287213996067
2023-12-11,3622.89990234375,3653.0,3615.0,3642.89990234375,1102503,3505.5349975585937,3484.8680029296875,0.004466857305534866,0.010167897945053293
2023-12-12,3638.949951171875,3698.39990234375,3631.0,3672.10009765625,2236866,3522.4675048828126,3486.52400390625,0.008015645802870841,0.009997573755455465
2023-12-13,3643.550048828125,3650.0,3563.0,3593.550048828125,3850968,3535.5675048828125,3487.6600048828127,-0.021391042384236836,0.011558910661821516
2023-12-14,3630.0,3678.0,3627.60009765625,3667.25,3290396,3548.7150024414063,3490.4330029296875,0.020508953589197576,0.01145353661463589
2023-12-15,3666.699951171875,3895.949951171875,3666.699951171875,3861.0,8531230,3566.8724975585938,3497.3760009765624,0.052832503919830964,0.015051391750083484
2023-12-18,3858.10009765625,3929.0,3830.14990234375,3859.199951171875,2521612,3584.709997558594,3503.805,-0.0004662131126974556,0.015079941077393192
2023-12-19,3845.0,3855.10009765625,3790.0,3816.199951171875,2004435,3599.539990234375,3508.3419970703126,-0.01114220577944991,0.015504415185357516
2023-12-20,3827.25,3898.800048828125,3766.550048828125,3780.050048828125,2586083,3613.0324951171874,3511.515,-0.009472748494912864,0.015735157542865075
2023-12-21,3756.25,3806.699951171875,3743.35009765625,3787.5,1517562,3625.9,3514.497998046875,0.0019708604583648093,0.015733987046501172
2023-12-22,3800.0,3845.949951171875,3762.0,3824.0,2413058,3641.6875,3518.4,0.009636963696369572,0.01561059974973573
2023-12-26,3819.85009765625,3834.0,3790.14990234375,3795.550048828125,1285231,3658.609997558594,3522.1130029296874,-0.0074398407876241635,0.015229928577959654
2023-12-27,3799.0,3818.199951171875,3768.0,3811.199951171875,1293976,3675.6625,3527.4860009765625,0.004123223812733556,0.015228906452754069
2023-12-28,3824.0,3838.0,3792.10009765625,3799.89990234375,1682889,3689.9699951171874,3532.0669970703125,-0.0029649582737453217,0.015208423731895467
2023-12-29,3792.0,3822.60009765625,3765.39990234375,3793.39990234375,1574996,3705.2599853515626,3537.453994140625,-0.0017105713747856965,0.015033869162555995
2024-01-01,3790.0,3832.0,3773.0,3811.10009765625,825907,3720.2324951171877,3543.5349951171875,0.004666050447664105,0.015021999045704604
2024-01-02,3811.10009765625,3811.10009765625,3767.25,3783.199951171875,1344068,3733.7699951171876,3549.453994140625,-0.007320759300321944,0.015220704704603424
2024-01-03,3767.0,3771.85009765625,3687.050048828125,3691.75,1803075,3741.777490234375,3554.17599609375,-0.02417264547266329,0.016446449537478074
2024-01-04,3701.75,3719.0,3651.0,3666.800048828125,3598144,3744.912487792969,3557.62099609375,-0.006758299227161868,0.015984029062368305
2024-01-05,3675.0,3747.75,3674.85009765625,3737.89990234375,1963127,3751.0624877929686,3564.17599609375,0.01939016378554581,0.016504632311142946
2024-01-08,3737.89990234375,3739.75,3672.39990234375,3678.300048828125,1067805,3753.6424926757813,3569.9399951171877,-0.01594474305699156,0.01696747181858678
2024-01-09,3709.949951171875,3752.35009765625,3682.75,3689.89990234375,1370944,3755.9924926757812,3577.0029931640624,0.003153590887540636,0.016955239595884092
2024-01-10,3690.0,3729.25,3688.0,3713.050048828125,1292227,3758.039990234375,3584.2449951171875,0.0062739226258334835,0.016920533756999912
2024-01-11,3724.0,3773.0,3707.0,3735.550048828125,1777909,3765.139990234375,3591.3849951171874,0.006059708246351603,0.01613013726393007
2024-01-12,3848.0,3905.25,3821.60009765625,3882.800048828125,6813450,3775.9174926757814,3601.66599609375,0.03941855900075386,0.017742042260868722
2024-01-15,3960.0,3965.0,3885.0,3903.800048828125,2801505,3778.0574951171875,3613.1289990234377,0.005408468047778614,0.01336042897031819
2024-01-16,3899.0,3899.0,3855.550048828125,3861.300048828125,1432672,3778.1625,3623.152998046875,-0.010886828082487976,0.013606576310785103
2024-01-17,3819.0,3909.949951171875,3812.550048828125,3884.60009765625,3458696,3781.5825073242186,3633.827001953125,0.0060342497432170905,0.01339917815196351
2024-01-18,3898.0,3908.800048828125,3862.0,3902.60009765625,2239110,3787.710009765625,3644.27400390625,0.004633681601063699,0.013190013622049454
2024-01-19,3945.0,3963.550048828125,3915.050048828125,3943.050048828125,2941975,3795.487512207031,3655.726005859375,0.010364872177440754,0.013332581133925945
2024-01-23,3900.0,3933.89990234375,3842.75,3858.25,2618854,3797.2000122070312,3665.2600048828126,-0.021506206560408136,0.014196440232813924
2024-01-24,3880.0,3883.64990234375,3805.60009765625,3841.800048828125,2657709,3799.5125122070312,3675.1470068359376,-0.004263578350774289,0.014120020484820578
2024-01-25,3839.89990234375,3861.0,3778.699951171875,3810.300048828125,2205154,3799.4675170898436,3684.6840087890623,-0.008199281482545784,0.014231189888571135
2024-01-29,3800.800048828125,3820.0,3780.85009765625,3801.0,1646747,3799.5225219726562,3694.0730078125,-0.0024407654801320566,0.014225761183756137
2024-01-30,3807.449951171875,3847.800048828125,3787.0,3800.550048828125,1411621,3799.880029296875,3701.9980078125,-0.00011837705126938047,0.014219490573573959
2024-01-31,3811.199951171875,3834.0,3796.449951171875,3815.949951171875,2459358,3800.122521972656,3708.3600048828125,0.004052019351382663,0.014209976371027664
2024-02-01,3820.0,3904.89990234375,3805.050048828125,3854.14990234375,2363107,3803.67001953125,3715.39400390625,0.01001060067890669,0.014258215494701186
2024-02-02,3875.050048828125,3984.39990234375,3872.0,3966.300048828125,2826510,3817.3975219726562,3724.3280029296875,0.0290985429539663,0.014278987941736472
2024-02-05,3983.0,4022.0,3962.10009765625,3973.300048828125,1691523,3832.722521972656,3733.5900048828125,0.0017648689997793454,0.014076528017957224
2024-02-06,3997.0,4149.89990234375,3990.0,4136.0,4474396,3852.6275268554687,3745.7070068359376,0.04094831731116333,0.016001548674427303
2024-02-07,4153.0,4155.0,4073.949951171875,4083.39990234375,2124267,3872.88251953125,3757.2100048828124,-0.012717625158667811,0.015792081149905764
2024-02-08,4090.0,4158.0,4086.050048828125,4134.10009765625,2345173,3895.092529296875,3770.7500048828124,0.01241617194617639,0.015859815690184964
2024-02-09,4136.5498046875,4184.75,4100.0,4133.7001953125,2100596,3916.125036621094,3784.0210107421876,-9.673262240961211e-05,0.01591404994195596
2024-02-12,4130.0,4159.60009765625,4105.5498046875,4120.7001953125,1013716,3935.3825439453126,3796.1600146484375,-0.0031448821602354515,0.016029659054610856
2024-02-13,4125.4501953125,4170.0,4081.5,4149.5,1257415,3948.7175415039064,3809.3980126953124,0.00698905606388478,0.01386267555674225
2024-02-14,4107.0,4114.89990234375,4049.5,4100.10009765625,1391283,3958.5325439453127,3821.1670166015624,-0.011905025266598424,0.014266493201841273
2024-02-15,4128.0,4146.2998046875,4083.0,4103.2001953125,1091582,3970.627551269531,3832.982021484375,0.0007561029200291447,0.013922675653663405
2024-02-16,4113.25,4147.9501953125,4100.10009765625,4128.2998046875,1307556,3982.812536621094,3844.916015625,0.006117081346329156,0.013923596150590802
2024-02-19,4123.0498046875,4128.2998046875,4055.0,4103.7998046875,772291,3992.872521972656,3854.910009765625,-0.005934646503187868,0.014063678889185798
2024-02-20,4082.10009765625,4098.0,4010.0,4030.64990234375,1193648,3997.2525146484377,3863.225009765625,-0.01782491978780143,0.014646073942079162
2024-02-21,4013.0,4063.35009765625,3980.60009765625,3991.5,1885939,4003.9150146484376,3870.5210107421876,-0.00971304958066066,0.01390230994280044
2024-02-22,3971.0,4094.949951171875,3971.0,4087.10009765625,2982052,4016.1800170898437,3879.4050146484374,0.023950920119315988,0.014666261244980943
2024-02-23,4130.0,4130.0,4046.39990234375,4052.10009765625,2538072,4028.27001953125,3887.0050146484373,-0.008563528948084875,0.014681380663442779
2024-02-26,4036.0,4050.0,3982.75,4001.050048828125,1379284,4038.2725219726562,3895.1550146484374,-0.012598417511367144,0.015057027053647051
2024-02-27,3999.0,4124.0,3999.0,4104.39990234375,2960475,4053.4650146484373,3903.8980126953124,0.025830682509431657,0.015898224484391148
2024-02-28,4095.60009765625,4154.89990234375,4089.0,4118.9501953125,1939225,4068.615026855469,3909.0570166015623,0.003545047586723138,0.01589849397259346
2024-02-29,4099.0,4138.10009765625,4064.550048828125,4095.10009765625,3772719,4080.6625366210938,3913.77501953125,-0.00579033407186913,0.01597370697754863
2024-03-01,4107.2001953125,4140.0,4086.800048828125,4094.35009765625,2043265,4087.0650390625,3919.3380224609373,-0.00018314570635991068,0.014767162743616679
2024-03-04,4105.0,4117.89990234375,4075.89990234375,4080.699951171875,1749271,4092.4350341796876,3925.3510205078123,-0.0033338982155406427,0.014809794617226141
2024-03-05,4062.0,4064.0,3980.0,4012.10009765625,2070859,4086.2400390625,3929.8430224609374,-0.01681080558150938,0.012079439147947568
2024-03-06,3994.050048828125,4072.0,3958.449951171875,4064.300048828125,1744204,4085.285046386719,3934.6490234375,0.013010630318612604,0.012185902532653949
2024-03-07,4065.0,4124.0,4037.699951171875,4108.60009765625,2688905,4084.010046386719,3940.9100244140627,0.010899797823956892,0.01210797813692893
2024-03-11,4089.0,4153.0,4089.0,4122.35009765625,2304068,4083.4425415039063,3947.13302734375,0.003346638678182412,0.012134574767680071
2024-03-12,4122.35009765625,4229.9501953125,4121.0498046875,4192.25,4039801,4087.0200317382814,3954.980029296875,0.01695632362314181,0.01268621509822647
2024-03-13,4205.0,4241.0,4131.89990234375,4149.0,2837260,4086.9950317382813,3962.09203125,-0.010316655733794478,0.012840953856894011
2024-03-14,4153.4501953125,4225.0,4086.0,4207.60009765625,2919608,4092.3700317382813,3970.02203125,0.01412390881085801,0.01288215143910936
2024-03-15,4192.60009765625,4239.0,4177.0,4219.25,3373143,4098.172521972656,3978.7430322265627,0.0027687760417725027,0.012884936570685734
2024-03-18,4215.25,4254.75,4117.85009765625,4152.5,1526904,4099.382531738282,3987.9580322265624,-0.015820347218107433,0.013392623283451623
2024-03-19,4051.25,4058.0,3966.60009765625,3977.300048828125,8931209,4093.0575439453123,3994.1680322265624,-0.042191439174443124,0.016406678652393123
2024-03-20,3986.0,4018.0,3960.199951171875,3970.89990234375,1817913,4090.0700439453126,3998.8280322265623,-0.0016091686334454014,0.015948401540349964
2024-03-21,3990.050048828125,4008.39990234375,3948.0,3972.949951171875,3829582,4089.142541503906,4004.7210302734375,0.0005162680698436173,0.015804986959961555
2024-03-22,3897.0,3938.0,3855.0,3910.89990234375,5852485,4080.3325317382814,4009.1410302734375,-0.015618130001819552,0.015094738277898612
2024-03-26,3875.0,3946.699951171875,3871.449951171875,3877.5,3440925,4071.6025268554686,4012.430029296875,-0.00854020894877261,0.0150942129539424
2024-03-27,3888.5,3895.0,3829.39990234375,3840.89990234375,1968575,4063.59501953125,4014.5370263671875,-0.009439096752095422,0.014994662071673666
2024-03-28,3850.10009765625,3915.0,3840.5,3876.300048828125,4311783,4052.1900268554687,4014.4070263671874,0.009216628234121282,0.013787211413067444
2024-04-01,3897.699951171875,3933.300048828125,3888.050048828125,3916.75,1569676,4042.0800170898438,4014.666025390625,0.010435196105137434,0.014036963098565986
2024-04-02,3890.0,3909.85009765625,3873.0,3883.800048828125,2142666,4031.5150146484375,4015.116025390625,-0.00841257449974464,0.014082284145010343
2024-04-03,3851.0,3981.0,3851.0,3947.300048828125,3973090,4024.1625122070313,4016.3700244140623,0.01634996632207164,0.01470024256871828
2024-04-04,3975.89990234375,4028.64990234375,3935.25,4003.300048828125,3394637,4020.292517089844,4018.3840234375,0.014186912397659013,0.015115417765076168
2024-04-05,3978.0,4002.0,3960.5,3979.25,1636819,4018.650012207031,4019.1080224609377,-0.006007555900079287,0.014702312638240247
2024-04-08,3983.0,4032.64990234375,3960.0,3972.550048828125,2302538,4014.0625122070314,4021.3940234375,-0.001683722101369578,0.014365044852583622
2024-04-09,3984.0,4015.85009765625,3925.050048828125,3946.550048828125,1876992,4005.960009765625,4023.4890234375,-0.006544914395142709,0.01412947281335258
2024-04-10,3956.39990234375,3990.199951171875,3918.0,3984.64990234375,2101965,3999.075,4026.9760205078123,0.009653964359818135,0.014322147764518888
2024-04-12,3971.0,4013.35009765625,3945.5,4001.39990234375,4354821,3989.5324951171874,4030.9840185546873,0.004203631538657326,0.013723967937543106
2024-04-15,4001.39990234375,4064.199951171875,3919.050048828125,3941.199951171875,4200329,3979.1424926757813,4033.7970166015625,-0.01504472250739397,0.013909941956728698
2024-04-16,3902.0,3928.699951171875,3862.85009765625,3872.800048828125,3051420,3962.402490234375,4034.9340185546876,-0.017355095704650103,0.013712704132145192
2024-04-18,3876.800048828125,3936.0,3850.0,3862.0,3476284,3944.539990234375,4035.0910205078126,-0.0027886925975930676,0.013623342055299711
2024-04-19,3838.0,3852.550048828125,3800.89990234375,3826.199951171875,2957749,3928.224987792969,4032.2890185546876,-0.009269821032657943,0.013409485615810469
2024-04-22,3837.0,3878.0,3812.0,3864.60009765625,1728883,3922.589990234375,4030.11501953125,0.010036105528832495,0.010306391171271745
2024-04-23,3877.050048828125,3895.0,3860.60009765625,3874.699951171875,1807586,3917.779992675781,4024.8890185546875,0.0026134278477480954,0.010344752763286315
2024-04-24,3890.0,3898.0,3824.449951171875,3831.050048828125,1317312,3910.6849975585938,4019.842021484375,-0.01126536322652505,0.010576259162149255
2024-04-25,3811.199951171875,3873.64990234375,3811.0,3852.199951171875,2856271,3907.75,4014.2040185546875,0.005520654148128301,0.010167187191763443
2024-04-26,3855.14990234375,3876.800048828125,3802.550048828125,3821.35009765625,2039178,3904.9425048828125,4007.9570166015624,-0.00800837285360545,0.010146294895757366
2024-04-29,3838.0,3877.800048828125,3819.199951171875,3870.199951171875,1110693,3906.407507324219,4002.94701171875,0.012783401747352707,0.010351343153858496
2024-04-30,3872.0,3881.75,3810.0,3820.64990234375,2203078,3903.625,3996.370009765625,-0.012802968697553041,0.010537055525760761
2024-05-02,3778.050048828125,3871.10009765625,3778.050048828125,3863.300048828125,2491044,3900.952502441406,3991.6340087890626,0.011163060624374888,0.010578604866068996
2024-05-03,3890.14990234375,3893.60009765625,3797.60009765625,3843.39990234375,2962234,3898.9324951171875,3986.4380029296876,-0.005151074530286959,0.0104770280577982
2024-05-06,3853.0,3939.949951171875,3853.0,3921.050048828125,2053831,3897.6199951171875,3982.2930078125,0.020203504308001552,0.010832063891845252
2024-05-07,3930.800048828125,3988.0,3913.5,3978.949951171875,2062112,3896.402490234375,3979.7960107421877,0.014766427773869939,0.010873489593226314
2024-05-08,3961.0,3984.300048828125,3938.60009765625,3976.949951171875,1247685,3896.287487792969,3978.72201171875,-0.0005026451763764372,0.010789395082456736
2024-05-09,3962.0,3971.0,3910.050048828125,3960.199951171875,1726486,3895.6699829101562,3978.0960107421874,-0.0042117703782177385,0.01082523268417939
2024-05-10,3962.60009765625,3973.60009765625,3885.050048828125,3893.89990234375,1672489,3893.0374755859375,3974.2320068359377,-0.016741591244276988,0.011371092918913174
2024-05-13,3884.5,3955.0,3870.0,3947.800048828125,931326,3891.1949829101563,3972.146005859375,0.013842201349842709,0.011606197435936
2024-05-14,3936.0,3945.800048828125,3892.89990234375,3901.199951171875,1058317,3886.1849853515623,3970.14900390625,-0.011804067348872627,0.011821933305879977
2024-05-15,3904.5,3926.949951171875,3875.5,3880.39990234375,1115021,3883.144982910156,3965.66900390625,-0.005331705395381414,0.011415821086140157
2024-05-16,3891.10009765625,3909.5,3843.5,3900.949951171875,2599399,3884.5524780273436,3961.3089990234375,0.005295858505643514,0.010784230033879693
2024-05-17,3919.0,3920.0,3830.0,3834.10009765625,2765804,3883.1574829101564,3956.0889990234373,-0.017136813943368523,0.011464518826306787
2024-05-21,3830.60009765625,3844.75,3810.050048828125,3820.199951171875,1908117,3882.8574829101562,3950.60599609375,-0.0036253999974784623,0.011300389242971583
2024-05-22,3835.0,3841.25,3817.550048828125,3832.0,1311168,3881.2274780273438,3945.6319970703125,0.0030888563370892186,0.0110796956108516
2024-05-23,3840.949951171875,3905.0,3825.5,3893.449951171875,2095742,3882.1649780273438,3943.258994140625,0.01603599978389214,0.011660894636255068
2024-05-24,3878.25,3883.800048828125,3844.300048828125,3849.5,1309452,3883.0874755859377,3938.9629931640625,-0.011288176738639355,0.011662087173982203
2024-05-27,3855.0,3908.35009765625,3841.35009765625,3847.050048828125,1841538,3882.82998046875,3933.7319921875,-0.0006364336074490273,0.01159824438789025
2024-05-28,3858.0,3870.0,3830.0,3839.89990234375,1801993,3883.757470703125,3928.08298828125,-0.0018586050073752247,0.01145548255140364
2024-05-29,3848.89990234375,3848.89990234375,3800.0,3803.64990234375,1568095,3880.429968261719,3920.310986328125,-0.009440350249201646,0.011257450337915125
2024-05-30,3777.0,3794.39990234375,3715.449951171875,3736.10009765625,2919230,3876.2024780273437,3912.05298828125,-0.01775920666249453,0.011585202765954808
2024-05-31,3740.0,3749.800048828125,3653.75,3670.949951171875,10956800,3866.5849731445314,3901.3199853515625,-0.017438008827773466,0.011761591214567923
2024-06-03,3732.800048828125,3751.550048828125,3696.0,3702.85009765625,2156773,3859.557482910156,3890.9919873046874,0.008689888696028492,0.012001200408526796
2024-06-04,3700.0,3745.0,3591.5,3715.0,3395997,3849.25498046875,3882.2419873046874,0.003281229869780633,0.010916294739307898
2024-06-05,3716.0,3783.800048828125,3700.0,3746.449951171875,2799670,3837.62998046875,3877.6249853515624,0.008465666533479244,0.010469322686582504
2024-06-06,3781.0,3839.89990234375,3741.5,3830.39990234375,4328036,3830.3024780273436,3874.8149853515624,0.02240786671809558,0.0119064045373439
2024-06-07,3837.300048828125,3915.0,3837.300048828125,3893.949951171875,4552445,3826.9899780273436,3873.2349853515625,0.016590969728575766,0.012575252798059395
2024-06-10,3895.0,3905.89990234375,3841.89990234375,3858.699951171875,1734661,3825.22998046875,3872.190986328125,-0.009052504639766035,0.012172283818016168
2024-06-11,3845.0,3879.949951171875,3841.0,3852.10009765625,1419898,3820.4449829101563,3871.68298828125,-0.001710382667514887,0.011703389107319134
2024-06-12,3874.39990234375,3893.5,3827.449951171875,3831.64990234375,2177001,3816.96748046875,3871.49798828125,-0.005308843174906763,0.011480511619031297
2024-06-13,3856.800048828125,3890.0,3852.0,3878.14990234375,1932323,3816.85498046875,3871.5349853515627,0.012135764275216454,0.011781024223164347
2024-06-14,3889.0,3889.0,3828.0,3832.050048828125,1860730,3813.4099853515627,3869.840986328125,-0.011887073650186819,0.012001795642651065
2024-06-18,3826.050048828125,3842.0,3795.050048828125,3815.10009765625,1774045,3812.4599853515624,3868.4669873046873,-0.004423207149149455,0.011414532953964602
2024-06-19,3827.64990234375,3833.85009765625,3792.949951171875,3801.699951171875,1509050,3811.5349853515627,3865.5549853515627,-0.0035123970908672586,0.011412769003942568
2024-06-20,3796.0,3809.949951171875,3780.050048828125,3787.25,2846526,3809.2974853515625,3861.233984375,-0.0038009183674321267,0.011412859216206944
2024-06-21,3827.0,3877.800048828125,3798.050048828125,3810.75,4642195,3805.162487792969,3857.863984375,0.006205030034985848,0.010860356133576454
2024-06-24,3808.75,3857.0,3791.300048828125,3816.800048828125,1702154,3803.527490234375,3854.748984375,0.0015876268000065696,0.010597906119760522
2024-06-25,3817.0,3847.64990234375,3792.89990234375,3838.449951171875,1338808,3803.0974853515627,3852.586982421875,0.0056722652658729444,0.010683201206212113
2024-06-26,3844.5,3866.949951171875,3841.0,3855.85009765625,1639845,3803.8949951171876,3850.010986328125,0.004533117978798407,0.010722026952186483
2024-06-27,3831.0,3942.0,3818.10009765625,3934.14990234375,4526556,3810.4199951171877,3848.665986328125,0.020306755372853758,0.011350162976634841
2024-06-28,3917.800048828125,3960.0,3897.85009765625,3904.14990234375,2731571,3818.8224853515626,3847.9249853515626,-0.007625535565416008,0.010637251648472386
2024-07-01,3884.0,4001.699951171875,3884.0,3978.199951171875,2658723,3834.1849853515623,3850.0329833984374,0.01896700963855702,0.01019550652678938
2024-07-02,3993.60009765625,4023.39990234375,3982.550048828125,4017.39990234375,2307449,3849.9124755859375,3853.1409814453127,0.009853690526623105,0.010226499271376012
2024-07-03,4020.0,4026.10009765625,3955.0,3965.25,1821198,3862.4249755859373,3855.921982421875,-0.012981008515812853,0.0109208340456532
2024-07-04,3999.85009765625,4047.35009765625,3982.10009765625,4020.949951171875,2518001,3876.1499755859377,3859.0489794921873,0.01404702129042934,0.011128550053199716
2024-07-05,4010.0,4026.75,3988.0,4011.800048828125,1668616,3885.2199829101564,3861.7909814453124,-0.0022755573819274177,0.010268458612263323
2024-07-08,4022.0,4031.25,3978.050048828125,3993.199951171875,1758882,3890.182482910156,3865.0339794921874,-0.004636347133422869,0.009807463926777043
2024-07-09,3985.0,4006.949951171875,3975.10009765625,3985.5,1305801,3896.5224853515624,3867.69998046875,-0.001928265868483603,0.009537137675814766
2024-07-10,3983.699951171875,4003.300048828125,3902.0,3909.14990234375,2669716,3899.3749755859376,3869.4559765625,-0.019156968424601684,0.010600355347064664
2024-07-11,3931.0,3980.0,3895.60009765625,3923.699951171875,4872189,3903.9774780273438,3870.5259765625,0.0037220493436185276,0.01051898397516885
2024-07-12,3980.0,4199.9501953125,3971.300048828125,4183.9501953125,13509164,3919.2674926757813,3877.791982421875,0.06632776394201523,0.0178785016620622
2024-07-15,4235.7001953125,4240.0,4157.0498046875,4169.2001953125,4848030,3936.125,3883.9099853515627,-0.003525376572724337,0.017584012182562652
2024-07-16,4172.0,4194.5498046875,4144.89990234375,4178.4501953125,2029521,3954.2925048828124,3890.6109912109373,0.0022186509562194257,0.017471605578558817
2024-07-18,4160.0,4325.0,4160.0,4315.5498046875,5613364,3979.984997558594,3898.500986328125,0.03281111487910082,0.01843439224113853
2024-07-19,4317.39990234375,4358.75,4285.25,4302.39990234375,3903354,4005.7424926757812,3904.9699853515626,-0.003047097806510468,0.01841294594888311
2024-07-22,4299.9501953125,4319.9501953125,4265.0,4287.35009765625,1896386,4029.5724975585936,3911.17798828125,-0.0034980022845625403,0.018549939110783686
2024-07-23,4283.0,4361.7001953125,4266.2998046875,4302.35009765625,2365208,4053.85,3918.0209912109376,0.003498664596623513,0.018530554071761556
2024-07-24,4287.5,4339.10009765625,4268.10009765625,4306.25,1809793,4077.2400024414064,3926.2679931640623,0.0009064586226663618,0.01856781797444157
2024-07-25,4295.0,4343.0,4274.2001953125,4322.5,2810342,4100.572497558594,3933.7619921875,0.0037735849056603765,0.018571592918020786
2024-07-26,4350.0,4422.4501953125,4337.0498046875,4387.85009765625,3552210,4123.257507324219,3943.4949951171875,0.015118588237420516,0.018394984845043736
2024-07-29,4415.0,4431.0,4371.0,4381.10009765625,1746803,4147.105017089843,3953.5089990234374,-0.0015383387877369037,0.018213608325562264
2024-07-30,4391.10009765625,4398.0,4327.2998046875,4365.35009765625,1797906,4166.4625244140625,3962.797001953125,-0.003594987480068257,0.01806190327903882
2024-07-31,4350.0,4414.0,4345.0,4385.35009765625,2330091,4184.860034179687,3973.822001953125,0.00458153402420991,0.018022768100738183
2024-08-01,4399.39990234375,4419.2998046875,4365.0498046875,4397.10009765625,2202244,4206.4525390625,3985.3600048828125,0.002679375588799493,0.01755556631038632
2024-08-02,4365.0,4398.0,4270.0,4283.0498046875,2811282,4219.557531738281,3994.3810009765625,-0.0259376158003638,0.01874627636792646
2024-08-05,4239.0,4239.0,4110.5,4155.0498046875,2787771,4226.72001953125,3999.612998046875,-0.029885246690317002,0.02014483352592182
2024-08-06,4170.9501953125,4258.25,4160.7998046875,4171.2001953125,2203067,4235.620031738281,4006.047001953125,0.003886930694977364,0.02008836479982187
2024-08-07,4228.0,4244.9501953125,4180.2998046875,4200.4501953125,1237666,4246.367541503906,4013.1150048828126,0.007012370212504004,0.020087144240368168
2024-08-08,4181.0,4232.0,4160.0,4172.5498046875,2441283,4259.537536621094,4019.7680029296876,-0.0066422381715501855,0.01955444228802408
2024-08-09,4217.0,4253.64990234375,4205.5498046875,4228.75,1302536,4274.7900390625,4028.2700048828124,0.013469029237078045,0.01968279142619319
2024-08-12,4230.0,4239.0,4186.35009765625,4195.64990234375,936912,4275.375024414063,4037.4610009765624,-0.00782739524830034,0.013240193473006525
2024-08-13,4213.0,4234.0,4183.0,4196.9501953125,1495593,4276.762524414063,4047.981005859375,0.0003099145541252124,0.013210788043675873
2024-08-14,4209.0,4306.2001953125,4188.14990234375,4295.25,3226545,4282.602514648437,4059.82900390625,0.023421722944744428,0.014178488343479215
2024-08-16,4350.0,4427.0,4325.10009765625,4416.0498046875,3457058,4287.627514648438,4073.85,0.02812404509341704,0.013662629426696092
2024-08-19,4421.0,4494.25,4390.35009765625,4490.0,2055210,4297.00751953125,4088.7210009765627,0.01674577927857701,0.014047140820767337
2024-08-20,4505.0,4565.0,4500.0,4523.2998046875,2212298,4308.805004882813,4102.578999023437,0.007416437569599088,0.01402488288530491
2024-08-21,4518.0,4560.0,4492.5498046875,4551.5,1896990,4321.2625,4115.73,0.006234429847713496,0.014045628858618086
2024-08-22,4560.0,4560.9501953125,4497.2001953125,4502.0,1829872,4331.05,4128.596000976562,-0.010875535537734793,0.014377365658365057
2024-08-23,4500.0,4506.0,4455.0,4463.89990234375,1809253,4338.1199951171875,4140.831997070312,-0.008462927067136805,0.014571465972836884
2024-08-26,4489.0,4552.14990234375,4485.0,4502.4501953125,1844164,4343.85,4154.248002929688,0.00863601196534658,0.014327607247699502
2024-08-27,4505.0,4510.0,4486.7998046875,4497.14990234375,930697,4349.652490234375,4166.628002929688,-0.0011772019098108544,0.014323952671708362
2024-08-28,4498.75,4562.5,4457.2998046875,4506.0498046875,1848058,4356.687475585937,4180.107998046875,0.0019790094920144607,0.014275678392324473
2024-08-29,4460.0,4556.0,4460.0,4511.7998046875,2133641,4363.0099609375,4194.0419921875,0.0012760622383751752,0.014259497420110345
2024-08-30,4500.0,4592.25,4487.7998046875,4553.75,3637222,4370.842456054687,4209.082993164063,0.009297884908128218,0.014364254710705546
2024-09-02,4576.0,4588.0,4512.0,4521.0498046875,1216500,4382.742456054688,4223.758989257813,-0.0071809377573428534,0.013002261540296047
2024-09-03,4521.0498046875,4555.89990234375,4495.89990234375,4512.35009765625,1717263,4400.607470703125,4237.790991210937,-0.0019242670191843558,0.010582249474772716
2024-09-04,4476.9501953125,4487.0,4436.7001953125,4479.25,1265505,4416.0099609375,4251.039990234375,-0.007335445375446947,0.010891938757980958
2024-09-05,4481.0,4499.0,4454.14990234375,4475.9501953125,1688793,4429.7849609375,4263.789995117188,-0.0007366868755930289,0.010902914603999996
2024-09-06,4473.9501953125,4518.9501953125,4440.0,4456.75,1649179,4443.994970703125,4275.807993164062,-0.004289635602426456,0.01080294730841179
2024-09-09,4455.0,4490.25,4430.5,4449.5498046875,1184938,4455.0349609375,4286.115991210938,-0.0016155708335671148,0.01058401454541673
2024-09-10,4442.4501953125,4539.9501953125,4440.4501953125,4507.85009765625,1385591,4470.644970703125,4298.189995117187,0.013102514979679958,0.010533261246833474
2024-09-11,4521.4501953125,4549.35009765625,4471.25,4479.35009765625,1325919,4484.764965820313,4308.212998046875,-0.006322304287540104,0.010746107121433509
2024-09-12,4510.25,4532.60009765625,4431.2998046875,4517.7001953125,2742216,4495.887475585938,4318.21900390625,0.008561531655298937,0.009750362912397309
2024-09-13,4530.0,4547.0,4505.0,4522.60009765625,1458786,4501.214990234375,4329.366005859375,0.0010846010429894637,0.007674655520892578
2024-09-16,4527.0,4546.0498046875,4494.4501953125,4513.25,1155120,4502.377490234375,4339.212006835937,-0.002067416409665679,0.006771428937472934
2024-09-17,4513.25,4535.7998046875,4466.0,4505.64990234375,1699364,4501.4949951171875,4349.08900390625,-0.0016839522863235645,0.006569389801690524
2024-09-18,4497.0498046875,4497.0498046875,4321.0,4346.14990234375,2961779,4491.227490234375,4356.148002929687,-0.03539999854783016,0.01008654628430166
2024-09-19,4390.0498046875,4422.2001953125,4281.7998046875,4296.14990234375,2927551,4480.934985351562,4362.3610009765625,-0.011504435218177012,0.010115767763109221
2024-09-20,4316.89990234375,4330.7001953125,4227.5,4284.89990234375,5447908,4471.9849853515625,4369.876000976563,-0.0026186237109330213,0.010011887758989176
2024-09-23,4300.0,4309.39990234375,4253.0,4268.5,1702319,4460.2874755859375,4376.772001953125,-0.003827371167942517,0.009698260562499462
2024-09-24,4251.64990234375,4291.0,4240.0,4271.2998046875,3012026,4448.994970703125,4378.518994140625,0.0006559223819841975,0.00972123998366002
2024-09-25,4252.35009765625,4289.60009765625,4240.0,4274.75,2713073,4437.42998046875,4380.629990234375,0.0008077623838798065,0.009696159004076908
2024-09-26,4260.0,4316.7998046875,4260.0,4292.5,3964251,4426.464990234375,4382.910986328125,0.004152289607579407,0.009777444457443971
2024-09-27,4335.0,4378.0,4300.0498046875,4308.7001953125,3012477,4414.2125,4382.773994140625,0.003774069962143356,0.009502511296777085
2024-09-30,4286.89990234375,4298.75,4260.0498046875,4268.5,2503416,4401.585009765625,4382.09599609375,-0.009330005219725934,0.009567557197562072
2024-10-01,4255.5498046875,4295.75,4242.9501953125,4287.89990234375,1823365,4390.3625,4382.1069921875,0.004544899225430443,0.009707965974312737
2024-10-03,4262.60009765625,4279.0,4210.0,4232.75,3350119,4378.0375,4380.714990234375,-0.01286175134676193,0.009928900861865587
2024-10-04,4225.0,4298.0,4224.0498046875,4252.25,2965463,4366.852490234375,4379.634990234375,0.004606934026342158,0.01005780272635932
2024-10-07,4273.89990234375,4297.25,4229.39990234375,4272.85009765625,1472619,4357.657495117188,4378.6419921875,0.00484451705714628,0.010179459695395871
2024-10-08,4272.60009765625,4279.39990234375,4203.9501953125,4253.25,1541867,4347.842504882812,4375.949990234375,-0.004587125035582451,0.01019438627849513
2024-10-09,4260.0,4295.0,4246.7001953125,4252.9501953125,1082504,4335.097509765625,4373.3869921875,-7.048837653556017e-05,0.009559196938047897
2024-10-10,4253.25,4293.85009765625,4198.60009765625,4227.39990234375,2378875,4322.5,4370.62798828125,-0.006007663338477576,0.009553459686770004
2024-10-11,4143.0,4241.9501953125,4112.4501953125,4149.2001953125,5759183,4304.075,4365.904990234375,-0.01849829891605348,0.009766584147913824
2024-10-14,4140.0,4165.39990234375,4122.2001953125,4136.64990234375,2137590,4284.777490234375,4360.695986328125,-0.003024749922389547,0.009692516692391743
2024-10-15,4131.0498046875,4169.9501953125,4095.0,4116.7998046875,2759474,4264.95498046875,4357.370986328125,-0.004798592611137686,0.009677079817006651
2024-10-16,4085.0,4115.0,4067.199951171875,4094.949951171875,2359151,4244.419982910156,4356.168989257812,-0.0053074850739028845,0.009654661994934623
2024-10-17,4112.7998046875,4129.9501953125,4092.949951171875,4109.0,2522659,4232.562487792969,4354.924985351562,0.0034310672891384453,0.006573540974326937
2024-10-18,4090.0,4146.14990234375,4080.0,4123.0498046875,2361000,4223.907482910156,4353.376977539063,0.0034192759035045484,0.006375220607666714
2024-10-21,4132.60009765625,4139.9501953125,4070.0,4079.85009765625,1595450,4213.654992675782,4351.522983398438,-0.010477609798003495,0.00664940749417143
2024-10-22,4066.0,4089.800048828125,4006.35009765625,4015.5,1928049,4201.004992675781,4347.257983398437,-0.015772662258649484,0.007287594861468025
2024-10-23,3999.60009765625,4113.5498046875,3995.14990234375,4066.25,1966476,4190.752502441406,4344.669985351563,0.012638525712862725,0.008057977677868089
2024-10-24,4004.0,4079.0,4004.0,4047.89990234375,2676744,4179.409997558594,4341.688979492187,-0.0045127814709499114,0.008033392994836335
2024-10-25,4057.050048828125,4092.0,4032.699951171875,4057.550048828125,1759676,4167.6625,4336.93498046875,0.0023839884179912563,0.00796352900213586
2024-10-28,4068.949951171875,4134.0,4051.0,4090.85009765625,1532534,4156.769995117187,4330.430986328125,0.008206934831954227,0.00821332393070389
2024-10-29,4095.85009765625,4103.5,4060.10009765625,4075.25,1445885,4147.107495117188,4322.135986328125,-0.003813412196449706,0.008065249321255514
2024-10-30,4075.0,4107.0,4060.050048828125,4084.64990234375,1935002,4136.944995117187,4313.36298828125,0.0023065829933746063,0.00798060489486415
2024-10-31,4070.0,4078.300048828125,3960.0,3968.449951171875,3740372,4123.729992675781,4301.7019873046875,-0.028447958564380316,0.009644132174828055
2024-11-01,3989.85009765625,3998.949951171875,3976.050048828125,3984.199951171875,154895,4110.327490234375,4291.345986328125,0.003968803989917724,0.009618055150892427
2024-11-04,3966.300048828125,3991.89990234375,3913.25,3964.14990234375,2269192,4094.89248046875,4281.350986328125,-0.005032390209790516,0.009434764332595541
2024-11-05,3941.10009765625,3986.0,3941.10009765625,3971.35009765625,967590,4080.7974853515625,4270.728984375,0.001816327709565968,0.00951140842909476
2024-11-06,4003.60009765625,4149.7998046875,3975.25,4139.64990234375,3792017,4075.132470703125,4263.578984375,0.04237848604353078,0.013976728496809681
2024-11-07,4169.7001953125,4205.7998046875,4085.050048828125,4150.89990234375,3724349,4071.307470703125,4256.475986328125,0.002717621119030067,0.013956804193365646
2024-11-08,4155.0,4169.75,4117.64990234375,4147.0,1648039,4071.1974609375,4249.179990234375,-0.0009395317727483032,0.013324224046960322
2024-11-11,4128.2001953125,4234.2998046875,4117.64990234375,4198.7001953125,1406487,4074.2999755859373,4242.078994140625,0.012466890598625602,0.013583410850943396
2024-11-12,4216.0,4218.0,4164.35009765625,4197.39990234375,1587640,4078.32998046875,4235.60599609375,-0.0003096894058313149,0.013522433369522748
2024-11-13,4178.10009765625,4196.75,4131.0498046875,4150.35009765625,1098813,4081.099987792969,4228.36599609375,-0.01120927378428449,0.013731389135656547
2024-11-14,4135.0,4160.0,4116.4501953125,4145.89990234375,1825432,4082.9449829101563,4221.698994140625,-0.0010722457642822203,0.013722219939194117
2024-11-18,4213.0,4213.0,3990.199951171875,4019.5,3313944,4077.7674926757813,4212.569990234375,-0.030487929115773804,0.015345767612468104
2024-11-19,4019.89990234375,4132.14990234375,4014.10009765625,4039.550048828125,1776233,4075.752490234375,4204.2259912109375,0.004988194757588049,0.015240818737172668
2024-11-21,4044.89990234375,4092.449951171875,4024.0,4072.85009765625,2384347,4078.6199951171875,4196.691997070313,0.008243504456092898,0.014907190019595888
2024-11-22,4071.0,4254.9501953125,4054.0,4244.60009765625,3096553,4087.5375,4191.426997070313,0.0421694871851126,0.01739492296384941
2024-11-25,4280.0,4328.10009765625,4252.2001953125,4315.10009765625,4052167,4100.897509765625,4188.141997070313,0.01660933854261759,0.017600084227957134
2024-11-26,4321.0498046875,4366.60009765625,4310.0,4352.7001953125,2060669,4115.655017089844,4184.841997070313,0.008713609604716455,0.01763871918174128
2024-11-27,4358.9501953125,4377.39990234375,4324.0498046875,4332.5498046875,1558993,4127.740002441406,4181.040991210937,-0.004629400078300927,0.01769813994314236
2024-11-28,4319.0,4339.9501953125,4233.0,4244.89990234375,2558544,4136.222497558594,4175.6739892578125,-0.02023055851520028,0.018398707871879187
2024-11-29,4220.0,4298.7001953125,4195.64990234375,4270.85009765625,2017425,4145.532507324218,4170.977993164062,0.006113264366533588,0.018419535894574016
2024-12-02,4270.0,4288.2001953125,4230.0498046875,4276.64990234375,1670944,4160.9425048828125,4169.587993164063,0.0013579977182254233,0.01693935498581561
2024-12-03,4314.35009765625,4325.0,4265.4501953125,4302.75,2010905,4176.870007324219,4169.719995117188,0.006102930623791858,0.016946653250496414
2024-12-04,4313.5498046875,4386.9501953125,4289.0498046875,4354.39990234375,3302642,4196.382507324219,4171.109995117187,0.012003928265353458,0.016897456408535974
2024-12-05,4400.7998046875,4489.0,4360.0,4464.0498046875,3746747,4221.017492675781,4175.020991210938,0.02518140382208145,0.017475220811900945
2024-12-06,4453.0,4465.0,4412.75,4445.5,1842087,4236.309997558594,4178.504995117188,-0.00415537583564185,0.015346065507794925
2024-12-09,4430.4501953125,4469.39990234375,4415.5498046875,4452.14990234375,2066639,4251.372497558594,4182.052993164062,0.0014958727575637987,0.015352535508731717
2024-12-10,4426.14990234375,4493.7998046875,4412.10009765625,4432.5498046875,2087828,4265.649987792969,4184.853989257813,-0.004402389426719888,0.015426021620498054
2024-12-11,4431.85009765625,4448.64990234375,4407.0,4427.4501953125,1635256,4277.087487792969,4187.228989257813,-0.0011504911619057978,0.015307034126464125
2024-12-12,4430.0498046875,4485.0,4426.0,4454.9501953125,1914642,4289.965002441406,4190.957993164063,0.006211249994209966,0.015307508286759097
2024-12-13,4434.9501953125,4494.89990234375,4394.39990234375,4473.89990234375,1967048,4306.142492675781,4194.677993164062,0.004253629378660362,0.014933050568613595
2024-12-16,4459.0,4475.0,4397.0,4415.2001953125,1646224,4319.607507324219,4198.326997070312,-0.013120478399728852,0.015379096159235843
2024-12-17,4410.0,4432.9501953125,4318.0,4328.5,3225027,4335.057507324219,4199.851997070313,-0.019636752916560196,0.014277684076403955
2024-12-18,4311.7001953125,4362.0,4289.60009765625,4347.85009765625,1575404,4350.472509765625,4201.351997070313,0.004470393359420122,0.014275896807884342
2024-12-19,4282.0,4364.0,4262.0,4271.89990234375,3015763,4360.425,4201.724995117187,-0.017468448453050733,0.014992532912356584
2024-12-20,4329.0,4382.0,4152.5,4170.2998046875,4116989,4356.709985351563,4200.071987304687,-0.023783351665264352,0.012916068423770686
2024-12-23,4200.0498046875,4217.0,4114.89990234375,4158.2998046875,2195338,4348.869970703125,4198.689985351562,-0.0028774909627629075,0.012251297955269691
2024-12-24,4158.2998046875,4218.0,4158.2998046875,4179.5,1181886,4340.2099609375,4199.2959814453125,0.005098284469196246,0.012114260989937243
2024-12-26,4179.5,4199.9501953125,4143.14990234375,4169.10009765625,1208464,4332.0374755859375,4199.9449853515625,-0.002488312559815742,0.012098864552373214
2024-12-27,4163.0,4180.9501953125,4147.25,4164.85009765625,858100,4328.034985351563,4200.905991210938,-0.001019404643795685,0.011299061264116353
2024-12-30,4151.0,4199.2998046875,4112.0,4158.7998046875,1527169,4322.432470703125,4202.18298828125,-0.0014527036572468122,0.011178234038769446
2024-12-31,4135.0,4139.9501953125,4032.050048828125,4094.800048828125,1555429,4313.339978027344,4201.898989257813,-0.015388996553101442,0.011590732061848038
2025-01-01,4094.39990234375,4134.0,4085.449951171875,4112.4501953125,763161,4303.824987792968,4201.686997070313,0.004310380549454651,0.011530686505890963
2025-01-02,4120.0,4183.0,4096.9501953125,4175.75,1720835,4294.892492675781,4203.604995117187,0.015392236180671759,0.011772652591290175
2025-01-03,4179.9501953125,4179.9501953125,4092.300048828125,4099.89990234375,1791953,4276.684997558594,4205.292993164063,-0.018164424991019557,0.010411349950678777
2025-01-06,4105.5,4149.64990234375,4066.39990234375,4095.0,2085593,4259.159997558594,4205.867993164063,-0.0011951273105348381,0.010432945100945364
2025-01-07,4114.9501953125,4140.35009765625,4011.550048828125,4028.300048828125,2669054,4237.967504882812,4205.47599609375,-0.016288144364316248,0.010690456249580222
2025-01-08,4034.89990234375,4126.0,4017.75,4108.39990234375,2181277,4221.760009765625,4206.492993164063,0.01988428184214497,0.012047391139489877
2025-01-09,4101.0,4137.75,4025.300048828125,4038.85009765625,2392472,4202.330004882812,4205.452993164063,-0.016928684242209058,0.01238218341270948
2025-01-10,4200.0,4297.0,4170.0,4265.64990234375,7894300,4192.864990234375,4209.260991210937,0.056154548746216726,0.01828651479663108
2025-01-13,4245.0,4322.9501953125,4227.39990234375,4291.10009765625,4003771,4183.725,4213.389995117188,0.005966311323045259,0.01832137949865622
2025-01-14,4302.0,4313.89990234375,4219.0498046875,4233.0498046875,3441709,4174.61748046875,4218.6819921875,-0.013528067779275621,0.018334707759895243
2025-01-15,4218.0,4256.4501953125,4207.4501953125,4249.60009765625,1653474,4170.6724853515625,4223.989995117187,0.003909779882680153,0.017889616799414358
2025-01-16,4260.0,4294.0,4191.85009765625,4206.2998046875,2637705,4163.594970703125,4228.832993164063,-0.010189262983270164,0.017963778462563095
2025-01-17,4159.89990234375,4160.60009765625,4100.0498046875,4124.2998046875,1761466,4156.2149658203125,4231.891987304687,-0.01949456857749876,0.018063988344473963
2025-01-20,4145.7998046875,4145.7998046875,4068.10009765625,4077.800048828125,1287799,4151.589978027344,4230.654990234375,-0.011274581883335744,0.017462173057450105
2025-01-21,4095.300048828125,4111.0,4030.0,4035.85009765625,1971591,4145.467492675782,4228.353994140625,-0.010287397780558316,0.017582771801227137
2025-01-22,4050.0,4163.14990234375,4044.199951171875,4156.60009765625,2409223,4144.322497558594,4228.54599609375,0.029919347120975548,0.018889248938877005
2025-01-23,4168.0,4191.35009765625,4140.0498046875,4145.4501953125,1822998,4143.140002441406,4227.48099609375,-0.0026824573165066257,0.01889058633261023
2025-01-24,4104.0,4178.0,4104.0,4152.35009765625,1910099,4142.515002441406,4226.58,0.0016644518734183489,0.018893377307585474
2025-01-27,4102.0,4156.35009765625,4041.050048828125,4065.14990234375,1551782,4137.832507324219,4224.87599609375,-0.021000203080592694,0.019470174772119927
2025-01-28,4070.800048828125,4102.0,4028.300048828125,4040.300048828125,2468272,4135.107507324219,4222.7639990234375,-0.006112899674695416,0.01921723408536517
2025-01-29,4054.0,4107.85009765625,4054.0,4099.7998046875,1217089,4134.474987792969,4224.3699951171875,0.014726568606366897,0.019493542231165454
2025-01-30,4099.89990234375,4129.89990234375,4058.5,4100.0498046875,1531251,4130.689978027343,4225.579990234375,6.09785872260904e-05,0.01915589668787814
2025-01-31,4110.0,4128.4501953125,4085.25,4112.39990234375,1492943,4131.314978027343,4226.370986328125,0.0030121823501096934,0.018722616695420403
2025-02-01,4113.0,4135.89990234375,4056.0,4073.14990234375,437172,4130.222473144531,4222.941982421875,-0.009544305255340224,0.018850722950483283
2025-02-03,4030.89990234375,4077.0,3998.699951171875,4068.64990234375,1265713,4132.239965820312,4218.012978515625,-0.0011047960688632674,0.018466357783732144
2025-02-04,4083.699951171875,4118.85009765625,4066.050048828125,4107.0498046875,2547132,4132.1724609375,4213.099970703125,0.009437996206463906,0.01803664987561845
2025-02-05,4150.0,4150.0,4076.0,4091.10009765625,1693912,4134.7849609375,4208.2709765625,-0.0038834949147794617,0.017618109291019323
2025-02-06,4105.39990234375,4139.5,4051.550048828125,4082.75,2284536,4125.639965820313,4205.027978515625,-0.0020410396853974833,0.0118559616405052
2025-02-07,4090.0,4090.0,4008.0,4029.39990234375,1548940,4112.554956054688,4200.198974609375,-0.013067196780662593,0.01193615723776159
2025-02-10,4040.0,4052.0,4014.35009765625,4036.949951171875,1339511,4102.749963378907,4195.404975585938,0.0018737402618522747,0.011721090679748329
2025-02-11,4018.39990234375,4040.0,3955.0,3963.550048828125,1810908,4088.4474609375,4188.6209765625,-0.018182019403644833,0.012138238196389269
2025-02-12,3971.10009765625,4021.75,3940.14990234375,3950.14990234375,1678002,4075.6399658203127,4180.5359765625,-0.003380844525562865,0.01203307565500602
2025-02-13,3968.0,3984.449951171875,3902.25,3910.14990234375,2277310,4064.932470703125,4169.457978515625,-0.010126197989667851,0.011531881381530645
2025-02-14,3925.0,3948.0,3900.0,3934.85009765625,1681975,4057.7849731445312,4159.24498046875,0.006316943321711177,0.011506241143634837
2025-02-17,3856.5,3934.0,3856.199951171875,3904.5,1799806,4051.2174682617188,4148.291982421875,-0.007713152192081685,0.011419430617945214
2025-02-18,3898.39990234375,3924.39990234375,3864.5,3873.199951171875,2149879,4037.0474609375,4137.104985351562,-0.008016403848924325,0.008748136711568296
2025-02-19,3872.199951171875,3874.949951171875,3768.14990234375,3784.10009765625,4366672,4018.9799560546876,4124.237983398438,-0.02300419669494913,0.009770115643867283
2025-02-20,3761.5,3788.0,3751.300048828125,3779.39990234375,2888572,4000.3324462890623,4110.726977539062,-0.0012420906400999465,0.009694856907163114
2025-02-21,3776.10009765625,3817.0,3775.0,3786.0,1833931,3986.374951171875,4096.968979492188,0.0017463348221384845,0.008983923367549324
2025-02-24,3743.14990234375,3763.199951171875,3670.0,3675.60009765625,2508516,3968.1399536132812,4082.1769775390626,-0.02916003759739827,0.01065733341318949
2025-02-25,3625.0,3658.0,3621.25,3629.550048828125,4101954,3944.6274658203124,4068.197978515625,-0.012528579716136412,0.009751333499874015
2025-02-27,3611.699951171875,3638.0,3600.699951171875,3612.550048828125,3823856,3920.252478027344,4053.4919775390626,-0.0046837761626923324,0.00965263475201357
2025-02-28,3584.949951171875,3600.0,3457.0,3483.25,7085018,3888.7949829101562,4037.7189794921874,-0.03579190518621844,0.011426684213748232
2025-03-03,3485.0,3523.25,3476.14990234375,3493.050048828125,4990439,3859.789990234375,4024.173984375,0.0028134784549271874,0.011681709424823815
2025-03-04,3474.0,3551.0,3464.300048828125,3532.050048828125,2797737,3832.959997558594,4011.6489892578124,0.011165027541785166,0.012343489907165026
2025-03-05,3520.85009765625,3600.35009765625,3520.85009765625,3547.050048828125,2501894,3804.960009765625,3998.999990234375,0.004246825439230939,0.012030849694948283
2025-03-06,3557.0,3609.449951171875,3536.10009765625,3601.60009765625,2786513,3780.485009765625,3987.649990234375,0.015378990450430008,0.013041661137482126
2025-03-07,3600.0,3625.0,3574.39990234375,3611.199951171875,2051315,3756.907507324219,3976.5769873046875,0.0026654412636961666,0.013163870413281807
2025-03-10,3606.5,3622.10009765625,3582.60009765625,3589.64990234375,1004626,3734.9200073242187,3965.1939892578125,-0.005967559016257673,0.013059554568039297
2025-03-11,3558.0,3588.75,3537.64990234375,3575.300048828125,1995450,3711.837512207031,3954.8039892578126,-0.003997563524580916,0.012946328919108005
2025-03-12,3565.0,3569.25,3486.85009765625,3506.199951171875,3174167,3688.970007324219,3942.678984375,-0.019327076528555698,0.01300555896799652
2025-03-13,3502.300048828125,3524.300048828125,3484.10009765625,3511.050048828125,1693004,3667.0150146484375,3929.3849853515626,0.0013832918041736253,0.013099927199075392
2025-03-17,3489.0,3530.449951171875,3477.35009765625,3497.699951171875,2690906,3646.3925170898438,3917.340986328125,-0.0038023091299156375,0.013066085416026904
2025-03-18,3497.699951171875,3497.699951171875,3497.699951171875,3497.699951171875,0,3624.535009765625,3905.3949853515624,0.0,0.012840413405578484
2025-03-19,3547.0,3547.0,3462.75,3497.10009765625,3051244,3604.1650146484376,3894.770986328125,-0.00017149942076188918,0.012891653587927857
2025-03-20,3512.0,3578.949951171875,3512.0,3563.14990234375,2845192,3588.6625122070313,3883.865986328125,0.018887021487250744,0.013964831667496944
2025-03-21,3475.0,3616.25,3465.0,3578.10009765625,4161925,3578.362512207031,3874.650986328125,0.004195780621709444,0.01333399815480757
2025-03-24,3600.0,3649.75,3566.60009765625,3628.949951171875,1834751,3570.8400146484373,3861.9169873046876,0.014211411678765717,0.013860846733126658
2025-03-25,3645.0,3710.0,3638.0,3657.75,3135390,3564.4275146484374,3849.2499853515624,0.007936193448693007,0.014015655919133209
2025-03-26,3647.75,3680.5,3625.85009765625,3635.800048828125,1734499,3562.4375122070314,3837.304990234375,-0.006000943523169933,0.01249546338099729
2025-03-27,3614.85009765625,3663.0,3610.5,3651.199951171875,2528474,3563.5200073242186,3825.3369873046877,0.004235629610245928,0.012202796552701038
2025-03-28,3651.0,3660.949951171875,3591.89990234375,3606.14990234375,2051919,3563.2,3813.3339892578124,-0.012338422828272133,0.012486355263075786
2025-04-01,3572.699951171875,3584.0,3525.0,3550.800048828125,2618493,3566.577502441406,3801.863994140625,-0.015348738963860464,0.009990701332155787
2025-04-02,3544.0,3564.10009765625,3530.050048828125,3543.949951171875,1764313,3569.1224975585938,3791.1869921875,-0.0019291702044756942,0.010001876378967916
2025-04-03,3491.0,3502.0,3396.14990234375,3403.14990234375,4537821,3562.677490234375,3778.53298828125,-0.039729694484417544,0.013185881123576677
2025-04-04,3362.60009765625,3399.64990234375,3295.5,3299.39990234375,5317367,3550.2949829101562,3761.388984375,-0.030486461947664245,0.014566261042303701
2025-04-07,3100.0,3291.39990234375,3056.050048828125,3274.050048828125,6623955,3533.91748046875,3743.9609814453124,-0.007683170960154806,0.013889334014573216
2025-04-08,3302.050048828125,3349.0,3255.300048828125,3292.949951171875,5557558,3518.00498046875,3726.772978515625,0.005772636967023459,0.013992619405145191
2025-04-09,3260.550048828125,3270.0,3212.050048828125,3246.60009765625,2990265,3500.852490234375,3710.401982421875,-0.014075480709668908,0.014153655824063508
2025-04-11,3289.550048828125,3298.949951171875,3206.0,3231.5,7108961,3483.662487792969,3694.2259814453123,-0.004651049467765067,0.014152184456018081
2025-04-15,3314.39990234375,3314.39990234375,3238.60009765625,3248.199951171875,3512160,3470.762487792969,3677.193984375,0.005167863584055299,0.013899795474257624
2025-04-16,3248.199951171875,3278.10009765625,3229.0,3273.800048828125,2384391,3458.8999877929687,3660.6689892578124,0.007881318281226513,0.01409989803854651
2025-04-17,3245.5,3303.60009765625,3218.0,3298.89990234375,2932346,3448.9599853515624,3644.3989892578124,0.007666886535910855,0.01431412816811954
2025-04-21,3290.10009765625,3354.0,3284.10009765625,3321.60009765625,2432946,3440.154992675781,3629.3679931640627,0.006881140981686684,0.014467430721044715
2025-04-22,3322.60009765625,3333.89990234375,3295.0,3314.39990234375,2710498,3431.019982910156,3614.2829931640626,-0.0021676887948012258,0.014457556480771874
2025-04-23,3365.0,3420.89990234375,3337.300048828125,3413.0,3543923,3423.512487792969,3600.4019970703125,0.02974900451406781,0.01547460230679758
2025-04-24,3401.10009765625,3412.5,3387.699951171875,3401.60009765625,2252175,3414.6874877929686,3586.6119970703126,-0.0033401413254467993,0.015406482763974607
2025-04-25,3420.0,3477.800048828125,3405.0,3448.0,2742991,3405.639990234375,3573.9169970703124,0.013640610598441683,0.015374562391258447
2025-04-28,3435.0,3457.800048828125,3405.0,3443.5,1593296,3394.927490234375,3562.1989990234374,-0.0013051044083526309,0.015183960613413816
2025-04-29,3455.0,3495.0,3430.39990234375,3472.5,1578332,3386.762487792969,3550.91,0.00842166400464639,0.015370429790703114
2025-04-30,3472.0,3509.89990234375,3366.0,3453.699951171875,2809332,3376.887487792969,3540.712998046875,-0.005413980944024455,0.01530971085484126
2025-05-02,3472.0,3491.5,3420.0,3431.0,1721761,3368.129992675781,3530.33,-0.006572647158932465,0.015171620217851248
2025-05-05,3450.0,3504.5,3446.39990234375,3454.300048828125,1284443,3363.3049926757812,3521.2130029296877,0.0067910372568129596,0.014981782185003066
2025-05-06,3460.0,3473.0,3437.0,3460.0,1324763,3359.1074951171877,3511.7160009765626,0.0016501030863860233,0.01499485490450824
2025-05-07,3420.60009765625,3459.5,3420.60009765625,3445.10009765625,1477128,3361.2050048828123,3502.5280029296873,-0.004306330157153204,0.011979493498803166
2025-05-08,3448.0,3477.0,3428.699951171875,3448.89990234375,2543591,3368.6800048828127,3494.042001953125,0.0011029591535192118,0.00947442305169034
2025-05-09,3399.0,3446.199951171875,3398.10009765625,3440.300048828125,2531757,3376.9925048828127,3487.1660009765624,-0.002493506265514034,0.009256311346124254
2025-05-12,3505.0,3630.5,3502.199951171875,3620.39990234375,2228678,3393.3650024414064,3483.9860009765625,0.05235004242637875,0.014494809817560381
2025-05-13,3620.39990234375,3623.0,3510.5,3515.0,3062887,3406.7849975585937,3478.5660009765625,-0.029112779026294056,0.015854347250829643
2025-05-14,3521.0,3561.0,3508.60009765625,3548.699951171875,2119499,3422.6449951171876,3476.027998046875,0.00958746832770263,0.01576025507738751
2025-05-15,3564.0,3600.0,3514.10009765625,3579.89990234375,3548330,3439.2299926757814,3475.0349951171875,0.008791938343948091,0.015785413377434287
2025-05-16,3593.89990234375,3593.89990234375,3546.10009765625,3561.300048828125,1666727,3453.6049926757814,3474.0099951171874,-0.0051956350800332896,0.015929525629715578
2025-05-19,3550.0,3550.0,3503.699951171875,3518.800048828125,2537377,3464.6,3474.72099609375,-0.011933844219047196,0.016312183734028974
2025-05-20,3531.800048828125,3558.0,3494.0,3498.300048828125,2038374,3473.4349975585938,3474.82599609375,-0.005825849640654357,0.016414806004293677
2025-05-21,3508.0,3537.0,3498.300048828125,3525.800048828125,1440153,3484.0050048828125,3474.70099609375,0.007860960928497862,0.016410787824586368
2025-05-22,3495.0,3497.800048828125,3451.300048828125,3477.0,2034383,3487.2050048828123,3473.2999951171873,-0.013840844106955186,0.015575699939979603
2025-05-23,3477.0,3535.0,3465.60009765625,3514.60009765625,1274331,3492.8550048828124,3471.5599951171876,0.01081394813236991,0.01568722950304102
2025-05-26,3521.0,3545.0,3510.10009765625,3537.300048828125,967470,3497.3200073242188,3470.0819970703124,0.0064587579073398516,0.015481582239166507
2025-05-27,3532.0,3540.0,3483.10009765625,3498.699951171875,2467680,3500.0800048828123,3468.262998046875,-0.010912305182885995,0.015716909831329756
2025-05-28,3520.0,3529.0,3493.0,3497.699951171875,1222933,3501.3400024414063,3466.71099609375,-0.00028582045158376257,0.015618201489460212
2025-05-29,3504.699951171875,3532.5,3486.5,3498.10009765625,3188072,3503.560009765625,3466.5489990234373,0.000114402747508624,0.01555728017243333
2025-05-30,3490.0,3506.699951171875,3453.10009765625,3463.39990234375,3404365,3505.1800048828127,3465.59599609375,-0.009919726235321114,0.01565789894376686
2025-06-02,3450.0,3460.0,3418.60009765625,3449.800048828125,1877585,3504.9550048828123,3464.637998046875,-0.003926734971154144,0.01561766564999798
2025-06-03,3446.0,3473.5,3400.5,3405.199951171875,2848125,3502.2150024414063,3462.787998046875,-0.012928313822536008,0.01587705176811732
2025-06-04,3389.0,3394.800048828125,3370.0,3380.89990234375,2544807,3499.004992675781,3460.463994140625,-0.007136159161450162,0.01592360985497404
2025-06-05,3409.0,3409.0,3363.699951171875,3371.10009765625,3584683,3495.1150024414064,3456.622998046875,-0.0028985787720915424,0.015923295326626043
2025-06-06,3371.10009765625,3390.89990234375,3358.699951171875,3384.199951171875,2070390,3492.3099975585938,3452.7449951171875,0.0038859283723828852,0.015956121054952047
2025-06-09,3400.0,3434.0,3390.89990234375,3421.89990234375,1718678,3482.3849975585936,3448.603994140625,0.011139989278358131,0.010458197739858892
2025-06-10,3440.0,3485.800048828125,3423.199951171875,3462.89990234375,2419874,3479.779992675781,3444.7069921875,0.011981647964605324,0.00893477366399489
2025-06-11,3470.0,3489.0,3449.10009765625,3471.89990234375,2847013,3475.939990234375,3441.4289892578126,0.0025989778087169846,0.00864280894765652
2025-06-12,3471.89990234375,3474.699951171875,3423.199951171875,3434.199951171875,4060134,3468.654992675781,3437.0889892578125,-0.010858593920413773,0.008580864121739102
2025-06-13,3393.199951171875,3450.5,3393.199951171875,3445.699951171875,2178493,3462.8749877929686,3433.879990234375,0.003348669315563768,0.008628073755503413
2025-06-16,3440.0,3509.0,3426.199951171875,3496.300048828125,1934088,3461.7499877929686,3432.789990234375,0.014684998221926149,0.008997413501462518
2025-06-17,3510.0,3520.0,3488.10009765625,3515.300048828125,2111940,3462.599987792969,3432.2169921875,0.005434316201313516,0.00898455754396153
2025-06-18,3519.10009765625,3538.0,3443.10009765625,3451.39990234375,2696327,3458.87998046875,3433.1819921875,-0.01817772184359545,0.009687429458304125
2025-06-19,3450.0,3451.0,3413.0,3424.0,2672768,3456.22998046875,3435.673994140625,-0.007938779370406657,0.009360743665083342
2025-06-20,3425.0,3446.300048828125,3410.89990234375,3435.699951171875,2351248,3452.2849731445312,3438.9069921875,0.003417041814215871,0.00902075030928999
2025-06-23,3415.0,3425.0,3370.0,3393.60009765625,3123421,3445.0999755859375,3440.9199951171877,-0.012253646742715452,0.009165207468653179
2025-06-24,3434.60009765625,3442.10009765625,3382.0,3390.39990234375,3403048,3439.6849731445313,3443.7959912109377,-0.0009430089640527495,0.00892473413168568
2025-06-25,3407.300048828125,3450.0,3400.0,3444.800048828125,1757699,3437.0399780273438,3448.0619921875,0.016045348056660913,0.009753477205402468
2025-06-26,3444.800048828125,3451.39990234375,3415.300048828125,3441.800048828125,2879106,3434.2249755859375,3451.933994140625,-0.0008708778325233757,0.009751547607521612
2025-06-27,3455.0,3466.39990234375,3431.0,3441.10009765625,1778433,3433.1099853515625,3455.2799951171874,-0.0002033677616203322,0.009510553041894411
2025-06-30,3439.89990234375,3464.89990234375,3430.0,3462.0,1468351,3433.7199829101564,3458.5419970703124,0.006073610691530007,0.009571421214883465
2025-07-01,3455.0,3485.0,3413.5,3429.699951171875,2375183,3434.9449829101563,3460.703994140625,-0.009329881232849502,0.009342331739571592
2025-07-02,3487.199951171875,3489.89990234375,3420.0,3423.300048828125,3090585,3437.064990234375,3462.8819970703125,-0.0018660239772763099,0.00919169128283488
2025-07-03,3430.0,3435.300048828125,3397.60009765625,3400.800048828125,2531870,3438.5499877929688,3462.637998046875,-0.0065726052870248575,0.009302672203884553
2025-07-04,3408.0,3427.0,3390.10009765625,3419.800048828125,1109320,3440.3299926757813,3463.0019970703124,0.005586920644319315,0.009343139309674694
2025-07-07,3418.300048828125,3426.10009765625,3408.39990234375,3411.699951171875,1639174,3439.8199951171873,3462.27599609375,-0.0023685880871969767,0.009021139541219898
2025-07-08,3405.0,3425.0,3393.39990234375,3406.199951171875,2325242,3436.984997558594,3461.5299951171874,-0.0016120995628912116,0.008562560326663604
2025-07-09,3410.0,3414.0,3367.0,3383.800048828125,2034938,3432.5800048828123,3459.75599609375,-0.0065762147451278175,0.00861703446506824
2025-07-10,3380.0,3399.0,3356.0,3382.0,3035012,3429.970007324219,3458.3219970703126,-0.0005319607548172067,0.008315017421462593
2025-07-11,3299.89990234375,3335.0,3261.10009765625,3266.0,7635550,3420.985009765625,3455.0219970703124,-0.0342992312241277,0.011128052476998638
2025-07-14,3266.0,3272.0,3200.0,3222.699951171875,3924009,3407.3050048828127,3450.3899951171875,-0.013257822666296715,0.010582438803998569
2025-07-15,3206.0,3259.39990234375,3206.0,3252.300048828125,2590889,3394.1550048828126,3446.23599609375,0.009184875447522334,0.010789847151092633
2025-07-16,3227.0,3244.89990234375,3220.60009765625,3233.10009765625,2540733,3383.2400146484374,3441.99599609375,-0.005903499333892337,0.010266897789153708
2025-07-17,3224.10009765625,3242.0,3204.10009765625,3209.199951171875,2947640,3372.5000122070314,3437.2019970703127,-0.007392331125689822,0.01025437340751665
2025-07-18,3225.0,3228.800048828125,3187.0,3189.89990234375,3432645,3360.210009765625,3432.193994140625,-0.006013975171935693,0.010151187038982852
2025-07-21,3190.0,3197.60009765625,3152.0,3158.199951171875,3844346,3348.4400024414062,3422.9499951171874,-0.009937600596364726,0.010060743205282718
2025-07-22,3159.60009765625,3180.10009765625,3154.60009765625,3159.60009765625,3198036,3336.900012207031,3415.8419970703126,0.00044333687100950314,0.01008432190679124
2025-07-23,3159.60009765625,3182.0,3157.60009765625,3179.10009765625,1922875,3323.6150146484374,3408.45,0.0061716671089055986,0.009288968872662689
2025-07-24,3165.10009765625,3173.699951171875,3140.0,3148.0,2934778,3308.925012207031,3399.812001953125,-0.009782673304051692,0.009346365240695126
2025-07-25,3140.0,3156.89990234375,3125.60009765625,3135.800048828125,2568917,3293.660009765625,3391.302001953125,-0.003875460982171175,0.009295320520760429
2025-07-28,3110.0,3118.0,3069.89990234375,3079.300048828125,3374473,3274.525012207031,3382.512001953125,-0.018017730442065227,0.009400685648448509
2025-07-29,3060.0,3074.0,3041.199951171875,3056.0,4785312,3255.8400146484373,3373.6660009765624,-0.007566670496105821,0.009374045586319992
2025-07-30,3060.0,3069.0,3047.199951171875,3053.60009765625,2880121,3237.355017089844,3364.222001953125,-0.0007853083585569465,0.009400443972186734
2025-07-31,3041.699951171875,3059.800048828125,3015.0,3036.800048828125,2968371,3219.1550170898436,3355.4180029296876,-0.005501718722441651,0.00939799388734532
2025-08-01,3029.89990234375,3036.800048828125,3000.0,3003.0,2053847,3198.3150146484377,3345.1860009765624,-0.011130152886150046,0.009088817706381284
2025-08-04,3009.10009765625,3079.39990234375,2991.60009765625,3074.39990234375,2519252,3181.4500122070312,3335.927998046875,0.023776191256660084,0.011312934885549722
2025-08-05,3074.39990234375,3077.5,3042.0,3063.89990234375,1927996,3164.335009765625,3327.2319970703124,-0.0034153006549327847,0.01129058271162382
2025-08-06,3063.0,3066.800048828125,3026.0,3032.300048828125,1487081,3146.760009765625,3317.9239990234373,-0.010313605053302366,0.01134499811623693
2025-08-07,3016.0,3051.60009765625,3010.89990234375,3047.0,2543076,3130.010009765625,3308.9019970703125,0.004847789115577816,0.011528963745467677
2025-08-08,3048.10009765625,3059.800048828125,3025.0,3036.39990234375,2762140,3118.5300048828126,3300.3619970703126,-0.0034788636876436074,0.009263204202984616
2025-08-11,3036.39990234375,3049.89990234375,3021.300048828125,3040.800048828125,1884215,3109.435009765625,3292.1819970703127,0.0014491327314885005,0.009036948556922204
2025-08-12,3041.0,3096.39990234375,3026.89990234375,3035.39990234375,3358232,3098.5900024414063,3284.78599609375,-0.0017758966053871283,0.008589178475692277
2025-08-13,3036.10009765625,3044.39990234375,3028.60009765625,3036.199951171875,2148166,3088.7449951171875,3277.8919970703123,0.00026357279233857334,0.00860563877832349
2025-08-14,3034.0,3055.89990234375,3019.10009765625,3022.300048828125,3342174,3079.4,3270.91599609375,-0.0045780589444990305,0.00855464761505486
2025-08-18,3046.5,3049.0,3003.39990234375,3011.199951171875,2945609,3070.4650024414063,3263.45599609375,-0.003672731852204403,0.008526645742698808
2025-08-19,3011.199951171875,3025.0,3011.10009765625,3016.199951171875,2650784,3063.3650024414064,3255.3419970703126,0.001660467614597927,0.008412445230898903
2025-08-20,3010.89990234375,3103.39990234375,3010.89990234375,3098.60009765625,4952358,3060.3150024414062,3248.0560009765627,0.02731919230101454,0.01070253508622032
2025-08-21,3130.0,3130.0,3083.10009765625,3102.60009765625,3230726,3056.4900024414064,3240.6700048828125,0.0012909055295731164,0.010587338891501522
2025-08-22,3086.0,3095.699951171875,3050.0,3054.0,1593791,3051.790002441406,3233.066005859375,-0.015664312552869153,0.010915915303588247
2025-08-25,3087.300048828125,3152.0,3077.10009765625,3140.60009765625,3448370,3052.0300048828126,3226.9640087890625,0.028356286069499026,0.012763265094885921
2025-08-26,3129.0,3162.0,3120.0,3157.199951171875,5522097,3055.925,3220.1820068359375,0.005285567407328662,0.01206152205962755
2025-08-28,3145.0,3146.5,3086.5,3093.699951171875,3116051,3057.8099975585938,3211.7500048828124,-0.02011275845118088,0.012848518103094633
2025-08-29,3093.0,3115.0,3077.199951171875,3084.699951171875,2271789,3059.364990234375,3204.416005859375,-0.0029091379713765964,0.012870120414567901
2025-09-01,3090.0,3131.10009765625,3090.0,3112.60009765625,1246862,3063.154992675781,3198.1880078125,0.009044687303793042,0.012918984910890958
2025-09-02,3121.10009765625,3155.0,3103.10009765625,3111.5,2185229,3068.5799926757813,3191.7040087890623,-0.00035343366373286056,0.01259335594250501
2025-09-03,3129.89990234375,3141.89990234375,3088.0,3097.5,1799774,3069.734997558594,3185.7820068359374,-0.004499437570303688,0.011546011572605068
2025-09-04,3116.0,3118.0,3090.800048828125,3095.699951171875,1481391,3071.325,3179.8880078125,-0.0005811295651735326,0.011513586644254219
2025-09-05,3097.10009765625,3103.39990234375,3028.60009765625,3048.300048828125,2802055,3072.125,3171.9580078125,-0.015311529893524356,0.011812796632944106
2025-09-08,3050.0,3064.89990234375,3016.0,3019.0,2626187,3070.725,3163.5020068359377,-0.009611930701962534,0.011963211246482135
2025-09-09,3032.10009765625,3060.0,3030.800048828125,3049.39990234375,2489301,3071.375,3155.6680029296876,0.010069527109556109,0.012161285238573374
2025-09-10,3056.39990234375,3122.699951171875,3053.39990234375,3110.0,2079428,3074.834997558594,3148.6280029296877,0.019872794515954917,0.012927841000859324
2025-09-11,3139.0,3139.0,3110.10009765625,3124.199951171875,2263446,3079.275,3142.5180029296876,0.0045659006983520545,0.012928662651049866
2025-09-12,3144.0,3148.699951171875,3121.0,3133.39990234375,1447167,3084.1349975585936,3136.72,0.0029447382740097616,0.012928830786008875
2025-09-15,3134.0,3134.0,3096.0,3111.89990234375,1732539,3088.614990234375,3130.9419970703125,-0.006861556350952314,0.012996684188815935
2025-09-16,3128.0,3150.0,3109.10009765625,3145.699951171875,2573429,3095.339990234375,3125.4599951171876,0.010861547571844543,0.013095744473515435
2025-09-17,3152.0,3182.39990234375,3142.39990234375,3172.800048828125,2418271,3103.1699951171877,3120.6819970703127,0.008614965850813006,0.013170869228230277
2025-09-18,3185.0,3203.0,3161.39990234375,3176.699951171875,2633138,3107.074987792969,3116.0919970703126,0.0012291673864510688,0.011817933661431277
2025-09-19,3170.0,3180.5,3144.0,3169.199951171875,4901694,3110.40498046875,3111.7999951171873,-0.0023609406350239004,0.011846446227014595
2025-09-22,3095.0,3106.89990234375,3065.0,3073.800048828125,3634901,3111.394982910156,3105.63599609375,-0.030102203651894532,0.013277159163656448
2025-09-23,3070.0,3080.699951171875,3052.0,3062.39990234375,3177741,3107.484973144531,3101.563994140625,-0.0037088119927388696,0.01154795162474441
2025-09-24,3050.0,3057.0,3033.0,3035.39990234375,1625714,3101.394970703125,3097.8179931640625,-0.008816614701213976,0.011561875686716388
2025-09-25,3022.0,3029.60009765625,2951.0,2957.39990234375,4974361,3094.579968261719,3091.919990234375,-0.025696778846099666,0.012080586561131144
2025-09-26,2941.0,2954.800048828125,2891.300048828125,2899.10009765625,3934636,3085.2999755859373,3085.239990234375,-0.019713196257732046,0.012702292106535
2025-09-29,2916.0,2929.300048828125,2894.0,2896.10009765625,3110035,3074.4749755859375,3078.9779931640624,-0.0010348038698027029,0.012394622006465435
2025-09-30,2911.0,2915.300048828125,2885.10009765625,2888.39990234375,2253458,3063.319970703125,3072.9479931640626,-0.0026588153215876265,0.012374280604185285
2025-10-01,2891.0,2924.800048828125,2866.60009765625,2914.199951171875,1952902,3054.1549682617188,3068.0679931640625,0.00893229805443152,0.012685748033277313
2025-10-03,2924.0,2924.0,2891.10009765625,2901.89990234375,2899519,3044.4649658203125,3062.9139892578123,-0.004220729199854278,0.012675801692867309
2025-10-06,2902.0,2993.60009765625,2895.60009765625,2988.39990234375,2112774,3041.4699584960936,3059.0999853515623,0.029808057793494935,0.014307554839641157
2025-10-07,2995.0,3004.5,2955.5,2973.699951171875,3062943,3039.2049560546875,3055.613984375,-0.004919004033009822,0.014195101107125092
2025-10-08,2975.0,3043.0,2968.0,3027.199951171875,4121889,3038.0949584960936,3053.441982421875,0.01799105521016564,0.014614546108244912
2025-10-09,3034.0,3066.0,3020.0,3061.699951171875,3211304,3035.6799560546874,3053.08998046875,0.011396670374100859,0.014114212136153291
2025-10-10,3050.0,3070.0,3006.89990234375,3028.300048828125,8817365,3030.8849609375,3052.5359814453127,-0.010908940417550084,0.014234717113384886
2025-10-13,3027.0,3035.5,2998.199951171875,3007.199951171875,2866865,3024.5749633789064,3051.607978515625,-0.006967637722825826,0.014245797466003267
2025-10-14,3021.0,3027.199951171875,2955.5,2960.300048828125,3611416,3016.994970703125,3050.077978515625,-0.01559587094482151,0.014535012421410034
2025-10-15,2971.0,2979.699951171875,2951.0,2969.800048828125,4282226,3008.1999755859374,3049.4139794921875,0.003209134156438198,0.014265951256103951
2025-10-16,2969.89990234375,2975.0,2943.10009765625,2970.699951171875,3251495,2998.094970703125,3047.33998046875,0.00030301782239683384,0.014035854971359013
2025-10-17,2970.0,2988.800048828125,2955.39990234375,2962.199951171875,4374683,2987.369970703125,3045.3059814453127,-0.002861278533581646,0.013997795702382337
2025-10-20,2985.5,3023.0,2978.5,3015.199951171875,3133039,2979.669970703125,3044.9639794921877,0.017892107512537336,0.014786980766334711
2025-10-21,3031.10009765625,3031.800048828125,2996.0,3006.699951171875,310644,2976.3149658203124,3044.157978515625,-0.00281905019157902,0.013276596442632588
2025-10-23,3055.0,3098.0,3036.10009765625,3073.199951171875,5564758,2976.8549682617186,3044.8939794921876,0.02211727178632561,0.014223439955878084
2025-10-24,3080.0,3090.0,3058.300048828125,3063.199951171875,2684318,2978.244970703125,3045.3419775390626,-0.003253937315789268,0.014090128152420932
2025-10-27,3066.5,3094.199951171875,3060.199951171875,3084.89990234375,1946312,2984.619970703125,3046.3319775390623,0.007084079236673091,0.012715873800963593
2025-10-28,3076.0,3090.199951171875,3040.199951171875,3057.89990234375,3470737,2992.5599609375,3046.7659765625,-0.008752309914330403,0.011934412923841866
2025-10-29,3057.89990234375,3076.0,3046.10009765625,3057.60009765625,2895420,3000.6349609375,3047.4719775390627,-9.804267538982003e-05,0.01192066094119831
2025-10-30,3049.10009765625,3063.800048828125,3032.800048828125,3035.300048828125,2241536,3007.9799682617186,3047.9539794921875,-0.007293317672647515,0.01207606213841285
2025-10-31,3035.0,3067.39990234375,3025.10009765625,3058.0,1868085,3015.169970703125,3048.78998046875,0.0074786514699392015,0.012039961564687283
2025-11-03,3046.89990234375,3058.0,3010.0,3016.800048828125,2194877,3020.9149780273438,3047.1539794921873,-0.013472842109834904,0.012480630920112165
2025-11-04,3019.60009765625,3029.300048828125,2976.0,2990.199951171875,2670720,3021.00498046875,3044.9059765625,-0.008817322071637768,0.010833651311245873
2025-11-06,2990.10009765625,3024.0,2990.0,3010.89990234375,2542721,3022.8649780273436,3044.043974609375,0.006922597655639295,0.010869268117866085
2025-11-07,3001.0,3004.0,2960.5,2991.800048828125,1830520,3021.0949829101564,3041.0679736328125,-0.006343569741643407,0.010168620843402351
2025-11-10,2993.0,3047.89990234375,2992.0,3025.199951171875,1556656,3019.269982910156,3038.4279736328126,0.011163815027288582,0.010154358863799548
2025-11-11,3045.0,3055.699951171875,3018.0,3047.0,2806868,3020.20498046875,3037.493974609375,0.0072061513883339146,0.009988350688587794
2025-11-12,3060.0,3136.39990234375,3057.10009765625,3131.800048828125,4460315,3026.4349853515623,3038.4359765625,0.027830669126394758,0.011553799491230666
2025-11-13,3131.800048828125,3131.89990234375,3102.0,3105.699951171875,1740435,3033.70498046875,3038.2979736328125,-0.008333896560866472,0.011072663254677553
2025-11-14,3090.0,3113.10009765625,3077.300048828125,3106.0,2210794,3040.5149780273437,3038.1879736328124,9.661230409974131e-05,0.011083419858439605
2025-11-17,3106.0,3123.5,3086.60009765625,3102.199951171875,2232853,3047.089978027344,3038.28197265625,-0.0012234542266983395,0.011103151632248492
2025-11-18,3102.0,3105.0,3078.0,3087.10009765625,2548350,3053.3349853515624,3038.1099755859377,-0.004867466234702578,0.011160446503069826
2025-11-19,3097.0,3155.0,3083.5,3147.699951171875,3151053,3059.9599853515624,3040.0979736328127,0.019630025460344758,0.011295611782948162
2025-11-20,3148.0,3164.5,3138.10009765625,3144.800048828125,2700767,3066.864990234375,3042.613974609375,-0.0009212766110919812,0.011259029502670666
2025-11-21,3144.800048828125,3170.0,3135.199951171875,3150.60009765625,4177037,3070.734997558594,3044.637978515625,0.0018443299217978382,0.010248984453911467
2025-11-24,3158.0,3178.89990234375,3131.0,3141.199951171875,6703764,3074.6349975585936,3045.2619775390626,-0.002983605088874297,0.0102428473002246
2025-11-25,3145.300048828125,3149.800048828125,3115.0,3119.199951171875,2737920,3076.35,3045.1619775390627,-0.0070036929651016155,0.01030887723912594
2025-11-26,3118.800048828125,3178.0,3117.0,3162.89990234375,2508527,3081.6,3045.7519775390624,0.014009987130019441,0.010476793250968904
2025-11-27,3180.0,3180.0,3125.0,3136.60009765625,2836233,3085.55,3046.2459814453123,-0.008315092320187456,0.010711212119987039
2025-11-28,3140.0,3147.300048828125,3125.0,3137.5,1616690,3090.6599975585937,3046.081982421875,0.0002869037542982955,0.01052245507238014
2025-12-01,3137.89990234375,3154.0,3122.199951171875,3133.39990234375,1747647,3094.4299926757812,3045.2939794921876,-0.001306804033864517,0.010452077985403022
2025-12-02,3131.0,3144.0,3120.39990234375,3135.699951171875,2512003,3100.3749877929686,3044.4739794921875,0.0007340425415871543,0.009863579706348978
2025-12-03,3140.0,3211.89990234375,3139.0,3180.0,3952112,3109.864990234375,3044.68998046875,0.014127642796808226,0.009875948542958446
2025-12-04,3194.0,3250.0,3187.39990234375,3229.199951171875,5025905,3120.779992675781,3047.797978515625,0.015471682758451344,0.01022759739530995
2025-12-05,3230.0,3271.60009765625,3222.39990234375,3238.199951171875,5244013,3133.099987792969,3051.3139794921876,0.0027870680466020037,0.009962847001502012
2025-12-08,3243.0,3259.89990234375,3208.60009765625,3236.5,2544725,3143.664990234375,3055.3359814453124,-0.0005249679443851685,0.009863555708902854
2025-12-09,3230.0,3233.699951171875,3181.199951171875,3208.300048828125,2734893,3151.7299926757814,3060.353984375,-0.008713100933686047,0.010179808612927924
2025-12-10,3225.0,3225.0,3178.10009765625,3189.199951171875,1386849,3154.599987792969,3066.1559814453126,-0.005953338953825882,0.008431020722506729
2025-12-11,3205.0,3208.39990234375,3153.10009765625,3191.89990234375,1914362,3158.9099853515627,3072.0719775390626,0.000846592002136104,0.008144456970024111
2025-12-12,3197.699951171875,3223.0,3185.699951171875,3220.5,1146554,3164.6349853515626,3078.7139794921877,0.008960211325940826,0.008309226439490926
2025-12-15,3211.10009765625,3238.199951171875,3197.300048828125,3230.199951171875,1562190,3171.0349853515627,3085.0339794921874,0.003011939503764882,0.008280850157396467
2025-12-16,3220.0,3220.0,3191.10009765625,3205.10009765625,1734623,3176.9349853515623,3091.0979833984375,-0.007770371461531034,0.008432641058704391
2025-12-17,3200.5,3236.89990234375,3200.5,3217.800048828125,1376350,3180.439990234375,3095.685986328125,0.0039624195141867435,0.007359373452949661
2025-12-18,3228.0,3287.800048828125,3221.0,3280.800048828125,2307422,3187.239990234375,3101.82798828125,0.019578593773389885,0.008411393119219464
2025-12-19,3299.0,3317.89990234375,3278.800048828125,3282.0,3902511,3193.8099853515623,3106.9239892578125,0.00036574955925883224,0.008420736976201522
2025-12-22,3310.0,3328.60009765625,3291.0,3324.89990234375,2632816,3202.994982910156,3112.18798828125,0.013071268233927569,0.008674198055635745
2025-12-23,3319.89990234375,3319.89990234375,3293.5,3310.0,2365420,3212.5349853515627,3117.8219873046874,-0.004481308545032259,0.008540211814972823
2025-12-24,3304.10009765625,3327.10009765625,3296.10009765625,3319.0,1367708,3220.339990234375,3124.05798828125,0.002719033232628343,0.00813835089271288
2025-12-26,3313.10009765625,3320.0,3271.800048828125,3280.0,1176664,3227.5099853515626,3130.4519873046875,-0.011750527267249122,0.008409115586256484
2025-12-29,3280.0,3288.0,3242.89990234375,3251.5,2079473,3233.2099853515624,3136.085986328125,-0.008689024390243882,0.00875307721794739
2025-12-30,3250.0,3267.5,3239.5,3246.800048828125,2807593,3238.879992675781,3141.60798828125,-0.0014454716813393498,0.008755740806208247
