Date,Open,High,Low,Close,Volume,MA20,MA50,Daily_Return,Volatility,lag_1,lag_2,lag_3,lag_5,lag_10,rolling_mean_5,rolling_mean_10,rolling_std_5,rolling_std_10,momentum,price_change,target
2018-03-14,1446.4749755859375,1461.5250244140625,1437.5250244140625,1443.449951171875,3668668,1499.853759765625,1476.5520092773438,3.458968890668324e-05,0.0175965446515058,1443.4000244140625,1526.074951171875,1517.050048828125,1513.7249755859375,1521.175048828125,1486.389990234375,1505.6375,40.15535830344492,35.22625886408231,-70.2750244140625,-3.0250244140625,1428.375
2018-03-15,1447.5,1451.2750244140625,1427.800048828125,1434.8499755859375,2348906,1498.8012573242188,1478.7930078125,-0.0059579312597264,0.0171554113173279,1443.449951171875,1443.4000244140625,1526.074951171875,1501.9749755859375,1517.5250244140625,1472.964990234375,1497.3699951171875,44.61541050597008,41.303817187246565,-67.125,-12.6500244140625,1415.675048828125
2018-03-16,1434.4000244140625,1436.0,1402.5,1412.8499755859375,7197482,1496.2975036621094,1480.7380078125,-0.0153326134260245,0.0174110006778121,1434.8499755859375,1443.449951171875,1443.4000244140625,1517.050048828125,1518.8499755859375,1452.1249755859376,1486.7699951171876,43.188340326692746,48.204070792554425,-104.2000732421875,-21.550048828125,1409.074951171875
2018-03-19,1414.5,1424.0,1410.0,1415.5,3489940,1493.7462524414063,1482.6615087890625,0.0018756587464026,0.017404318789607,1412.8499755859375,1434.8499755859375,1443.449951171875,1526.074951171875,1552.925048828125,1430.0099853515626,1473.027490234375,14.902658679529365,46.81767073413395,-110.574951171875,1.0,1408.5
2018-03-20,1410.0,1436.5999755859375,1409.5,1432.425048828125,4024984,1492.2775024414063,1484.7390087890626,0.011956940182356,0.0176600073682951,1415.5,1412.8499755859375,1434.8499755859375,1443.4000244140625,1521.4000244140625,1427.814990234375,1464.1299926757813,13.141597225531362,45.023512615150004,-10.9749755859375,22.425048828125,1423.8499755859375
2018-03-21,1436.25,1442.1500244140625,1425.0,1428.375,3907678,1490.0775024414063,1486.4145092773438,-0.0028274071522543,0.0175601941406702,1432.425048828125,1415.5,1412.8499755859375,1443.449951171875,1513.7249755859375,1424.8,1455.5949951171874,10.015202037477037,42.60196335067931,-15.074951171875,-7.875,1424.574951171875
2018-03-22,1429.9749755859375,1437.9749755859375,1411.2750244140625,1415.675048828125,2326094,1484.803753662109,1487.5840112304688,-0.0088911883587118,0.0156227484870717,1428.375,1432.425048828125,1415.5,1434.8499755859375,1501.9749755859375,1420.9650146484375,1446.9650024414063,8.802616781156681,40.868457437100986,-19.1749267578125,-14.2999267578125,1454.824951171875
2018-03-23,1401.0,1417.050048828125,1399.0250244140625,1409.074951171875,3654122,1479.0025024414062,1488.6755102539062,-0.0046621558116133,0.0155586197708533,1415.675048828125,1428.375,1432.425048828125,1412.8499755859375,1517.050048828125,1420.210009765625,1436.1674926757812,9.780258654670591,33.97704683783631,-3.7750244140625,8.074951171875,1455.625
2018-03-26,1409.5,1413.699951171875,1390.7750244140625,1408.5,2964210,1472.5325012207031,1488.7795092773438,-0.0004080344848915,0.0153172730552894,1409.074951171875,1415.675048828125,1428.375,1415.5,1526.074951171875,1418.810009765625,1424.4099975585937,11.042576399189924,13.702025599707628,-7.0,-1.0,1455.449951171875
2018-03-27,1412.5,1431.5,1411.5250244140625,1423.8499755859375,2494574,1467.9325012207032,1489.3515087890626,0.0108981012324724,0.0154829116148097,1408.5,1409.074951171875,1415.675048828125,1432.425048828125,1443.4000244140625,1417.0949951171874,1422.4549926757813,8.8470272507567,11.977671882556264,-8.5750732421875,11.3499755859375,1478.9749755859375
2018-03-28,1417.949951171875,1437.5,1412.5,1424.574951171875,6865654,1463.102496337891,1490.0795068359375,0.0005091657115343,0.0154307937566618,1423.8499755859375,1408.5,1409.074951171875,1428.375,1443.449951171875,1416.3349853515624,1420.5674926757813,7.728239173755588,9.540911864224302,-3.800048828125,6.625,1475.1500244140625
2018-04-02,1420.0,1457.0,1420.0,1454.824951171875,1662988,1459.9674926757812,1491.7150048828123,0.0212344039708938,0.0163685231827727,1424.574951171875,1423.8499755859375,1408.5,1415.675048828125,1434.8499755859375,1424.1649658203125,1422.564990234375,18.797617567366785,13.94013060824704,39.14990234375,34.824951171875,1461.949951171875
2018-04-03,1446.050048828125,1464.949951171875,1446.050048828125,1455.625,1937290,1456.8062438964844,1492.31900390625,0.0005499278985285,0.0163657198331712,1454.824951171875,1424.574951171875,1423.8499755859375,1409.074951171875,1412.8499755859375,1433.4749755859375,1426.8424926757812,20.86890931597042,16.88048721353345,46.550048828125,9.574951171875,1468.800048828125
2018-04-04,1464.7249755859375,1467.0,1446.0,1455.449951171875,2841820,1451.9324890136718,1492.5385034179687,-0.0001202568162301,0.0153386382768896,1455.625,1454.824951171875,1424.574951171875,1408.5,1415.5,1442.8649658203126,1430.8374877929687,17.03185300861941,18.543319607935707,46.949951171875,-9.2750244140625,1507.074951171875
2018-04-05,1463.2750244140625,1481.875,1460.175048828125,1478.9749755859375,1809424,1449.8112365722657,1492.9360034179688,0.0161634032108908,0.0153563653379148,1455.449951171875,1455.625,1454.824951171875,1423.8499755859375,1432.425048828125,1453.8899658203125,1435.49248046875,19.332265091609337,24.020130750871342,55.125,15.699951171875,1569.625
2018-04-06,1477.0,1480.0,1463.2750244140625,1475.1500244140625,1129018,1447.8824890136718,1492.8460034179689,-0.0025862176406058,0.0153346251004829,1478.9749755859375,1455.449951171875,1455.625,1424.574951171875,1428.375,1464.00498046875,1440.1699829101562,11.999982241341861,26.865864554317376,50.5750732421875,-1.8499755859375,1576.6500244140625
2018-04-09,1469.8499755859375,1481.75,1457.5,1461.949951171875,1235866,1445.8812377929687,1490.921003417969,-0.0089482920541797,0.0153637014889151,1475.1500244140625,1478.9749755859375,1455.449951171875,1454.824951171875,1415.675048828125,1465.42998046875,1444.7974731445313,11.020383134102127,26.15381991935063,7.125,-7.9000244140625,1593.824951171875
2018-04-10,1462.8499755859375,1478.625,1462.8499755859375,1468.800048828125,1184532,1443.4687377929688,1489.277004394531,0.0046855897158168,0.0152028217254831,1461.949951171875,1475.1500244140625,1478.9749755859375,1455.625,1409.074951171875,1468.064990234375,1450.7699829101562,9.569465947993205,23.80363418033115,13.175048828125,5.9500732421875,1583.300048828125
2018-04-11,1475.300048828125,1512.5,1472.800048828125,1507.074951171875,3124416,1442.5187377929688,1487.6725024414063,0.0260586200104551,0.0163437825271604,1468.800048828125,1461.949951171875,1475.1500244140625,1455.449951171875,1408.5,1478.389990234375,1460.6274780273438,17.29095450601323,24.746072410235843,51.625,31.77490234375,1579.550048828125
2018-04-12,1505.0,1575.0,1503.9749755859375,1569.625,6114360,1448.8299865722656,1487.854501953125,0.0415042720864593,0.013573110146129,1507.074951171875,1468.800048828125,1461.949951171875,1478.9749755859375,1423.8499755859375,1496.5199951171876,1475.20498046875,44.37315586234032,39.319421598624764,90.6500244140625,64.625,1595.574951171875
2018-04-13,1575.0,1620.4000244140625,1566.050048828125,1576.6500244140625,8179118,1455.489990234375,1487.3990014648436,0.0044756068577287,0.0135361602073202,1569.625,1507.074951171875,1468.800048828125,1475.1500244140625,1424.574951171875,1516.8199951171875,1490.4124877929687,54.266941575879805,46.343124286799565,101.5,1.6500244140625,1701.2249755859375
2018-04-16,1558.0,1599.9749755859375,1555.375,1593.824951171875,6270274,1463.438739013672,1487.7469995117187,0.0108933032010039,0.0133738424171259,1576.6500244140625,1569.625,1507.074951171875,1461.949951171875,1454.824951171875,1543.1949951171875,1504.3124877929688,52.96329436841998,54.59419112088311,131.875,35.824951171875,1704.324951171875
2018-04-17,1593.824951171875,1597.4749755859375,1573.5999755859375,1583.300048828125,3301724,1471.9612426757812,1488.2894995117188,-0.0066035497411502,0.0127931219622221,1593.824951171875,1576.6500244140625,1569.625,1468.800048828125,1455.625,1566.0949951171874,1517.0799926757813,34.17674465637533,56.82644421458218,114.5,-10.52490234375,1692.824951171875
2018-04-18,1583.0,1596.7249755859375,1572.925048828125,1579.550048828125,2433066,1480.1637451171875,1488.4944995117187,-0.0023684708421347,0.0128962162888242,1583.300048828125,1593.824951171875,1576.6500244140625,1507.074951171875,1455.449951171875,1580.5900146484375,1529.4900024414062,8.93510531875986,55.404938944237145,72.47509765625,-3.449951171875,1735.125
2018-04-19,1589.949951171875,1608.5999755859375,1582.875,1595.574951171875,4820952,1488.321240234375,1488.8694995117187,0.0101452324069371,0.0128553321712425,1579.550048828125,1583.300048828125,1593.824951171875,1569.625,1478.9749755859375,1585.7800048828126,1541.15,8.499723693094149,55.86020489138499,25.949951171875,5.625,1769.625
2018-04-20,1625.0,1711.175048828125,1620.0,1701.2249755859375,18465662,1501.9637390136718,1491.8619995117188,0.0662143914558619,0.018525291301864,1595.574951171875,1579.550048828125,1583.300048828125,1576.6500244140625,1475.1500244140625,1610.6949951171875,1563.7574951171875,51.06217346731924,70.11124104776883,124.574951171875,76.2249755859375,1725.9749755859375
2018-04-23,1712.0,1778.949951171875,1694.7750244140625,1704.324951171875,15185910,1516.3962341308593,1495.9759985351564,0.0018222020193829,0.0181333873881903,1701.2249755859375,1595.574951171875,1579.550048828125,1593.824951171875,1461.949951171875,1632.7949951171875,1587.9949951171875,64.1663901994501,72.8469817313698,110.5,-7.675048828125,1766.050048828125
2018-04-24,1705.0,1721.574951171875,1671.25,1692.824951171875,8314336,1530.5837341308593,1500.2819970703124,-0.0067475395417362,0.0182247089098213,1704.324951171875,1701.2249755859375,1595.574951171875,1583.300048828125,1468.800048828125,1654.6999755859374,1610.3974853515624,61.69280264747519,66.26823732620254,109.52490234375,-12.175048828125,1749.875
2018-04-25,1692.5,1741.5,1682.5250244140625,1735.125,8196574,1546.9149841308597,1505.2424975585936,0.024987845789278,0.0183916333402036,1692.824951171875,1704.324951171875,1701.2249755859375,1579.550048828125,1507.074951171875,1685.8149658203124,1633.202490234375,52.92439788952022,66.00003187617871,155.574951171875,42.625,1740.925048828125
2018-04-26,1733.5,1780.0,1733.5,1769.625,12135034,1564.2037353515625,1510.917998046875,0.0198832937108277,0.0185076876301164,1735.125,1692.824951171875,1704.324951171875,1595.574951171875,1569.625,1720.6249755859376,1653.202490234375,31.725956462763452,74.36624217356758,174.050048828125,36.125,1740.375
2018-04-27,1762.5,1772.0,1710.0,1725.9749755859375,4501330,1579.2737365722655,1515.7644970703125,-0.0246662566442396,0.0200563715694829,1769.625,1735.125,1692.824951171875,1701.2249755859375,1576.6500244140625,1725.5749755859374,1668.1349853515626,29.815663894623604,72.2486464863485,24.75,-36.5250244140625,1710.4749755859375
2018-04-30,1725.9749755859375,1774.5,1718.800048828125,1766.050048828125,3458558,1594.834991455078,1521.9674975585938,0.0232188031744682,0.0201205707276684,1725.9749755859375,1769.625,1735.125,1704.324951171875,1593.824951171875,1737.9199951171875,1685.3574951171875,31.545862383742662,73.08901142636252,61.72509765625,40.0750732421875,1720.5999755859375
2018-05-02,1765.25,1766.0999755859375,1735.6500244140625,1749.875,3158046,1609.5474914550782,1527.7064965820311,-0.0091588847319803,0.0204727799962511,1766.050048828125,1725.9749755859375,1769.625,1692.824951171875,1583.300048828125,1749.3300048828125,1702.014990234375,18.966966502291818,65.87032461082069,57.050048828125,-15.375,1744.6500244140625
2018-05-03,1754.9000244140625,1763.0,1735.199951171875,1740.925048828125,3761550,1623.821246337891,1533.1944970703123,-0.0051146231427244,0.0206254538352729,1749.875,1766.050048828125,1725.9749755859375,1735.125,1579.550048828125,1750.4900146484374,1718.152490234375,18.035494742832892,50.510987476485035,5.800048828125,-13.9749755859375,1725.625
2018-05-04,1746.0,1748.5,1735.0,1740.375,2347244,1636.8912475585937,1538.76599609375,-0.0003159520442854,0.0206614702040374,1740.925048828125,1749.875,1766.050048828125,1769.625,1595.574951171875,1744.6400146484375,1732.6324951171875,14.71538004443483,26.529061938955255,-29.25,-5.625,1728.4749755859375
2018-05-07,1745.0,1745.0,1705.449951171875,1710.4749755859375,3484426,1648.6574951171874,1543.5279956054687,-0.0171802194435466,0.0213160753911293,1740.375,1740.925048828125,1749.875,1725.9749755859375,1701.2249755859375,1741.5400146484376,1733.5574951171875,20.229840893752147,25.451669416803345,-15.5,-34.5250244140625,1716.7750244140625
2018-05-08,1717.3499755859375,1743.25,1698.3499755859375,1720.5999755859375,2992820,1661.5899963378906,1547.5169946289063,0.0059194084359706,0.0209634828562233,1710.4749755859375,1740.375,1740.925048828125,1766.050048828125,1704.324951171875,1732.45,1735.1849975585938,16.291005795005763,23.84429894554443,-45.4500732421875,3.25,1741.199951171875
2018-05-09,1720.0999755859375,1747.375,1720.0999755859375,1744.6500244140625,2615050,1675.3824951171875,1551.9079956054688,0.0139777107807612,0.0209801960039483,1720.5999755859375,1710.4749755859375,1740.375,1749.875,1692.824951171875,1731.4050048828126,1740.3675048828125,15.011140662693133,18.68922658073451,-5.2249755859375,24.550048828125,1746.949951171875
2018-05-10,1751.4749755859375,1755.574951171875,1720.0999755859375,1725.625,3858678,1686.3099975585938,1555.6624951171875,-0.0109047798399865,0.0210122788137596,1744.6500244140625,1720.5999755859375,1710.4749755859375,1740.925048828125,1735.125,1728.3449951171874,1739.4175048828124,14.118217813136784,19.219253380248535,-15.300048828125,-25.8499755859375,1745.9000244140625
2018-05-11,1727.0999755859375,1742.5,1721.25,1728.4749755859375,2627876,1694.2524963378903,1559.9149951171876,0.0016515613681638,0.0193953031182698,1725.625,1744.6500244140625,1720.5999755859375,1740.375,1769.625,1725.964990234375,1735.3025024414062,12.49269844856784,16.201272376912193,-11.9000244140625,1.375,1751.0250244140625
2018-05-14,1728.5,1735.5,1705.4000244140625,1716.7750244140625,2433894,1701.258746337891,1563.8269946289065,-0.006768944495658,0.0195736585826036,1728.4749755859375,1725.625,1744.6500244140625,1710.4749755859375,1725.9749755859375,1727.225,1734.3825073242188,10.733671937293286,17.02981638295943,6.300048828125,-11.7249755859375,1778.375
2018-05-15,1725.0,1747.9000244140625,1716.8499755859375,1741.199951171875,1952890,1708.6274963378903,1568.3004931640626,0.0142272146381841,0.0196455360050331,1716.7750244140625,1728.4749755859375,1725.625,1720.5999755859375,1766.050048828125,1731.3449951171874,1731.8974975585938,11.482414445260124,13.30005611808403,20.5999755859375,16.199951171875,1754.449951171875
2018-05-16,1739.9749755859375,1754.5,1737.625,1746.949951171875,1648450,1716.809991455078,1572.8624926757811,0.0033023203315221,0.019472026303735,1741.199951171875,1716.7750244140625,1728.4749755859375,1744.6500244140625,1749.875,1731.80498046875,1731.6049926757812,12.17390941964245,12.886485640141622,2.2999267578125,6.9749755859375,1747.550048828125
2018-05-17,1756.4749755859375,1766.574951171875,1738.0,1745.9000244140625,2968048,1725.127490234375,1576.7219921875,-0.0006010056310474,0.0194403021404898,1746.949951171875,1741.199951171875,1716.7750244140625,1725.625,1740.925048828125,1735.8599853515625,1732.102490234375,12.952596886904855,13.373120041875628,20.2750244140625,-10.574951171875,1801.8499755859373
2018-05-18,1740.4000244140625,1758.8499755859375,1729.0,1751.0250244140625,1874996,1732.8999938964844,1581.3144921875,0.0029354487246313,0.019410492812894,1745.9000244140625,1746.949951171875,1741.199951171875,1728.4749755859375,1740.375,1740.3699951171875,1733.1674926757812,13.64567847852608,14.483126722142696,22.550048828125,10.625,1792.9000244140625
2018-05-21,1764.3499755859375,1796.0,1759.0250244140625,1778.375,3446178,1736.7574951171875,1586.6074926757813,0.0156194087489351,0.0133364704943033,1751.0250244140625,1745.9000244140625,1746.949951171875,1716.7750244140625,1710.4749755859375,1752.689990234375,1739.9574951171876,14.77806245572211,18.121735543264407,61.5999755859375,14.0250244140625,1751.0250244140625
2018-05-22,1779.0,1787.4749755859375,1746.8499755859375,1754.449951171875,1857416,1739.2637451171877,1591.6569921875,-0.0134533204909679,0.0137950641660022,1778.375,1751.0250244140625,1745.9000244140625,1741.199951171875,1720.5999755859375,1755.339990234375,1743.3424926757812,13.31848794556502,17.2443592299934,13.25,-24.550048828125,1761.75
2018-05-23,1762.5,1772.5,1740.5,1747.550048828125,1507298,1742.0,1596.2669921875,-0.0039328008981625,0.0137202136277339,1754.449951171875,1778.375,1751.0250244140625,1746.949951171875,1744.6500244140625,1755.460009765625,1743.6324951171875,13.226364701116566,17.293107819930967,0.60009765625,-14.949951171875,1757.050048828125
2018-05-24,1755.0,1807.5,1751.175048828125,1801.8499755859373,2962316,1745.336248779297,1601.7824926757812,0.0310720295502979,0.0143185743945725,1747.550048828125,1754.449951171875,1778.375,1745.9000244140625,1725.625,1766.65,1751.2549926757813,23.09925915742965,23.980187804082778,55.94995117187477,46.84997558593727,1741.050048828125
2018-05-25,1812.5,1837.4000244140625,1786.2750244140625,1792.9000244140625,3769772,1746.5,1608.7724926757812,-0.0049670900980335,0.0137506771428212,1801.8499755859373,1747.550048828125,1754.449951171875,1751.0250244140625,1728.4749755859375,1775.025,1757.6974975585938,23.6036220163672,25.767691791358168,41.875,-19.5999755859375,1732.449951171875
2018-05-28,1808.25,1808.25,1743.0,1751.0250244140625,3716798,1747.7525024414062,1614.923994140625,-0.0233560150760135,0.0136258030760948,1792.9000244140625,1801.8499755859373,1747.550048828125,1778.375,1716.7750244140625,1769.5550048828125,1761.1224975585938,25.70844211723771,21.675209346392297,-27.3499755859375,-57.2249755859375,1744.25
2018-05-29,1764.949951171875,1772.0,1744.0,1761.75,3525312,1747.5375,1621.4619946289065,0.006124969909854,0.0126470744450285,1751.0250244140625,1792.9000244140625,1801.8499755859373,1754.449951171875,1741.199951171875,1771.0150146484375,1763.1775024414062,24.828377390665644,20.519875882201323,7.300048828125,-3.199951171875,1721.5999755859375
2018-05-30,1754.5250244140625,1766.5,1741.25,1757.050048828125,3779106,1747.8962524414062,1628.34599609375,-0.0026677741858237,0.0124831380318574,1761.75,1751.0250244140625,1792.9000244140625,1747.550048828125,1746.949951171875,1772.9150146484376,1764.1875122070312,22.870062007061435,19.870689822783863,9.5,2.5250244140625,1725.75
2018-05-31,1734.0,1759.050048828125,1726.0999755859375,1741.050048828125,5049371,1747.9025024414063,1634.8569970703124,-0.0091061720243378,0.0126052091506554,1757.050048828125,1761.75,1751.0250244140625,1801.8499755859373,1745.9000244140625,1760.755029296875,1763.7025146484375,19.56384936784727,20.418283206243846,-60.79992675781227,7.050048828125,1735.550048828125
2018-06-01,1754.0,1757.5,1716.300048828125,1732.449951171875,1603856,1747.50625,1640.8574951171877,-0.0049396039258254,0.0126551306363725,1741.050048828125,1757.050048828125,1761.75,1792.9000244140625,1751.0250244140625,1748.6650146484376,1761.8450073242188,11.916493548150063,22.444146062892518,-60.4500732421875,-21.550048828125,1747.0999755859375
2018-06-04,1745.0,1749.0,1712.5999755859375,1744.25,1681483,1749.195001220703,1647.1749951171876,0.0068111917577435,0.0120801251532218,1732.449951171875,1741.050048828125,1757.050048828125,1751.0250244140625,1778.375,1747.310009765625,1758.4325073242187,11.966137545405447,22.244972702488397,-6.7750244140625,-0.75,1749.699951171875
2018-06-05,1744.0,1751.9000244140625,1711.1500244140625,1721.5999755859375,2449568,1749.2450012207032,1653.2934936523438,-0.0129855378610076,0.0124138463852326,1744.25,1732.449951171875,1741.050048828125,1761.75,1754.449951171875,1739.2800048828126,1755.147509765625,13.255578434041563,25.1361003029406,-40.1500244140625,-22.4000244140625,1781.0
2018-06-06,1723.0,1734.9000244140625,1715.199951171875,1725.75,2236512,1748.3,1659.6269946289062,0.0024105625423525,0.0119957686615843,1721.5999755859375,1744.25,1732.449951171875,1757.050048828125,1747.550048828125,1733.0199951171876,1752.9675048828126,9.671987870470051,26.761040921433587,-31.300048828125,2.75,1824.0999755859373
2018-06-07,1725.0,1749.0,1723.800048828125,1735.550048828125,2414762,1748.7962524414063,1666.1679956054688,0.0056787187183109,0.0118086836197153,1725.75,1721.5999755859375,1744.25,1741.050048828125,1801.8499755859373,1731.9199951171875,1746.3375122070313,8.804243389493534,20.86912553498309,-5.5,10.550048828125,1787.550048828125
2018-06-08,1735.0,1757.300048828125,1735.0,1747.0999755859375,2582138,1749.7275024414062,1672.6329956054688,0.0066549084917553,0.0118903625359444,1735.550048828125,1725.75,1721.5999755859375,1732.449951171875,1792.9000244140625,1734.85,1741.7575073242188,11.149945259854176,13.091273452454466,14.6500244140625,12.0999755859375,1840.050048828125
2018-06-11,1747.0999755859375,1763.0,1743.0,1749.699951171875,2179378,1751.3737487792969,1679.1354956054688,0.0014881664600021,0.0117636010750304,1747.0999755859375,1735.550048828125,1725.75,1744.25,1751.0250244140625,1735.939990234375,1741.625,12.485048792885143,12.993386885537694,5.449951171875,2.5999755859375,1829.0
2018-06-12,1757.0,1785.0,1753.0,1781.0,4608875,1753.363751220703,1685.6589965820312,0.0178888093396594,0.0120060305848876,1749.699951171875,1747.0999755859375,1735.550048828125,1721.5999755859375,1761.75,1747.8199951171875,1743.55,20.872240256651363,17.08726515669005,59.4000244140625,24.0,1824.5
2018-06-13,1816.0,1831.6500244140625,1798.0,1824.0999755859373,5370983,1757.2212524414062,1693.02849609375,0.0241998739954729,0.0130616701592624,1781.0,1749.699951171875,1747.0999755859375,1725.75,1757.050048828125,1767.489990234375,1750.2549926757813,35.845532670107104,30.70332891022594,98.34997558593727,8.099975585937273,1822.449951171875
2018-06-14,1830.0,1832.300048828125,1784.0,1787.550048828125,3819998,1759.303753662109,1699.670498046875,-0.0200372387736432,0.0139755394152603,1824.0999755859373,1781.0,1749.699951171875,1735.550048828125,1741.050048828125,1777.889990234375,1754.9049926757812,31.54780080831667,32.61597236136084,52.0,-42.449951171875,1819.3499755859373
2018-06-15,1800.0,1847.0999755859373,1788.5999755859375,1840.050048828125,9183574,1763.7550048828125,1706.8919995117187,0.029369807035287,0.0153259036712263,1787.550048828125,1824.0999755859373,1781.0,1747.0999755859375,1732.449951171875,1796.4800048828124,1765.6650024414062,35.94773846345136,41.04454013544768,92.9500732421875,40.050048828125,1809.800048828125
2018-06-18,1867.949951171875,1867.949951171875,1822.1500244140625,1829.0,4674987,1766.2862548828125,1713.9689990234374,-0.0060052979728254,0.0151199990092429,1840.050048828125,1787.550048828125,1824.0999755859373,1749.699951171875,1744.25,1812.3400146484375,1774.1400024414063,26.364923245393477,44.716827320564676,79.300048828125,-38.949951171875,1819.25
2018-06-19,1822.1500244140625,1839.0,1821.0,1824.5,3245034,1769.7887573242188,1721.22,-0.0024603608529251,0.0147424210798902,1829.0,1840.050048828125,1787.550048828125,1781.0,1721.5999755859375,1821.0400146484376,1784.4300048828125,19.796814368276074,43.093161664573,43.5,2.3499755859375,1852.0
2018-06-20,1832.0,1836.300048828125,1818.5999755859373,1822.449951171875,3107695,1773.5337524414062,1728.292998046875,-0.0011236222680871,0.0146956066866178,1824.5,1829.0,1840.050048828125,1824.0999755859373,1725.75,1820.710009765625,1794.1,19.74674327880186,39.129798999047765,-1.6500244140622726,-9.550048828125,1858.0
2018-06-21,1832.0,1832.0,1817.5999755859373,1819.3499755859373,2910659,1774.4087524414062,1734.5384985351564,-0.0017009935356218,0.0130411117128409,1822.449951171875,1824.5,1829.0,1787.550048828125,1735.550048828125,1827.0699951171875,1802.4799926757812,8.058459773874263,33.809091873427356,31.799926757812273,-12.650024414062727,1842.699951171875
2018-06-22,1827.0,1827.0,1799.550048828125,1809.800048828125,2949458,1775.2537536621094,1739.3419995117188,-0.0052490872487227,0.0130475572888411,1819.3499755859373,1822.449951171875,1824.5,1840.050048828125,1747.0999755859375,1821.0199951171876,1808.75,7.185260019596666,27.6505962372865,-30.25,-17.199951171875,1847.75
2018-06-25,1811.9000244140625,1822.3499755859373,1806.0,1819.25,2083217,1778.6650024414062,1744.1939990234375,0.005221544323636,0.0117966132872223,1809.800048828125,1819.3499755859373,1822.449951171875,1829.0,1749.699951171875,1819.0699951171875,1815.7050048828125,5.633643381107963,18.320055963928823,-9.75,7.3499755859375,1851.3499755859373
2018-06-26,1823.0,1861.0,1821.0,1852.0,4679712,1783.1775024414062,1749.3575,0.0180019238697264,0.012304346712643,1819.25,1809.800048828125,1819.3499755859373,1824.5,1781.0,1824.5699951171875,1822.8050048828125,16.0514954095928,17.092588911681894,27.5,29.0,1874.050048828125
2018-06-27,1860.0,1885.1500244140625,1851.25,1858.0,4081208,1788.225,1754.8514990234376,0.0032397408207343,0.0122426818530627,1852.0,1819.25,1809.800048828125,1822.449951171875,1824.0999755859373,1831.6800048828125,1826.1950073242188,21.742305911144378,20.41649368085396,35.550048828125,-2.0,1866.1500244140625
2018-06-28,1865.0,1871.0,1826.300048828125,1842.699951171875,4888125,1793.3074951171875,1760.1144970703126,-0.0082346872056646,0.0121992947289981,1858.0,1852.0,1819.25,1819.3499755859373,1787.550048828125,1836.35,1831.7099975585938,20.924129534549277,15.72799383046367,23.349975585937727,-22.300048828125,1880.300048828125
2018-06-29,1844.9000244140625,1867.4000244140625,1842.300048828125,1847.75,3506276,1799.0724975585938,1765.157998046875,0.0027405703380594,0.0120592268323609,1842.699951171875,1858.0,1852.0,1809.800048828125,1840.050048828125,1843.939990234375,1832.4799926757812,14.902156900059015,16.357548063056697,37.949951171875,2.8499755859375,1912.949951171875
2018-07-02,1852.0,1857.800048828125,1841.0999755859373,1851.3499755859373,2650290,1804.4274963378907,1768.160498046875,0.0019483023060138,0.0120336065869512,1847.75,1842.699951171875,1858.0,1819.25,1829.0,1850.3599853515625,1834.714990234375,5.646408143881944,17.327364911074138,32.09997558593727,-0.6500244140627274,1883.0
2018-07-03,1859.949951171875,1879.9000244140625,1857.050048828125,1874.050048828125,3242233,1812.05,1771.555,0.0122613625416789,0.0115782693327827,1851.3499755859373,1847.75,1842.699951171875,1852.0,1824.5,1854.7699951171876,1839.6699951171875,12.132767908860645,20.815374254120627,22.050048828125,14.10009765625,1875.0999755859373
2018-07-04,1879.9000244140625,1879.9000244140625,1857.1500244140625,1866.1500244140625,2700614,1819.070001220703,1775.0215014648438,-0.0042154820886467,0.0117294332368029,1874.050048828125,1851.3499755859373,1847.75,1858.0,1822.449951171875,1856.4,1844.0400024414062,13.177668460181906,21.378105741881097,8.1500244140625,-13.75,1979.9000244140625
2018-07-05,1873.0,1887.5,1862.0999755859373,1880.300048828125,2472571,1826.3075012207032,1777.925002441406,0.0075824688417027,0.011751619492278,1866.1500244140625,1874.050048828125,1851.3499755859373,1842.699951171875,1819.3499755859373,1863.92001953125,1850.135009765625,14.101164061237384,22.2283928569338,37.60009765625,7.300048828125,1971.3499755859373
2018-07-06,1882.8499755859373,1921.0,1881.6500244140625,1912.949951171875,3713781,1834.6,1780.7915014648438,0.0173641979981327,0.0121136011877129,1880.300048828125,1866.1500244140625,1874.050048828125,1847.75,1809.800048828125,1876.960009765625,1860.45,22.845290816753156,25.169934877653333,65.199951171875,30.099975585937727,1981.0999755859373
2018-07-09,1924.0,1924.4000244140625,1876.5,1883.0,6151747,1841.2650024414063,1783.932001953125,-0.0156564217236983,0.0129258404058291,1912.949951171875,1880.300048828125,1866.1500244140625,1851.3499755859373,1819.25,1883.2900146484376,1866.825,17.80373607050303,21.360365284297444,31.650024414062727,-41.0,1989.199951171875
2018-07-10,1898.0,1898.9000244140625,1870.75,1875.0999755859373,5303302,1845.9700012207031,1786.1130004882812,-0.004195445785482,0.0125940820668668,1883.0,1912.949951171875,1880.300048828125,1874.050048828125,1852.0,1883.5,1869.1349975585938,17.673223917256188,20.821251308454244,1.0499267578122726,-22.900024414062727,2002.1500244140625
2018-07-11,1900.0,1998.0,1894.1500244140625,1979.9000244140625,22903802,1853.7600036621093,1790.7135009765625,0.0558903792825109,0.0167542163713306,1875.0999755859373,1883.0,1912.949951171875,1866.1500244140625,1858.0,1906.25,1881.325,43.7421476630867,40.22252266095009,113.75,79.9000244140625,2000.25
2018-07-12,1984.0,1990.9000244140625,1960.5,1971.3499755859373,6921701,1862.95,1795.3219995117188,-0.0043184245278523,0.0159026173180256,1979.9000244140625,1875.0999755859373,1883.0,1880.300048828125,1842.699951171875,1924.4599853515624,1894.1900024414062,48.887858798641055,46.56916113218066,91.04992675781227,-12.650024414062727,1981.4000244140625
2018-07-13,1975.0,1997.9000244140625,1974.0,1981.0999755859373,4148185,1870.0024963378903,1800.1364990234374,0.0049458493523464,0.0148366280850162,1971.3499755859373,1979.9000244140625,1875.0999755859373,1912.949951171875,1847.75,1938.089990234375,1907.525,54.0990143003283,50.7024313720565,68.15002441406227,6.099975585937273,1996.5999755859373
2018-07-16,1990.0,1996.0,1977.449951171875,1989.199951171875,2582159,1878.0124938964843,1805.710998535156,0.0040886253524596,0.014656044806697,1981.0999755859373,1971.3499755859373,1979.9000244140625,1883.0,1851.3499755859373,1959.32998046875,1921.3099975585938,47.509074265596965,52.442064993927346,106.199951171875,-0.800048828125,2005.6500244140625
2018-07-17,1989.0,2009.0,1981.0,2002.1500244140625,3315492,1886.894995117188,1811.3419995117188,0.0065101918158394,0.0145750963789958,1989.199951171875,1981.0999755859373,1971.3499755859373,1875.0999755859373,1874.050048828125,1984.739990234375,1934.1199951171875,11.607842281945468,55.18874527063152,127.05004882812523,13.1500244140625,1999.0
2018-07-18,2005.0,2011.699951171875,1993.050048828125,2000.25,2013869,1895.7849975585937,1816.4539990234373,-0.0009489920290156,0.0145714411342731,2002.1500244140625,1989.199951171875,1981.0999755859373,1979.9000244140625,1866.1500244140625,1988.8099853515625,1947.5299926757812,12.973808637871363,53.090236311105954,20.3499755859375,-4.75,1981.5
2018-07-19,2002.0999755859373,2010.449951171875,1970.0,1981.4000244140625,1746318,1903.8875,1821.5694995117187,-0.0094238098167416,0.0148514102976738,2000.25,2002.1500244140625,1989.199951171875,1971.3499755859373,1880.300048828125,1990.8199951171875,1957.639990234375,10.039095154425388,48.27278036552825,10.050048828125227,-20.699951171874773,1964.699951171875
2018-07-20,1984.9000244140625,2000.0,1984.0,1996.5999755859373,1934995,1913.227496337891,1826.9319995117187,0.0076713187567309,0.014690761432991,1981.4000244140625,2000.25,2002.1500244140625,1981.0999755859373,1912.949951171875,1993.9199951171875,1966.0049926757813,8.573405399980693,46.89622127244289,15.5,11.699951171874773,1943.75
2018-07-23,2001.0,2009.949951171875,1986.0,2005.6500244140625,2086201,1922.5474975585937,1832.7094995117188,0.0045327301105817,0.0146910805193519,1996.5999755859373,1981.4000244140625,2000.25,1989.199951171875,1883.0,1997.210009765625,1978.2699951171876,9.423466866483777,37.96328198294703,16.4500732421875,4.6500244140625,1944.5999755859373
2018-07-24,2015.0,2015.0,1984.1500244140625,1999.0,2038423,1929.8974975585936,1837.8655004882808,-0.0033156454681096,0.014468927644033,2005.6500244140625,1996.5999755859373,1981.4000244140625,2002.1500244140625,1875.0999755859373,1996.5800048828125,1990.6599975585937,9.110745039312278,11.649776238350642,-3.1500244140625,-16.0,1940.199951171875
2018-07-25,2001.9000244140625,2002.0,1968.4000244140625,1981.5,1535492,1936.0724975585936,1842.556501464844,-0.0087543771885942,0.0147446899857843,1999.0,2005.6500244140625,1996.5999755859373,2000.25,1979.9000244140625,1992.8300048828125,1990.8199951171875,10.904676563187039,11.495545604216542,-18.75,-20.4000244140625,1976.5
2018-07-26,1974.949951171875,1985.0,1955.0999755859373,1964.699951171875,3503036,1942.1724975585937,1846.9325,-0.0084784500772773,0.0147548443462694,1981.5,1999.0,2005.6500244140625,1981.4000244140625,1971.3499755859373,1989.489990234375,1990.1549926757812,16.435669006738202,12.858550425191112,-16.7000732421875,-10.25,1948.4000244140625
2018-07-27,1960.8499755859373,1964.6500244140625,1940.300048828125,1943.75,2033977,1946.9724975585937,1850.7869995117187,-0.0106631809907559,0.0150829016343415,1964.699951171875,1981.5,1999.0,1996.5999755859373,1981.0999755859373,1978.9199951171875,1986.4199951171875,25.31548781798738,19.493613810253265,-52.84997558593727,-17.099975585937273,1979.449951171875
2018-07-30,1943.0,1954.699951171875,1931.550048828125,1944.5999755859373,1579251,1951.6349975585936,1854.111499023437,0.0004372864750803,0.015090337902986,1943.75,1964.699951171875,1981.5,2005.6500244140625,1989.199951171875,1966.7099853515624,1981.9599975585934,23.882228098949295,23.481148254507232,-61.05004882812523,1.5999755859372726,1975.550048828125
2018-07-31,1942.0,1947.0,1928.0,1940.199951171875,2204803,1954.9424926757813,1857.8264990234372,-0.0022626887119735,0.0149479940342829,1944.5999755859373,1943.75,1964.699951171875,1999.0,2002.1500244140625,1954.9499755859374,1975.7649902343746,17.678312940258763,25.63583005282652,-58.800048828125,-1.800048828125,1967.3499755859373
2018-08-01,1949.949951171875,1981.550048828125,1949.800048828125,1976.5,2425180,1960.459991455078,1862.405498046875,0.0187094370382805,0.0153332491527199,1940.199951171875,1944.5999755859373,1943.75,1981.5,2000.25,1953.9499755859374,1973.3899902343746,15.847639804670099,24.173861753301303,-5.0,26.550048828125,1974.0
2018-08-02,1980.0,1985.0,1945.0,1948.4000244140625,1509287,1963.864990234375,1865.3364990234372,-0.0142170379893434,0.0157582181295879,1976.5,1940.199951171875,1944.5999755859373,1964.699951171875,1981.4000244140625,1950.689990234375,1970.0899902343747,14.719826849900354,25.18998494276432,-16.2999267578125,-31.5999755859375,1974.3499755859373
2018-08-03,1956.5,1982.050048828125,1956.5,1979.449951171875,1505131,1967.189990234375,1869.0674975585937,0.0159361149500858,0.0156875149898168,1948.4000244140625,1976.5,1940.199951171875,1943.75,1996.5999755859373,1957.82998046875,1968.3749877929688,18.646499644052803,23.72583047234356,35.699951171875,22.949951171875,1993.0999755859373
2018-08-06,1997.0,1998.949951171875,1972.25,1975.550048828125,1532249,1971.8174926757813,1873.557998046875,-0.0019701949733264,0.0151749782414929,1979.449951171875,1948.4000244140625,1976.5,1944.5999755859373,2005.6500244140625,1964.0199951171876,1965.364990234375,18.2903949015936,20.104415151206375,30.950073242187727,-21.449951171875,2000.1500244140625
2018-08-07,1978.199951171875,1979.1500244140625,1960.5,1967.3499755859373,1353521,1976.4299926757808,1877.6699975585936,-0.0041507798028462,0.0151739429184397,1975.550048828125,1979.449951171875,1948.4000244140625,1940.199951171875,1999.0,1969.45,1962.1999877929688,12.593884367558754,16.364397186574728,27.150024414062273,-10.849975585937727,2003.550048828125
2018-08-08,1972.0,1978.300048828125,1962.0,1974.0,1315062,1976.134991455078,1882.0089965820312,0.0033801939139386,0.0085478377113501,1967.3499755859373,1975.550048828125,1979.449951171875,1976.5,1981.5,1968.95,1961.4499877929688,12.289972476105909,15.532282777114858,-2.5,2.0,2008.5
2018-08-09,1980.0,1980.800048828125,1966.0,1974.3499755859373,2060297,1976.2849914550784,1886.674995117188,0.000177292596726,0.0084903892215714,1974.0,1967.3499755859373,1975.550048828125,1948.4000244140625,1964.699951171875,1974.139990234375,1962.414990234375,4.368979870499415,16.047849978491755,25.949951171874773,-5.650024414062727,2012.75
2018-08-10,1980.949951171875,1996.5,1972.050048828125,1993.0999755859373,2784105,1976.884991455078,1891.8879956054689,0.0094967965314434,0.0086855495854315,1974.3499755859373,1974.0,1967.3499755859373,1979.449951171875,1943.75,1976.8699951171875,1967.3499877929687,9.622534314151633,17.215773958567578,13.650024414062273,12.150024414062273,2009.949951171875
2018-08-13,1997.800048828125,2004.25,1990.0,2000.1500244140625,3559575,1977.4324951171875,1897.00599609375,0.0035372278934742,0.0086738840993054,1993.0999755859373,1974.3499755859373,1974.0,1975.550048828125,1944.5999755859373,1981.789990234375,1972.9049926757812,14.049541029867468,18.00353178739151,24.5999755859375,2.3499755859375,2017.6500244140625
2018-08-14,1992.0,2024.5999755859373,1982.4000244140625,2003.550048828125,3311765,1977.5024963378903,1902.6449975585936,0.0016998846949285,0.0085588462748461,2000.1500244140625,1993.0999755859373,1974.3499755859373,1967.3499755859373,1940.199951171875,1989.0300048828126,1979.2400024414062,14.075292883348114,16.279914860816007,36.20007324218773,11.550048828125,2035.0999755859373
2018-08-16,2000.300048828125,2020.050048828125,1995.0,2008.5,2152065,1977.914996337891,1908.2999975585935,0.0024705902279658,0.0085715726732698,2003.550048828125,2000.1500244140625,1993.0999755859373,1974.0,1976.5,1995.9300048828125,1982.4400024414062,13.300236295777518,18.653449173540256,34.5,8.199951171875,2043.0
2018-08-17,2013.8499755859373,2021.9000244140625,2004.0,2012.75,1213731,1979.4824951171877,1913.8439965820312,0.0021160069703758,0.0082698642901703,2008.5,2003.550048828125,2000.1500244140625,1974.3499755859373,1948.4000244140625,2003.610009765625,1988.875,7.581018044797544,16.591311001502675,38.40002441406273,-1.0999755859372726,2050.89990234375
2018-08-20,2024.0,2024.0,2003.699951171875,2009.949951171875,1587032,1980.1499938964844,1919.10099609375,-0.0013911557958639,0.0081215167336323,2012.75,2008.5,2003.550048828125,1993.0999755859373,1979.449951171875,2006.9800048828124,1991.925,5.0704299992536574,17.447513124993932,16.849975585937727,-14.050048828125,2069.199951171875
2018-08-21,2010.1500244140625,2024.0,2004.0,2017.6500244140625,1376866,1980.7499938964845,1924.4599975585936,0.0038309776010581,0.00810405795834,2009.949951171875,2012.75,2008.5,2000.1500244140625,1975.550048828125,2010.4800048828124,1996.1349975585938,5.215067715358003,18.123460820502295,17.5,7.5,2072.0
2018-08-23,2022.800048828125,2038.0,2020.300048828125,2035.0999755859373,3046791,1982.5549926757808,1929.5419970703124,0.0086486511341046,0.0082608950685817,2017.6500244140625,2009.949951171875,2012.75,2003.550048828125,1967.3499755859373,2016.789990234375,2002.9099975585937,10.81465228198804,18.817321399047092,31.549926757812273,12.299926757812273,2082.39990234375
2018-08-24,2035.0999755859373,2046.0,2031.0,2043.0,1570533,1985.6299926757813,1933.9199975585936,0.0038818851696895,0.00795913235945,2035.0999755859373,2017.6500244140625,2009.949951171875,2008.5,1974.0,2023.689990234375,2009.8099975585938,14.560369927901565,19.66989973038078,34.5,7.900024414062727,2078.39990234375
2018-08-27,2043.0,2059.0,2035.0,2050.89990234375,1532702,1989.939990234375,1939.1869946289064,0.0038668146567548,0.0076107692492289,2043.0,2035.0999755859373,2017.6500244140625,2012.75,1974.3499755859373,2031.319970703125,2017.464990234375,17.158310017696397,19.227071733244813,38.14990234375,7.89990234375,2052.89990234375
2018-08-28,2055.0,2072.0,2052.0,2069.199951171875,1987983,1996.212487792969,1943.7699926757807,0.0089229361253622,0.007115662795648,2050.89990234375,2043.0,2035.0999755859373,2009.949951171875,1993.0999755859373,2043.169970703125,2025.0749877929688,19.06392598732222,23.168115549142577,59.25,14.199951171875,2098.89990234375
2018-08-29,2072.5,2076.60009765625,2045.5999755859373,2072.0,1525867,2002.582489013672,1948.6299926757813,0.0013532036024548,0.0071001748976002,2069.199951171875,2050.89990234375,2043.0,2017.6500244140625,2000.1500244140625,2054.0399658203123,2032.2599853515626,16.146609997334085,25.59365215331881,54.3499755859375,-0.5,2079.25
2018-08-30,2068.0,2085.0,2065.5,2082.39990234375,2408020,2009.6924865722656,1953.7879907226563,0.0050192578879102,0.0069910779737034,2072.0,2069.199951171875,2050.89990234375,2035.0999755859373,2003.550048828125,2063.499951171875,2040.144970703125,16.13194201654225,27.815535538746584,47.29992675781273,14.39990234375,2075.300048828125
2018-08-31,2082.300048828125,2092.0,2074.0,2078.39990234375,2504554,2014.7874816894528,1958.9069897460936,-0.0019208606356051,0.0061048980935212,2082.39990234375,2072.0,2069.199951171875,2043.0,2008.5,2070.579931640625,2047.1349609375,12.166430686379552,27.76242893837686,35.39990234375,-3.900146484375,2079.85009765625
2018-09-03,2084.800048828125,2090.0,2048.39990234375,2052.89990234375,1439711,2020.0124755859372,1963.57798828125,-0.0122690536942599,0.0058330623282172,2078.39990234375,2082.39990234375,2072.0,2050.89990234375,2012.75,2070.979931640625,2051.149951171875,11.364066453061751,25.00328798366878,2.0,-31.900146484375,2080.75
2018-09-04,2059.800048828125,2104.75,2056.949951171875,2098.89990234375,4420803,2025.9849731445315,1969.3599853515625,0.0224073272873572,0.0067216879796752,2052.89990234375,2078.39990234375,2082.39990234375,2069.199951171875,2009.949951171875,2076.919921875,2060.0449462890624,16.707087111988496,24.53543502210778,29.699951171875,39.099853515625,2046.25
2018-09-05,2100.0,2107.25,2075.050048828125,2079.25,1681106,2031.169970703125,1974.5599853515623,-0.0093620006946533,0.0071934359439499,2098.89990234375,2052.89990234375,2078.39990234375,2072.0,2017.6500244140625,2078.369921875,2066.204943847656,16.486495775958492,20.02758412664956,7.25,-20.75,2043.949951171875
2018-09-06,2075.0,2081.5,2060.300048828125,2075.300048828125,2238097,2036.5674743652344,1979.025986328125,-0.0018996999744499,0.007099480739116,2079.25,2098.89990234375,2052.89990234375,2082.39990234375,2035.0999755859373,2076.949951171875,2070.224951171875,16.357872461291723,16.877119385347815,-7.099853515625,0.300048828125,2065.39990234375
2018-09-07,2079.300048828125,2084.0,2065.39990234375,2079.85009765625,1312182,2041.8599792480468,1983.46298828125,0.0021924775796609,0.007098444176328,2075.300048828125,2079.25,2098.89990234375,2078.39990234375,2043.0,2077.239990234375,2073.9099609375,16.402803447739323,14.060136468171995,1.4501953125,0.550048828125,2074.14990234375
2018-09-10,2084.39990234375,2093.39990234375,2074.25,2080.75,1530539,2047.17998046875,1988.2239892578125,0.0004326765398929,0.0070940112637145,2079.85009765625,2075.300048828125,2079.25,2052.89990234375,2050.89990234375,2082.810009765625,2076.894970703125,9.232585579343109,11.582589627983339,27.85009765625,-3.64990234375,2070.75
2018-09-11,2089.0,2089.0,2042.199951171875,2046.25,3679745,2049.837481689453,1992.1939892578123,-0.0165805598942688,0.0080954757352888,2080.75,2079.85009765625,2075.300048828125,2098.89990234375,2069.199951171875,2072.280029296875,2074.5999755859375,14.699572897241708,15.035655106528962,-52.64990234375,-42.75,2077.89990234375
2018-09-12,2052.35009765625,2068.89990234375,2040.0,2043.949951171875,2307661,2052.027478027344,1996.0459887695315,-0.0011240311927306,0.0080962242071331,2046.25,2080.75,2079.85009765625,2079.25,2072.0,2065.22001953125,2071.794970703125,18.50070214179632,17.915300474894025,-35.300048828125,-8.400146484375,2103.14990234375
2018-09-14,2044.0,2071.550048828125,2018.1500244140625,2065.39990234375,3642038,2055.119970703125,1999.872985839844,0.0104943622320972,0.008364069127378,2043.949951171875,2046.25,2080.75,2075.300048828125,2082.39990234375,2063.239990234375,2070.094970703125,17.66300304362075,17.600991904405245,-9.900146484375,21.39990234375,2198.449951171875
2018-09-17,2070.0,2077.800048828125,2054.550048828125,2074.14990234375,1033857,2058.4024658203125,2004.0329833984372,0.0042364677126549,0.0083835466767264,2065.39990234375,2043.949951171875,2046.25,2079.85009765625,2078.39990234375,2062.099951171875,2069.669970703125,16.466319977637333,17.428643649735385,-5.7001953125,4.14990234375,2183.199951171875
2018-09-18,2073.0,2078.800048828125,2057.60009765625,2070.75,1456507,2061.3024658203126,2007.841982421875,-0.0016391787015529,0.0084143846506796,2074.14990234375,2065.39990234375,2043.949951171875,2080.75,2052.89990234375,2060.099951171875,2071.45498046875,14.067318488799263,16.404224547676495,-10.0,-2.25,2142.14990234375
2018-09-19,2071.89990234375,2089.0,2066.85009765625,2077.89990234375,1301268,2064.6999633789064,2011.1409814453125,0.0034528080858384,0.008397846548067,2070.75,2074.14990234375,2065.39990234375,2046.25,2098.89990234375,2066.429931640625,2069.35498046875,13.381252262449905,13.605964902470788,31.64990234375,6.0,2188.85009765625
2018-09-21,2077.0,2121.0,2050.14990234375,2103.14990234375,4508530,2068.974957275391,2015.5439794921876,0.0121516921828233,0.0087094443843688,2077.89990234375,2070.75,2074.14990234375,2043.949951171875,2079.25,2078.269921875,2071.744970703125,14.648477150012775,17.16962863817246,59.199951171875,26.14990234375,2183.699951171875
2018-09-24,2115.0,2210.5,2098.14990234375,2198.449951171875,3032226,2077.1424560546875,2022.0109790039064,0.0453130082272892,0.0129726985666812,2103.14990234375,2077.89990234375,2070.75,2065.39990234375,2075.300048828125,2104.879931640625,2084.0599609375,53.841086708218235,43.688402959720456,133.050048828125,83.449951171875,2255.550048828125
2018-09-25,2204.89990234375,2211.89990234375,2153.800048828125,2183.199951171875,2868778,2084.152453613281,2026.0769775390625,-0.0069367055601474,0.0131991120935223,2198.449951171875,2103.14990234375,2077.89990234375,2074.14990234375,2079.85009765625,2126.68994140625,2094.3949462890623,60.014078766137864,53.66665059129449,109.050048828125,-21.699951171875,2162.85009765625
2018-09-26,2187.0,2199.0,2135.10009765625,2142.14990234375,1970951,2088.714953613281,2029.4929760742189,-0.0188026977584396,0.0141000423158201,2183.199951171875,2198.449951171875,2103.14990234375,2070.75,2080.75,2140.969921875,2100.5349365234374,51.227196725244816,55.41594329248589,71.39990234375,-44.85009765625,2064.800048828125
2018-09-27,2141.89990234375,2209.699951171875,2135.800048828125,2188.85009765625,3311802,2094.6974609375,2033.647978515625,0.021800619677178,0.0147009686946108,2142.14990234375,2183.199951171875,2198.449951171875,2077.89990234375,2046.25,2163.1599609375,2114.7949462890624,39.842180658513435,58.17366290911245,110.9501953125,46.9501953125,2102.64990234375
2018-09-28,2178.0,2190.0,2158.85009765625,2183.699951171875,2904371,2100.2824584960936,2037.537978515625,-0.0023529004977954,0.0147449956209393,2188.85009765625,2142.14990234375,2183.199951171875,2103.14990234375,2043.949951171875,2179.269970703125,2128.7699462890623,21.636886511596046,56.00937979096106,80.550048828125,5.699951171875,2077.550048828125
2018-10-01,2190.89990234375,2275.949951171875,2190.35009765625,2255.550048828125,3772208,2108.9399658203124,2042.6059790039064,0.0329029167297878,0.0162174954728642,2183.699951171875,2188.85009765625,2142.14990234375,2198.449951171875,2065.39990234375,2190.689990234375,2147.7849609375,40.839055661114955,63.83588309136854,57.10009765625,64.650146484375,2091.800048828125
2018-10-03,2250.300048828125,2255.0,2155.60009765625,2162.85009765625,3902322,2113.162475585937,2045.8579809570315,-0.0410986008579314,0.0190967065922364,2255.550048828125,2183.699951171875,2188.85009765625,2183.199951171875,2074.14990234375,2186.62001953125,2156.65498046875,42.74181060492426,58.39829121919351,-20.349853515625,-87.449951171875,2043.5999755859373
2018-10-04,2156.60009765625,2156.64990234375,2056.35009765625,2064.800048828125,4762419,2113.7574829101563,2047.5259814453125,-0.0453337237445978,0.0216699958281961,2162.85009765625,2255.550048828125,2183.699951171875,2142.14990234375,2070.75,2171.150048828125,2156.0599853515623,68.87191638616459,59.392635496862354,-77.349853515625,-91.800048828125,1979.949951171875
2018-10-05,2050.0,2120.0,2020.9000244140625,2102.64990234375,3417624,2113.9449829101563,2049.6469799804686,0.0183310018503277,0.0214714892049973,2064.800048828125,2162.85009765625,2255.550048828125,2188.85009765625,2077.89990234375,2153.910009765625,2158.5349853515627,73.93620066025096,56.20374493501457,-86.2001953125,52.64990234375,1918.300048828125
2018-10-08,2102.64990234375,2122.199951171875,2048.14990234375,2077.550048828125,2010154,2113.8599853515625,2051.08498046875,-0.0119372480828344,0.021540148969656,2102.64990234375,2064.800048828125,2162.85009765625,2183.699951171875,2103.14990234375,2132.680029296875,2155.975,78.35191405473573,59.493478425419234,-106.14990234375,-25.099853515625,1949.5
2018-10-09,2080.35009765625,2107.64990234375,2053.199951171875,2091.800048828125,1867130,2114.6849853515623,2052.9409814453124,0.0068590405357684,0.0215846298109786,2077.550048828125,2102.64990234375,2064.800048828125,2255.550048828125,2198.449951171875,2099.930029296875,2145.310009765625,37.9717274682046,60.58249517097319,-163.75,11.449951171875,1962.300048828125
2018-10-10,2100.0,2105.949951171875,2029.0,2043.5999755859373,2749573,2112.872479248047,2054.1829809570318,-0.0230423903418448,0.0222160769158867,2091.800048828125,2077.550048828125,2102.64990234375,2162.85009765625,2183.199951171875,2076.0800048828123,2131.3500122070313,23.11617384889974,66.66051352018587,-119.25012207031273,-56.40002441406273,1929.4000244140625
2018-10-11,1985.0,2013.0,1941.0,1979.949951171875,4700256,2107.8324768066404,2054.487980957031,-0.0311460291517241,0.0232343913889311,2043.5999755859373,2091.800048828125,2077.550048828125,2064.800048828125,2142.14990234375,2059.1099853515625,2115.130017089844,49.52593254313149,81.76325920569715,-84.85009765625,-5.050048828125,1913.199951171875
2018-10-12,1978.0,1978.0,1903.0,1918.300048828125,9373289,2101.434979248047,2053.978981933594,-0.0311371013733257,0.0239255472765654,1979.949951171875,2043.5999755859373,2091.800048828125,2102.64990234375,2188.85009765625,2022.2400146484374,2088.0750122070312,72.36368587017364,97.84041895893782,-184.349853515625,-59.699951171875,1903.0
2018-10-15,1940.0,1955.550048828125,1920.0,1949.5,2638151,2096.712481689453,2054.076982421875,0.016264374903673,0.0243082829237071,1918.300048828125,1979.949951171875,2043.5999755859373,2077.550048828125,2183.699951171875,1996.6300048828125,2064.6550170898436,70.5311260720902,100.40400145954929,-128.050048828125,9.5,1843.6500244140625
2018-10-16,1958.0,1971.9000244140625,1935.0,1962.300048828125,2815425,2091.557489013672,2054.518984375,0.006565811145486,0.0242170183480996,1949.5,1918.300048828125,1979.949951171875,2091.800048828125,2255.550048828125,1970.7300048828124,2035.3300170898438,46.54491808498644,78.99700537031705,-129.5,4.300048828125,1848.5
2018-10-17,1970.0,1989.0,1920.0,1929.4000244140625,2779207,2084.319995117188,2053.5769848632813,-0.0167660518755581,0.0243745435489366,1962.300048828125,1949.5,1918.300048828125,2043.5999755859373,2162.85009765625,1947.8900146484375,2011.985009765625,24.77663457722646,71.2387538479284,-114.19995117187477,-40.5999755859375,1853.0
2018-10-19,1929.0,1929.0,1870.050048828125,1913.199951171875,3428776,2076.442492675781,2052.8729833984376,-0.0083964305158061,0.0243967305628631,1929.4000244140625,1962.300048828125,1949.5,1979.949951171875,2064.800048828125,1934.5400146484376,1996.825,20.85650353016267,74.79263253787516,-66.75,-15.800048828125,1799.0999755859375
2018-10-22,1914.0,1916.0,1886.949951171875,1903.0,1778496,2067.6974975585936,2051.343984375,-0.0053313565921989,0.0243408436214245,1913.199951171875,1929.4000244140625,1962.300048828125,1918.300048828125,2102.64990234375,1931.4800048828124,1976.860009765625,24.618045684847115,69.89170452752029,-15.300048828125,-11.0,1871.0
2018-10-23,1888.0,1898.0,1837.0,1843.6500244140625,2752811,2054.7225036621094,2048.705983886719,-0.0311875856993891,0.0247432710496063,1903.0,1913.199951171875,1929.4000244140625,1949.5,2077.550048828125,1910.310009765625,1953.4700073242188,43.510729918531894,71.56903997363196,-105.8499755859375,-44.3499755859375,1894.800048828125
2018-10-24,1852.050048828125,1874.0,1811.0999755859373,1848.5,2735913,2037.225006103516,2046.328984375,0.0026306378768816,0.0217153212583353,1843.6500244140625,1903.0,1913.199951171875,1962.300048828125,2091.800048828125,1887.55,1929.1400024414063,39.05175218547612,59.68729440818452,-113.800048828125,-3.550048828125,1938.1500244140625
2018-10-25,1844.0,1876.9000244140625,1825.050048828125,1853.0,2507233,2020.7150085449216,2043.908984375,0.0024344062753582,0.0218493741150967,1848.5,1843.6500244140625,1903.0,1929.4000244140625,2043.5999755859373,1872.2699951171876,1910.0800048828125,33.072052421462516,48.44990250433778,-76.4000244140625,9.0,1935.75
2018-10-26,1853.9000244140625,1853.9000244140625,1791.0999755859375,1799.0999755859375,2285970,2003.5625122070312,2040.403984375,-0.0290879786368388,0.0222361909753294,1853.0,1848.5,1843.6500244140625,1913.199951171875,1979.949951171875,1849.45,1891.9950073242187,36.911624778971785,53.0100866874243,-114.0999755859375,-54.800048828125,1913.449951171875
2018-10-29,1808.699951171875,1877.949951171875,1784.3499755859375,1871.0,2609483,1987.670007324219,2037.9619848632813,0.0399644407702499,0.0238492296957766,1799.0999755859375,1853.0,1848.5,1903.0,1918.300048828125,1843.05,1887.2650024414063,26.65460642785042,52.510030023459656,-32.0,62.300048828125,1890.8499755859373
2018-10-30,1867.0,1909.4000244140625,1845.0,1894.800048828125,2404883,1973.2250122070316,2035.8549853515624,0.0127204964340592,0.0242565762766212,1871.0,1799.0999755859375,1853.0,1843.6500244140625,1949.5,1853.2800048828126,1881.7950073242187,35.342307155159055,47.958434334898676,51.1500244140625,27.800048828125,1932.699951171875
2018-10-31,1900.0,1943.9000244140625,1875.449951171875,1938.1500244140625,2769190,1957.355010986328,2034.5469848632813,0.0228783905788625,0.0234845057725263,1894.800048828125,1871.0,1799.0999755859375,1848.5,1962.300048828125,1871.210009765625,1879.3800048828125,51.40272632182331,43.889516199991796,89.6500244140625,38.1500244140625,1942.1500244140625
2018-11-01,1943.6500244140625,1944.3499755859373,1901.300048828125,1935.75,2769759,1946.000006103516,2033.091984863281,-0.0012383068306531,0.0221158920312098,1938.1500244140625,1894.800048828125,1871.0,1853.0,1929.4000244140625,1887.760009765625,1880.0150024414063,57.081639948967236,44.731480919215144,82.75,-7.9000244140625,1909.199951171875
2018-11-02,1934.199951171875,1954.5999755859373,1905.0,1913.449951171875,1818635,1938.4325012207032,2031.1059838867188,-0.0115201078796978,0.0200942692492703,1935.75,1938.1500244140625,1894.800048828125,1799.0999755859375,1913.199951171875,1910.6300048828125,1880.0400024414062,28.36125227518362,44.75215350671867,114.3499755859375,-20.75,1914.8499755859373
2018-11-05,1910.0,1927.3499755859373,1884.75,1890.8499755859373,1713366,1927.8425048828128,2028.723984375,-0.0118111140414708,0.0194833419982835,1913.449951171875,1935.75,1938.1500244140625,1871.0,1903.0,1914.6,1878.825,22.13227557373772,44.22132330495079,19.849975585937273,-19.150024414062727,1934.949951171875
2018-11-06,1894.0,1937.5,1891.0,1932.699951171875,1398710,1920.6,2027.0249829101565,0.0221328905657727,0.0203265748843126,1890.8499755859373,1913.449951171875,1935.75,1894.800048828125,1843.6500244140625,1922.17998046875,1887.7299926757812,20.047693974432185,45.30387697943756,37.89990234375,38.699951171875,1880.6500244140625
2018-11-07,1940.0,1949.0,1937.0,1942.1500244140625,144530,1913.117498779297,2025.1659838867188,0.0048895707978144,0.0202789186299928,1932.699951171875,1890.8499755859373,1913.449951171875,1938.1500244140625,1848.5,1922.97998046875,1897.0949951171874,20.905743746231796,45.96796740495875,4.0,2.1500244140625,1872.8499755859373
2018-11-09,1961.0,1961.949951171875,1905.0,1909.199951171875,2570479,1906.3974975585936,2022.489982910156,-0.0169657713502994,0.0200146570683462,1942.1500244140625,1932.699951171875,1890.8499755859373,1935.75,1853.0,1917.669970703125,1902.714990234375,20.21160110166623,43.33821018918659,-26.550048828125,-51.800048828125,1886.5999755859373
2018-11-12,1908.5,1946.0999755859373,1908.5,1914.8499755859373,2552008,1903.1424987792968,2019.768984375,0.0029593675668146,0.0189324368108517,1909.199951171875,1942.1500244140625,1932.699951171875,1913.449951171875,1799.0999755859375,1917.9499755859374,1914.289990234375,20.148120695962806,23.51166263912801,1.4000244140622726,6.349975585937273,1902.449951171875
2018-11-13,1915.0,1939.0,1903.0,1934.949951171875,1418432,1903.9749938964844,2017.083984375,0.0104968931468309,0.0177544808338647,1914.8499755859373,1909.199951171875,1942.1500244140625,1890.8499755859373,1871.0,1926.769970703125,1920.6849853515625,14.048262089158422,18.616108993329142,44.09997558593773,19.949951171875,1878.25
2018-11-14,1925.0,1929.9000244140625,1870.0,1880.6500244140625,2422318,1900.5324951171876,2013.256984863281,-0.0280627034952126,0.0184469580434439,1934.949951171875,1914.8499755859373,1909.199951171875,1932.699951171875,1894.800048828125,1916.3599853515625,1919.2699829101562,24.18398474791875,21.165436882428374,-52.0499267578125,-44.3499755859375,1812.0
2018-11-15,1864.0,1899.0,1857.5999755859373,1872.8499755859373,1829123,1896.059991455078,2009.065986328125,-0.0041475281029789,0.0183515976110196,1880.6500244140625,1934.949951171875,1914.8499755859373,1942.1500244140625,1938.1500244140625,1902.4999755859376,1912.7399780273438,25.529179161273877,24.50336244707036,-69.30004882812523,8.849975585937273,1812.550048828125
2018-11-16,1889.0,1899.800048828125,1870.25,1886.5999755859373,1829729,1893.9199890136715,2005.2299877929688,0.0073417519711893,0.0181328864519365,1872.8499755859373,1880.6500244140625,1934.949951171875,1909.199951171875,1935.75,1897.9799804687495,1907.8249755859374,26.04191094392137,24.303632712865813,-22.599975585937727,-2.4000244140627274,1846.0999755859373
2018-11-19,1899.0,1907.3499755859373,1864.300048828125,1902.449951171875,1740628,1893.382489013672,2002.2209887695312,0.0084013441063546,0.0181595616306264,1886.5999755859373,1872.8499755859373,1880.6500244140625,1914.8499755859373,1913.449951171875,1895.4999755859376,1906.7249755859375,24.583308789621494,24.269664660244146,-12.400024414062273,3.449951171875,1890.25
2018-11-20,1902.0,1902.0,1874.199951171875,1878.25,1190182,1892.1449890136716,1997.8079907226563,-0.0127204140939256,0.0183452713261989,1902.449951171875,1886.5999755859373,1872.8499755859373,1934.949951171875,1890.8499755859373,1884.1599853515625,1905.4649780273437,11.353859207217601,25.48219918040713,-56.699951171875,-23.75,1983.9000244140625
2018-11-21,1871.0,1871.050048828125,1798.550048828125,1812.0,3840461,1890.5624877929683,1992.4629907226563,-0.0352721948622387,0.0187237794627168,1878.25,1902.449951171875,1886.5999755859373,1880.6500244140625,1932.699951171875,1870.42998046875,1893.3949829101562,34.5246975560029,37.09026947837911,-68.6500244140625,-59.0,1960.550048828125
2018-11-22,1820.0,1847.5999755859373,1809.949951171875,1812.550048828125,3194219,1888.7649902343744,1987.207990722656,0.0003035589559188,0.0187092254875853,1812.0,1878.25,1902.449951171875,1872.8499755859373,1942.1500244140625,1858.3699951171875,1880.4349853515625,42.96752506920355,40.63444999464016,-60.29992675781227,-7.449951171875,1968.25
2018-11-26,1819.0,1860.0,1784.5,1846.0999755859373,4333177,1888.4199890136715,1982.53298828125,0.0185097933044682,0.0191951750735057,1812.550048828125,1812.0,1878.25,1886.5999755859373,1909.199951171875,1850.2699951171876,1874.1249877929688,40.03250062237487,40.57056360681229,-40.5,27.099975585937273,1982.4000244140625
2018-11-27,1854.0,1897.9000244140625,1835.3499755859373,1890.25,3344839,1892.9774902343747,1978.72298828125,0.0239152944033,0.0186197547892495,1846.0999755859373,1812.550048828125,1812.0,1902.449951171875,1914.8499755859373,1847.8300048828125,1871.664990234375,36.25013668651174,38.52086186647768,-12.199951171875,36.25,2010.8499755859373
2018-11-28,1889.0,1989.0,1882.5,1983.9000244140625,5313249,1898.6224914550776,1977.4759887695316,0.0495437240651037,0.0197210690732641,1890.25,1846.0999755859373,1812.550048828125,1878.25,1934.949951171875,1868.960009765625,1876.5599975585938,71.78714756091418,49.110778223928826,105.6500244140625,94.9000244140625,2006.75
2018-11-29,1997.0,1997.0,1942.550048828125,1960.550048828125,4035441,1901.9099914550775,1975.8079907226563,-0.0117697340080601,0.0198533126700438,1983.9000244140625,1890.25,1846.0999755859373,1812.0,1880.6500244140625,1898.67001953125,1884.55,73.04869499404573,55.88282964509293,148.550048828125,-36.449951171875,1992.699951171875
2018-11-30,1966.0,1991.0,1959.8499755859373,1968.25,5268901,1903.4149902343747,1973.8649926757807,0.003927444329451,0.019241855145473,1960.550048828125,1983.9000244140625,1890.25,1812.550048828125,1872.8499755859373,1929.810009765625,1894.0900024414063,58.992958754567205,61.52208167729693,155.699951171875,2.25,1995.199951171875
2018-12-03,1984.0,1990.0,1968.300048828125,1982.4000244140625,1610576,1905.7474914550776,1972.029995117188,0.0071891398013781,0.0192837408533857,1968.25,1960.550048828125,1983.9000244140625,1846.0999755859373,1886.5999755859373,1957.07001953125,1903.6700073242187,38.61177244934781,67.40383548940082,136.30004882812523,-1.5999755859375,1975.800048828125
2018-12-04,1983.0,2019.4000244140625,1971.0,2010.8499755859373,3270615,1910.6174926757808,1970.8319946289064,0.0143512665564478,0.0192414501511816,1982.4000244140625,1968.25,1960.550048828125,1890.25,1902.449951171875,1981.1900146484375,1914.510009765625,19.24820593940298,75.42508710149332,120.59997558593727,27.849975585937273,2000.0
2018-12-05,2006.0,2018.0,1985.0,2006.75,2501539,1916.412493896484,1969.4089965820312,-0.0020389266408313,0.018976875635883,2010.8499755859373,1982.4000244140625,1968.25,1983.9000244140625,1878.25,1985.760009765625,1927.360009765625,22.49176598740867,79.40241835712884,22.8499755859375,0.75,2016.800048828125
2018-12-06,1998.0,2017.0,1979.5999755859373,1992.699951171875,2321216,1919.412493896484,1967.1999975585936,-0.0070013947069266,0.0185565002658813,2006.75,2010.8499755859373,1982.4000244140625,1960.550048828125,1812.0,1992.189990234375,1945.4300048828125,17.531511351269856,70.26839436770611,32.14990234375,-5.300048828125,1982.5999755859373
2018-12-07,1985.050048828125,2003.9000244140625,1973.0,1995.199951171875,1680420,1922.0649902343744,1963.1349975585936,0.0012545792448732,0.0185413341512689,1992.699951171875,2006.75,2010.8499755859373,1968.25,1812.550048828125,1997.57998046875,1963.6949951171875,11.402766329150712,53.668417541874604,26.949951171875,10.14990234375,1989.75
2018-12-10,1975.0,2011.0,1960.0,1975.800048828125,2010786,1925.3949951171871,1958.9869995117188,-0.009723287298777,0.0182295871262989,1995.199951171875,1992.699951171875,2006.75,1982.4000244140625,1846.0999755859373,1996.2599853515626,1976.6650024414062,13.74149501264243,34.251397668038784,-6.5999755859375,0.800048828125,1994.300048828125
2018-12-11,1970.0,2010.0,1961.0,2000.0,2942014,1929.6524963378904,1956.144001464844,0.0122481782436578,0.018376459483329,1975.800048828125,1995.199951171875,1992.699951171875,2010.8499755859373,1890.25,1994.089990234375,1987.6400024414063,11.542207774275548,16.43467673358902,-10.849975585937273,30.0,1987.8499755859373
2018-12-12,2001.0999755859373,2022.0,1984.949951171875,2016.800048828125,2219993,1933.7450012207028,1952.7030004882813,0.0084000244140625,0.0183333877025218,2000.0,1975.800048828125,1995.199951171875,2006.75,1983.9000244140625,1996.1,1990.9300048828125,14.73228138302494,18.734896444348088,10.050048828125,15.700073242187727,1968.449951171875
2018-12-13,2024.0,2029.699951171875,1974.5,1982.5999755859373,3748429,1938.8424987792964,1948.6810009765625,-0.0169575924306725,0.0175175749336084,2016.800048828125,2000.0,1975.800048828125,1992.699951171875,1960.550048828125,1994.0800048828125,1993.1349975585938,15.956572977724832,15.835244916968913,-10.099975585937727,-41.40002441406273,1954.050048828125
2018-12-14,1983.0,1998.949951171875,1975.25,1989.75,2473761,1944.6875,1943.365,0.0036063878251333,0.0174416457204534,1982.5999755859373,2016.800048828125,2000.0,1995.199951171875,1968.25,1992.9900146484374,1995.2849975585937,16.04683110316068,13.344848940504292,-5.449951171875,6.75,1895.800048828125
2018-12-17,1999.0,2004.9000244140625,1985.0,1994.300048828125,1227921,1950.0725036621093,1939.9939990234373,0.0022867439769442,0.017414699093136,1989.75,1982.5999755859373,2016.800048828125,1975.800048828125,1982.4000244140625,1996.6900146484375,1996.475,12.920665796137508,12.576660359414875,18.5,-4.699951171875,1918.5
2018-12-18,1991.9000244140625,2002.0,1976.4000244140625,1987.8499755859373,1768742,1954.3425048828128,1938.4549975585935,-0.0032342541665071,0.0174163961710852,1994.300048828125,1989.75,1982.5999755859373,2000.0,2010.8499755859373,1994.260009765625,1994.175,13.280061063568283,11.730314929994462,-12.150024414062727,-4.050048828125227,1889.199951171875
2018-12-19,1984.800048828125,1984.800048828125,1960.050048828125,1968.449951171875,2498833,1958.8525024414064,1935.770998535156,-0.0097593000741134,0.0172937764987683,1987.8499755859373,1994.300048828125,1989.75,2016.800048828125,2006.75,1984.589990234375,1990.3449951171874,9.949867617314972,13.313989023235479,-48.35009765625,-16.35009765625,1908.949951171875
2018-12-20,1953.800048828125,1974.9000244140625,1946.0,1954.050048828125,1940277,1965.9550048828123,1933.300998535156,-0.0073153510126977,0.0150674957697752,1968.449951171875,1987.8499755859373,1994.300048828125,1982.5999755859373,1992.699951171875,1978.8800048828125,1986.4800048828124,17.041916424138186,17.504782033572404,-28.549926757812273,0.25,1896.050048828125
2018-12-21,1948.0,1950.0,1886.550048828125,1895.800048828125,3729956,1970.1175048828125,1929.3809985351563,-0.0298098812949716,0.016844249032783,1954.050048828125,1968.449951171875,1987.8499755859373,1989.75,1995.199951171875,1960.0900146484375,1976.5400146484376,39.30811398677999,33.19394097085161,-93.949951171875,-52.199951171875,1893.050048828125
2018-12-24,1905.800048828125,1938.9000244140625,1905.0,1918.5,1864116,1973.737506103516,1926.8789990234372,0.0119738108382827,0.0165761333545797,1895.800048828125,1954.050048828125,1968.449951171875,1994.300048828125,1975.800048828125,1944.9300048828125,1970.810009765625,37.38577503611278,37.9419229378455,-75.800048828125,12.699951171875,1902.800048828125
2018-12-26,1921.800048828125,1921.800048828125,1870.25,1889.199951171875,2446614,1973.6850036621092,1925.0639990234372,-0.0152723736398879,0.0161670979021819,1918.5,1895.800048828125,1954.050048828125,1987.8499755859373,2000.0,1925.2,1959.7300048828124,35.02903880458027,44.142177736332776,-98.65002441406227,-32.60009765625,1923.300048828125
2018-12-27,1909.0,1941.699951171875,1872.0999755859373,1908.949951171875,4968201,1969.9375,1924.8769970703124,0.0104541607614105,0.0115891490255747,1889.199951171875,1918.5,1895.800048828125,1968.449951171875,2016.800048828125,1913.3,1948.9449951171875,25.463650802850392,41.76022333948609,-59.5,-0.050048828125,1899.949951171875
2018-12-28,1915.0,1920.0,1893.0,1896.050048828125,2239130,1966.7125,1923.807998046875,-0.0067575906512535,0.0114164742058449,1908.949951171875,1889.199951171875,1918.5,1954.050048828125,1982.5999755859373,1901.7,1940.2900024414062,11.808729660461742,42.96170766659116,-58.0,-18.949951171875,1876.8499755859373
2018-12-31,1908.0,1909.0,1886.1500244140625,1893.050048828125,1879740,1962.9525024414063,1922.422998046875,-0.0015822367146132,0.0113420814870763,1896.050048828125,1908.949951171875,1889.199951171875,1895.800048828125,1989.75,1901.15,1930.6200073242187,12.209464732542397,41.44823911806097,-2.75,-14.949951171875,1897.9000244140625
2019-01-01,1896.0,1910.0,1885.0,1902.800048828125,1094883,1958.9725036621091,1921.8909985351563,0.0051504185037452,0.0112651422897599,1893.050048828125,1896.050048828125,1908.949951171875,1918.5,1994.300048828125,1898.010009765625,1921.4700073242188,7.88489987247968,35.501464975526964,-15.699951171875,6.800048828125,1893.550048828125
2019-01-02,1905.0,1934.449951171875,1900.0,1923.300048828125,2100463,1954.5950073242188,1922.0930004882807,0.0107735965282453,0.011017746107388,1902.800048828125,1893.050048828125,1896.050048828125,1889.199951171875,1987.8499755859373,1904.830029296875,1915.0150146484375,12.021773946889601,26.922864507726707,34.10009765625,18.300048828125,1886.949951171875
2019-01-03,1919.0,1944.949951171875,1893.0999755859373,1899.949951171875,2611668,1949.2550048828125,1922.0319995117188,-0.012140642158501,0.0112409374812721,1923.300048828125,1902.800048828125,1893.050048828125,1908.949951171875,1968.449951171875,1903.030029296875,1908.1650146484376,11.924068114222258,19.510693352911108,-9.0,-19.050048828125,1888.550048828125
2019-01-04,1900.0,1901.199951171875,1841.0,1876.8499755859373,4280862,1943.462506103516,1922.695998535156,-0.0121582021524776,0.0114034784731782,1899.949951171875,1923.300048828125,1902.800048828125,1896.050048828125,1954.050048828125,1899.1900146484375,1900.4450073242188,16.82022684175819,13.76474794924862,-19.200073242187727,-23.150024414062727,1842.550048828125
2019-01-07,1891.800048828125,1908.800048828125,1881.0,1897.9000244140625,1856423,1938.597509765625,1923.6839990234373,0.0112156267692913,0.0118061914854793,1876.8499755859373,1899.949951171875,1923.300048828125,1893.050048828125,1895.800048828125,1900.160009765625,1900.6550048828126,16.51469471354341,13.701885043848254,4.8499755859375,6.0999755859375,1813.25
2019-01-08,1905.4000244140625,1906.4000244140625,1883.300048828125,1893.550048828125,1691756,1934.485009765625,1924.495,-0.0022919940618476,0.0116808527563258,1897.9000244140625,1876.8499755859373,1899.949951171875,1902.800048828125,1918.5,1898.310009765625,1898.160009765625,16.662456626124303,12.290291684687404,-9.25,-11.8499755859375,1867.800048828125
2019-01-09,1907.4000244140625,1919.0,1866.699951171875,1886.949951171875,2414376,1928.8325073242188,1926.2519995117189,-0.0034855681054402,0.0111859434894113,1893.550048828125,1897.9000244140625,1876.8499755859373,1923.300048828125,1889.199951171875,1891.039990234375,1897.935009765625,9.365265642978734,12.491499069029778,-36.35009765625,-20.4500732421875,1870.1500244140625
2019-01-10,1890.0,1905.0,1872.0999755859373,1888.550048828125,3053461,1922.420007324219,1926.6030004882807,0.0008479809733461,0.0109104343707913,1886.949951171875,1893.550048828125,1897.9000244140625,1899.949951171875,1908.949951171875,1888.760009765625,1895.89501953125,7.931797587300036,12.15397007372043,-11.39990234375,-1.449951171875,1894.300048828125
2019-01-11,1870.0,1875.0,1835.0,1842.550048828125,9209862,1915.417510986328,1925.558000488281,-0.0243573105348962,0.011509719035982,1888.550048828125,1886.949951171875,1893.550048828125,1876.8499755859373,1896.050048828125,1881.9000244140625,1890.54501953125,22.415776990934596,20.78703592309012,-34.29992675781227,-27.449951171875,1900.6500244140625
2019-01-14,1850.0,1851.0,1810.0,1813.25,3615370,1906.592510986328,1923.06,-0.0159019011976147,0.0116926788960023,1842.550048828125,1888.550048828125,1886.949951171875,1897.9000244140625,1893.050048828125,1864.97001953125,1882.5650146484375,35.47382400383516,32.007547470126774,-84.6500244140625,-36.75,1908.699951171875
2019-01-15,1810.0,1869.3499755859373,1808.0,1867.800048828125,7711653,1900.267510986328,1921.7010009765625,0.0300841300582517,0.0139789612345923,1813.25,1842.550048828125,1888.550048828125,1893.550048828125,1902.800048828125,1859.82001953125,1879.0650146484375,31.984946650851253,31.45790037299187,-25.75,57.800048828125,1901.9000244140625
2019-01-16,1870.0,1875.0,1847.0,1870.1500244140625,2359280,1894.3825134277345,1920.8350024414065,0.0012581515818097,0.0140140644936196,1867.800048828125,1813.25,1842.550048828125,1886.949951171875,1923.300048828125,1856.4600341796875,1873.7500122070312,29.18208162242528,27.379314485723256,-16.7999267578125,0.1500244140625,1875.5999755859373
2019-01-17,1878.0,1898.0,1871.300048828125,1894.300048828125,2625816,1890.6750183105469,1920.90400390625,0.0129134155542569,0.0143476271818141,1870.1500244140625,1867.800048828125,1813.25,1888.550048828125,1899.949951171875,1857.6100341796875,1873.1850219726562,30.829615306262767,26.83140121220035,5.75,16.300048828125,1901.550048828125
2019-01-18,1881.0,1904.199951171875,1876.0,1900.6500244140625,1683728,1888.005017089844,1920.2630053710936,0.0033521487738259,0.0143308611583385,1894.300048828125,1870.1500244140625,1867.800048828125,1842.550048828125,1876.8499755859373,1869.230029296875,1875.5650268554687,34.46874267977134,28.212619439588405,58.0999755859375,19.6500244140625,1920.800048828125
2019-01-21,1902.0,1932.0,1895.449951171875,1908.699951171875,2409803,1888.6500122070315,1919.59400390625,0.0042353545652331,0.012692862159498,1900.6500244140625,1894.300048828125,1870.1500244140625,1813.25,1897.9000244140625,1888.32001953125,1876.64501953125,18.40074254408085,29.346539285846355,95.449951171875,6.699951171875,1955.0
2019-01-22,1907.0999755859373,1918.25,1890.0,1901.9000244140625,2457093,1887.8200134277345,1919.4480053710936,-0.0035625959720057,0.0124207582262266,1908.699951171875,1900.6500244140625,1894.300048828125,1867.800048828125,1893.550048828125,1895.1400146484375,1877.4800170898438,14.875609001499797,29.992660878909827,34.0999755859375,-5.199951171874773,1982.75
2019-01-23,1901.0,1906.0999755859373,1870.0,1875.5999755859373,2578169,1887.1400146484373,1918.6630053710935,-0.0138283024820022,0.0123334059685225,1901.9000244140625,1908.699951171875,1900.6500244140625,1870.1500244140625,1886.949951171875,1896.2300048828124,1876.34501953125,12.61455601435034,29.808667772485762,5.449951171874773,-25.400024414062727,1981.4000244140625
2019-01-24,1884.800048828125,1905.25,1875.0,1901.550048828125,1962927,1886.77001953125,1917.9950073242187,0.0138356118468603,0.012510339006039,1875.5999755859373,1901.9000244140625,1908.699951171875,1894.300048828125,1888.550048828125,1897.6800048828125,1877.64501953125,12.753173438048327,30.671088143310683,7.25,16.75,2014.0999755859373
2019-01-25,1902.0,1935.0,1901.0,1920.800048828125,2327080,1888.00751953125,1918.7980078125,0.0101233201891599,0.0126080230228558,1901.550048828125,1875.5999755859373,1901.9000244140625,1900.6500244140625,1842.550048828125,1901.710009765625,1885.47001953125,16.54603011452818,30.704386523414815,20.1500244140625,18.800048828125,2029.949951171875
2019-01-28,1933.0,1962.0,1925.5,1955.0,2769033,1891.105017089844,1920.4410083007813,0.0178050553428195,0.0131548091526073,1920.800048828125,1901.550048828125,1875.5999755859373,1908.699951171875,1813.25,1910.97001953125,1899.64501953125,29.399444400460833,26.02181751040536,46.300048828125,22.0,2050.25
2019-01-29,1962.0,1989.050048828125,1936.6500244140625,1982.75,2557626,1895.1025146484376,1922.3640087890624,0.0141943734015346,0.0134324127043068,1955.0,1920.800048828125,1901.550048828125,1901.9000244140625,1867.800048828125,1927.1400146484375,1911.1400146484375,42.485486929192085,34.42415394117272,80.8499755859375,20.75,2044.550048828125
2019-01-30,1979.5999755859373,1989.5,1954.6500244140625,1981.4000244140625,2429575,1898.0075134277345,1923.9430102539063,-0.0006808602122998,0.0132886004164255,1982.75,1955.0,1920.800048828125,1875.5999755859373,1870.1500244140625,1948.3000244140626,1922.2650146484375,36.29431555091386,37.540844118167946,105.80004882812523,1.8000488281252274,2074.800048828125
2019-01-31,1987.0,2019.75,1985.0,2014.0999755859373,4094319,1903.715014648437,1926.660009765625,0.0165034575395974,0.0132763894155223,1981.4000244140625,1982.75,1955.0,1901.550048828125,1894.300048828125,1970.810009765625,1934.2450073242187,34.927372931323106,45.82606401248105,112.54992675781227,27.099975585937273,2082.89990234375
2019-02-01,2009.5,2034.75,1998.0999755859373,2029.949951171875,3064163,1911.3700134277344,1931.0190087890624,0.0078695078586288,0.0128199459973355,2014.0999755859373,1981.4000244140625,1982.75,1920.800048828125,1900.6500244140625,1992.639990234375,1947.175,29.552841486773232,52.97716445169303,109.14990234375,20.449951171875,2061.39990234375
2019-02-04,2029.949951171875,2055.449951171875,2023.0,2050.25,1590764,1918.9875122070312,1935.7730078125,0.0100002706058865,0.0127868130396385,2029.949951171875,2014.0999755859373,1981.4000244140625,1955.0,1908.699951171875,2011.689990234375,1961.3300048828125,29.9212032684226,59.99972610161936,95.25,20.300048828125,2065.89990234375
2019-02-05,2050.0,2055.0,2028.0,2044.550048828125,1111404,1926.5375122070316,1939.742009277344,-0.0027801249466528,0.0127998050127276,2050.25,2029.949951171875,2014.0999755859373,1982.75,1901.9000244140625,2024.05,1975.5950073242188,27.656485808524085,61.24491305826883,61.800048828125,-5.449951171875,2051.60009765625
2019-02-06,2049.89990234375,2086.85009765625,2041.050048828125,2074.800048828125,1789812,1935.930017089844,1943.4330102539063,0.0147954314042537,0.0128954097106101,2044.550048828125,2050.25,2029.949951171875,1981.4000244140625,1875.5999755859373,2042.7300048828124,1995.5150146484375,22.756092346748744,57.38081497922082,93.4000244140625,24.900146484375,2044.5999755859373
2019-02-07,2074.75,2097.949951171875,2067.0,2082.89990234375,1339945,1945.647509765625,1945.4130078125,0.003903920052537,0.0128637428402679,2074.800048828125,2044.550048828125,2050.25,2014.0999755859373,1901.550048828125,2056.489990234375,2013.65,21.90099915347105,52.863501595053116,68.79992675781273,8.14990234375,2029.699951171875
2019-02-08,2075.0,2089.5,2051.0,2061.39990234375,1684474,1956.5900024414063,1947.4300048828125,-0.0103221474905287,0.011487845997357,2082.89990234375,2074.800048828125,2044.550048828125,2029.949951171875,1920.800048828125,2062.77998046875,2027.7099853515624,16.12861380762082,43.24742261860211,31.449951171875,-13.60009765625,1970.300048828125
2019-02-11,2060.0,2096.0,2048.89990234375,2065.89990234375,1778730,1969.2224975585937,1949.383002929688,0.002182982542535,0.0103547104870259,2061.39990234375,2082.89990234375,2074.800048828125,2050.25,1955.0,2065.9099609375,2038.7999755859375,14.528234121070904,36.170744815278326,15.64990234375,5.89990234375,1904.800048828125
2019-02-12,2070.0,2070.0,2018.0,2051.60009765625,2422903,1978.4125,1950.7670043945316,-0.0069218284348031,0.0091755148678032,2065.89990234375,2061.39990234375,2082.89990234375,2044.550048828125,1982.75,2067.319970703125,2045.6849853515625,12.071288775630585,30.410368830257777,7.050048828125,-18.39990234375,1914.75
2019-02-14,2060.050048828125,2075.0,2033.050048828125,2044.5999755859373,1724085,1987.1349975585936,1951.4420043945315,-0.0034120304821148,0.0093270664927202,2051.60009765625,2065.89990234375,2061.39990234375,2074.800048828125,1981.4000244140625,2061.2799560546873,2052.0049804687496,14.668859664446062,20.52725140493724,-30.200073242187727,-15.450073242187727,1914.199951171875
2019-02-15,2049.0,2052.0,2010.949951171875,2029.699951171875,1930065,1993.9049926757807,1951.9010034179687,-0.0072875010231731,0.0094620100870553,2044.5999755859373,2051.60009765625,2065.89990234375,2082.89990234375,2014.0999755859373,2050.6399658203127,2053.564978027344,14.357310379553272,17.728512706665637,-53.199951171875,-19.300048828125,1925.6500244140625
2019-02-18,2037.5999755859373,2041.949951171875,1962.6500244140625,1970.300048828125,2942184,1997.3874938964843,1951.4530053710937,-0.0292653612714798,0.0119680159615686,2029.699951171875,2044.5999755859373,2051.60009765625,2061.39990234375,2029.949951171875,2032.4199951171875,2047.5999877929687,37.09251545645256,31.35507990265748,-91.099853515625,-67.29992675781227,1985.1500244140625
2019-02-19,1970.0,1971.0,1892.0,1904.800048828125,4408554,1997.1924987792968,1949.6450073242188,-0.0332436676530345,0.0142875224114758,1970.300048828125,2029.699951171875,2044.5999755859373,2065.89990234375,2050.25,2000.2000244140625,2033.0549926757812,62.206777673178934,54.89130724075864,-161.099853515625,-65.199951171875,2038.699951171875
2019-02-20,1915.0,1933.800048828125,1881.300048828125,1914.75,4645778,1997.8349975585936,1948.4240063476564,0.0052236197589328,0.014307426073716,1904.800048828125,1970.300048828125,2029.699951171875,2051.60009765625,2044.550048828125,1972.8300048828125,2020.0749877929688,64.01734540590867,66.07792554913001,-136.85009765625,-0.25,2058.10009765625
2019-02-21,1914.75,1940.0,1897.050048828125,1914.199951171875,4683919,1999.7649963378904,1946.7080053710936,-0.0002872692665492,0.0139118731175033,1914.75,1904.800048828125,1970.300048828125,2044.5999755859373,2074.800048828125,1946.75,2004.0149780273437,53.10038437068967,70.65729665975718,-130.40002441406227,-0.550048828125,1983.449951171875
2019-02-22,1917.199951171875,1930.0,1905.0999755859373,1925.6500244140625,2271955,2000.9699951171876,1944.8850048828128,0.0059816495320552,0.0136420411850076,1914.199951171875,1914.75,1904.800048828125,2029.699951171875,2082.89990234375,1925.9400146484375,1988.289990234375,25.873927030455437,68.61937238686174,-104.0499267578125,8.4500732421875,1995.4000244140625
2019-02-25,1932.5,1990.0,1930.5,1985.1500244140625,2934880,2004.1874938964845,1944.936005859375,0.0308986572043923,0.0151080048383804,1925.6500244140625,1914.199951171875,1914.75,1970.300048828125,2061.39990234375,1928.910009765625,1980.6650024414062,32.29453773067174,63.6491774837179,14.8499755859375,52.6500244140625,1988.0999755859373
2019-02-26,1984.0,2045.1500244140625,1972.25,2038.699951171875,6453309,2008.372491455078,1945.9150048828128,0.0269752543128916,0.0157463168741421,1985.1500244140625,1925.6500244140625,1914.199951171875,1904.800048828125,2065.89990234375,1955.689990234375,1977.9450073242188,54.90549361629968,60.08331579065376,133.89990234375,54.699951171875,1999.5999755859373
2019-02-27,2040.0,2074.949951171875,2022.0,2058.10009765625,4732082,2012.1399963378904,1947.191005859375,0.0095159400348361,0.0155930156664098,2038.699951171875,1985.1500244140625,1925.6500244140625,1914.75,2051.60009765625,1984.360009765625,1978.5950073242188,64.73088543955693,60.99688944884466,143.35009765625,18.10009765625,2013.300048828125
2019-02-28,2060.0,2071.35009765625,1977.5999755859373,1983.449951171875,8454295,2012.2424926757808,1947.1030053710936,-0.0362713876596119,0.0177891634806274,2058.10009765625,2038.699951171875,1985.1500244140625,1914.199951171875,2044.5999755859373,1998.210009765625,1972.4800048828124,52.152737233825626,56.54748918471657,69.25,-76.550048828125,2022.699951171875
2019-03-01,1995.050048828125,2005.0,1980.3499755859373,1995.4000244140625,4148548,2011.3074951171875,1947.6420068359373,0.0060248927557395,0.0174345863992212,1983.449951171875,2058.10009765625,2038.699951171875,1925.6500244140625,2029.699951171875,2012.160009765625,1969.0500122070312,34.09385592514776,53.65747679317537,69.75,0.3499755859375,2014.800048828125
2019-03-05,2005.0,2007.0,1976.5999755859373,1988.0999755859373,2449622,2009.2149963378904,1948.3230053710936,-0.0036584387785947,0.0173398561086862,1995.4000244140625,1983.449951171875,2058.10009765625,1985.1500244140625,1970.300048828125,2012.75,1970.8300048828125,33.530469505480255,53.997714062949576,2.9499511718747726,-16.900024414062727,2012.449951171875
2019-03-06,1989.300048828125,2015.0,1985.050048828125,1999.5999755859373,2635047,2006.6824951171875,1950.39900390625,0.0057844173538661,0.0172256551906269,1988.0999755859373,1995.4000244140625,1983.449951171875,2038.699951171875,1904.800048828125,2004.9300048828125,1980.3099975585938,30.37651683099667,49.22830218319802,-39.09997558593773,10.299926757812273,2000.5
2019-03-07,2005.0,2024.050048828125,2000.199951171875,2013.300048828125,2539884,2005.1199951171875,1952.2950048828125,0.0068514069861265,0.0173108749776623,1999.5999755859373,1988.0999755859373,1995.4000244140625,2058.10009765625,1914.75,1995.9699951171874,1990.1650024414062,11.53820928746404,44.25914922745473,-44.800048828125,8.300048828125,1987.4000244140625
2019-03-08,2025.0,2033.0,2010.050048828125,2022.699951171875,2031071,2002.514990234375,1954.9650048828123,0.0046689028539095,0.0169810079250786,2013.300048828125,1999.5999755859373,1988.0999755859373,1983.449951171875,1914.199951171875,2003.8199951171875,2001.0150024414063,13.983451331290672,36.11780030147401,39.25,-2.300048828125,2039.949951171875
2019-03-11,2028.9000244140625,2033.0,2003.6500244140625,2014.800048828125,3111689,1999.1099975585937,1957.0820068359376,-0.0039056224523924,0.0169488502444642,2022.699951171875,2013.300048828125,1999.5999755859373,1995.4000244140625,1925.6500244140625,2007.7,2009.9300048828125,13.75264636296112,24.621206742412067,19.4000244140625,-14.0999755859375,2022.800048828125
2019-03-12,2014.050048828125,2024.800048828125,2003.0,2012.449951171875,2658550,1996.6625,1959.4100048828125,-0.0011664173115425,0.0168218602260285,2014.800048828125,2022.699951171875,2013.300048828125,1988.0999755859373,1985.1500244140625,2012.5699951171875,2012.6599975585937,8.312008554418266,23.030435153517182,24.349975585937727,-1.60009765625,2022.800048828125
2019-03-13,2013.0,2015.9000244140625,1978.5999755859373,2000.5,1833163,1993.3925048828123,1961.55900390625,-0.0059380116086447,0.0168373244350233,2012.449951171875,2014.800048828125,2022.699951171875,1999.5999755859373,2038.699951171875,2012.75,2008.8400024414063,7.963342758126591,21.337164290747467,0.9000244140627274,-12.5,2015.050048828125
2019-03-14,2004.949951171875,2007.800048828125,1981.0,1987.4000244140625,1905495,1990.1825012207032,1963.2510034179688,-0.0065483507052924,0.0168311675981494,2000.5,2012.449951171875,2014.800048828125,2013.300048828125,2058.10009765625,2007.5699951171875,2001.7699951171876,13.800505127513519,13.46079435218257,-25.9000244140625,-17.5499267578125,2005.6500244140625
2019-03-15,1998.9000244140625,2068.949951171875,1991.0,2039.949951171875,5184318,1989.95,1965.584001464844,0.0264415447882997,0.0179358210302762,1987.4000244140625,2000.5,2012.449951171875,2022.699951171875,1983.449951171875,2011.0199951171876,2007.4199951171875,19.505443156878275,16.44383334433135,17.25,41.0499267578125,1984.25
2019-03-18,2043.0,2064.60009765625,2011.0,2022.800048828125,2349915,1989.6050048828124,1968.0410034179688,-0.0084070211300517,0.0179616205314351,2039.949951171875,1987.4000244140625,2000.5,2014.800048828125,1995.4000244140625,2012.6199951171875,2010.1599975585937,20.208476627147366,16.501135038951563,8.0,-20.199951171875,1982.6500244140625
2019-03-19,2030.0,2030.0,1995.0999755859373,2022.800048828125,2373993,1992.2300048828124,1970.9600048828124,0.0,0.016593346610624,2022.800048828125,2039.949951171875,1987.4000244140625,2012.449951171875,1988.0999755859373,2014.6900146484375,2013.6300048828125,20.71056363715933,14.919427813441118,10.35009765625,-7.199951171875,1967.9000244140625
2019-03-20,2028.0,2044.800048828125,2000.0,2015.050048828125,3091165,1997.7425048828125,1973.3030053710936,-0.0038313228262426,0.0145323732261037,2022.800048828125,2022.800048828125,2039.949951171875,2000.5,1999.5999755859373,2017.6000244140625,2015.1750122070312,19.184252066361758,14.081541357160654,14.550048828125,-12.949951171875,2000.300048828125
2019-03-22,2015.0,2016.0,1983.300048828125,2005.6500244140625,3148149,2002.287506103516,1975.5450048828125,-0.0046649086555091,0.0146177533727051,2015.050048828125,2022.800048828125,2022.800048828125,1987.4000244140625,2013.300048828125,2021.2500244140624,2014.410009765625,12.612415603115423,14.398942400866506,18.25,-9.3499755859375,2031.6500244140625
2019-03-25,2007.800048828125,2007.800048828125,1977.199951171875,1984.25,2429205,2005.7900085449216,1977.491005859375,-0.0106698696948956,0.0149007018249391,2005.6500244140625,2015.050048828125,2022.800048828125,2039.949951171875,2022.699951171875,2010.1100341796875,2010.5650146484375,16.086560719795063,16.862282257561045,-55.699951171875,-23.550048828125,2079.300048828125
2019-03-26,1984.0,1994.949951171875,1958.050048828125,1982.6500244140625,2316539,2008.6400085449216,1979.3730053710935,-0.0008063377023749,0.0148802290967771,1984.25,2005.6500244140625,2015.050048828125,2022.800048828125,2014.800048828125,2002.080029296875,2007.3500122070313,18.06737747728821,18.906136054797575,-40.1500244140625,-1.3499755859375,2079.300048828125
2019-03-27,1994.0,1998.0,1961.0,1967.9000244140625,2266166,2007.7775085449216,1981.8800048828125,-0.0074395379004719,0.0132865285136866,1982.6500244140625,1984.25,2005.6500244140625,2022.800048828125,2012.449951171875,1991.1000244140625,2002.89501953125,18.985991572130356,22.48159836822196,-54.9000244140625,-26.0999755859375,2014.5
2019-03-28,1980.0,2014.5999755859373,1972.800048828125,2000.300048828125,4054489,2005.8575134277344,1985.621005859375,0.0164642634341698,0.0123215337477499,1967.9000244140625,1982.6500244140625,1984.25,2015.050048828125,2000.5,1988.1500244140625,2002.8750244140624,15.078094903643871,22.48405396190884,-14.75,20.300048828125,2048.300048828125
2019-04-01,2010.0,2039.949951171875,2008.25,2031.6500244140625,2095740,2004.535009765625,1988.8980053710936,0.0156726365148587,0.0126669388735414,2000.300048828125,1967.9000244140625,1982.6500244140625,2005.6500244140625,1987.4000244140625,1993.3500244140625,2007.3000244140626,24.29092311797343,23.43433590329971,26.0,21.6500244140625,2070.75
2019-04-02,2037.0999755859373,2086.0,2037.0,2079.300048828125,3719663,2009.3275146484373,1993.081005859375,0.0234538546705675,0.0106937555448303,2031.6500244140625,2000.300048828125,1967.9000244140625,1984.25,2039.949951171875,2012.3600341796875,2011.2350341796875,44.32236929499842,31.456593855373757,95.050048828125,42.20007324218773,2091.5
2019-04-03,2085.0,2089.60009765625,2058.10009765625,2079.300048828125,2939886,2013.5225158691403,1996.781005859375,0.0,0.0106715889196552,2079.300048828125,2031.6500244140625,2000.300048828125,1982.6500244140625,2022.800048828125,2031.6900390625,2016.8850341796874,48.95897547105297,38.130663263326404,96.6500244140625,-5.699951171875,2040.25
2019-04-04,2078.14990234375,2079.699951171875,2007.4000244140625,2014.5,4397518,2014.842517089844,1999.0580053710937,-0.0311643569020477,0.0129779790870138,2079.300048828125,2079.300048828125,2031.6500244140625,1967.9000244140625,2022.800048828125,2041.0100341796874,2016.055029296875,36.6740543364826,38.07790148980093,46.5999755859375,-63.64990234375,2019.5
2019-04-05,2028.6500244140625,2054.39990234375,2018.800048828125,2048.300048828125,3152103,2017.277520751953,2001.8500073242187,0.0167783811507198,0.0134279289550881,2014.5,2079.300048828125,2079.300048828125,2000.300048828125,2015.050048828125,2050.6100341796873,2019.380029296875,28.78795951500881,39.40884599741377,48.0,19.6500244140625,2014.5
2019-04-08,2059.0,2075.0,2032.699951171875,2070.75,2194294,2020.1500183105468,2005.2270068359376,0.0109602844489111,0.0135483960561883,2048.300048828125,2014.5,2079.300048828125,2031.6500244140625,2005.6500244140625,2058.430029296875,2025.8900268554687,27.637660388126772,42.169070365559506,39.0999755859375,11.75,2113.300048828125
2019-04-09,2070.0,2098.0,2057.64990234375,2091.5,2690970,2023.590020751953,2009.545007324219,0.010020523964747,0.0136667125301808,2070.75,2048.300048828125,2014.5,2079.300048828125,1984.25,2060.87001953125,2036.6150268554688,30.346575475122787,44.00075119177098,12.199951171875,21.5,2131.800048828125
2019-04-10,2083.0,2085.5,2036.0,2040.25,3313062,2024.8625183105469,2012.3190063476563,-0.0245039445374133,0.0148419480159777,2091.5,2070.75,2048.300048828125,2079.300048828125,1982.6500244140625,2053.060009765625,2042.3750244140624,29.42871274435465,39.712593540576684,-39.050048828125,-42.75,2150.050048828125
2019-04-11,2045.0,2055.0,2013.6500244140625,2019.5,3422442,2025.215020751953,2014.2930053710936,-0.0101703222644283,0.0150378441868523,2040.25,2091.5,2070.75,2014.5,1967.9000244140625,2054.060009765625,2047.5350219726563,27.83251891898538,31.454192690620864,5.0,-25.5,2161.449951171875
2019-04-12,2038.0,2039.0,2007.0,2014.5,3198471,2025.915020751953,2015.4830053710937,-0.0024758603614756,0.0149822943299779,2019.5,2040.25,2091.5,2048.300048828125,2000.300048828125,2047.3,2048.9550170898438,33.173502226931085,29.3339058046586,-33.800048828125,-23.5,2155.050048828125
2019-04-15,2070.0,2119.800048828125,2041.0,2113.300048828125,9189201,2032.210021972656,2018.094006347656,0.049044452136076,0.0183850912050932,2014.5,2019.5,2040.25,2070.75,2031.6500244140625,2055.810009765625,2057.12001953125,44.288620474848024,34.83046233307053,42.550048828125,43.300048828125,2183.449951171875
2019-04-16,2120.0,2155.949951171875,2115.550048828125,2131.800048828125,5771952,2036.8025268554688,2021.1020068359376,0.0087540810923931,0.0176195145399534,2113.300048828125,2014.5,2019.5,2091.5,2079.300048828125,2063.87001953125,2062.37001953125,54.822029014213626,41.803745224548685,40.300048828125,11.800048828125,2195.0
2019-04-18,2149.89990234375,2155.0,2114.199951171875,2150.050048828125,3413728,2043.1650268554688,2023.8210083007807,0.0085608404081012,0.0174822296761173,2131.800048828125,2113.300048828125,2014.5,2040.25,2079.300048828125,2085.830029296875,2069.44501953125,64.1866447233436,50.14266693778026,109.800048828125,0.150146484375,2238.550048828125
2019-04-22,2148.0,2176.0,2145.60009765625,2161.449951171875,2007135,2050.097521972656,2026.4510083007813,0.0053021567334972,0.0174713618962016,2150.050048828125,2131.800048828125,2113.300048828125,2019.5,2014.5,2114.22001953125,2084.1400146484375,58.66950552390952,53.66056579055584,141.949951171875,13.449951171875,2260.35009765625
2019-04-23,2163.0,2165.5,2134.050048828125,2155.050048828125,2163524,2057.097521972656,2028.547009277344,-0.0029609301572216,0.0174533075141398,2161.449951171875,2150.050048828125,2131.800048828125,2014.5,2048.300048828125,2142.330029296875,2094.8150146484377,19.62517048100056,56.29217474335349,140.550048828125,-7.949951171875,2215.39990234375
2019-04-24,2158.0,2195.0,2156.10009765625,2183.449951171875,3003071,2065.987518310547,2031.3250073242189,0.0131783029165346,0.0174695952859186,2155.050048828125,2161.449951171875,2150.050048828125,2113.300048828125,2070.75,2156.360009765625,2106.085009765625,18.73830111600238,61.93740530128066,70.14990234375,25.449951171875,2132.0
2019-04-25,2175.0,2205.0,2168.050048828125,2195.0,4211526,2076.525018310547,2033.729006347656,0.0052898161562742,0.0171057175065708,2183.449951171875,2155.050048828125,2161.449951171875,2131.800048828125,2091.5,2169.0,2116.435009765625,19.335887058081276,67.61665438962295,63.199951171875,20.0,2157.85009765625
2019-04-26,2203.0,2243.949951171875,2193.14990234375,2238.550048828125,2716958,2089.32001953125,2036.842009277344,0.0198405689421981,0.0173456309913692,2195.0,2183.449951171875,2155.050048828125,2150.050048828125,2040.25,2186.7,2136.2650146484375,33.19324010950738,71.74317131525868,88.5,35.550048828125,2151.949951171875
2019-04-30,2238.550048828125,2266.949951171875,2230.10009765625,2260.35009765625,3488395,2103.942523193359,2040.8210131835935,0.0097384683623835,0.0170560026686978,2238.550048828125,2195.0,2183.449951171875,2161.449951171875,2019.5,2206.480029296875,2160.3500244140623,42.53730386347951,68.54512374133793,98.900146484375,21.800048828125,2152.85009765625
2019-05-02,2255.0,2259.39990234375,2211.10009765625,2215.39990234375,2457699,2114.6975158691407,2043.8110131835936,-0.0198863863430309,0.0179193462397459,2260.35009765625,2238.550048828125,2195.0,2155.050048828125,2014.5,2218.55,2180.4400146484377,31.399797611532655,47.149983222284895,60.349853515625,-39.60009765625,2172.550048828125
2019-05-03,2185.0,2186.050048828125,2125.0,2132.0,3780886,2119.7150146484373,2045.4190112304689,-0.0376455294845495,0.0201213640686064,2215.39990234375,2260.35009765625,2238.550048828125,2183.449951171875,2113.300048828125,2208.260009765625,2182.310009765625,49.176363065314256,44.486926234520176,-51.449951171875,-53.0,2135.800048828125
2019-05-06,2110.0,2165.0,2108.5,2157.85009765625,2891422,2123.642517089844,2047.684013671875,0.0121248112834193,0.0196576857436413,2132.0,2215.39990234375,2260.35009765625,2195.0,2131.800048828125,2200.830029296875,2184.9150146484376,54.22768450797719,41.887349050434636,-37.14990234375,47.85009765625,2128.75
2019-05-07,2160.050048828125,2184.35009765625,2138.800048828125,2151.949951171875,2201698,2127.275012207031,2050.129013671875,-0.0027342707868277,0.0196821075748681,2157.85009765625,2132.0,2215.39990234375,2238.550048828125,2150.050048828125,2183.510009765625,2185.1050048828124,52.98375659020569,41.715596203774346,-86.60009765625,-8.10009765625,2092.35009765625
2019-05-08,2151.0,2168.0,2130.39990234375,2152.85009765625,1824895,2134.192517089844,2053.7800146484374,0.0004182934105343,0.0180922068635783,2151.949951171875,2157.85009765625,2132.0,2260.35009765625,2161.449951171875,2162.010009765625,2184.24501953125,31.438411828352127,42.34139086809735,-107.5,1.85009765625,2095.39990234375
2019-05-09,2145.0,2184.10009765625,2136.10009765625,2172.550048828125,2264162,2140.405017089844,2059.1350146484374,0.00915063765625,0.0178762659987831,2152.85009765625,2151.949951171875,2157.85009765625,2215.39990234375,2155.050048828125,2153.4400390625,2185.99501953125,14.550642235220032,41.35072409845052,-42.849853515625,27.550048828125,2108.75
2019-05-10,2175.0,2192.0,2125.85009765625,2135.800048828125,2039633,2143.65751953125,2063.556015625,-0.0169156057048365,0.0183125793409797,2172.550048828125,2152.85009765625,2151.949951171875,2132.0,2183.449951171875,2154.200048828125,2181.230029296875,13.186078492842066,44.31572061519027,3.800048828125,-39.199951171875,2095.449951171875
2019-05-13,2133.0,2167.0,2121.64990234375,2128.75,1701744,2145.52001953125,2067.8470166015627,-0.0033008936543442,0.0182363702621142,2135.800048828125,2172.550048828125,2152.85009765625,2157.85009765625,2195.0,2148.380029296875,2174.605029296875,17.033126960889767,46.90484809653164,-29.10009765625,-4.25,2143.949951171875
2019-05-14,2135.0,2159.800048828125,2072.35009765625,2092.35009765625,2456110,2148.1250244140624,2071.181018066406,-0.0170991907662947,0.0177593978012279,2128.75,2135.800048828125,2172.550048828125,2151.949951171875,2238.550048828125,2136.46005859375,2159.9850341796873,29.902717459730475,47.539514159526654,-59.599853515625,-42.64990234375,2109.75
2019-05-15,2097.0,2124.0,2084.5,2095.39990234375,2346876,2151.92001953125,2073.386015625,0.0014575976988344,0.0175494044631486,2092.35009765625,2128.75,2135.800048828125,2152.85009765625,2260.35009765625,2124.97001953125,2143.4900146484374,32.916136272431544,36.082136628288694,-57.4501953125,-1.60009765625,2081.75
2019-05-16,2096.0,2124.0,2077.050048828125,2108.75,1946529,2156.63251953125,2074.7870166015623,0.0063711454989177,0.0175423559659483,2095.39990234375,2092.35009765625,2128.75,2172.550048828125,2215.39990234375,2112.210009765625,2132.8250244140627,19.487359415974908,27.11232142073363,-63.800048828125,12.75,2054.050048828125
2019-05-17,2112.60009765625,2135.0,2090.0,2095.449951171875,1947908,2155.7400146484374,2075.534013671875,-0.0063070770969175,0.0137605073703639,2108.75,2095.39990234375,2092.35009765625,2135.800048828125,2132.0,2104.139990234375,2129.17001953125,15.147708184337771,29.58664597984818,-40.35009765625,-17.150146484375,2048.0
2019-05-20,2125.0,2151.39990234375,2050.0,2143.949951171875,2625116,2156.347509765625,2078.744013671875,0.0231453869718418,0.0146107177309425,2095.449951171875,2108.75,2095.39990234375,2128.75,2157.85009765625,2107.17998046875,2127.7800048828126,21.51037516529562,28.39190939892039,15.199951171875,18.949951171875,2055.14990234375
2019-05-21,2148.050048828125,2148.699951171875,2102.550048828125,2109.75,1863157,2154.3325073242186,2081.0310131835936,-0.0159518421375375,0.0149138964299145,2143.949951171875,2095.449951171875,2108.75,2092.35009765625,2151.949951171875,2110.6599609375,2123.560009765625,19.855183295875072,27.5231536032559,17.39990234375,-38.300048828125,2073.75
2019-05-22,2110.0,2121.949951171875,2075.0,2081.75,2595795,2150.347509765625,2082.904013671875,-0.0132717146581348,0.0150886198787727,2109.75,2143.949951171875,2095.449951171875,2095.39990234375,2152.85009765625,2107.92998046875,2116.45,23.143928475820033,28.28890857975589,-13.64990234375,-28.25,2107.550048828125
2019-05-23,2098.0,2115.35009765625,2050.0,2054.050048828125,2541294,2145.297509765625,2083.993015136719,-0.0133060891902846,0.0153074070375135,2081.75,2109.75,2143.949951171875,2108.75,2172.550048828125,2096.989990234375,2104.6,33.34112839685088,26.96638764882132,-54.699951171875,-43.949951171875,2146.300048828125
2019-05-24,2070.0,2070.0,2032.25,2048.0,2274208,2138.525012207031,2084.687014160156,-0.0029454242517491,0.01486843252734,2054.050048828125,2081.75,2109.75,2095.449951171875,2135.800048828125,2087.5,2095.8199951171873,39.98084297732056,29.82151844472018,-47.449951171875,-22.0,2196.550048828125
2019-05-27,2054.800048828125,2068.949951171875,2040.0999755859373,2055.14990234375,2329820,2131.532507324219,2085.336013183594,0.0034911632537841,0.014820432471047,2048.0,2054.050048828125,2081.75,2143.949951171875,2128.75,2069.739990234375,2088.4599853515624,25.86848138853059,29.873586341739195,-88.800048828125,0.349853515625,2242.300048828125
2019-05-28,2060.0,2097.5,2045.0,2073.75,5872979,2123.2925048828124,2086.5150122070318,0.0090504822227506,0.0141180137916556,2055.14990234375,2048.0,2054.050048828125,2109.75,2092.35009765625,2062.539990234375,2086.5999755859375,14.429073205424627,30.181920232472564,-36.0,13.75,2183.10009765625
2019-05-29,2080.0,2123.699951171875,2077.10009765625,2107.550048828125,3281320,2115.6525024414063,2088.417014160156,0.0162989988321278,0.0145177502827541,2073.75,2055.14990234375,2048.0,2081.75,2095.39990234375,2067.7,2087.814990234375,24.272129128800685,30.813487364797815,25.800048828125,27.550048828125,2166.10009765625
2019-05-30,2123.0,2156.550048828125,2114.39990234375,2146.300048828125,4971725,2112.197509765625,2091.3330151367186,0.0183862774796481,0.0147498162198728,2107.550048828125,2073.75,2055.14990234375,2054.050048828125,2108.75,2086.15,2091.5699951171873,40.76205042245102,35.56912809407281,92.25,23.300048828125,2181.75
2019-05-31,2160.0,2204.949951171875,2152.25,2196.550048828125,4265370,2115.425012207031,2095.516015625,0.0234123835702451,0.0130963263972926,2146.300048828125,2107.550048828125,2073.75,2048.0,2095.449951171875,2115.860009765625,2101.6800048828127,56.93308330499605,48.72838609625081,148.550048828125,36.550048828125,2231.5
2019-06-03,2201.0,2247.64990234375,2185.64990234375,2242.300048828125,3682419,2119.647509765625,2099.563017578125,0.02082811635656,0.0136002705662096,2196.550048828125,2146.300048828125,2107.550048828125,2055.14990234375,2143.949951171875,2153.2900390625,2111.5150146484375,67.56817810104992,65.31128431758304,187.150146484375,41.300048828125,2252.800048828125
2019-06-04,2224.0,2224.0,2175.0,2183.10009765625,2408658,2121.205017089844,2102.769018554688,-0.0264014404329224,0.0149930224916658,2242.300048828125,2196.550048828125,2146.300048828125,2073.75,2109.75,2175.16005859375,2118.8500244140623,51.0694815310311,69.10005618490844,109.35009765625,-40.89990234375,2260.89990234375
2019-06-06,2199.0,2199.0,2152.0,2166.10009765625,3735467,2121.867517089844,2105.63501953125,-0.0077870914019246,0.0151165110680293,2183.10009765625,2242.300048828125,2196.550048828125,2107.550048828125,2081.75,2186.870068359375,2127.2850341796875,36.25505345299905,69.21626622825308,58.550048828125,-32.89990234375,2254.10009765625
2019-06-07,2174.0,2189.800048828125,2142.10009765625,2181.75,2659446,2122.327514648437,2108.9690185546874,0.0072249211200734,0.0150639838732427,2166.10009765625,2183.10009765625,2242.300048828125,2146.300048828125,2054.050048828125,2193.96005859375,2140.055029296875,29.097527434217962,65.90427845212577,35.449951171875,7.75,2254.5
2019-06-10,2196.699951171875,2235.85009765625,2185.5,2231.5,2080593,2127.112512207031,2113.4860180664064,0.0228027959207057,0.0152887300330264,2181.75,2166.10009765625,2183.10009765625,2196.550048828125,2048.0,2200.950048828125,2158.405029296875,33.70795063900912,62.90309523624831,34.949951171875,34.800048828125,2249.199951171875
2019-06-11,2237.0,2263.949951171875,2231.0,2252.800048828125,3048937,2133.3150146484377,2118.8570190429687,0.0095451708842146,0.0153106514979651,2231.5,2181.75,2166.10009765625,2242.300048828125,2055.14990234375,2203.050048828125,2178.1700439453125,37.0858926855196,57.690202270763216,10.5,15.800048828125,2250.85009765625
2019-06-12,2245.0,2266.89990234375,2219.0,2260.89990234375,2404448,2141.7425048828127,2124.4220166015625,0.0035954604670034,0.0145657362663044,2252.800048828125,2231.5,2181.75,2183.10009765625,2073.75,2218.610009765625,2196.8850341796874,42.542616348973986,49.87942154250145,77.7998046875,15.89990234375,2259.89990234375
2019-06-13,2264.0,2285.0,2243.050048828125,2254.10009765625,3320916,2149.6775146484374,2130.146018066406,-0.0030075655629208,0.0146404935465688,2260.89990234375,2252.800048828125,2231.5,2166.10009765625,2107.550048828125,2236.210009765625,2211.5400390625,32.37650495349199,41.54882327581148,88.0,-9.89990234375,2277.949951171875
2019-06-14,2257.25,2263.10009765625,2234.0,2254.5,2131408,2156.9650146484373,2135.230017089844,0.0001774110848784,0.0146478301820341,2254.10009765625,2260.89990234375,2252.800048828125,2181.75,2146.300048828125,2250.760009765625,2222.3600341796873,11.214620714892014,36.44679747408392,72.75,-2.75,2249.85009765625
2019-06-17,2256.0,2262.0,2241.449951171875,2249.199951171875,1489497,2164.6525146484373,2139.581015625,-0.0023508755059326,0.0145354276146038,2254.5,2254.10009765625,2260.89990234375,2231.5,2196.550048828125,2254.3,2227.6250244140624,4.23966459351894,36.105318158088245,17.699951171875,-6.800048828125,2275.5
2019-06-18,2244.0,2260.0,2231.199951171875,2250.85009765625,1877447,2169.997521972656,2143.0120166015627,0.000733659310065,0.0137983081675673,2249.199951171875,2254.5,2254.10009765625,2252.800048828125,2242.300048828125,2253.910009765625,2228.480029296875,4.4941777393371884,36.589438891762626,-1.949951171875,6.85009765625,2267.800048828125
2019-06-19,2255.0,2276.0,2243.14990234375,2259.89990234375,1652817,2177.505017089844,2146.624013671875,0.0040206163426534,0.0130954422545687,2250.85009765625,2249.199951171875,2254.5,2260.89990234375,2183.10009765625,2253.710009765625,2236.160009765625,4.111287786532581,33.97242766371367,-1.0,4.89990234375,2254.199951171875
2019-06-20,2230.0,2284.0,2212.0,2277.949951171875,2199377,2187.3150146484377,2151.8930126953123,0.0079871010257601,0.0125100196533412,2259.89990234375,2250.85009765625,2249.199951171875,2254.10009765625,2166.10009765625,2258.47998046875,2247.3449951171874,11.632607589524314,25.76410404918256,23.849853515625,47.949951171875,2252.550048828125
2019-06-21,2285.0,2292.5,2242.0,2249.85009765625,3871804,2197.105017089844,2155.924013671875,-0.0123355886292274,0.0124386366545321,2277.949951171875,2259.89990234375,2250.85009765625,2254.5,2181.75,2257.55,2254.1550048828126,12.202259542724102,11.613743493245456,-4.64990234375,-35.14990234375,2227.199951171875
2019-06-24,2254.14990234375,2280.0,2250.800048828125,2275.5,1382424,2208.480017089844,2160.019013671875,0.0114007161501428,0.0123919696618942,2249.85009765625,2277.949951171875,2259.89990234375,2249.199951171875,2231.5,2262.810009765625,2258.5550048828127,13.32029675614978,10.342312827809815,26.300048828125,21.35009765625,2239.550048828125
2019-06-25,2270.0,2274.449951171875,2250.5,2267.800048828125,1386077,2219.1125244140626,2163.5450146484377,-0.0033838502183586,0.0125408152486897,2275.5,2249.85009765625,2277.949951171875,2250.85009765625,2252.800048828125,2266.2,2260.0550048828127,11.555540293762629,10.501440271663569,16.949951171875,-2.199951171875,2252.10009765625
2019-06-26,2265.0,2266.800048828125,2250.0,2254.199951171875,1762224,2228.1350219726564,2167.824013671875,-0.0059970444322363,0.0127355151160267,2267.800048828125,2275.5,2249.85009765625,2259.89990234375,2260.89990234375,2265.060009765625,2259.385009765625,12.56914971915201,10.654165057654879,-5.699951171875,-10.800048828125,2237.64990234375
2019-06-27,2255.0,2264.0,2241.300048828125,2252.550048828125,2813464,2235.3850219726564,2172.4850146484373,-0.0007319236888867,0.0124542698072705,2254.199951171875,2267.800048828125,2275.5,2277.949951171875,2254.10009765625,2259.980029296875,2259.2300048828124,11.104634438339785,10.750437859600398,-25.39990234375,-2.449951171875,2242.64990234375
2019-06-28,2260.0,2261.949951171875,2222.5,2227.199951171875,2372928,2239.430017089844,2176.739013671875,-0.0112539553424965,0.0123408693626836,2252.550048828125,2254.199951171875,2267.800048828125,2249.85009765625,2254.5,2255.45,2256.5,18.45646095356097,14.791774574218788,-22.650146484375,-32.800048828125,2163.10009765625
2019-07-01,2235.0,2255.0,2206.60009765625,2239.550048828125,2769940,2241.580017089844,2179.264013671875,0.0055451229916523,0.011306826705506,2227.199951171875,2252.550048828125,2254.199951171875,2275.5,2249.199951171875,2248.260009765625,2255.535009765625,15.450646856501253,15.61291283878018,-35.949951171875,4.550048828125,2175.39990234375
2019-07-02,2244.89990234375,2257.0,2216.449951171875,2252.10009765625,1771746,2242.07001953125,2181.6700146484377,0.0056038260161641,0.0103781797752535,2239.550048828125,2227.199951171875,2252.550048828125,2267.800048828125,2250.85009765625,2245.12001953125,2255.660009765625,11.60307511202414,15.576197637309313,-15.699951171875,7.2001953125,2133.35009765625
2019-07-03,2252.199951171875,2258.800048828125,2232.0,2237.64990234375,1656881,2244.797509765625,2183.42201171875,-0.0064163201837867,0.0084598794128514,2252.10009765625,2239.550048828125,2227.199951171875,2254.199951171875,2259.89990234375,2241.810009765625,2253.435009765625,10.689972838775029,16.466944754069434,-16.550048828125,-14.550048828125,2108.199951171875
2019-07-04,2234.0,2252.0,2230.10009765625,2242.64990234375,984140,2248.625,2185.046010742188,0.0022344871710104,0.0081876892046037,2237.64990234375,2252.10009765625,2239.550048828125,2252.550048828125,2277.949951171875,2239.82998046875,2249.9050048828126,8.98410370559219,14.264054554582579,-9.900146484375,8.64990234375,2102.550048828125
2019-07-05,2247.0,2250.0,2140.0,2163.10009765625,4088470,2247.6925048828125,2185.20701171875,-0.0354713433444801,0.0115615398305547,2242.64990234375,2237.64990234375,2252.10009765625,2227.199951171875,2249.85009765625,2227.010009765625,2241.2300048828124,36.15610429030791,30.936677126805336,-64.099853515625,-83.89990234375,2107.60009765625
2019-07-08,2149.0,2188.800048828125,2132.10009765625,2175.39990234375,2788062,2244.8875,2185.046010742188,0.0056861930249214,0.0103235360439835,2163.10009765625,2242.64990234375,2237.64990234375,2239.550048828125,2275.5,2214.17998046875,2231.2199951171874,41.570295462690595,34.59426542832142,-64.150146484375,26.39990234375,2145.699951171875
2019-07-09,2174.0,2174.39990234375,2104.550048828125,2133.35009765625,3977224,2238.915002441406,2183.8130126953124,-0.0193296895169463,0.0107489598067554,2175.39990234375,2163.10009765625,2242.64990234375,2252.10009765625,2267.800048828125,2190.42998046875,2217.775,47.92593250889936,43.720839637197884,-118.75,-40.64990234375,2106.0
2019-07-10,2080.0,2127.85009765625,2071.300048828125,2108.199951171875,6343581,2231.2800048828126,2181.206010742188,-0.0117890385230279,0.0108275794984656,2133.35009765625,2175.39990234375,2163.10009765625,2237.64990234375,2254.199951171875,2164.539990234375,2203.175,50.91212712113382,53.49134989784914,-129.449951171875,28.199951171875,2117.25
2019-07-11,2128.0,2129.0,2086.050048828125,2102.550048828125,2400346,2223.702502441406,2178.050009765625,-0.0026799651240905,0.0108285061680158,2108.199951171875,2133.35009765625,2175.39990234375,2242.64990234375,2252.550048828125,2136.52001953125,2188.175,32.34261672619457,58.86840878566938,-140.099853515625,-25.449951171875,2065.949951171875
2019-07-12,2102.10009765625,2119.75,2093.10009765625,2107.60009765625,1560725,2216.3575073242187,2175.894013671875,0.0024018685457403,0.0108786820201915,2102.550048828125,2108.199951171875,2133.35009765625,2163.10009765625,2227.199951171875,2125.42001953125,2176.2150146484373,30.40555358365921,62.118490317789856,-55.5,5.5,2076.949951171875
2019-07-15,2125.0,2153.60009765625,2098.0,2145.699951171875,2900415,2211.182507324219,2176.1680126953124,0.0180773637076567,0.0118855315077072,2107.60009765625,2102.550048828125,2108.199951171875,2175.39990234375,2239.550048828125,2119.480029296875,2166.8300048828123,18.939774790041294,58.46881411457275,-29.699951171875,20.699951171875,2109.89990234375
2019-07-16,2126.0,2132.5,2100.0,2106.0,2735399,2203.9400024414062,2175.1310107421878,-0.0185020981848803,0.0123957481592333,2145.699951171875,2107.60009765625,2102.550048828125,2133.35009765625,2252.10009765625,2114.010009765625,2152.2199951171874,17.850679970098636,52.77014826860651,-27.35009765625,-20.0,2112.449951171875
2019-07-17,2108.0,2125.0,2092.10009765625,2117.25,1802969,2196.807507324219,2174.43701171875,0.0053418803418803,0.0124399597044622,2106.0,2145.699951171875,2107.60009765625,2108.199951171875,2237.64990234375,2115.82001953125,2140.1800048828127,17.5709076364688,44.14271652006255,9.050048828125,9.25,2096.800048828125
2019-07-18,2116.199951171875,2116.199951171875,2060.0,2065.949951171875,3072096,2186.2075073242186,2172.699008789062,-0.0242295661013697,0.0129913822961775,2117.25,2106.0,2145.699951171875,2102.550048828125,2242.64990234375,2108.5,2122.510009765625,28.626759101821147,32.36072466877653,-36.60009765625,-50.25,2127.89990234375
2019-07-19,2077.0,2097.0,2062.5,2076.949951171875,1953177,2177.5625,2170.787006835937,0.0053244271448882,0.0130516529874492,2065.949951171875,2117.25,2106.0,2107.60009765625,2163.10009765625,2102.369970703125,2113.8949951171876,31.955730345357694,31.817059435265275,-30.650146484375,-0.050048828125,2109.050048828125
2019-07-22,2077.0,2117.449951171875,2068.800048828125,2109.89990234375,1920167,2169.2824951171874,2170.26900390625,0.0158645860259096,0.0133617153539084,2076.949951171875,2065.949951171875,2117.25,2145.699951171875,2175.39990234375,2095.2099609375,2107.3449951171874,22.40289474315688,23.369043134704995,-35.800048828125,32.89990234375,2130.0
2019-07-23,2127.89990234375,2130.0,2102.39990234375,2112.449951171875,3538588,2161.514990234375,2169.9430029296877,0.0012086112830718,0.0134065534373538,2109.89990234375,2076.949951171875,2065.949951171875,2106.0,2133.35009765625,2096.499951171875,2105.25498046875,23.345399534913817,21.656723870510064,6.449951171875,-15.449951171875,2179.14990234375
2019-07-24,2110.0,2120.800048828125,2076.5,2096.800048828125,2413196,2153.644995117188,2170.032001953125,-0.007408413314156,0.0134243375606208,2112.449951171875,2109.89990234375,2076.949951171875,2117.25,2108.199951171875,2092.4099609375,2104.114990234375,20.407818044969453,21.784144178972593,-20.449951171875,-13.199951171875,2205.699951171875
2019-07-25,2108.89990234375,2135.0,2092.550048828125,2127.89990234375,2544464,2147.412487792969,2170.682001953125,0.0148320549367624,0.0140321989314754,2096.800048828125,2112.449951171875,2109.89990234375,2065.949951171875,2102.550048828125,2104.799951171875,2106.6499755859377,19.090316155114355,23.02161287334545,61.949951171875,19.0,2180.050048828125
2019-07-26,2129.800048828125,2129.800048828125,2095.0,2109.050048828125,1720592,2141.504992675781,2170.688002929688,-0.0088584305562789,0.0139658393023892,2127.89990234375,2096.800048828125,2112.449951171875,2076.949951171875,2107.60009765625,2111.219970703125,2106.794970703125,11.114385495703173,23.03282516899872,32.10009765625,-20.75,2205.300048828125
2019-07-29,2110.800048828125,2142.0,2103.300048828125,2130.0,1647090,2136.027490234375,2171.37900390625,0.0099333589468471,0.0141344588252676,2109.050048828125,2127.89990234375,2096.800048828125,2109.89990234375,2145.699951171875,2115.239990234375,2105.2249755859375,13.822648032742237,20.479871826058528,20.10009765625,19.199951171875,2248.60009765625
2019-07-30,2130.0,2185.0,2120.449951171875,2179.14990234375,2851672,2132.37998046875,2172.083002929688,0.0230750715228873,0.0151585294270219,2130.0,2109.050048828125,2127.89990234375,2112.449951171875,2106.0,2128.57998046875,2112.5399658203123,31.429199183004794,31.098463095503412,66.699951171875,49.14990234375,2214.89990234375
2019-07-31,2171.75,2211.699951171875,2147.14990234375,2205.699951171875,3000677,2130.7824829101564,2174.002001953125,0.0121836725410993,0.0154117610697949,2179.14990234375,2130.0,2109.050048828125,2096.800048828125,2117.25,2150.3599609375,2121.3849609375,40.36355511229269,42.918901203471584,108.89990234375,33.949951171875,2213.449951171875
2019-08-01,2200.0,2217.5,2166.25,2180.050048828125,2375236,2127.652490234375,2175.9680029296874,-0.0116289173104086,0.0155880735163598,2205.699951171875,2179.14990234375,2130.0,2127.89990234375,2065.949951171875,2160.789990234375,2132.794970703125,39.84339925402434,41.69326847559618,52.150146484375,-19.949951171875,2258.10009765625
2019-08-02,2173.0,2210.0,2165.5,2205.300048828125,2500816,2129.762487792969,2178.9930029296875,0.0115823028987673,0.0135805484188331,2180.050048828125,2205.699951171875,2179.14990234375,2109.050048828125,2076.949951171875,2180.039990234375,2145.62998046875,30.82733014615119,42.34239157187364,96.25,32.300048828125,2246.25
2019-08-05,2199.89990234375,2252.25,2195.60009765625,2248.60009765625,3039682,2133.422497558594,2183.0050048828125,0.0196345385523091,0.0141760335951471,2205.300048828125,2180.050048828125,2205.699951171875,2130.0,2109.89990234375,2203.760009765625,2159.5,28.216077907761573,51.14069400416535,118.60009765625,48.7001953125,2199.449951171875
2019-08-06,2232.800048828125,2251.949951171875,2211.449951171875,2214.89990234375,2885467,2137.499987792969,2186.2000048828127,-0.0149871892950756,0.0138660155790789,2248.60009765625,2205.300048828125,2180.050048828125,2179.14990234375,2112.449951171875,2210.910009765625,2169.7449951171875,24.735680349059635,50.92933894078159,35.75,-17.900146484375,2204.39990234375
2019-08-07,2230.0,2238.5,2207.25,2213.449951171875,2165362,2142.762487792969,2188.99400390625,-0.0006546350786962,0.0135033461449578,2214.89990234375,2248.60009765625,2205.300048828125,2205.699951171875,2096.800048828125,2212.460009765625,2181.4099853515627,24.5698474818236,45.42712859007428,7.75,-16.550048828125,2165.10009765625
2019-08-08,2228.89990234375,2281.0,2218.89990234375,2258.10009765625,2073298,2150.539990234375,2192.0050048828125,0.0201721961053313,0.0139974876430556,2213.449951171875,2214.89990234375,2248.60009765625,2180.050048828125,2127.89990234375,2228.07001953125,2194.4300048828127,23.60592961206704,47.01707888666442,78.050048828125,29.2001953125,2163.0
2019-08-09,2260.0,2267.89990234375,2241.35009765625,2246.25,1744550,2157.4724853515627,2194.00400390625,-0.0052478176979618,0.0141377218994277,2258.10009765625,2213.449951171875,2214.89990234375,2205.300048828125,2109.050048828125,2236.260009765625,2208.15,20.64957672221528,38.59856603727042,40.949951171875,-13.75,2186.75
2019-08-13,2245.0,2246.25,2194.300048828125,2199.449951171875,1647281,2160.1599853515627,2194.062001953125,-0.0208347462785197,0.0146627338639021,2246.25,2258.10009765625,2213.449951171875,2248.60009765625,2130.0,2226.42998046875,2215.0949951171874,24.623034641705257,27.67787419389122,-49.150146484375,-45.550048828125,2186.199951171875
2019-08-14,2181.10009765625,2217.85009765625,2167.39990234375,2204.39990234375,1945002,2165.07998046875,2193.3039990234374,0.0022505404904702,0.0138990804433258,2199.449951171875,2246.25,2258.10009765625,2214.89990234375,2179.14990234375,2224.32998046875,2217.6199951171875,26.24646157337913,25.062503076147696,-10.5,23.2998046875,2216.0
2019-08-16,2241.39990234375,2241.39990234375,2143.25,2165.10009765625,3755507,2167.4724853515627,2192.9439990234373,-0.0178278925914103,0.0145875593969186,2204.39990234375,2199.449951171875,2246.25,2213.449951171875,2205.699951171875,2214.660009765625,2213.560009765625,37.675487037252154,30.008478274346594,-48.349853515625,-76.2998046875,2247.699951171875
2019-08-19,2180.0,2186.0,2157.699951171875,2163.0,974884,2172.324987792969,2192.8819970703125,-0.0009699771657316,0.013324381780934,2165.10009765625,2204.39990234375,2199.449951171875,2258.10009765625,2180.050048828125,2195.639990234375,2211.8550048828124,34.09794331103497,32.50453917709979,-95.10009765625,-17.0,2276.300048828125
2019-08-20,2172.0,2205.0,2166.5,2186.75,1843611,2177.814990234375,2192.9819970703124,0.0109801202034212,0.0134495400189608,2163.0,2165.10009765625,2204.39990234375,2246.25,2205.300048828125,2183.739990234375,2210.0,19.106856034293347,33.43615640154145,-59.5,14.75,2236.5
2019-08-21,2184.949951171875,2202.0,2182.25,2186.199951171875,1214408,2181.629992675781,2192.07599609375,-0.0002515371341602,0.0130952010043853,2186.75,2163.0,2165.10009765625,2199.449951171875,2248.60009765625,2181.089990234375,2203.7599853515626,17.207729551113786,31.17849321282026,-13.25,1.25,2239.25
2019-08-22,2187.0,2235.64990234375,2170.0,2216.0,2131601,2186.8074951171875,2191.3399951171878,0.013630980465511,0.0133547520364129,2186.199951171875,2186.75,2163.0,2204.39990234375,2214.89990234375,2183.410009765625,2203.8699951171875,21.406004714678957,31.224073934693266,11.60009765625,29.0,2233.449951171875
2019-08-23,2214.949951171875,2259.89990234375,2213.89990234375,2247.699951171875,2826425,2194.352490234375,2191.07599609375,0.0143050321172721,0.0133910892465704,2216.0,2186.199951171875,2186.75,2165.10009765625,2213.449951171875,2199.92998046875,2207.2949951171877,32.658324650021925,34.13448627196526,82.599853515625,32.75,2259.60009765625
2019-08-26,2247.0,2282.0,2225.0,2276.300048828125,2345475,2201.772497558594,2191.519995117188,0.0127241617108808,0.0133057756667031,2247.699951171875,2216.0,2186.199951171875,2163.0,2258.10009765625,2222.589990234375,2209.114990234375,39.26655175428314,37.46684986437678,113.300048828125,29.300048828125,2251.60009765625
2019-08-27,2270.0,2274.85009765625,2229.0,2236.5,3432106,2208.144995117188,2191.1599951171875,-0.0174845354190519,0.0138545989860802,2276.300048828125,2247.699951171875,2216.0,2186.75,2246.25,2232.539990234375,2208.139990234375,33.84309131258135,36.507696461626104,49.75,-33.5,2245.39990234375
2019-08-28,2240.0,2252.14990234375,2216.0,2239.25,1294621,2213.607495117188,2190.96099609375,0.0012295998211491,0.013762711560404,2236.5,2276.300048828125,2247.699951171875,2186.199951171875,2199.449951171875,2243.15,2212.1199951171875,21.8871126063623,37.60794633591491,53.050048828125,-0.75,2215.300048828125
2019-08-29,2222.199951171875,2248.199951171875,2222.199951171875,2233.449951171875,1670652,2216.3224975585936,2190.6129931640626,-0.0025901747585687,0.0129234608771913,2239.25,2236.5,2276.300048828125,2216.0,2204.39990234375,2246.639990234375,2215.025,17.408698120926342,38.06455818389817,17.449951171875,11.25,2197.5
2019-08-30,2241.0,2266.0,2218.0,2259.60009765625,2583625,2219.0175048828123,2190.6069970703124,0.0117084094365553,0.0129028364845362,2233.449951171875,2239.25,2236.5,2247.699951171875,2165.10009765625,2249.02001953125,2224.475,18.37640641549494,35.965436748587315,11.900146484375,18.60009765625,2182.85009765625
2019-09-03,2270.0,2296.199951171875,2236.949951171875,2251.60009765625,2545060,2222.595007324219,2190.08,-0.0035404494840913,0.0125999006036831,2259.60009765625,2233.449951171875,2239.25,2276.300048828125,2163.0,2244.080029296875,2233.335009765625,11.081612451533355,29.464123819469414,-24.699951171875,-18.39990234375,2154.0
2019-09-04,2265.0,2270.0,2233.0,2245.39990234375,2228092,2224.6,2189.99099609375,-0.0027536840662575,0.0124140127193377,2251.60009765625,2259.60009765625,2233.449951171875,2236.5,2186.75,2245.860009765625,2239.2,10.242706020342489,24.59590915761418,8.89990234375,-19.60009765625,2133.60009765625
2019-09-05,2242.199951171875,2253.64990234375,2207.300048828125,2215.300048828125,2055943,2222.9349975585938,2188.7869970703123,-0.0134051192770636,0.0119913383210472,2245.39990234375,2251.60009765625,2259.60009765625,2239.25,2186.199951171875,2241.07001953125,2242.110009765625,17.285478425903317,18.625399764481028,-23.949951171875,-26.89990234375,2141.949951171875
2019-09-06,2216.0,2233.5,2192.60009765625,2197.5,1890550,2222.0650024414062,2187.38099609375,-0.0080350509799071,0.0116506136171021,2215.300048828125,2245.39990234375,2251.60009765625,2233.449951171875,2216.0,2233.880029296875,2240.260009765625,26.348398527943733,22.101395151560133,-35.949951171875,-18.5,2150.0
2019-09-09,2200.0,2202.85009765625,2179.800048828125,2182.85009765625,1703945,2220.535009765625,2185.953999023437,-0.0066666222269624,0.0117366780201695,2197.5,2215.300048828125,2245.39990234375,2259.60009765625,2247.699951171875,2218.530029296875,2233.7750244140625,29.754713604676674,28.31615153344753,-76.75,-17.14990234375,2122.64990234375
2019-09-11,2186.0,2195.0,2146.550048828125,2154.0,2627440,2215.3300048828123,2183.982998046875,-0.0132167104315713,0.0109716708057859,2182.85009765625,2197.5,2215.300048828125,2251.60009765625,2276.300048828125,2199.010009765625,2221.54501953125,34.30273813431381,33.79050912690282,-97.60009765625,-32.0,2138.550048828125
2019-09-12,2155.0,2165.0,2120.35009765625,2133.60009765625,2118859,2209.697509765625,2182.1110009765625,-0.009470706751973,0.0110715693825837,2154.0,2182.85009765625,2197.5,2245.39990234375,2236.5,2176.650048828125,2211.255029296875,32.913927816195,43.112263550514726,-111.7998046875,-21.39990234375,2101.949951171875
2019-09-13,2135.0,2157.949951171875,2115.550048828125,2141.949951171875,2291174,2206.822509765625,2180.158999023437,0.0039135044682445,0.0102697820776708,2133.60009765625,2154.0,2182.85009765625,2215.300048828125,2239.25,2161.980029296875,2201.5250244140625,27.23753609119121,46.905047033684156,-73.35009765625,6.949951171875,2065.449951171875
2019-09-16,2159.949951171875,2173.39990234375,2126.39990234375,2150.0,2597948,2204.1025146484376,2178.1169970703127,0.0037582805441933,0.010302494234074,2141.949951171875,2133.60009765625,2154.0,2197.5,2233.449951171875,2152.480029296875,2193.180029296875,18.695830233496526,48.004616320155534,-47.5,-9.949951171875,2015.800048828125
2019-09-17,2154.949951171875,2156.550048828125,2105.60009765625,2122.64990234375,2796530,2201.9800048828124,2175.8169970703125,-0.0127209756540698,0.0099250061191204,2150.0,2141.949951171875,2133.60009765625,2182.85009765625,2259.60009765625,2140.439990234375,2179.485009765625,12.657201420858154,46.460648127629234,-60.2001953125,-32.300048828125,2044.699951171875
2019-09-18,2126.39990234375,2142.949951171875,2113.14990234375,2138.550048828125,1454663,2200.7575073242188,2173.735,0.0074907060588835,0.0101025084148801,2122.64990234375,2150.0,2141.949951171875,2154.0,2251.60009765625,2137.35,2168.1800048828127,10.15845468889388,40.31043453476206,-15.449951171875,12.150146484375,2088.449951171875
2019-09-19,2135.0,2135.800048828125,2091.0,2101.949951171875,1652691,2196.5175048828123,2172.5119970703126,-0.0171144452178269,0.0103690459285757,2138.550048828125,2122.64990234375,2150.0,2133.60009765625,2245.39990234375,2131.019970703125,2153.835009765625,19.049489111356376,34.94455734602439,-31.650146484375,-33.050048828125,2087.60009765625
2019-09-20,2104.89990234375,2129.39990234375,2057.0,2065.449951171875,6941979,2190.4800048828124,2170.312998046875,-0.0173648283012878,0.0109154356845118,2101.949951171875,2138.550048828125,2122.64990234375,2141.949951171875,2215.300048828125,2115.719970703125,2138.85,33.3955278813496,37.68076605126727,-76.5,-39.449951171875,2056.14990234375
2019-09-23,2099.0,2099.0,1975.0,2015.800048828125,6323401,2180.470007324219,2167.9619970703125,-0.0240382984422257,0.011181338617575,2065.449951171875,2101.949951171875,2138.550048828125,2150.0,2197.5,2088.87998046875,2120.6800048828127,49.16296911777392,48.50949727139019,-134.199951171875,-83.199951171875,2099.300048828125
2019-09-24,2015.0,2061.0,2013.0,2044.699951171875,4620978,2170.3200073242188,2166.6919970703125,0.0143366909632485,0.0111841672259336,2015.800048828125,2065.449951171875,2101.949951171875,2122.64990234375,2182.85009765625,2073.289990234375,2106.864990234375,48.1254052387883,48.50869768379498,-77.949951171875,29.699951171875,2059.949951171875
2019-09-25,2065.0,2092.0,2060.050048828125,2088.449951171875,4002232,2160.9275024414064,2166.4099951171875,0.021396782434961,0.0120298911810879,2044.699951171875,2015.800048828125,2065.449951171875,2138.550048828125,2154.0,2063.269970703125,2100.3099853515623,34.398996091906746,45.78399451862211,-50.10009765625,23.449951171875,2060.25
2019-09-26,2097.89990234375,2107.0,2063.0,2087.60009765625,4234281,2153.4825073242187,2166.0099951171874,-0.0004069302762789,0.0116391874218264,2088.449951171875,2044.699951171875,2015.800048828125,2101.949951171875,2133.60009765625,2060.4,2095.7099853515624,30.7725293802459,44.356230997459065,-14.349853515625,-10.2998046875,2079.35009765625
2019-09-27,2085.0,2085.199951171875,2051.39990234375,2056.14990234375,2046795,2144.327502441406,2164.218994140625,-0.0150652394334571,0.0118680076829989,2087.60009765625,2088.449951171875,2044.699951171875,2065.449951171875,2141.949951171875,2058.539990234375,2087.12998046875,30.67188207235019,42.684863236059165,-9.300048828125,-28.85009765625,2047.699951171875
2019-09-30,2061.85009765625,2104.0,2060.0,2099.300048828125,2620039,2137.620007324219,2164.084995117188,0.0209858952575341,0.0131380955468712,2056.14990234375,2087.60009765625,2088.449951171875,2015.800048828125,2150.0,2075.239990234375,2082.0599853515623,23.469593012006342,37.02311687529909,83.5,37.449951171875,2020.0999755859373
2019-10-01,2095.949951171875,2095.949951171875,2039.699951171875,2059.949951171875,3342877,2127.6375,2162.938994140625,-0.0187443894350481,0.0131071004296001,2099.300048828125,2056.14990234375,2087.60009765625,2044.699951171875,2122.64990234375,2078.289990234375,2075.789990234375,19.091005691101124,34.61628472066118,15.25,-36.0,2004.449951171875
2019-10-03,2070.0,2081.14990234375,2046.1500244140625,2060.25,2317618,2118.069995117188,2162.8249951171874,0.0001456583097829,0.0131476462881828,2059.949951171875,2099.300048828125,2056.14990234375,2088.449951171875,2138.550048828125,2072.65,2067.9599853515624,19.500224263942574,26.820723927385774,-28.199951171875,-9.75,1986.8499755859373
2019-10-04,2060.60009765625,2087.949951171875,2054.949951171875,2079.35009765625,2163251,2109.7675048828123,2162.872998046875,0.0092707669730616,0.0134947741770443,2060.25,2059.949951171875,2099.300048828125,2087.60009765625,2101.949951171875,2071.0,2065.7,18.22641197581202,24.48923262682306,-8.25,18.75,2021.0
2019-10-07,2080.0,2094.5,2041.0,2047.699951171875,2177916,2101.3875,2161.6289990234377,-0.0152211724807908,0.0135690827600291,2079.35009765625,2060.25,2059.949951171875,2056.14990234375,2065.449951171875,2069.310009765625,2063.925,20.229278991597386,25.143887296151814,-8.449951171875,-32.300048828125,2037.300048828125
2019-10-09,2060.0,2060.0,2015.5,2020.0999755859373,2066920,2092.517498779297,2159.781999511719,-0.0134785252937777,0.0137115379687636,2047.699951171875,2079.35009765625,2060.25,2099.300048828125,2015.800048828125,2053.4699951171874,2064.3549926757814,21.820802086321876,24.250334517371705,-79.20007324218773,-39.90002441406273,2046.4000244140625
2019-10-10,2028.0,2039.050048828125,1997.0999755859373,2004.449951171875,2881452,2083.597491455078,2157.9349975585938,-0.0077471534098321,0.0137242625059564,2020.0999755859373,2047.699951171875,2079.35009765625,2059.949951171875,2044.699951171875,2042.3699951171875,2060.3299926757813,30.205605823635633,30.42841436863495,-55.5,-23.550048828125,2030.949951171875
2019-10-11,1931.0,1995.0,1925.0,1986.8499755859373,12593069,2075.239990234375,2155.1139990234374,-0.0087804515027417,0.0136055971528638,2004.449951171875,2020.0999755859373,2047.699951171875,2060.25,2088.449951171875,2027.689990234375,2050.1699951171877,36.51978836889466,36.37661176375577,-73.40002441406273,55.84997558593727,2057.35009765625
2019-10-14,1995.0,2032.75,1968.0,2021.0,3510704,2069.6099853515625,2153.352998046875,0.0171880236724928,0.0143225064855814,1986.8499755859373,2004.449951171875,2020.0999755859373,2079.35009765625,2087.60009765625,2016.019970703125,2043.5099853515626,22.526774409760733,34.8259795889484,-58.35009765625,26.0,2051.39990234375
2019-10-15,2032.0,2047.0,2022.699951171875,2037.300048828125,2261310,2064.377490234375,2151.4989990234376,0.0080653383612692,0.0144515394954999,2021.0,1986.8499755859373,2004.449951171875,2047.699951171875,2056.14990234375,2013.939990234375,2041.625,19.08802785770976,34.57504527396129,-10.39990234375,5.300048828125,2070.10009765625
2019-10-16,2038.0,2056.0,2016.0,2046.4000244140625,3034082,2059.1974914550783,2148.844001464844,0.0044666840268186,0.0144682917486899,2037.300048828125,2021.0,1986.8499755859373,2020.0999755859373,2099.300048828125,2019.2,2036.3349975585938,24.15978640080186,28.236013536292983,26.300048828125227,8.4000244140625,2082.0
2019-10-17,2014.0,2038.0,1999.300048828125,2030.949951171875,3818774,2054.6124938964845,2145.349001464844,-0.0075498793285107,0.0143189534528745,2046.4000244140625,2037.300048828125,2021.0,2004.449951171875,2059.949951171875,2024.5,2033.4349975585938,22.993632422036193,27.00346651455667,26.5,16.949951171875,2124.949951171875
2019-10-18,2037.5,2063.89990234375,2025.0,2057.35009765625,3087901,2050.5524963378907,2142.895002441406,0.0129989153445864,0.0145641692127081,2030.949951171875,2046.4000244140625,2037.300048828125,1986.8499755859373,2060.25,2038.6000244140625,2033.1450073242188,13.985525223411365,26.697339750146995,70.50012207031273,19.85009765625,2115.699951171875
2019-10-22,2080.0,2111.5,2040.050048828125,2051.39990234375,5552505,2048.0249938964844,2139.8169995117187,-0.0028921646924743,0.0141191660991644,2057.35009765625,2030.949951171875,2046.4000244140625,2021.0,2079.35009765625,2044.6800048828125,2030.3499877929687,10.625733695092533,22.44732358556394,30.39990234375,-28.60009765625,2194.85009765625
2019-10-23,2060.0,2083.85009765625,2052.5,2070.10009765625,2348134,2048.257501220703,2136.246999511719,0.0091158214890889,0.0137526519894674,2051.39990234375,2057.35009765625,2030.949951171875,2037.300048828125,2047.699951171875,2051.2400146484374,2032.5900024414063,14.389002665679055,25.306596360186468,32.800048828125,10.10009765625,2252.800048828125
2019-10-24,2084.0,2099.0,2061.300048828125,2082.0,2798671,2051.567498779297,2133.589001464844,0.0057484671186784,0.0125496130684687,2070.10009765625,2051.39990234375,2057.35009765625,2046.4000244140625,2020.0999755859373,2058.360009765625,2038.7800048828126,19.348469783598546,29.185232490423516,35.5999755859375,-2.0,2269.64990234375
2019-10-25,2094.0,2130.0,2075.050048828125,2124.949951171875,3954245,2055.579998779297,2131.819001464844,0.0206291792372117,0.0129556248107735,2082.0,2070.10009765625,2051.39990234375,2030.949951171875,2004.449951171875,2077.160009765625,2050.8300048828123,29.211137072366345,37.20914197007867,94.0,30.949951171875,2200.89990234375
2019-10-27,2129.0,2129.0,2108.800048828125,2115.699951171875,224405,2056.942498779297,2128.9709985351565,-0.0043530437010522,0.0121837097331572,2124.949951171875,2082.0,2070.10009765625,2057.35009765625,1986.8499755859373,2088.82998046875,2063.7150024414063,30.92375907372576,34.825144774705755,58.349853515625,-13.300048828125,2193.949951171875
2019-10-29,2121.5,2201.699951171875,2121.5,2194.85009765625,5064173,2062.304998779297,2127.943000488281,0.0374108561285044,0.0146789216865014,2115.699951171875,2124.949951171875,2082.0,2051.39990234375,2021.0,2117.52001953125,2081.1000122070313,48.858925218347004,50.84242814284336,143.4501953125,73.35009765625,2201.85009765625
2019-10-30,2225.0,2260.0,2176.85009765625,2252.800048828125,5195136,2072.1375061035155,2129.0100024414064,0.0264026920261006,0.0149765945964189,2194.85009765625,2115.699951171875,2124.949951171875,2070.10009765625,2037.300048828125,2154.060009765625,2102.650012207031,68.78401194728909,71.63411142654346,182.699951171875,27.800048828125,2188.5
2019-10-31,2250.0,2284.949951171875,2237.0,2269.64990234375,4879261,2080.654998779297,2130.3150024414062,0.007479515780546,0.014499703030013,2252.800048828125,2194.85009765625,2115.699951171875,2082.0,2046.4000244140625,2191.589990234375,2124.975,70.80049838655083,85.5854768691251,187.64990234375,19.64990234375,2185.35009765625
2019-11-01,2264.0,2275.0,2195.0,2200.89990234375,4172620,2087.702496337891,2131.0309985351564,-0.0302910153363324,0.0156384575856686,2269.64990234375,2252.800048828125,2194.85009765625,2124.949951171875,2030.949951171875,2206.77998046875,2141.9699951171874,60.29706238235548,81.62206064585807,75.949951171875,-63.10009765625,2129.949951171875
2019-11-04,2207.0,2229.199951171875,2180.89990234375,2193.949951171875,2646411,2094.387493896485,2131.649997558594,-0.0031577770367812,0.0156923294056498,2200.89990234375,2269.64990234375,2252.800048828125,2115.699951171875,2057.35009765625,2222.42998046875,2155.62998046875,36.01169373552745,77.19735447668057,78.25,-13.050048828125,2100.949951171875
2019-11-05,2197.0,2211.0,2169.0,2201.85009765625,2693475,2100.512493896485,2131.951999511719,0.0036008781696024,0.015629213394704,2193.949951171875,2200.89990234375,2269.64990234375,2194.85009765625,2051.39990234375,2223.82998046875,2170.675,34.78667123853155,68.83454217155708,7.0,4.85009765625,2178.60009765625
2019-11-06,2200.0,2210.800048828125,2179.0,2188.5,2540719,2107.5524963378907,2131.9980004882814,-0.0060631273992995,0.0151959892103701,2201.85009765625,2193.949951171875,2200.89990234375,2252.800048828125,2070.10009765625,2210.969970703125,2182.514990234375,33.2509149751787,59.10848192542581,-64.300048828125,-11.5,2196.800048828125
2019-11-07,2204.5,2204.5,2175.199951171875,2185.35009765625,1915598,2115.8150024414062,2131.3850024414064,-0.0014392973926204,0.0147215840720472,2188.5,2201.85009765625,2193.949951171875,2269.64990234375,2082.0,2194.110009765625,2192.85,7.318563558952177,47.47041654602414,-84.2998046875,-19.14990234375,2174.449951171875
2019-11-08,2189.60009765625,2189.60009765625,2124.0,2129.949951171875,2788759,2122.0900024414063,2129.0300024414064,-0.0253506962311396,0.0159393829727793,2185.35009765625,2188.5,2201.85009765625,2200.89990234375,2124.949951171875,2179.92001953125,2193.35,28.626372689961798,46.69578084104739,-70.949951171875,-59.650146484375,2152.60009765625
2019-11-11,2135.0,2139.0,2091.0,2100.949951171875,2983768,2127.795001220703,2125.523000488281,-0.0136153433952964,0.0161650982030341,2129.949951171875,2185.35009765625,2188.5,2193.949951171875,2115.699951171875,2161.32001953125,2191.875,43.55315593726282,49.56583301879743,-93.0,-34.050048828125,2108.800048828125
2019-11-13,2118.0,2183.800048828125,2118.0,2178.60009765625,3823365,2135.6750061035154,2124.3650024414064,0.0369595412975274,0.0176224701580703,2100.949951171875,2129.949951171875,2185.35009765625,2201.85009765625,2194.85009765625,2156.67001953125,2190.25,39.16411283167804,49.72358237943216,-23.25,60.60009765625,2108.550048828125
2019-11-14,2187.5,2200.0,2146.699951171875,2196.800048828125,2995915,2143.650006103516,2123.516003417969,0.0083539660130624,0.0176261714223391,2178.60009765625,2100.949951171875,2129.949951171875,2188.5,2252.800048828125,2158.330029296875,2184.65,40.98415659796727,44.806629386791165,8.300048828125,9.300048828125,2118.10009765625
2019-11-15,2196.0,2211.5,2168.75,2174.449951171875,2724180,2150.0525024414064,2122.3360034179686,-0.0101739335212471,0.0179042166263722,2196.800048828125,2178.60009765625,2100.949951171875,2185.35009765625,2269.64990234375,2156.15,2175.1300048828125,39.4487310208499,33.40236329028111,-10.900146484375,-21.550048828125,2071.699951171875
2019-11-18,2178.39990234375,2187.75,2148.75,2152.60009765625,1611089,2156.135009765625,2120.1960034179688,-0.0100484508755188,0.0179916081379293,2174.449951171875,2196.800048828125,2178.60009765625,2129.949951171875,2200.89990234375,2160.680029296875,2170.3000244140626,36.90651344113514,32.747659545867315,22.650146484375,-25.7998046875,2081.5
2019-11-19,2153.0,2154.64990234375,2105.0,2108.800048828125,2975313,2158.7075073242186,2117.3400024414063,-0.0203475085204235,0.0185588324118444,2152.60009765625,2174.449951171875,2196.800048828125,2100.949951171875,2193.949951171875,2162.250048828125,2161.7850341796875,33.763472390660155,36.74168118408127,7.85009765625,-44.199951171875,2046.6500244140625
2019-11-20,2121.949951171875,2135.0,2094.5,2108.550048828125,2894129,2161.5650146484377,2114.603005371094,-0.0001185508318528,0.0185354317059493,2108.800048828125,2152.60009765625,2174.449951171875,2178.60009765625,2201.85009765625,2148.2400390625,2152.455029296875,39.35369203344477,37.27946212797612,-70.050048828125,-13.39990234375,2054.300048828125
2019-11-21,2112.0,2126.60009765625,2107.39990234375,2118.10009765625,2052574,2163.9650146484373,2112.659006347656,0.0045292018718894,0.0184649685700651,2108.550048828125,2108.800048828125,2152.60009765625,2196.800048828125,2188.5,2132.500048828125,2145.4150390625,29.607673681396893,36.35203105895739,-78.699951171875,6.10009765625,2077.35009765625
2019-11-22,2097.0,2107.0,2060.5,2071.699951171875,3742049,2163.4500122070312,2110.1430053710938,-0.0219064937184594,0.0191381254264786,2118.10009765625,2108.550048828125,2108.800048828125,2174.449951171875,2185.35009765625,2111.950048828125,2134.0500244140626,28.860883699462928,40.0564894967743,-102.75,-25.300048828125,2053.25
2019-11-25,2074.550048828125,2084.949951171875,2052.199951171875,2081.5,2737010,2161.2775146484373,2108.116003417969,0.0047304383159256,0.0185541606845206,2071.699951171875,2118.10009765625,2108.550048828125,2152.60009765625,2129.949951171875,2097.730029296875,2129.205029296875,19.972084632157788,43.398228132952504,-71.10009765625,6.949951171875,2021.050048828125
2019-11-26,2089.85009765625,2097.89990234375,2035.050048828125,2046.6500244140625,6561580,2157.825018310547,2105.96900390625,-0.0167427218765012,0.0188805378625998,2081.5,2071.699951171875,2118.10009765625,2108.800048828125,2100.949951171875,2085.3000244140626,2123.775036621094,28.764705446468916,50.191618415471744,-62.1500244140625,-43.2000732421875,2051.0
2019-11-27,2052.0,2071.699951171875,2046.550048828125,2054.300048828125,2907521,2150.7975158691406,2104.383002929688,0.0037378273387276,0.0165917233792098,2046.6500244140625,2081.5,2071.699951171875,2108.550048828125,2178.60009765625,2074.4500244140627,2111.3450317382812,28.02434418841367,50.49612023593236,-54.25,2.300048828125,2078.5
2019-11-28,2067.050048828125,2094.39990234375,2060.0,2077.35009765625,2924429,2142.025018310547,2103.091005859375,0.0112203905370462,0.0154772194717885,2054.300048828125,2046.6500244140625,2081.5,2118.10009765625,2196.800048828125,2066.3000244140626,2099.400036621094,15.103182607685936,41.33197570869201,-40.75,10.300048828125,2121.300048828125
2019-11-29,2085.0,2085.0,2045.800048828125,2053.25,2064271,2131.2050231933595,2101.156005859375,-0.0116013654527663,0.015324092792093,2077.35009765625,2054.300048828125,2046.6500244140625,2071.699951171875,2174.449951171875,2062.6100341796873,2087.2800415039064,15.696243882641157,33.99899236006382,-18.449951171875,-31.75,2123.60009765625
2019-12-02,2060.0,2067.699951171875,2016.0,2021.050048828125,3809860,2122.212530517578,2099.1240087890624,-0.0156824308641787,0.0143677490733787,2053.25,2077.35009765625,2054.300048828125,2081.5,2152.60009765625,2050.5200439453124,2074.125036621094,20.15595781950397,31.256188707940087,-60.449951171875,-38.949951171875,2060.449951171875
2019-12-03,2027.699951171875,2062.0,2010.0,2051.0,4664774,2115.0650329589844,2097.3730078125,0.0148190051944736,0.0149826215476085,2021.050048828125,2053.25,2077.35009765625,2046.6500244140625,2108.800048828125,2051.3900390625,2068.3450317382812,20.04070477558747,29.421968881230562,4.3499755859375,23.300048828125,2012.8499755859373
2019-12-04,2053.0,2082.0,2045.5,2078.5,3334301,2108.897528076172,2096.9040087890626,0.0134080936128717,0.0153742513650739,2051.0,2021.050048828125,2053.25,2054.300048828125,2108.550048828125,2056.230029296875,2065.3400268554688,23.536533779751526,26.21969089015488,24.199951171875,25.5,2041.9000244140625
2019-12-05,2083.0,2126.800048828125,2068.35009765625,2121.300048828125,3902721,2105.537530517578,2098.021010742188,0.02059179640516,0.0162062469874849,2078.5,2051.0,2021.050048828125,2077.35009765625,2118.10009765625,2065.02001953125,2065.660021972656,37.47533923179375,26.944644351179488,43.949951171875,38.300048828125,2020.9000244140625
2019-12-06,2124.0,2128.0,2101.0,2123.60009765625,1829461,2102.450030517578,2100.17701171875,0.0010842637888004,0.0162160231321341,2121.300048828125,2078.5,2051.0,2053.25,2071.699951171875,2079.0900390625,2070.8500366210938,44.49963243519092,32.63490605315304,70.35009765625,-0.39990234375,2071.25
2019-12-09,2127.949951171875,2127.949951171875,2053.5,2060.449951171875,2244747,2098.975030517578,2100.49201171875,-0.0297373062631103,0.0165838283573951,2123.60009765625,2121.300048828125,2078.5,2021.050048828125,2081.5,2086.97001953125,2068.7450317382813,33.871858144678285,32.55041122746791,39.39990234375,-67.5,2126.75
2019-12-10,2060.0,2060.85009765625,2003.25,2012.8499755859373,4520045,2094.570031738281,2098.9800122070315,-0.023101738316364,0.0170761236776654,2060.449951171875,2123.60009765625,2121.300048828125,2051.0,2046.6500244140625,2079.3400146484373,2065.365026855469,46.09247453085671,36.60234822951692,-38.15002441406273,-47.15002441406273,2164.949951171875
2019-12-11,2025.4000244140625,2048.0,2006.75,2041.9000244140625,4943024,2087.735028076172,2098.066010742188,0.0144322970814896,0.0149860078133262,2012.8499755859373,2060.449951171875,2123.60009765625,2078.5,2054.300048828125,2072.02001953125,2064.1250244140624,49.069339803672115,37.22362392578732,-36.5999755859375,16.5,2167.75
2019-12-12,2051.10009765625,2083.64990234375,1984.0,2020.9000244140625,7137306,2078.9400268554687,2097.361013183594,-0.0102845387868714,0.0148129595127832,2041.9000244140625,2012.8499755859373,2060.449951171875,2121.300048828125,2077.35009765625,2051.9400146484377,2058.480017089844,44.15852145363484,39.22190514573572,-100.4000244140625,-30.2000732421875,2229.050048828125
2019-12-13,2023.0,2077.39990234375,2007.0,2071.25,5711133,2073.780029296875,2096.800012207031,0.0249146296094167,0.0160748433725492,2020.9000244140625,2041.9000244140625,2012.8499755859373,2123.60009765625,2053.25,2041.4699951171874,2060.2800170898436,24.94745257812776,39.367979055340406,-52.35009765625,48.25,2222.89990234375
2019-12-16,2096.0,2136.0,2080.300048828125,2126.75,5574177,2072.4875244140626,2098.1360131835936,0.0267954133977066,0.0172117193251455,2071.25,2020.9000244140625,2041.9000244140625,2060.449951171875,2021.050048828125,2054.7300048828124,2070.8500122070313,46.159513555181654,41.780591220489995,66.300048828125,30.75,2231.699951171875
2019-12-17,2126.5,2169.0,2119.0,2164.949951171875,6059673,2075.29501953125,2100.2300122070315,0.0179616556585753,0.0170128656009301,2126.75,2071.25,2020.9000244140625,2012.8499755859373,2051.0,2085.15,2082.245007324219,59.771276458705486,50.4126049228479,152.09997558593773,38.449951171875,2215.60009765625
2019-12-18,2174.0,2203.449951171875,2153.0,2167.75,8251081,2078.255017089844,2101.998010253906,0.0012933549926219,0.0170089323197294,2164.949951171875,2126.75,2071.25,2041.9000244140625,2078.5,2110.3199951171873,2091.1700073242187,63.39356887498808,57.12889817343039,125.8499755859375,-6.25,2201.949951171875
2019-12-19,2179.800048828125,2236.5,2167.550048828125,2229.050048828125,6251505,2083.8025146484374,2105.6250122070314,0.0282781911327989,0.0180282962724052,2167.75,2164.949951171875,2126.75,2020.9000244140625,2121.300048828125,2151.95,2101.9450073242188,58.117523733746886,71.73677133387947,208.1500244140625,49.25,2198.5
2019-12-20,2220.0,2246.699951171875,2208.25,2222.89990234375,5548338,2091.362512207031,2109.6810107421875,-0.0027590885577505,0.0171386870277046,2229.050048828125,2167.75,2164.949951171875,2071.25,2123.60009765625,2182.27998046875,2111.8749877929686,43.105818418701304,81.30230133648946,151.64990234375,2.89990234375,2183.199951171875
2019-12-23,2210.0,2241.949951171875,2210.0,2231.699951171875,2247329,2098.872509765625,2114.226010742188,0.0039588147081415,0.0171370376885943,2222.89990234375,2229.050048828125,2167.75,2126.75,2060.449951171875,2203.269970703125,2128.9999877929686,33.86850546387542,87.09599367668355,104.949951171875,21.699951171875,2161.699951171875
2019-12-24,2239.0,2243.550048828125,2211.14990234375,2215.60009765625,1805896,2107.3200134277345,2118.8010131835936,-0.0072141658233092,0.0166668666632532,2231.699951171875,2222.89990234375,2229.050048828125,2164.949951171875,2012.8499755859373,2213.4,2149.275,26.262251024299296,80.39444530524828,50.650146484375,-23.39990234375,2167.60009765625
2019-12-26,2216.39990234375,2229.0,2195.199951171875,2201.949951171875,1880367,2114.702508544922,2122.420012207031,-0.0061609252043338,0.0168245974832603,2215.60009765625,2231.699951171875,2222.89990234375,2167.75,2041.9000244140625,2220.239990234375,2165.279992675781,11.959066660780037,72.15189896385127,34.199951171875,-14.449951171875,2157.64990234375
2019-12-27,2208.0,2226.39990234375,2176.0,2198.5,2720261,2120.7600036621093,2125.6440112304685,-0.0015667709295749,0.0167630558233445,2201.949951171875,2215.60009765625,2231.699951171875,2229.050048828125,2020.9000244140625,2214.12998046875,2183.039990234375,13.968053263368638,51.59337515112508,-30.550048828125,-9.5,2200.64990234375
2019-12-30,2207.0,2225.0,2177.10009765625,2183.199951171875,2288830,2127.257501220703,2128.380009765625,-0.0069593126350352,0.0165818168449557,2198.5,2201.949951171875,2215.60009765625,2222.89990234375,2071.25,2206.189990234375,2194.2349853515625,18.336875455454233,33.67595870040822,-39.699951171875,-23.800048828125,2200.449951171875
2019-12-31,2189.0,2197.0,2157.449951171875,2161.699951171875,1909289,2134.2899963378904,2130.995009765625,-0.0098479298648113,0.0162806552824585,2183.199951171875,2198.5,2201.949951171875,2231.699951171875,2126.75,2192.189990234375,2197.72998046875,20.576500398667537,27.05711457476109,-70.0,-27.300048828125,2205.85009765625
2020-01-01,2168.0,2183.89990234375,2154.0,2167.60009765625,1354908,2140.120001220703,2133.200009765625,0.0027294012201724,0.0160610464563697,2161.699951171875,2183.199951171875,2198.5,2215.60009765625,2164.949951171875,2182.589990234375,2197.9949951171875,17.95410233153925,26.711138400711935,-48.0,-0.39990234375,2255.25
2020-01-02,2179.949951171875,2179.949951171875,2149.199951171875,2157.64990234375,2380752,2144.077496337891,2135.325009765625,-0.0045904202178523,0.015944550564857,2167.60009765625,2161.699951171875,2183.199951171875,2201.949951171875,2167.75,2173.72998046875,2196.9849853515625,16.912275078928065,28.134853465941188,-44.300048828125,-22.300048828125,2214.35009765625
2020-01-03,2164.0,2223.0,2164.0,2200.64990234375,4655761,2148.044989013672,2137.936005859375,0.0199290904206892,0.0159044987115237,2157.64990234375,2167.60009765625,2161.699951171875,2198.5,2229.050048828125,2174.1599609375,2194.144970703125,17.708077983941344,25.881645801867574,2.14990234375,36.64990234375,2213.550048828125
2020-01-06,2205.0,2225.949951171875,2187.89990234375,2200.449951171875,3023209,2151.887481689453,2140.3050048828127,-9.086005532366048e-05,0.0159100651281992,2200.64990234375,2157.64990234375,2167.60009765625,2183.199951171875,2222.89990234375,2177.6099609375,2191.8999755859377,21.2381364920943,24.01676025661198,17.25,-4.550048828125,2190.35009765625
2020-01-07,2200.5,2214.64990234375,2183.800048828125,2205.85009765625,2429317,2159.157489013672,2141.9230078125,0.0024541101157511,0.0140621025887334,2200.449951171875,2200.64990234375,2157.64990234375,2161.699951171875,2231.699951171875,2186.439990234375,2189.314990234375,22.12896061081668,20.371519649499582,44.150146484375,5.35009765625,2206.89990234375
2020-01-08,2205.0,2260.0,2202.050048828125,2255.25,5197454,2171.277490234375,2144.7140087890625,0.0223949498636548,0.0131833270554764,2205.85009765625,2200.449951171875,2200.64990234375,2167.60009765625,2215.60009765625,2203.969970703125,2193.27998046875,34.64873160115858,28.351555866568496,87.64990234375,50.25,2226.89990234375
2020-01-09,2248.75,2251.949951171875,2210.0,2214.35009765625,3734173,2179.8999938964844,2145.1040087890624,-0.0181354183987363,0.0140421835211165,2255.25,2205.85009765625,2200.449951171875,2157.64990234375,2201.949951171875,2215.310009765625,2194.5199951171876,23.02908095933866,29.03580464705027,56.7001953125,-34.39990234375,2238.800048828125
2020-01-10,2228.0,2234.0,2208.0,2213.550048828125,1915807,2189.5324951171874,2144.3190087890625,-0.0003613018686484,0.0136756572711453,2214.35009765625,2255.25,2205.85009765625,2200.64990234375,2198.5,2217.8900390625,2196.025,21.657852134641757,29.648596878765964,12.900146484375,-14.449951171875,2219.10009765625
2020-01-13,2217.85009765625,2218.949951171875,2184.699951171875,2190.35009765625,2843893,2195.4875,2142.7330126953125,-0.0104808794290227,0.0131972435676693,2213.550048828125,2214.35009765625,2255.25,2200.449951171875,2183.199951171875,2215.870068359375,2196.7400146484374,24.03196067304735,29.390028262828427,-10.099853515625,-27.5,2170.35009765625
2020-01-14,2195.0,2229.800048828125,2195.0,2206.89990234375,2948452,2199.4949951171875,2142.8530126953124,0.0075557805600159,0.0120101688606341,2190.35009765625,2213.550048828125,2214.35009765625,2205.85009765625,2161.699951171875,2216.080029296875,2201.260009765625,23.926889594364262,26.76041347163287,1.0498046875,11.89990234375,2171.050048828125
2020-01-15,2213.0,2231.0,2194.199951171875,2226.89990234375,2620681,2202.592492675781,2143.51201171875,0.0090624862408847,0.011540202415699,2206.89990234375,2190.35009765625,2213.550048828125,2255.25,2167.60009765625,2210.410009765625,2207.189990234375,13.341866652446601,24.984095579131186,-28.35009765625,13.89990234375,2206.89990234375
2020-01-16,2226.949951171875,2249.0,2215.0,2238.800048828125,3117214,2206.144995117188,2144.251010742188,0.0053438174171414,0.0115723536649362,2226.89990234375,2206.89990234375,2190.35009765625,2214.35009765625,2157.64990234375,2215.3,2215.3050048828127,18.593894333958424,19.732337125222326,24.449951171875,11.85009765625,2190.949951171875
2020-01-17,2240.75,2253.550048828125,2213.0,2219.10009765625,3281059,2205.647497558594,2144.8630126953126,-0.0087993347964177,0.009941564774218,2238.800048828125,2226.89990234375,2206.89990234375,2213.550048828125,2200.64990234375,2216.410009765625,2217.1500244140625,18.628938715771046,19.060942858318,5.550048828125,-21.64990234375,2183.39990234375
2020-01-20,2194.89990234375,2242.199951171875,2156.199951171875,2170.35009765625,5817599,2203.0200073242186,2144.5630126953124,-0.0219683645868378,0.0110682333302462,2219.10009765625,2238.800048828125,2226.89990234375,2190.35009765625,2200.449951171875,2212.410009765625,2214.1400390625,26.22282362312857,23.78285204817489,-20.0,-24.5498046875,2169.25
2020-01-21,2169.949951171875,2186.550048828125,2158.050048828125,2171.050048828125,1902980,2199.987512207031,2145.3850146484374,0.0003225061120926,0.0110098258873037,2170.35009765625,2219.10009765625,2238.800048828125,2206.89990234375,2205.85009765625,2205.2400390625,2210.6600341796875,32.30243257330422,27.40141167073875,-35.849853515625,1.10009765625,2183.75
2020-01-22,2181.0,2210.0,2173.699951171875,2206.89990234375,1773686,2199.5525024414064,2147.504013671875,0.0165126794451264,0.0116035047143234,2171.050048828125,2170.35009765625,2219.10009765625,2226.89990234375,2255.25,2201.2400390625,2205.8250244140627,30.113925638155727,22.483664685409867,-20.0,25.89990234375,2154.60009765625
2020-01-23,2209.800048828125,2217.75,2183.699951171875,2190.949951171875,2069866,2199.0025024414062,2147.751010742188,-0.0072273106518949,0.0116350694164403,2206.89990234375,2171.050048828125,2170.35009765625,2238.800048828125,2214.35009765625,2191.67001953125,2203.485009765625,21.590502978288686,22.71433919062329,-47.85009765625,-18.85009765625,2137.85009765625
2020-01-24,2190.949951171875,2190.949951171875,2170.0,2183.39990234375,1319430,2198.2474975585938,2147.4830078125,-0.0034460161100835,0.011654377956593,2190.949951171875,2206.89990234375,2171.050048828125,2219.10009765625,2213.550048828125,2184.52998046875,2200.4699951171874,15.212528871815378,23.225164128867984,-35.7001953125,-7.550048828125,2079.050048828125
2020-01-27,2189.699951171875,2193.449951171875,2165.0,2169.25,1549101,2197.55,2147.3790087890625,-0.0064806737091821,0.0116404236207668,2183.39990234375,2190.949951171875,2206.89990234375,2170.35009765625,2190.35009765625,2184.3099609375,2198.3599853515625,15.474582565304969,25.127295025535258,-1.10009765625,-20.449951171875,2102.5
2020-01-28,2174.0,2187.800048828125,2152.0,2183.75,1743024,2198.6525024414063,2148.0020068359377,0.0066843379048058,0.0115097058692894,2169.25,2183.39990234375,2190.949951171875,2171.050048828125,2206.89990234375,2186.849951171875,2196.0449951171877,13.693806605828378,25.31876398946793,12.699951171875,9.75,2107.75
2020-01-29,2185.0,2186.949951171875,2150.0,2154.60009765625,2306761,2198.0025024414062,2148.9180078125,-0.0133485528763594,0.0119056490769851,2183.75,2169.25,2183.39990234375,2206.89990234375,2226.89990234375,2176.389990234375,2188.8150146484377,14.500689234877349,25.84631144840566,-52.2998046875,-30.39990234375,2146.550048828125
2020-01-30,2160.0,2165.0,2125.0,2137.85009765625,2098567,2197.0125122070312,2149.5040087890625,-0.0077740644392527,0.0119879674252584,2154.60009765625,2183.75,2169.25,2190.949951171875,2238.800048828125,2165.77001953125,2178.72001953125,19.68814314442676,23.786355092566794,-53.099853515625,-22.14990234375,2128.35009765625
2020-01-31,2139.39990234375,2144.35009765625,2071.60009765625,2079.050048828125,3287223,2190.93251953125,2148.7230078125,-0.0275042898903847,0.0124395113562291,2137.85009765625,2154.60009765625,2183.75,2183.39990234375,2219.10009765625,2144.900048828125,2164.7150146484373,40.565545993255824,35.64371057222861,-104.349853515625,-60.349853515625,2136.550048828125
2020-02-03,2152.0,2194.699951171875,2093.199951171875,2102.5,4728073,2186.035021972656,2149.3390087890625,0.0112791662639832,0.0128220526629456,2079.050048828125,2137.85009765625,2154.60009765625,2169.25,2170.35009765625,2131.550048828125,2157.9300048828127,41.52103564904965,40.56936069144774,-66.75,-49.5,2161.949951171875
2020-02-04,2129.0,2136.699951171875,2086.60009765625,2107.75,3509339,2181.130017089844,2149.8640087890626,0.0024970273483948,0.012822875384247,2102.5,2079.050048828125,2137.85009765625,2183.75,2171.050048828125,2116.350048828125,2151.6,29.92654769328451,43.15098165609615,-76.0,-21.25,2153.39990234375
2020-02-05,2115.0,2156.699951171875,2104.300048828125,2146.550048828125,2439322,2175.69501953125,2151.8620092773435,0.0184082784144823,0.0124459714076566,2107.75,2102.5,2079.050048828125,2154.60009765625,2206.89990234375,2114.7400390625,2145.5650146484377,27.47001153427475,38.53033045772992,-8.050048828125,31.550048828125,2170.75
2020-02-06,2145.0,2174.199951171875,2115.5,2128.35009765625,2640065,2171.39501953125,2153.3430102539064,-0.0084786987295315,0.0119817654974015,2146.550048828125,2107.75,2102.5,2137.85009765625,2190.949951171875,2112.8400390625,2139.305029296875,25.7464318959517,35.28607535311332,-9.5,-16.64990234375,2191.949951171875
2020-02-07,2139.0,2151.0,2119.0,2136.550048828125,2083442,2167.54501953125,2154.527009277344,0.0038527266641446,0.0120473090924674,2128.35009765625,2146.550048828125,2107.75,2079.050048828125,2183.39990234375,2124.3400390625,2134.6200439453123,18.77941788593508,31.709979563660376,57.5,-2.449951171875,2184.199951171875
2020-02-10,2140.89990234375,2167.0,2119.0,2161.949951171875,2383032,2166.1250122070314,2156.7010083007813,0.0118882786563701,0.0122261803305342,2136.550048828125,2128.35009765625,2146.550048828125,2102.5,2169.25,2136.230029296875,2133.8900390625,20.256634643333225,30.89779952021655,59.449951171875,21.050048828125,2203.25
2020-02-11,2163.0,2174.800048828125,2147.60009765625,2153.39990234375,1335820,2163.4500122070312,2159.3480053710937,-0.003954785735669,0.0120931919633711,2161.949951171875,2136.550048828125,2128.35009765625,2107.75,2183.75,2145.360009765625,2130.855029296875,13.30634006019356,26.655356673478114,45.64990234375,-9.60009765625,2215.75
2020-02-12,2151.10009765625,2185.0,2150.0,2170.75,1620407,2160.642517089844,2161.7430053710937,0.0080570718134453,0.0120504905974067,2153.39990234375,2161.949951171875,2136.550048828125,2146.550048828125,2154.60009765625,2150.2,2132.47001953125,17.566606295590848,28.66719153774069,24.199951171875,19.64990234375,2196.35009765625
2020-02-13,2172.949951171875,2197.0,2171.0,2191.949951171875,1645948,2158.300012207031,2164.0120043945312,0.0097661873416445,0.0122164475693882,2170.75,2153.39990234375,2161.949951171875,2128.35009765625,2137.85009765625,2162.919970703125,2137.8800048828125,20.560852024890767,34.339009964785696,63.599853515625,19.0,2156.800048828125
2020-02-14,2188.0,2212.0,2171.0,2184.199951171875,1500115,2156.5550048828127,2165.270002441406,-0.0035356646696502,0.0120953541850198,2191.949951171875,2170.75,2153.39990234375,2136.550048828125,2079.050048828125,2172.449951171875,2148.3949951171876,15.766710931110065,30.168843285729768,47.64990234375,-3.800048828125,2115.35009765625
2020-02-17,2196.949951171875,2217.0,2190.199951171875,2203.25,1774724,2158.2,2166.863000488281,0.0087217513295447,0.0111694313104767,2184.199951171875,2191.949951171875,2170.75,2161.949951171875,2102.5,2180.7099609375,2158.4699951171874,19.31068936829067,29.96126514291649,41.300048828125,6.300048828125,2156.14990234375
2020-02-18,2199.949951171875,2221.0,2186.050048828125,2215.75,2486223,2160.4349975585938,2169.969001464844,0.0056734369681152,0.0112210565377011,2203.25,2184.199951171875,2191.949951171875,2153.39990234375,2107.75,2193.17998046875,2169.2699951171876,17.29211523406727,29.099785671919943,62.35009765625,15.800048828125,2123.60009765625
2020-02-19,2215.75,2230.0,2190.5,2196.35009765625,1760463,2159.907507324219,2173.63900390625,-0.008755456321223,0.010806800314001,2215.75,2203.25,2184.199951171875,2170.75,2146.550048828125,2198.3,2174.25,11.957650440461508,29.040793613247462,25.60009765625,-19.39990234375,2105.5
2020-02-20,2204.5,2214.39990234375,2151.25,2156.800048828125,2317278,2158.2000122070312,2175.9370043945314,-0.0180071696540224,0.0114275787716853,2196.35009765625,2215.75,2203.25,2191.949951171875,2128.35009765625,2191.27001953125,2177.0949951171874,22.398444792097408,25.18171521770866,-35.14990234375,-47.699951171875,2000.1500244140625
2020-02-24,2156.0,2178.949951171875,2106.699951171875,2115.35009765625,3092877,2154.7975219726563,2177.826005859375,-0.0192182632759102,0.0121469681988045,2156.800048828125,2196.35009765625,2215.75,2184.199951171875,2136.550048828125,2177.500048828125,2174.975,41.1477506113454,29.49701478617359,-68.849853515625,-40.64990234375,2001.300048828125
2020-02-25,2115.5,2176.64990234375,2111.0,2156.14990234375,2674567,2154.142517089844,2179.52400390625,0.019287495120881,0.0129332940781833,2115.35009765625,2156.800048828125,2196.35009765625,2203.25,2161.949951171875,2168.080029296875,2174.3949951171876,39.12043727771533,29.83665396754864,-47.10009765625,40.64990234375,2036.199951171875
2020-02-26,2154.0,2163.89990234375,2112.949951171875,2123.60009765625,2686842,2151.1350219726564,2179.461005859375,-0.0150962623944272,0.013234548331762,2156.14990234375,2115.35009765625,2156.800048828125,2215.75,2153.39990234375,2149.650048828125,2171.4150146484376,32.13001619484541,33.43743433035901,-92.14990234375,-30.39990234375,2083.199951171875
2020-02-27,2119.949951171875,2119.949951171875,2086.199951171875,2105.5,2349001,2148.680017089844,2178.2720068359376,-0.0085233079788545,0.0130462198444384,2123.60009765625,2156.14990234375,2115.35009765625,2196.35009765625,2170.75,2131.480029296875,2164.8900146484375,23.70092806659046,39.413969312914936,-90.85009765625,-14.449951171875,2125.050048828125
2020-02-28,2068.0,2069.5,1990.0,2000.1500244140625,4298076,2141.7950134277344,2174.9200073242187,-0.0500356093972631,0.0170095759297726,2105.5,2123.60009765625,2156.14990234375,2156.800048828125,2191.949951171875,2100.1500244140625,2145.7100219726562,59.045653372078185,63.86570268960532,-156.6500244140625,-67.8499755859375,2116.449951171875
2020-03-02,2035.0,2053.949951171875,1985.699951171875,2001.300048828125,2667076,2137.9075134277346,2170.365007324219,0.0005749690773317,0.0160269732071407,2000.1500244140625,2105.5,2123.60009765625,2115.35009765625,2184.199951171875,2077.3400146484373,2127.420031738281,72.25709212211567,76.54844514455559,-114.050048828125,-33.699951171875,1972.3499755859373
2020-03-03,2020.0,2060.0,2012.0,2036.199951171875,2757585,2134.5925109863283,2166.631008300781,0.0174386156459576,0.0163471053856379,2001.300048828125,2000.1500244140625,2105.5,2156.14990234375,2203.25,2053.3500244140623,2110.7150268554688,58.069479321879136,76.3888642386671,-119.949951171875,16.199951171875,1953.699951171875
2020-03-04,2056.0,2094.449951171875,2025.0,2083.199951171875,3237002,2133.3650085449217,2163.6610083007813,0.0230822125169734,0.0172341409026064,2036.199951171875,2001.300048828125,2000.1500244140625,2123.60009765625,2215.75,2045.2699951171876,2097.4600219726562,47.74350396802407,67.06970625901015,-40.400146484375,27.199951171875,1769.8499755859375
2020-03-05,2085.699951171875,2147.75,2084.050048828125,2125.050048828125,3937056,2132.290008544922,2161.850007324219,0.0200893330631597,0.0173347238533534,2083.199951171875,2036.199951171875,2001.300048828125,2105.5,2196.35009765625,2049.1800048828127,2090.3300170898438,54.26447107610777,58.65028397763813,19.550048828125,39.35009765625,1806.300048828125
2020-03-06,2098.0,2123.64990234375,2071.60009765625,2116.449951171875,2595027,2131.695001220703,2160.140007324219,-0.0040470094626677,0.0172535995375821,2125.050048828125,2083.199951171875,2036.199951171875,2000.1500244140625,2156.800048828125,2072.439990234375,2086.2950073242187,52.902512655051694,54.83295348905212,116.2999267578125,18.449951171875,1696.4000244140625
2020-03-09,2075.0,2079.89990234375,1935.0,1972.3499755859373,4940975,2123.484997558594,2155.617006835937,-0.0680856995962271,0.0229397239995485,2116.449951171875,2125.050048828125,2083.199951171875,2001.300048828125,2115.35009765625,2066.6499755859377,2071.9949951171875,63.21432156118945,64.25145358270616,-28.950073242187727,-102.65002441406273,1658.0
2020-03-11,1933.0,1987.300048828125,1920.0,1953.699951171875,6796449,2113.0724975585936,2151.0270068359373,-0.00945573789891,0.0226695859444898,1972.3499755859373,2116.449951171875,2125.050048828125,2036.199951171875,2156.14990234375,2050.1499755859377,2051.75,81.32259192574698,66.63942303853382,-82.5,20.699951171875,1654.4000244140625
2020-03-12,1904.0,1908.4000244140625,1758.3499755859375,1769.8499755859375,8728786,2093.8950012207038,2143.190007324218,-0.0941034857863716,0.0302029414692758,1953.699951171875,1972.3499755859373,2116.449951171875,2083.199951171875,2123.60009765625,1987.47998046875,2016.3749877929688,145.16508146237692,106.33207244348439,-313.3499755859375,-134.1500244140625,1636.3499755859375
2020-03-13,1687.9000244140625,1820.0,1506.050048828125,1806.300048828125,8029720,2075.672503662109,2135.9640063476563,0.0205950073424274,0.0307082499817785,1769.8499755859375,1953.699951171875,1972.3499755859373,2125.050048828125,2105.5,1923.72998046875,1986.4549926757813,139.52771671321526,119.71945807372207,-318.75,118.4000244140625,1797.449951171875
2020-03-16,1755.0,1842.25,1675.8499755859375,1696.4000244140625,7844271,2050.8950073242186,2126.7390087890626,-0.0608426183043965,0.0324832651286189,1806.300048828125,1769.8499755859375,1953.699951171875,2116.449951171875,2000.1500244140625,1839.7199951171874,1956.0799926757813,119.5004901067122,150.44846376461157,-420.0499267578125,-58.5999755859375,1669.699951171875
2020-03-17,1730.0,1731.0,1623.1500244140625,1658.0,5713248,2024.585009765625,2115.8860107421874,-0.0226361847803709,0.0324955255861254,1696.4000244140625,1806.300048828125,1769.8499755859375,1972.3499755859373,2001.300048828125,1776.85,1921.7499877929688,114.88008097474084,175.98421597304227,-314.3499755859373,-72.0,1703.1500244140625
2020-03-18,1676.800048828125,1713.550048828125,1627.75,1654.4000244140625,7258778,1997.142510986328,2104.965012207031,-0.0021712759866933,0.0321992773286896,1658.0,1696.4000244140625,1806.300048828125,1953.699951171875,2036.199951171875,1716.9900146484374,1883.5699951171875,68.17575463298562,189.30694911200553,-299.2999267578125,-22.4000244140625,1750.300048828125
2020-03-19,1559.699951171875,1685.449951171875,1546.75,1636.3499755859375,5135111,1968.172509765625,2093.575009765625,-0.0109103291596709,0.0318858026764667,1654.4000244140625,1658.0,1696.4000244140625,1769.8499755859375,2083.199951171875,1690.2900146484376,1838.8849975585938,68.4396166500002,189.6875259394829,-133.5,76.6500244140625,1790.949951171875
2020-03-20,1630.0,1869.0,1627.0,1797.449951171875,8547498,1948.2275024414064,2084.4190087890624,0.0984508069725436,0.0407020036680694,1636.3499755859375,1654.4000244140625,1658.0,1806.300048828125,2125.050048828125,1688.5199951171876,1806.1249877929688,64.70159122545947,160.8748518348329,-8.85009765625,167.449951171875,1824.5
2020-03-23,1620.0,1750.0,1617.75,1669.699951171875,7003490,1923.8724975585935,2073.526005859375,-0.0710729107737945,0.0429738885015674,1797.449951171875,1636.3499755859375,1654.4000244140625,1696.4000244140625,2116.449951171875,1683.17998046875,1761.4499877929688,64.98981466080302,122.60057687324006,-26.7000732421875,49.699951171875,1778.5
2020-03-24,1653.050048828125,1770.0,1632.8499755859375,1703.1500244140625,6350865,1903.2624938964843,2063.318005371094,0.0200335834104268,0.0435118422610013,1669.699951171875,1797.449951171875,1636.3499755859375,1658.0,1972.3499755859373,1692.2099853515624,1734.5299926757812,63.74121574074939,98.29170449606406,45.1500244140625,50.0999755859375,1826.0999755859373
2020-03-25,1700.0,1810.0,1680.0,1750.300048828125,2765520,1882.9700012207031,2054.517004394532,0.0276840112369334,0.0438472053596816,1703.1500244140625,1669.699951171875,1797.449951171875,1654.4000244140625,1953.699951171875,1711.389990234375,1714.1900024414062,63.9477711271611,62.38536553034937,95.9000244140625,50.300048828125,1708.75
2020-03-26,1831.5999755859373,1832.050048828125,1722.550048828125,1790.949951171875,4556067,1866.3374938964844,2046.1980053710936,0.023224533628372,0.0444210795452228,1750.300048828125,1703.1500244140625,1669.699951171875,1636.3499755859375,1769.8499755859375,1742.3099853515625,1716.3,55.398156161173816,64.7876366059651,154.5999755859375,-40.65002441406227,1654.199951171875
2020-03-27,1820.0,1850.0,1750.4000244140625,1824.5,4331250,1852.2874938964844,2038.150007324219,0.0187331023997472,0.0448056240309924,1790.949951171875,1750.300048828125,1703.1500244140625,1797.449951171875,1806.300048828125,1747.7199951171874,1718.1199951171875,62.93700118601836,67.7831903953485,27.050048828125,4.5,1775.199951171875
2020-03-30,1766.0,1905.0,1763.550048828125,1778.5,8513547,1841.204992675781,2028.9440063476563,-0.0252123869553302,0.043860473689919,1824.5,1790.949951171875,1750.300048828125,1669.699951171875,1696.4000244140625,1769.4800048828124,1726.3299926757813,45.65373969214441,69.80209752080157,108.800048828125,12.5,1705.449951171875
2020-03-31,1837.4000244140625,1855.0,1780.0,1826.0999755859373,3927593,1832.444989013672,2021.08400390625,0.0267641133460427,0.0444208834636489,1778.5,1824.5,1790.949951171875,1703.1500244140625,1658.0,1794.0699951171875,1743.139990234375,32.0931163425929,71.73275772411013,122.94995117187477,-11.300048828125227,1766.1500244140625
2020-04-01,1825.9000244140625,1834.75,1702.0,1708.75,4941878,1816.072491455078,2011.852001953125,-0.0642626237089146,0.046106880982793,1826.0999755859373,1778.5,1824.5,1750.300048828125,1654.4000244140625,1785.7599853515626,1748.5749877929688,47.797187478559984,66.09991989091128,-41.550048828125,-117.1500244140625,1759.25
2020-04-03,1740.0,1740.0,1650.0,1654.199951171875,5735369,1794.622491455078,2001.515,-0.0319239495702268,0.0458132516895529,1708.75,1826.0999755859373,1778.5,1790.949951171875,1636.3499755859375,1758.4099853515625,1750.3599853515625,75.29820527673147,62.895969395490795,-136.75,-85.800048828125,1735.1500244140625
2020-04-07,1710.0,1785.8499755859375,1705.0,1775.199951171875,5427577,1777.1299865722656,1992.8810009765623,0.0731471427709091,0.0490939463620672,1654.199951171875,1708.75,1826.0999755859373,1824.5,1797.449951171875,1748.5499755859375,1748.1349853515626,67.28148486900521,61.4212951370222,-49.300048828125,65.199951171875,1716.050048828125
2020-04-08,1760.0,1806.0,1701.0,1705.449951171875,6285615,1756.5799865722656,1983.1710009765625,-0.0392913485345441,0.0495820870707519,1775.199951171875,1654.199951171875,1708.75,1778.5,1669.699951171875,1733.9399658203124,1751.7099853515624,67.08304375929205,57.24734906325851,-73.050048828125,-54.550048828125,1806.199951171875
2020-04-09,1750.449951171875,1778.800048828125,1731.199951171875,1766.1500244140625,5307397,1746.269989013672,1974.8260034179689,0.0355918232607637,0.0485509361428021,1705.449951171875,1775.199951171875,1654.199951171875,1826.0999755859373,1703.1500244140625,1721.9499755859374,1758.0099853515626,49.5624862813479,54.72037574474042,-59.94995117187477,15.7000732421875,1818.6500244140625
2020-04-13,1761.0,1787.0,1746.0,1759.25,2990438,1736.5474914550782,1966.6260034179688,-0.0039068167022513,0.0485362742560975,1766.1500244140625,1705.449951171875,1775.199951171875,1708.75,1750.300048828125,1732.0499755859375,1758.90498046875,51.314624259014685,54.65341307563631,50.5,-1.75,1737.6500244140625
2020-04-15,1785.0,1812.0,1727.800048828125,1735.1500244140625,4761399,1734.8124938964845,1957.65400390625,-0.0136990055909833,0.0437870329135349,1759.25,1766.1500244140625,1705.449951171875,1654.199951171875,1790.949951171875,1748.239990234375,1753.3249877929688,28.156543561217,53.86094715357665,80.9500732421875,-49.8499755859375,1769.5
2020-04-16,1709.949951171875,1764.9000244140625,1675.050048828125,1716.050048828125,6245533,1730.2999938964845,1948.883002929688,-0.0110076796341499,0.0435711575779143,1735.1500244140625,1759.25,1766.1500244140625,1775.199951171875,1824.5,1736.410009765625,1742.4799926757812,26.366524352814203,48.59859871752909,-59.14990234375,6.10009765625,1878.25
2020-04-17,1800.0,1851.949951171875,1753.0,1806.199951171875,9895823,1735.789990234375,1942.25,0.0525333759381392,0.0428358729203028,1716.050048828125,1735.1500244140625,1759.25,1705.449951171875,1778.5,1756.560009765625,1745.2499877929688,34.1422488244016,51.57785660681824,100.75,6.199951171875,1818.550048828125
2020-04-20,1830.0,1830.0,1802.5,1818.6500244140625,3244282,1743.822491455078,1937.0419995117188,0.0068929651083811,0.0423757700113619,1806.199951171875,1716.050048828125,1735.1500244140625,1766.1500244140625,1826.0999755859373,1767.060009765625,1744.5049926757813,44.36982126748787,50.31873110702519,52.5,-11.3499755859375,1836.5999755859373
2020-04-21,1765.0,1794.5999755859375,1727.699951171875,1737.6500244140625,5122541,1747.9849914550782,1929.745,-0.0445385307302853,0.0438129768221176,1818.6500244140625,1806.199951171875,1716.050048828125,1759.25,1708.75,1762.7400146484374,1747.3949951171876,46.32861792135789,48.84535944010857,-21.5999755859375,-27.3499755859375,1859.050048828125
2020-04-22,1737.6500244140625,1790.0,1719.1500244140625,1769.5,3829836,1754.642492675781,1922.98,0.0183293385540492,0.0437995225627664,1737.6500244140625,1818.6500244140625,1806.199951171875,1735.1500244140625,1654.199951171875,1769.610009765625,1758.925,43.686007571882016,36.43369494853243,34.3499755859375,31.8499755859375,1905.6500244140625
2020-04-23,1780.0,1900.0,1760.8499755859375,1878.25,5934366,1758.6824951171875,1917.6139990234376,0.0614580389940662,0.0402770267708584,1769.5,1737.6500244140625,1818.6500244140625,1716.050048828125,1775.199951171875,1802.05,1769.2300048828124,53.16503141339413,52.55513240760687,162.199951171875,98.25,2014.449951171875
2020-04-24,1840.699951171875,1851.949951171875,1807.800048828125,1818.550048828125,2987102,1766.125,1911.417998046875,-0.0317848801660455,0.0373254596171619,1878.25,1769.5,1737.6500244140625,1806.199951171875,1705.449951171875,1804.52001953125,1780.5400146484376,53.69033152003837,49.37811678583737,12.35009765625,-22.14990234375,1930.449951171875
2020-04-27,1832.300048828125,1875.0,1825.0,1836.5999755859373,3374741,1772.7974975585937,1905.4189965820312,0.0099254495467109,0.0371784480098636,1818.550048828125,1878.25,1769.5,1818.6500244140625,1766.1500244140625,1808.110009765625,1787.585009765625,55.44283810374949,52.050310699466436,17.949951171874773,4.299926757812273,1932.75
2020-04-28,1865.0,1868.0,1832.5999755859373,1859.050048828125,2678505,1778.2349975585937,1899.3609985351563,0.0122237142222685,0.0368286447826742,1836.5999755859373,1818.550048828125,1878.25,1737.6500244140625,1759.25,1832.3900146484375,1797.5650146484375,41.76816385237026,55.46919830998906,121.4000244140625,-5.949951171875,1903.5999755859373
2020-04-29,1874.0,1912.550048828125,1850.050048828125,1905.6500244140625,4241510,1783.9700012207031,1894.4060009765624,0.0250665524660362,0.0368824112853911,1859.050048828125,1836.5999755859373,1818.550048828125,1769.5,1735.1500244140625,1859.62001953125,1814.6150146484374,34.21559332081835,60.15831057436372,136.1500244140625,31.6500244140625,1891.6500244140625
2020-04-30,1980.0,2032.0,1942.199951171875,2014.449951171875,5915544,1793.4674987792969,1891.28,0.0570933410458016,0.0386572176000924,1905.6500244140625,1859.050048828125,1836.5999755859373,1878.25,1716.050048828125,1886.860009765625,1844.4550048828125,78.41870555695368,77.37778907322601,136.199951171875,34.449951171875,1893.4000244140625
2020-05-04,1966.0,1966.0,1913.6500244140625,1930.449951171875,3729348,1801.0649963378903,1886.05,-0.0416987277103282,0.0395166262781317,2014.449951171875,1905.6500244140625,1859.050048828125,1818.550048828125,1806.199951171875,1909.239990234375,1856.8800048828125,69.51166830921642,80.46653933956932,111.89990234375,-35.550048828125,1935.300048828125
2020-05-05,1955.0999755859373,1977.0,1927.0,1932.75,2905528,1806.3974975585936,1881.0210009765624,0.0011914573733076,0.0391823977256588,1930.449951171875,2014.449951171875,1905.6500244140625,1836.5999755859373,1818.6500244140625,1928.4699951171874,1868.2900024414062,56.46829091758391,82.50698279482387,96.15002441406273,-22.349975585937273,1949.5
2020-05-06,1939.800048828125,1953.699951171875,1893.5999755859373,1903.5999755859373,3517431,1816.1399963378904,1875.0280004882811,-0.015082149483411,0.0361254716205923,1932.75,1930.449951171875,2014.449951171875,1859.050048828125,1737.6500244140625,1937.37998046875,1884.8849975585938,45.158391386581364,68.87401671347834,44.54992675781227,-36.20007324218773,1949.6500244140625
2020-05-07,1910.0,1934.449951171875,1883.3499755859373,1891.6500244140625,3166754,1828.0125,1868.5460009765625,-0.0062775537534857,0.0351494822099888,1903.5999755859373,1932.75,1930.449951171875,1905.6500244140625,1769.5,1934.57998046875,1897.1,47.96446606610443,55.71023911929335,-14.0,-18.3499755859375,1902.3499755859373
2020-05-08,1939.0999755859373,1939.5,1886.25,1893.4000244140625,2686530,1833.9225036621092,1862.4869995117188,0.0009251182710405,0.0315556570163036,1891.6500244140625,1903.5999755859373,1932.75,2014.449951171875,1878.25,1910.3699951171875,1898.6150024414062,19.926863946439617,55.34547224271425,-121.0499267578125,-45.69995117187477,1892.9000244140625
2020-05-11,1909.0,1951.4000244140625,1909.0,1935.300048828125,2449841,1845.4150085449216,1858.0569995117187,0.0221295150912597,0.0301072959784687,1893.4000244140625,1891.6500244140625,1903.5999755859373,1930.449951171875,1818.550048828125,1911.3400146484375,1910.2900024414062,21.224501645366594,48.46583133303588,4.85009765625,26.300048828125,1945.5999755859373
2020-05-12,1933.4000244140625,1956.5,1910.25,1949.5,3256595,1854.5825073242188,1854.7399975585936,0.0073373383008352,0.0293366546539483,1935.300048828125,1893.4000244140625,1891.6500244140625,1932.75,1836.5999755859373,1914.6900146484375,1921.5800048828125,26.189704034477,42.12810299885124,16.75,16.0999755859375,1948.6500244140625
2020-05-13,1994.0,1994.0,1925.6500244140625,1949.6500244140625,2656665,1864.1025085449216,1850.61,7.69553290906888e-05,0.0292839326140378,1949.5,1935.300048828125,1893.4000244140625,1903.5999755859373,1859.050048828125,1923.9000244140625,1930.6400024414063,29.234800780252638,36.56058684674118,46.05004882812523,-44.3499755859375,1953.5999755859373
2020-05-14,1910.0,1923.0999755859373,1891.0999755859373,1902.3499755859373,2263146,1872.462506103516,1846.1849975585933,-0.0242607894934069,0.0297410816504683,1949.6500244140625,1949.5,1935.300048828125,1891.6500244140625,1905.6500244140625,1926.0400146484376,1930.3099975585938,26.552488678665842,36.82515170165956,10.699951171874773,-7.650024414062727,1991.199951171875
2020-05-15,1916.0,1917.4000244140625,1865.199951171875,1892.9000244140625,3173682,1881.3050048828125,1841.932998046875,-0.0049675145441964,0.0296000234054889,1902.3499755859373,1949.6500244140625,1949.5,1893.4000244140625,2014.449951171875,1925.9400146484375,1918.1550048828126,26.706640608456773,23.68159624827864,-0.5,-23.0999755859375,2020.3499755859373
2020-05-18,1907.0,1952.949951171875,1872.0999755859373,1945.5999755859373,3727694,1888.275006103516,1840.841997070312,0.0278408529199463,0.0279991479726815,1892.9000244140625,1902.3499755859373,1949.6500244140625,1935.300048828125,1930.449951171875,1928.0,1919.6700073242187,27.97617171957648,25.003267334197595,10.299926757812273,38.59997558593727,1943.0
2020-05-19,1903.0,1966.449951171875,1903.0,1948.6500244140625,3198693,1894.775006103516,1839.788996582031,0.0015676649189957,0.0279964508469975,1945.5999755859373,1892.9000244140625,1902.3499755859373,1949.5,1932.75,1927.8300048828125,1921.260009765625,27.814985857155143,26.394327044020837,-0.8499755859375,45.6500244140625,2005.300048828125
2020-05-20,1950.0,1962.9000244140625,1931.699951171875,1953.5999755859373,2778505,1905.5725036621093,1838.136997070312,0.0025401950631762,0.0255916962329745,1948.6500244140625,1945.5999755859373,1892.9000244140625,1949.6500244140625,1903.5999755859373,1928.6199951171875,1926.260009765625,28.633684131537713,27.39412159771162,3.9499511718747726,3.5999755859372726,2004.300048828125
2020-05-21,1946.0,1998.0,1941.1500244140625,1991.199951171875,3400908,1916.6575012207031,1836.2969970703125,0.0192465069900815,0.0256154203274683,1953.5999755859373,1948.6500244140625,1945.5999755859373,1902.3499755859373,1891.6500244140625,1946.389990234375,1936.2150024414063,35.09567213022373,31.23791712194105,88.84997558593773,45.199951171875,1972.3499755859373
2020-05-22,1977.0999755859373,2032.0,1961.25,2020.3499755859373,3663418,1923.7625,1834.2029956054685,0.0146394260390105,0.0222161622417346,1991.199951171875,1953.5999755859373,1948.6500244140625,1892.9000244140625,1893.4000244140625,1971.87998046875,1948.9099975585937,32.737706807636265,37.14268216748081,127.44995117187477,43.25,2045.25
2020-05-26,2015.0,2024.0,1925.0,1943.0,4575317,1929.9849975585937,1830.733996582031,-0.0382854339696786,0.0228052542760255,2020.3499755859373,1991.199951171875,1953.5999755859373,1945.5999755859373,1935.300048828125,1971.3599853515625,1949.6799926757812,33.27571347362911,36.90826163045968,-2.5999755859372726,-72.0,2047.1500244140625
2020-05-27,1959.0,2010.0,1941.25,2005.300048828125,3482160,1938.4200012207032,1831.3929980468747,0.0320638439671254,0.0236519576514543,1943.0,2020.3499755859373,1991.199951171875,1948.6500244140625,1949.5,1982.689990234375,1955.2599975585938,33.25444691505088,40.88217717259996,56.6500244140625,46.300048828125,2046.1500244140625
2020-05-28,1988.5,2014.0,1971.300048828125,2004.300048828125,3475681,1945.6825012207032,1832.405,-0.0004986784898272,0.0236091115553531,2005.300048828125,1943.0,2020.3499755859373,1953.5999755859373,1949.6500244140625,1992.8300048828125,1960.725,29.7073187671408,43.61060524222278,50.70007324218773,15.800048828125,2091.550048828125
2020-05-29,1982.0,2002.6500244140625,1962.4000244140625,1972.3499755859373,7237735,1949.0174987792968,1836.455,-0.0159407635901961,0.0234664645251125,2004.300048828125,2005.300048828125,1943.0,1991.199951171875,1902.3499755859373,1989.060009765625,1967.725,31.127999302526323,38.52050044149395,-18.849975585937727,-9.650024414062727,2048.25
2020-06-01,1990.0,2060.0,1981.0999755859373,2045.25,3747773,1950.5575012207032,1841.2339990234373,0.0369609984619518,0.0213107710177459,1972.3499755859373,2004.300048828125,2005.300048828125,2020.3499755859373,1892.9000244140625,1994.0400146484376,1982.9599975585938,38.50344192618035,35.660058166321264,24.900024414062727,55.25,2071.75
2020-06-02,2060.199951171875,2081.0,2040.050048828125,2047.1500244140625,2443886,1956.3925048828123,1848.248999023437,0.0009289937240251,0.018802147128909,2045.25,1972.3499755859373,2004.300048828125,1943.0,1945.5999755859373,2014.87001953125,1993.1150024414062,31.52857705936395,38.20719071361346,104.1500244140625,-13.0499267578125,2072.050048828125
2020-06-03,2051.85009765625,2063.75,2020.0,2046.1500244140625,3699799,1962.062506103516,1856.0119995117184,-0.0004884839841116,0.0188149022866274,2047.1500244140625,2045.25,1972.3499755859373,2005.300048828125,1948.6500244140625,2023.0400146484376,2002.8650024414062,33.65009268445163,38.039539494680156,40.8499755859375,-5.7000732421875,2108.75
2020-06-04,2046.75,2100.0,2046.75,2091.550048828125,4048593,1971.460009765625,1864.755,0.0221880232985669,0.0187729838874178,2046.1500244140625,2047.1500244140625,2045.25,2004.300048828125,1953.5999755859373,2040.4900146484374,2016.660009765625,42.86385690486843,42.89267147388291,87.25,44.800048828125,2067.64990234375
2020-06-05,2091.60009765625,2098.0,2040.300048828125,2048.25,3573289,1979.2900085449216,1872.993000488281,-0.0207023727939886,0.0194879431561691,2091.550048828125,2046.1500244140625,2047.1500244140625,1972.3499755859373,1991.199951171875,2055.67001953125,2022.3650146484374,20.088744504388767,42.92405889446525,75.90002441406273,-43.35009765625,2039.5
2020-06-08,2078.25,2095.0,2062.10009765625,2071.75,2957841,1988.2075073242188,1878.4790014648436,0.0114732088368119,0.0195383120813319,2048.25,2091.550048828125,2046.1500244140625,2045.25,2020.3499755859373,2060.97001953125,2027.5050170898437,20.148012233804565,45.647068340272725,26.5,-6.5,2029.9000244140625
2020-06-09,2063.10009765625,2095.5,2060.25,2072.050048828125,2909439,1995.045007324219,1886.5260034179685,0.0001448286849885,0.0191196117393322,2071.75,2048.25,2091.550048828125,2047.1500244140625,1943.0,2065.9500244140627,2040.4100219726563,18.91786278171016,36.40919307218597,24.9000244140625,8.949951171875,2045.800048828125
2020-06-10,2077.050048828125,2132.0,2073.5,2108.75,5168397,2003.0075073242188,1894.6380029296872,0.0177119038184581,0.0193656890346995,2072.050048828125,2071.75,2048.25,2046.1500244140625,2005.300048828125,2078.47001953125,2050.755017089844,22.84506867135236,39.85824493589932,62.5999755859375,31.699951171875,2047.800048828125
2020-06-11,2100.0,2105.0,2061.800048828125,2067.64990234375,2269513,2008.9075012207031,1900.985,-0.019490265634262,0.0200620204584034,2108.75,2072.050048828125,2071.75,2091.550048828125,2004.300048828125,2073.689990234375,2057.0900024414063,21.905096550486054,36.55159197297794,-23.900146484375,-32.35009765625,2038.0999755859373
2020-06-12,2011.199951171875,2049.199951171875,2011.0,2039.5,2842642,2015.7650024414063,1905.956000976562,-0.0136144432922813,0.0194281207248413,2067.64990234375,2108.75,2072.050048828125,2048.25,1972.3499755859373,2071.939990234375,2063.8050048828127,24.62611849564421,22.856541340315086,-8.75,28.300048828125,2044.5999755859373
2020-06-15,2039.0999755859373,2059.0,2000.949951171875,2029.9000244140625,2399022,2022.6150024414064,1910.0640014648436,-0.004707024067633,0.0194221146719702,2039.5,2067.64990234375,2108.75,2071.75,2045.25,2063.5699951171873,2062.2700073242186,30.995247164772184,24.683531751869676,-41.8499755859375,-9.199951171874773,2027.949951171875
2020-06-16,2065.0,2073.949951171875,2031.0,2045.800048828125,2146528,2027.625006103516,1915.410002441406,0.0078329101053398,0.0186104019204024,2029.9000244140625,2039.5,2067.64990234375,2072.050048828125,2047.1500244140625,2058.3199951171873,2062.135009765625,31.420011805364954,24.77892039608891,-26.25,-19.199951171875,2035.300048828125
2020-06-17,2046.0,2058.85009765625,2026.550048828125,2047.800048828125,2703527,2032.5825073242188,1919.8440039062496,0.000977612646527,0.0186127232226829,2045.800048828125,2029.9000244140625,2039.5,2108.75,2046.1500244140625,2046.1300048828125,2062.300012207031,13.904793555377394,24.66588547027538,-60.949951171875,1.800048828125,2042.199951171875
2020-06-18,2045.0,2059.199951171875,2025.199951171875,2038.0999755859373,1944389,2036.8075073242187,1926.4310034179684,-0.004736826355551,0.0186859466012385,2047.800048828125,2045.800048828125,2029.9000244140625,2067.64990234375,2091.550048828125,2040.22001953125,2056.9550048828123,7.072992378966834,23.380997154532,-29.549926757812727,-6.900024414062727,2016.0999755859373
2020-06-19,2042.0,2090.0,2032.0,2044.5999755859373,5681758,2039.4775085449216,1934.2390039062495,0.0031892449231452,0.0182589083222526,2038.0999755859373,2047.800048828125,2045.800048828125,2039.5,2048.25,2041.2400146484374,2056.5900024414063,7.307060309930793,23.55979773200439,5.099975585937273,2.5999755859372726,2118.85009765625
2020-06-22,2050.0,2052.25,2019.1500244140625,2027.949951171875,3196138,2039.857507324219,1939.2940039062496,-0.0081434141704372,0.01810489908499,2044.5999755859373,2038.0999755859373,2047.800048828125,2029.9000244140625,2071.75,2040.85,2052.209997558594,8.075307626605113,24.481646652967623,-1.9500732421875,-22.050048828125,2101.64990234375
2020-06-23,2027.0,2044.0,2010.0,2035.300048828125,4205944,2044.472509765625,1945.891005859375,0.0036243979551875,0.0156587520871204,2027.949951171875,2044.5999755859373,2038.0999755859373,2045.800048828125,2072.050048828125,2038.75,2048.5349975585937,7.827696782365378,23.924468384332428,-10.5,8.300048828125,2082.14990234375
2020-06-24,2034.0,2064.25,2031.5999755859373,2042.199951171875,2560937,2046.3175048828125,1951.4120043945309,0.0033901155496569,0.0140316931598453,2035.300048828125,2027.949951171875,2044.5999755859373,2047.800048828125,2108.75,2037.62998046875,2041.8799926757813,6.496497291071285,11.169487609142166,-5.60009765625,8.199951171875,2092.050048828125
2020-06-25,2035.0,2060.0,2009.25,2016.0999755859373,3043931,2046.9075012207031,1956.5490039062497,-0.0127803232837023,0.0143657339977457,2042.199951171875,2035.300048828125,2027.949951171875,2038.0999755859373,2067.64990234375,2033.22998046875,2036.725,11.568687512584976,9.761594946186937,-22.0,-18.900024414062727,2157.14990234375
2020-06-26,2025.0,2132.0,2019.949951171875,2118.85009765625,6300722,2054.2325073242187,1964.2230053710932,0.0509647950570757,0.0177531135041947,2016.0999755859373,2042.199951171875,2035.300048828125,2044.5999755859373,2039.5,2048.0800048828123,2044.660009765625,40.72545173414415,27.81843086733003,74.25012207031273,93.85009765625,2199.64990234375
2020-06-29,2108.0,2127.60009765625,2091.300048828125,2101.64990234375,3076341,2057.0525024414064,1971.935002441406,-0.0081177027726151,0.0160972546079163,2118.85009765625,2016.0999755859373,2042.199951171875,2027.949951171875,2029.9000244140625,2062.8199951171873,2051.834997558594,44.756083292730025,32.455049347741735,73.699951171875,-6.35009765625,2263.199951171875
2020-06-30,2100.0,2111.89990234375,2075.050048828125,2082.14990234375,3071725,2058.8024963378907,1977.4540014648437,-0.0092784245264893,0.016276536468282,2101.64990234375,2118.85009765625,2016.0999755859373,2035.300048828125,2045.800048828125,2072.1899658203124,2055.4699829101564,42.39617931362048,33.71516921105744,46.849853515625,-17.85009765625,2269.89990234375
2020-07-01,2079.699951171875,2113.949951171875,2079.5,2092.050048828125,2503466,2061.0974975585937,1982.922001953125,0.0047547712454472,0.0162939932130514,2082.14990234375,2101.64990234375,2118.85009765625,2042.199951171875,2047.800048828125,2082.1599853515627,2059.894982910156,39.331156710573566,35.455575957202065,49.85009765625,12.35009765625,2218.89990234375
2020-07-02,2102.0,2165.0,2098.0,2157.14990234375,3758699,2064.377490234375,1991.3119995117183,0.031117732365959,0.0170052136860692,2092.050048828125,2082.14990234375,2101.64990234375,2016.0999755859373,2038.0999755859373,2110.369970703125,2071.7999755859373,29.44616250613354,45.801612419191144,141.04992675781273,55.14990234375,2204.35009765625
2020-07-03,2163.64990234375,2205.0,2160.25,2199.64990234375,4185208,2071.9474853515626,1999.9149975585933,0.0197019224087411,0.01660139332897,2157.14990234375,2092.050048828125,2082.14990234375,2118.85009765625,2044.5999755859373,2126.529931640625,2087.304968261719,50.15370848316278,59.70464814866019,80.7998046875,36.0,2222.35009765625
2020-07-06,2205.0,2269.89990234375,2205.0,2263.199951171875,5190366,2081.519982910156,2007.613996582031,0.0288909834062283,0.0174649825801715,2199.64990234375,2157.14990234375,2092.050048828125,2101.64990234375,2027.949951171875,2158.83994140625,2110.829968261719,75.66632775554967,77.43353838703376,161.550048828125,58.199951171875,2220.0
2020-07-07,2275.0,2302.699951171875,2232.14990234375,2269.89990234375,5630055,2091.412475585937,2016.6409936523437,0.0029603885279361,0.0174387496830985,2263.199951171875,2199.64990234375,2157.14990234375,2082.14990234375,2035.300048828125,2196.38994140625,2134.2899536132813,74.67347748041479,86.95997922191765,187.75,-5.10009765625,2171.949951171875
2020-07-08,2270.0,2274.39990234375,2207.60009765625,2218.89990234375,2793358,2096.919970703125,2024.2869921875,-0.0224679510965839,0.0181617796931611,2269.89990234375,2263.199951171875,2199.64990234375,2092.050048828125,2042.199951171875,2221.759912109375,2151.9599487304686,46.65356644158591,84.07293756454503,126.849853515625,-51.10009765625,2233.89990234375
2020-07-09,2229.0,2244.5,2191.050048828125,2204.35009765625,3443998,2103.75498046875,2031.1929931640625,-0.0065572154346086,0.0175499152195523,2218.89990234375,2269.89990234375,2263.199951171875,2157.14990234375,2016.0999755859373,2231.199951171875,2170.7849609375,33.12588729660032,70.2039204605418,47.2001953125,-24.64990234375,2234.75
2020-07-10,2205.25,2249.85009765625,2176.0,2222.35009765625,9610320,2112.8974853515624,2037.5269946289056,0.0081656720586889,0.0171121183219502,2204.35009765625,2218.89990234375,2269.89990234375,2199.64990234375,2118.85009765625,2235.739990234375,2181.1349609375,29.022199216694656,69.3203692471507,22.7001953125,17.10009765625,2200.75
2020-07-13,2220.0,2244.949951171875,2210.0,2220.0,2963503,2122.402484130859,2041.6379956054684,-0.0010574830935632,0.0170287099382014,2222.35009765625,2204.35009765625,2218.89990234375,2263.199951171875,2101.64990234375,2227.1,2192.969970703125,24.94796019283358,64.15239191280321,-43.199951171875,0.0,2207.89990234375
2020-07-14,2210.0,2239.0,2165.0,2171.949951171875,2976738,2128.7099792480467,2046.4679956054688,-0.021644166138795,0.0179849249683015,2220.0,2222.35009765625,2204.35009765625,2269.89990234375,2082.14990234375,2207.510009765625,2201.9499755859374,21.097751831228884,52.06204982323095,-97.949951171875,-38.050048828125,2225.050048828125
2020-07-15,2185.0,2260.0,2181.10009765625,2233.89990234375,5569321,2138.014971923828,2052.490993652344,0.0285227342087002,0.0188441517327183,2171.949951171875,2220.0,2222.35009765625,2218.89990234375,2092.050048828125,2210.510009765625,2216.1349609375,23.990400719205443,35.472648477987335,15.0,48.89990234375,2190.949951171875
2020-07-16,2244.0,2333.0,2220.10009765625,2234.75,8582118,2147.8474731445312,2059.113994140625,0.0003805442022528,0.0187462629703434,2233.89990234375,2171.949951171875,2220.0,2204.35009765625,2157.14990234375,2216.589990234375,2223.894970703125,25.821304689817804,29.039980365676623,30.39990234375,-9.25,2171.199951171875
2020-07-17,2237.0,2243.89990234375,2190.050048828125,2200.75,4509135,2155.6549743652345,2065.295993652344,-0.0152142297796173,0.0192727787983031,2234.75,2233.89990234375,2171.949951171875,2222.35009765625,2199.64990234375,2212.269970703125,2224.00498046875,26.416721564661025,28.93984075123654,-21.60009765625,-36.25,2157.39990234375
2020-07-20,2201.0,2226.89990234375,2190.800048828125,2207.89990234375,2952646,2164.652471923828,2071.5859912109377,0.0032488480489605,0.0190665695939546,2200.75,2234.75,2233.89990234375,2220.0,2263.199951171875,2209.849951171875,2218.4749755859375,26.083684482719413,25.722769242047693,-12.10009765625,6.89990234375,2206.800048828125
2020-07-21,2230.0,2238.64990234375,2201.14990234375,2225.050048828125,2665286,2174.139971923828,2077.3809912109373,0.007767628625813,0.0190798566372678,2207.89990234375,2200.75,2234.75,2171.949951171875,2269.89990234375,2220.469970703125,2213.989990234375,15.42840950418286,18.715725050143842,53.10009765625,-4.949951171875,2309.75
2020-07-22,2231.0,2231.0,2184.199951171875,2190.949951171875,2861534,2181.577471923828,2082.209990234375,-0.0153255418565572,0.0195962246513685,2225.050048828125,2207.89990234375,2200.75,2233.89990234375,2218.89990234375,2211.87998046875,2211.1949951171873,17.84847407648153,19.94749068986984,-42.949951171875,-40.050048828125,2276.050048828125
2020-07-23,2190.949951171875,2190.949951171875,2163.0,2171.199951171875,2265766,2189.332470703125,2086.6409887695318,-0.0090143547046505,0.0194470409117221,2190.949951171875,2225.050048828125,2207.89990234375,2234.75,2204.35009765625,2199.169970703125,2207.87998046875,19.989855905301425,23.626677861982888,-63.550048828125,-19.75,2279.5
2020-07-24,2154.5,2163.0,2125.10009765625,2157.39990234375,3665100,2191.2599609375,2091.7419873046874,-0.0063559548353326,0.0160758308818024,2171.199951171875,2190.949951171875,2225.050048828125,2200.75,2222.35009765625,2190.499951171875,2201.3849609375,27.224865845700283,27.77084876492339,-43.35009765625,2.89990234375,2281.39990234375
2020-07-27,2165.0,2215.0,2163.5,2206.800048828125,4248480,2196.517468261719,2098.0199877929685,0.0228980016318289,0.0166338629469919,2157.39990234375,2171.199951171875,2190.949951171875,2207.89990234375,2220.0,2190.27998046875,2200.0649658203124,27.0530323094011,27.093172564707235,-1.099853515625,41.800048828125,2254.14990234375
2020-07-28,2215.0,2320.0,2215.0,2309.75,8092319,2207.8974731445314,2105.30298828125,0.0466512365841864,0.0190606528174487,2206.800048828125,2157.39990234375,2171.199951171875,2225.050048828125,2171.949951171875,2207.219970703125,2213.844970703125,60.325736207509095,42.0949024694371,84.699951171875,94.75,2249.699951171875
2020-07-29,2292.0,2342.0,2246.050048828125,2276.050048828125,6090431,2217.0974731445312,2111.850988769532,-0.0145903024880938,0.0195774177039627,2309.75,2206.800048828125,2157.39990234375,2190.949951171875,2233.89990234375,2224.239990234375,2218.0599853515623,66.29713151946592,46.23302727820414,85.10009765625,-15.949951171875,2259.5
2020-07-30,2285.89990234375,2358.0,2272.25,2279.5,7098496,2223.214978027344,2118.3689892578127,0.0015157624383748,0.0185431651774813,2276.050048828125,2309.75,2206.800048828125,2171.199951171875,2234.75,2245.9,2222.5349853515627,62.20104784315911,50.037206004687285,108.300048828125,-6.39990234375,2308.10009765625
2020-07-31,2303.14990234375,2334.800048828125,2257.449951171875,2281.39990234375,4723290,2227.302478027344,2124.17298828125,0.000833473280873,0.0181197691734358,2279.5,2276.050048828125,2309.75,2157.39990234375,2200.75,2270.7,2230.5999755859375,38.17282145845953,52.57116875005752,124.0,-21.75,2295.35009765625
2020-08-03,2290.449951171875,2303.85009765625,2230.699951171875,2254.14990234375,4012337,2226.849975585937,2128.848986816406,-0.0119444206042111,0.0172054758451855,2281.39990234375,2279.5,2276.050048828125,2206.800048828125,2207.89990234375,2280.169970703125,2235.2249755859375,19.8176527335531,52.38633147515234,47.349853515625,-36.300048828125,2282.800048828125
2020-08-04,2259.949951171875,2269.64990234375,2225.050048828125,2249.699951171875,2927928,2225.839978027344,2134.982985839844,-0.0019741150165959,0.0171952406498118,2254.14990234375,2281.39990234375,2279.5,2309.75,2225.050048828125,2268.1599609375,2237.6899658203124,15.02664070617282,52.4342800761654,-60.050048828125,-10.25,2279.89990234375
2020-08-05,2260.0,2300.0,2253.0,2259.5,3800641,2227.869982910156,2140.066984863281,0.0043561581725688,0.0164037366338535,2249.699951171875,2254.14990234375,2281.39990234375,2276.050048828125,2190.949951171875,2264.849951171875,2244.544970703125,14.67276675446929,50.07252656131338,-16.550048828125,-0.5,2257.35009765625
2020-08-06,2275.0,2319.5,2265.35009765625,2308.10009765625,4748047,2233.057482910156,2146.142985839844,0.0215092266679575,0.0169128427987113,2259.5,2249.699951171875,2254.14990234375,2279.5,2171.199951171875,2270.569970703125,2258.2349853515625,24.256537572313515,46.369192966577046,28.60009765625,33.10009765625,2254.449951171875
2020-08-07,2308.0,2328.0,2287.0,2295.35009765625,3165491,2236.707482910156,2152.60298828125,-0.0055240238553548,0.0169457573671353,2308.10009765625,2259.5,2249.699951171875,2281.39990234375,2157.39990234375,2273.360009765625,2272.0300048828126,26.511149270680487,31.015606223796418,13.9501953125,-12.64990234375,2242.14990234375
2020-08-10,2318.0,2325.0,2276.050048828125,2282.800048828125,2929353,2239.8474853515627,2157.3539892578124,-0.0054675967909817,0.0170127996057243,2295.35009765625,2308.10009765625,2259.5,2254.14990234375,2206.800048828125,2279.0900390625,2279.6300048828125,24.327371797193212,20.926212017345208,28.650146484375,-35.199951171875,2253.39990234375
2020-08-11,2283.0,2312.0,2275.60009765625,2279.89990234375,2774423,2245.244982910156,2162.0089868164064,-0.0012704338629498,0.0161396190644342,2282.800048828125,2295.35009765625,2308.10009765625,2249.699951171875,2309.75,2285.130029296875,2276.6449951171876,18.1779762101999,18.08901769437031,30.199951171875,-3.10009765625,2269.75
2020-08-12,2288.35009765625,2296.39990234375,2246.550048828125,2257.35009765625,3415751,2246.417492675781,2166.23298828125,-0.0098906994400581,0.0151408777379025,2279.89990234375,2282.800048828125,2295.35009765625,2259.5,2276.050048828125,2284.700048828125,2274.775,18.945032730084968,19.095908054645676,-2.14990234375,-31.0,2256.60009765625
2020-08-13,2273.0,2300.0,2250.5,2254.449951171875,2695682,2247.402490234375,2169.490986328125,-0.001284757064217,0.015146896507477,2257.35009765625,2279.89990234375,2282.800048828125,2308.10009765625,2279.5,2273.97001953125,2272.2699951171876,17.51781621714793,20.02752225791031,-53.650146484375,-18.550048828125,2252.85009765625
2020-08-14,2277.0,2281.300048828125,2233.10009765625,2242.14990234375,2270405,2249.4724853515627,2173.368984375,-0.0054558979327669,0.0147648477911962,2254.449951171875,2257.35009765625,2279.89990234375,2295.35009765625,2281.39990234375,2263.32998046875,2268.3449951171874,17.4417279892838,21.80653154659719,-53.2001953125,-34.85009765625,2248.60009765625
2020-08-17,2263.0,2270.0,2238.25,2253.39990234375,2625630,2251.7474853515623,2177.001982421875,0.0050175057377921,0.0147840950074203,2242.14990234375,2254.449951171875,2257.35009765625,2282.800048828125,2254.14990234375,2257.449951171875,2268.2699951171876,13.815794113966419,21.86199709286212,-29.400146484375,-9.60009765625,2248.10009765625
2020-08-18,2262.800048828125,2289.0,2248.300048828125,2269.75,3493374,2253.982482910156,2180.9559814453123,0.0072557461457436,0.0147724240911102,2253.39990234375,2242.14990234375,2254.449951171875,2279.89990234375,2249.699951171875,2255.419970703125,2270.275,9.876632245295099,20.866415569618376,-10.14990234375,6.949951171875,2242.64990234375
2020-08-19,2276.35009765625,2284.60009765625,2252.5,2256.60009765625,2843005,2257.264990234375,2183.912983398437,-0.0057935465772662,0.0143627872661315,2269.75,2253.39990234375,2242.14990234375,2257.35009765625,2259.5,2255.269970703125,2269.985009765625,9.845636947469742,21.052123340432047,-0.75,-19.75,2253.5
2020-08-20,2257.0,2276.550048828125,2240.050048828125,2252.85009765625,2895164,2261.3474975585937,2187.6169873046874,-0.0016617920046599,0.0141703251837024,2256.60009765625,2269.75,2253.39990234375,2254.449951171875,2308.10009765625,2254.95,2264.460009765625,9.904767979142632,16.747524236113108,-1.599853515625,-4.14990234375,2248.39990234375
2020-08-21,2260.0,2271.0,2241.050048828125,2248.60009765625,1975294,2265.907507324219,2191.7989892578125,-0.0018864992413039,0.0140674579568436,2252.85009765625,2256.60009765625,2269.75,2242.14990234375,2295.35009765625,2256.2400390625,2259.785009765625,8.071175111691188,13.34624018873771,6.4501953125,-11.39990234375,2238.550048828125
2020-08-24,2250.60009765625,2259.949951171875,2230.0,2248.10009765625,2167966,2267.972509765625,2196.162990722656,-0.0002223605702593,0.0131970342476627,2248.60009765625,2252.85009765625,2256.60009765625,2253.39990234375,2282.800048828125,2255.180078125,2256.3150146484377,8.848024557849104,11.002704876537502,-5.2998046875,-2.5,2257.25
2020-08-25,2245.0,2250.0,2233.550048828125,2242.64990234375,1663419,2264.6175048828127,2200.099987792969,-0.0024243561566418,0.0076680815749854,2248.10009765625,2248.60009765625,2252.85009765625,2269.75,2279.89990234375,2249.76005859375,2252.5900146484373,5.2675842986849215,8.036498326045828,-27.10009765625,-2.35009765625,2246.35009765625
2020-08-26,2242.0,2259.89990234375,2216.449951171875,2253.5,2618149,2263.4900024414064,2204.2139868164063,0.0048380701976313,0.0071266757106156,2242.64990234375,2248.10009765625,2248.60009765625,2256.60009765625,2257.35009765625,2249.1400390625,2252.2050048828123,4.366597177007849,7.8736911152363165,-3.10009765625,11.5,2265.14990234375
2020-08-27,2266.0,2287.35009765625,2241.75,2248.39990234375,3579393,2261.9349975585938,2208.4199853515624,-0.002263189552363,0.0071212458433548,2253.5,2242.64990234375,2248.10009765625,2252.85009765625,2254.449951171875,2248.25,2251.6,3.8435368983048326,7.914359793109511,-4.4501953125,-17.60009765625,2299.5
2020-08-28,2268.39990234375,2279.949951171875,2235.10009765625,2238.550048828125,2941136,2259.7925048828124,2212.2989868164063,-0.0043808281193027,0.007158937941075,2248.39990234375,2253.5,2242.64990234375,2248.60009765625,2242.14990234375,2246.239990234375,2251.2400146484374,5.763178195077077,8.455338903486819,-10.050048828125,-29.849853515625,2288.800048828125
2020-08-31,2240.0,2276.199951171875,2228.0,2257.25,6018154,2259.947509765625,2216.884987792969,0.0083535997694865,0.0069500337693889,2238.550048828125,2248.39990234375,2253.5,2248.10009765625,2253.39990234375,2248.069970703125,2251.6250244140624,7.646454480199379,8.650030749005898,9.14990234375,17.25,2327.050048828125
2020-09-01,2269.0,2278.0,2241.300048828125,2246.35009765625,3610908,2259.780017089844,2221.1059887695315,-0.0048288414414663,0.0070236143041169,2257.25,2238.550048828125,2248.39990234375,2242.64990234375,2269.75,2248.810009765625,2249.2850341796875,7.153942928168669,5.94382833018583,3.7001953125,-22.64990234375,2348.199951171875
2020-09-02,2247.0,2268.75,2241.64990234375,2265.14990234375,2084137,2260.0625122070314,2225.5649877929686,0.0083690448372739,0.0072109666520708,2246.35009765625,2257.25,2238.550048828125,2253.5,2256.60009765625,2251.139990234375,2250.1400146484375,10.278224966164062,7.51912989311619,11.64990234375,18.14990234375,2327.64990234375
2020-09-03,2268.0,2324.0,2268.0,2299.5,4654146,2259.6325073242188,2231.23298828125,0.0151646024047715,0.0063044027699607,2265.14990234375,2246.35009765625,2257.25,2248.39990234375,2252.85009765625,2261.360009765625,2254.8050048828127,23.619409923871793,17.38542842687856,51.10009765625,31.5,2331.14990234375
2020-09-04,2275.0,2324.25,2262.949951171875,2288.800048828125,5231303,2259.3050048828127,2234.6319873046878,-0.0046531642408675,0.00626836607633,2299.5,2265.14990234375,2246.35009765625,2238.550048828125,2248.60009765625,2271.410009765625,2258.825,22.131171604711483,20.209559415744035,50.25,13.800048828125,2374.10009765625
2020-09-07,2289.0,2343.5,2283.35009765625,2327.050048828125,4620401,2261.5175048828123,2239.139990234375,0.0167118136945094,0.0071703413228815,2288.800048828125,2299.5,2265.14990234375,2257.25,2248.10009765625,2285.37001953125,2266.7199951171874,31.145038663569082,29.04433565797729,69.800048828125,38.050048828125,2491.39990234375
2020-09-08,2335.949951171875,2390.449951171875,2327.050048828125,2348.199951171875,7453998,2264.932507324219,2244.4609912109377,0.0090887182913839,0.0073702316036114,2327.050048828125,2288.800048828125,2299.5,2246.35009765625,2242.64990234375,2305.739990234375,2277.275,32.520844115829554,37.323947475089525,101.849853515625,12.25,2491.39990234375
2020-09-09,2325.0,2359.0,2320.0,2327.64990234375,3866535,2268.4474975585936,2249.17298828125,-0.0087514050146664,0.0072814048597259,2348.199951171875,2327.050048828125,2288.800048828125,2265.14990234375,2253.5,2318.239990234375,2284.689990234375,23.883363570151275,39.3845046454295,62.5,2.64990234375,2503.0
2020-09-10,2335.0,2348.5,2324.300048828125,2331.14990234375,2308813,2272.2824951171874,2252.65298828125,0.0015036625552991,0.0072507064862113,2327.64990234375,2348.199951171875,2327.050048828125,2299.5,2248.39990234375,2324.569970703125,2292.964990234375,21.77610820779048,39.60506359264099,31.64990234375,-3.85009765625,2460.949951171875
2020-09-11,2330.949951171875,2383.0,2330.14990234375,2374.10009765625,4145424,2278.8800048828125,2256.1419921875,0.018424467370939,0.0079436010007202,2331.14990234375,2327.64990234375,2348.199951171875,2288.800048828125,2238.550048828125,2341.62998046875,2306.5199951171876,20.095534664089264,42.033832661555685,85.300048828125,43.150146484375,2449.89990234375
2020-09-14,2384.10009765625,2505.75,2381.85009765625,2491.39990234375,7512131,2290.7800048828126,2260.7059912109376,0.0494081124899916,0.0130978613499742,2374.10009765625,2331.14990234375,2327.64990234375,2327.050048828125,2257.25,2374.499951171875,2329.9349853515623,67.88151861040502,68.4527556416936,164.349853515625,107.2998046875,2465.300048828125
2020-09-15,2491.39990234375,2538.0,2464.60009765625,2491.39990234375,7318770,2301.8625,2265.1359912109374,0.0,0.0131358061727349,2491.39990234375,2374.10009765625,2331.14990234375,2348.199951171875,2246.35009765625,2403.13994140625,2354.4399658203124,82.62001218875506,78.35217013586117,143.199951171875,0.0,2522.949951171875
2020-09-16,2488.949951171875,2507.60009765625,2477.300048828125,2503.0,3074003,2314.1824951171875,2270.8179931640625,0.004656056077283,0.0129000723781303,2491.39990234375,2491.39990234375,2374.10009765625,2327.64990234375,2265.14990234375,2438.2099609375,2378.2249755859375,79.73082780731363,84.12402517797611,175.35009765625,14.050048828125,2467.449951171875
2020-09-17,2480.0,2495.75,2450.60009765625,2460.949951171875,4828176,2324.5874877929687,2275.949990234375,-0.0167998596996105,0.0137447896158458,2503.0,2491.39990234375,2491.39990234375,2331.14990234375,2299.5,2464.169970703125,2394.369970703125,52.710672747469594,82.81898309006353,129.800048828125,-19.050048828125,2332.25
2020-09-18,2485.0,2500.39990234375,2436.39990234375,2449.89990234375,4183256,2334.652478027344,2280.500986328125,-0.004490155853378,0.013820736266962,2460.949951171875,2503.0,2491.39990234375,2374.10009765625,2288.800048828125,2479.329931640625,2410.4799560546876,22.669312010577464,75.3319352847362,75.7998046875,-35.10009765625,2422.300048828125
2020-09-21,2465.0,2504.89990234375,2452.14990234375,2465.300048828125,4598809,2345.5124755859374,2285.4069873046874,0.0062860308985042,0.013783109156563,2449.89990234375,2460.949951171875,2503.0,2491.39990234375,2327.050048828125,2474.1099609375,2424.3049560546874,22.195178397472112,70.87351108806331,-26.099853515625,0.300048828125,2426.300048828125
2020-09-22,2485.0,2555.0,2458.0,2522.949951171875,7499613,2359.527478027344,2292.4269873046874,0.0233845378663557,0.014279190399924,2465.300048828125,2449.89990234375,2460.949951171875,2491.39990234375,2348.199951171875,2480.419970703125,2441.7799560546873,31.055696870434552,71.56395601837976,31.550048828125,37.949951171875,2488.39990234375
2020-09-23,2510.0,2519.85009765625,2409.0,2467.449951171875,7502280,2370.224975585937,2297.09798828125,-0.0219980582548698,0.0155945329049864,2522.949951171875,2465.300048828125,2449.89990234375,2503.0,2327.64990234375,2473.3099609375,2455.7599609375,28.563209385896155,59.415179815922315,-35.550048828125,-42.550048828125,2492.300048828125
2020-09-24,2450.0,2450.0,2302.60009765625,2332.25,8424708,2374.41748046875,2299.04798828125,-0.054793391496214,0.0204801903472457,2467.449951171875,2522.949951171875,2465.300048828125,2460.949951171875,2331.14990234375,2447.569970703125,2455.869970703125,70.17092519990823,59.15929067599805,-128.699951171875,-117.75,2523.449951171875
2020-09-25,2368.0,2440.0,2352.10009765625,2422.300048828125,8228267,2383.60498046875,2303.4789892578124,0.0386108045141493,0.0219733475508534,2332.25,2467.449951171875,2522.949951171875,2449.89990234375,2374.10009765625,2442.05,2460.6899658203124,71.02222356584298,53.44436260353108,-27.599853515625,54.300048828125,2705.800048828125
2020-09-28,2440.0,2444.0,2366.0,2426.300048828125,4347166,2392.057482910156,2307.8469921875,0.0016513230893651,0.0219574858487556,2422.300048828125,2332.25,2467.449951171875,2465.300048828125,2491.39990234375,2434.25,2454.17998046875,69.96413572744365,53.25250765463215,-39.0,-13.699951171875,2714.300048828125
2020-09-29,2434.85009765625,2511.050048828125,2426.300048828125,2488.39990234375,6995811,2404.1599731445312,2313.1139892578126,0.0255944657568707,0.0223746597692978,2426.300048828125,2422.300048828125,2332.25,2522.949951171875,2491.39990234375,2427.339990234375,2453.87998046875,60.011895828019334,53.02750503518579,-34.550048828125,53.5498046875,2735.949951171875
2020-09-30,2489.0,2505.0,2460.0,2492.300048828125,3917166,2415.51748046875,2319.140991210937,0.0015673310711439,0.0223783417588326,2488.39990234375,2426.300048828125,2422.300048828125,2467.449951171875,2503.0,2432.310009765625,2452.8099853515623,64.98693203037588,52.024698248674305,24.85009765625,3.300048828125,2825.699951171875
2020-10-01,2510.0,2540.0,2492.300048828125,2523.449951171875,2610337,2426.714978027344,2326.1859912109376,0.0124984559376775,0.0223226537933152,2492.300048828125,2488.39990234375,2426.300048828125,2332.25,2460.949951171875,2470.55,2459.0599853515623,44.37399136457851,56.65906201750325,191.199951171875,13.449951171875,2812.949951171875
2020-10-05,2620.0,2728.10009765625,2603.050048828125,2705.800048828125,17412105,2447.564978027344,2337.153994140625,0.07226222084237,0.0267730173639185,2523.449951171875,2492.300048828125,2488.39990234375,2422.300048828125,2449.89990234375,2527.25,2484.65,105.84928214688229,96.11365210287053,283.5,85.800048828125,2830.0
2020-10-06,2736.0,2736.0,2650.10009765625,2714.300048828125,9846367,2466.927478027344,2347.303994140625,0.003141399898962,0.0267323005407408,2705.800048828125,2523.449951171875,2492.300048828125,2426.300048828125,2465.300048828125,2584.85,2509.55,115.13504054917503,119.86340902199676,288.0,-21.699951171875,2826.550048828125
2020-10-07,2742.0,2770.0,2703.0,2735.949951171875,9656101,2486.314978027344,2355.8279931640627,0.0079762376871699,0.0267312096331363,2714.300048828125,2705.800048828125,2523.449951171875,2488.39990234375,2522.949951171875,2634.360009765625,2530.85,116.5082387862783,139.7798310838985,247.550048828125,-6.050048828125,2809.60009765625
2020-10-08,2800.0,2885.0,2800.0,2825.699951171875,19839329,2511.21748046875,2366.8209912109373,0.032803962646158,0.0269739922049778,2735.949951171875,2714.300048828125,2705.800048828125,2492.300048828125,2467.449951171875,2701.039990234375,2566.675,110.10849254206057,165.30383872172303,333.39990234375,25.699951171875,2740.60009765625
2020-10-09,2810.0,2829.85009765625,2780.0,2812.949951171875,7739245,2535.307482910156,2377.489990234375,-0.0045121563578299,0.0271079222387828,2825.699951171875,2735.949951171875,2714.300048828125,2523.449951171875,2332.25,2758.939990234375,2614.7449951171875,56.389466885119894,159.34492932324903,289.5,2.949951171875,2763.300048828125
2020-10-12,2815.5,2854.0,2800.75,2830.0,4623203,2558.102478027344,2388.4619921875,0.0060612698853821,0.0270413892973494,2812.949951171875,2825.699951171875,2735.949951171875,2705.800048828125,2422.300048828125,2783.77998046875,2655.514990234375,54.45097323134768,156.77123930733697,124.199951171875,14.5,2711.550048828125
2020-10-13,2845.0,2854.89990234375,2812.199951171875,2826.550048828125,4209878,2574.8599853515625,2399.9099951171875,-0.0012190640183303,0.0253955099363664,2830.0,2812.949951171875,2825.699951171875,2714.300048828125,2426.300048828125,2806.22998046875,2695.539990234375,39.816577232489784,142.1612890424585,112.25,-18.449951171875,2739.0
2020-10-14,2842.0,2842.0,2787.550048828125,2809.60009765625,4395936,2590.769995117188,2411.107998046875,-0.0059966923914551,0.025513086258013,2826.550048828125,2830.0,2812.949951171875,2735.949951171875,2488.39990234375,2820.960009765625,2727.660009765625,9.064293222544539,125.46545539036066,73.650146484375,-32.39990234375,2675.39990234375
2020-10-15,2811.0,2827.75,2727.0,2740.60009765625,6629355,2602.65,2420.73,-0.0245586551828351,0.0264339427951984,2809.60009765625,2826.550048828125,2830.0,2825.699951171875,2492.300048828125,2803.9400390625,2752.4900146484374,36.45372773295209,94.44696789680755,-85.099853515625,-70.39990234375,2671.14990234375
2020-10-16,2750.10009765625,2771.64990234375,2731.300048828125,2763.300048828125,5273773,2617.7675048828123,2429.8339990234376,0.0082828396566458,0.0259419851439981,2740.60009765625,2809.60009765625,2826.550048828125,2812.949951171875,2523.449951171875,2794.01005859375,2776.4750244140623,39.97782132631643,49.650743455496695,-49.64990234375,13.199951171875,2686.800048828125
2020-10-19,2774.0,2774.0,2706.60009765625,2711.550048828125,3331194,2630.850012207032,2438.157998046875,-0.0187276079635095,0.0264392607268631,2763.300048828125,2740.60009765625,2809.60009765625,2830.0,2705.800048828125,2770.320068359375,2777.0500244140626,47.67390254005187,48.76674750723948,-118.449951171875,-62.449951171875,2688.199951171875
2020-10-20,2725.0,2759.89990234375,2717.949951171875,2739.0,3406273,2644.535009765625,2447.2819970703126,0.0101233429874318,0.0264598239094539,2711.550048828125,2763.300048828125,2740.60009765625,2826.550048828125,2714.300048828125,2752.81005859375,2779.52001953125,36.66516637815824,45.76873887636904,-87.550048828125,14.0,2630.14990234375
2020-10-21,2739.0,2749.0,2663.050048828125,2675.39990234375,4570143,2652.157507324219,2455.1919970703125,-0.0232201889946148,0.0268609948612959,2739.0,2711.550048828125,2763.300048828125,2809.60009765625,2735.949951171875,2725.97001953125,2773.4650146484373,33.699491730955,55.20569035685101,-134.2001953125,-63.60009765625,2622.199951171875
2020-10-22,2661.0,2686.64990234375,2638.10009765625,2671.14990234375,5262294,2662.3425048828126,2463.4679931640626,-0.0015885475648993,0.026230505975783,2675.39990234375,2739.0,2711.550048828125,2740.60009765625,2825.699951171875,2712.07998046875,2758.010009765625,39.903518354957356,60.351135571590454,-69.4501953125,10.14990234375,2632.64990234375
2020-10-23,2687.800048828125,2702.0,2670.10009765625,2686.800048828125,3499091,2680.0700073242188,2472.1149951171874,0.0058589547784806,0.0222420585229712,2671.14990234375,2675.39990234375,2739.0,2763.300048828125,2812.949951171875,2696.77998046875,2745.39501953125,28.347366056802418,60.77409688701342,-76.5,-1.0,2664.85009765625
2020-10-26,2689.949951171875,2709.949951171875,2670.5,2688.199951171875,2672752,2693.3650024414064,2481.03599609375,0.0005210295959168,0.0210198438969582,2686.800048828125,2671.14990234375,2675.39990234375,2711.550048828125,2830.0,2692.1099609375,2731.2150146484373,27.206199756290786,55.12003609460916,-23.35009765625,-1.75,2604.60009765625
2020-10-27,2699.75,2718.14990234375,2624.10009765625,2630.14990234375,3537502,2703.5574951171875,2488.57099609375,-0.021594393974607,0.0218652308296765,2688.199951171875,2686.800048828125,2671.14990234375,2739.0,2826.550048828125,2670.33994140625,2711.575,23.618920204044315,52.29409552483801,-108.85009765625,-69.60009765625,2633.60009765625
2020-10-28,2650.0,2655.949951171875,2606.0,2622.199951171875,3569445,2710.2474975585938,2495.6199951171875,-0.0030226228416831,0.0213255723621438,2630.14990234375,2688.199951171875,2686.800048828125,2675.39990234375,2809.60009765625,2659.699951171875,2692.8349853515624,31.45322742008701,46.52257508532112,-53.199951171875,-27.800048828125,2653.14990234375
2020-10-29,2608.0,2655.0,2600.25,2632.64990234375,3105968,2717.264990234375,2503.140991210937,0.0039851847175897,0.021324873916136,2622.199951171875,2630.14990234375,2688.199951171875,2671.14990234375,2740.60009765625,2651.999951171875,2682.0399658203123,32.63960715267777,46.73157834258378,-38.5,24.64990234375,2685.699951171875
2020-10-30,2636.10009765625,2674.35009765625,2621.60009765625,2664.85009765625,3427003,2724.334997558594,2511.3809912109373,0.0122310966163154,0.0213186585896455,2632.64990234375,2622.199951171875,2630.14990234375,2686.800048828125,2763.300048828125,2647.6099609375,2672.194970703125,27.924430239578683,37.084909955980066,-21.949951171875,28.75,2707.449951171875
2020-11-02,2660.0,2664.85009765625,2600.050048828125,2604.60009765625,2571196,2719.275,2518.5009912109376,-0.0226091516565941,0.0145682622891183,2664.85009765625,2632.64990234375,2622.199951171875,2688.199951171875,2711.550048828125,2630.889990234375,2661.4999755859376,21.929484418807363,39.796748053103876,-83.599853515625,-55.39990234375,2726.60009765625
2020-11-03,2604.0,2665.0,2601.050048828125,2633.60009765625,2879269,2715.2400024414064,2526.2109912109377,0.011134146860432,0.0148185206697325,2604.60009765625,2664.85009765625,2632.64990234375,2630.14990234375,2739.0,2631.580029296875,2650.9599853515624,21.954642619001042,29.655926638933092,3.4501953125,29.60009765625,2649.60009765625
2020-11-04,2610.0,2721.85009765625,2610.0,2653.14990234375,4893928,2711.1,2534.4209912109377,0.0074232244693863,0.0148006023710711,2633.60009765625,2604.60009765625,2664.85009765625,2622.199951171875,2675.39990234375,2637.77001953125,2648.7349853515625,22.987599875971675,28.427775555239567,30.949951171875,43.14990234375,2687.800048828125
2020-11-05,2685.0,2710.0,2667.0,2685.699951171875,2816502,2704.1,2543.064990234375,0.0122684544885198,0.0128895051930508,2653.14990234375,2633.60009765625,2604.60009765625,2632.64990234375,2671.14990234375,2648.380029296875,2650.189990234375,30.910840344282832,30.02971789080467,53.050048828125,0.699951171875,2671.050048828125
2020-11-06,2699.0,2713.25,2681.300048828125,2707.449951171875,3884421,2698.825,2552.245991210937,0.0080984474794028,0.0130906045312712,2685.699951171875,2653.14990234375,2633.60009765625,2664.85009765625,2686.800048828125,2656.9,2652.25498046875,40.856343503195745,33.35302834669245,42.599853515625,8.449951171875,2656.85009765625
2020-11-09,2731.10009765625,2744.0,2695.10009765625,2726.60009765625,3646592,2693.6550048828126,2562.0069921875,0.0070731303735036,0.0131246089517431,2707.449951171875,2685.699951171875,2653.14990234375,2604.60009765625,2688.199951171875,2681.3,2656.0949951171874,38.15424958615141,39.58046502566347,122.0,-4.5,2670.35009765625
2020-11-10,2697.199951171875,2713.14990234375,2638.35009765625,2649.60009765625,4760020,2684.807507324219,2569.853994140625,-0.0282402982623627,0.0143936156538747,2726.60009765625,2707.449951171875,2685.699951171875,2633.60009765625,2630.14990234375,2684.5,2658.0400146484376,33.5462001235957,38.63033314359515,16.0,-47.599853515625,2666.050048828125
2020-11-11,2667.949951171875,2692.800048828125,2643.39990234375,2687.800048828125,3242441,2678.7175048828126,2578.6829931640623,0.0144172515715355,0.0148945659554656,2649.60009765625,2726.60009765625,2707.449951171875,2653.14990234375,2622.199951171875,2691.430029296875,2664.6000244140623,28.676320108510872,37.41885435651619,34.650146484375,19.85009765625,2626.64990234375
2020-11-12,2686.0,2713.0,2661.75,2671.050048828125,2437505,2675.2400024414064,2586.80099609375,-0.0062318623765569,0.0139760432303928,2687.800048828125,2649.60009765625,2726.60009765625,2685.699951171875,2632.64990234375,2688.500048828125,2668.4400390625,30.120222528705312,35.70694196716678,-14.64990234375,-14.949951171875,2636.89990234375
2020-11-13,2655.75,2664.89990234375,2636.0,2656.85009765625,2548093,2669.9175048828124,2593.947998046875,-0.0053162430176495,0.0138208203872145,2671.050048828125,2687.800048828125,2649.60009765625,2707.449951171875,2664.85009765625,2678.380078125,2667.6400390625,30.65722914704967,35.88548206032867,-50.599853515625,1.10009765625,2660.25
2020-11-14,2677.949951171875,2689.0,2660.050048828125,2670.35009765625,298819,2667.8575073242187,2601.578999023437,0.0050812049998263,0.0133083341941382,2656.85009765625,2671.050048828125,2687.800048828125,2726.60009765625,2604.60009765625,2667.130078125,2674.2150390625,14.71360423751858,28.266419730442067,-56.25,-7.599853515625,2724.25
2020-11-17,2695.0,2695.0,2650.050048828125,2666.050048828125,2827273,2664.210009765625,2608.3589990234377,-0.0016102940329431,0.0130633749527227,2670.35009765625,2656.85009765625,2671.050048828125,2649.60009765625,2633.60009765625,2670.420068359375,2677.4600341796877,11.243961356759623,24.726746711442175,16.449951171875,-28.949951171875,2722.050048828125
2020-11-18,2661.0,2664.199951171875,2607.050048828125,2626.64990234375,2893762,2661.772509765625,2613.927998046875,-0.0147784721827309,0.0124381396243382,2666.050048828125,2670.35009765625,2656.85009765625,2687.800048828125,2653.14990234375,2658.1900390625,2674.8100341796876,18.517574739274288,28.719273462047937,-61.150146484375,-34.35009765625,2701.300048828125
2020-11-19,2637.0,2676.14990234375,2630.85009765625,2636.89990234375,4167501,2660.060009765625,2620.112998046875,0.0039023091698875,0.0124813872018387,2626.64990234375,2666.050048828125,2670.35009765625,2671.050048828125,2685.699951171875,2651.360009765625,2669.930029296875,18.882835236324603,30.738346194307116,-34.150146484375,-0.10009765625,2720.60009765625
2020-11-20,2655.0,2676.0,2627.550048828125,2660.25,2711471,2658.7325073242187,2626.695,0.0088551323603507,0.0125802078829523,2636.89990234375,2626.64990234375,2666.050048828125,2656.85009765625,2707.449951171875,2652.039990234375,2665.2100341796877,19.188700192950883,27.822429463911835,3.39990234375,5.25,2679.64990234375
2020-11-23,2690.0,2730.0,2665.0,2724.25,3706418,2660.535009765625,2633.697998046875,0.0240578892961187,0.0137220208516688,2660.25,2636.89990234375,2626.64990234375,2670.35009765625,2726.60009765625,2662.819970703125,2664.9750244140623,37.98292525068871,27.2503080634514,53.89990234375,34.25,2726.800048828125
2020-11-24,2734.39990234375,2743.0,2705.0,2722.050048828125,3120516,2665.130017089844,2638.3110009765624,-0.0008075437907222,0.0126883174131336,2724.25,2660.25,2636.89990234375,2666.050048828125,2649.60009765625,2674.019970703125,2672.22001953125,46.47950944340298,31.936541422977758,56.0,-12.349853515625,2749.550048828125
2020-11-25,2729.0,2732.949951171875,2688.199951171875,2701.300048828125,3302249,2669.085021972656,2642.50900390625,-0.0076229311099306,0.0128212599442046,2722.050048828125,2724.25,2660.25,2626.64990234375,2687.800048828125,2688.95,2673.57001953125,38.81729512892403,32.93793809503263,74.650146484375,-27.699951171875,2709.449951171875
2020-11-26,2686.0,2730.949951171875,2680.0,2720.60009765625,2341099,2673.482531738281,2646.861005859375,0.0071447260501467,0.0128720075012211,2701.300048828125,2722.050048828125,2724.25,2636.89990234375,2671.050048828125,2705.6900390625,2678.5250244140625,27.011576597168066,36.092669547802615,83.7001953125,34.60009765625,2727.550048828125
2020-11-27,2705.0,2717.699951171875,2669.050048828125,2679.64990234375,6086808,2674.222521972656,2651.2350048828125,-0.0150518980528515,0.0131426782924313,2720.60009765625,2701.300048828125,2722.050048828125,2660.25,2656.85009765625,2709.57001953125,2680.8050048828127,19.08219988103408,35.28236409754134,19.39990234375,-25.35009765625,2737.699951171875
2020-12-01,2679.0,2735.89990234375,2624.449951171875,2726.800048828125,3605017,2680.33251953125,2656.7730078125,0.0175956368192484,0.0125038630458313,2679.64990234375,2720.60009765625,2701.300048828125,2724.25,2670.35009765625,2710.080029296875,2686.45,19.599699885470628,37.84645327649281,2.550048828125,47.800048828125,2797.300048828125
2020-12-02,2719.0,2754.699951171875,2702.449951171875,2749.550048828125,2509032,2686.130017089844,2662.4580078125,0.0083431126568216,0.0124161637257055,2726.800048828125,2679.64990234375,2720.60009765625,2722.050048828125,2666.050048828125,2715.580029296875,2694.8,26.45724861271851,41.845508699374285,27.5,30.550048828125,2810.800048828125
2020-12-03,2773.89990234375,2773.89990234375,2700.800048828125,2709.449951171875,2852548,2688.94501953125,2666.1880078125,-0.0145842399462199,0.012897564277628,2749.550048828125,2726.800048828125,2679.64990234375,2701.300048828125,2626.64990234375,2717.210009765625,2703.0800048828123,25.59452993614535,34.38995304667505,8.14990234375,-64.449951171875,2784.300048828125
2020-12-04,2710.800048828125,2738.85009765625,2699.0,2727.550048828125,2686527,2691.0375244140623,2671.390009765625,0.0066803587379133,0.0127026157052611,2709.449951171875,2749.550048828125,2726.800048828125,2720.60009765625,2636.89990234375,2718.6,2712.14501953125,26.0100134479902,25.908497121415337,6.949951171875,16.75,2783.60009765625
2020-12-07,2715.0,2744.0,2706.14990234375,2737.699951171875,1996400,2692.5500244140626,2679.4990087890624,0.0037212524654171,0.0126085204032376,2727.550048828125,2709.449951171875,2749.550048828125,2679.64990234375,2660.25,2730.210009765625,2719.8900146484375,14.830876506510782,19.440404640190597,58.050048828125,22.699951171875,2797.699951171875
2020-12-08,2740.0,2805.550048828125,2732.449951171875,2797.300048828125,4277818,2696.085021972656,2686.9990087890624,0.021770135047392,0.0134067358451738,2737.699951171875,2727.550048828125,2709.449951171875,2726.800048828125,2724.25,2744.310009765625,2727.19501953125,33.072704378451945,31.34226282199039,70.5,57.300048828125,2761.550048828125
2020-12-09,2815.0,2840.0,2793.14990234375,2810.800048828125,3659996,2704.14501953125,2694.6890087890624,0.0048260822093988,0.0114612010687357,2797.300048828125,2737.699951171875,2727.550048828125,2749.550048828125,2722.050048828125,2756.560009765625,2736.07001953125,44.77267549737804,40.84756337003302,61.25,-4.199951171875,2814.199951171875
2020-12-10,2818.0,2827.300048828125,2780.25,2784.300048828125,2127801,2708.97001953125,2700.60701171875,-0.0094279207128405,0.0114534003911824,2810.800048828125,2797.300048828125,2737.699951171875,2709.449951171875,2701.300048828125,2771.530029296875,2744.37001953125,36.90533365052534,41.42596577389733,74.85009765625,-33.699951171875,2838.199951171875
2020-12-11,2792.699951171875,2807.699951171875,2764.550048828125,2783.60009765625,1795408,2714.597521972656,2706.4330126953123,-0.0002513921486908,0.0113090777036082,2784.300048828125,2810.800048828125,2797.300048828125,2727.550048828125,2720.60009765625,2782.7400390625,2750.67001953125,27.527898943016044,42.19279244195758,56.050048828125,-9.099853515625,2861.0
2020-12-14,2802.0,2804.0,2756.25,2797.699951171875,2483658,2721.640014648437,2711.9180126953124,0.005065330155541,0.0111870841666522,2783.60009765625,2784.300048828125,2810.800048828125,2737.699951171875,2679.64990234375,2794.7400390625,2762.4750244140623,11.250892564509357,36.203839005176086,60.0,-4.300048828125,2820.14990234375
2020-12-15,2786.0,2794.699951171875,2755.0,2761.550048828125,2365509,2726.2000122070312,2713.0330126953127,-0.0129212935535163,0.0116935685334215,2797.699951171875,2783.60009765625,2784.300048828125,2797.300048828125,2726.800048828125,2787.5900390625,2765.9500244140627,18.34216205733657,33.99976646192955,-35.75,-24.449951171875,2872.5
2020-12-16,2779.0,2819.800048828125,2760.449951171875,2814.199951171875,2565149,2733.6075073242187,2715.0310107421874,0.0190653442497239,0.0122804963446816,2761.550048828125,2797.699951171875,2783.60009765625,2810.800048828125,2749.550048828125,2788.27001953125,2772.4150146484376,19.44743323493632,36.5832267588441,3.39990234375,35.199951171875,2908.75
2020-12-17,2811.0,2853.699951171875,2805.0,2838.199951171875,2863460,2744.185009765625,2717.0760107421875,0.008528178671173,0.0116144775260128,2814.199951171875,2761.550048828125,2797.699951171875,2784.300048828125,2709.449951171875,2799.05,2785.2900146484376,29.193356048208148,34.5613700949908,53.89990234375,27.199951171875,2909.35009765625
2020-12-18,2868.0,2898.0,2846.199951171875,2861.0,6076692,2755.390014648437,2717.78201171875,0.0080332778593386,0.0116503658634455,2838.199951171875,2814.199951171875,2761.550048828125,2783.60009765625,2727.550048828125,2814.52998046875,2798.635009765625,38.11155399099425,35.539655484811455,77.39990234375,-7.0,2929.39990234375
2020-12-21,2861.0,2886.5,2785.0,2820.14990234375,2705195,2763.385009765625,2717.9260107421874,-0.0142782585306711,0.0122895735137424,2861.0,2838.199951171875,2814.199951171875,2797.699951171875,2737.699951171875,2819.019970703125,2806.8800048828125,36.93743279065753,28.747200443042043,22.449951171875,-40.85009765625,2930.5
2020-12-22,2834.0,2883.64990234375,2818.64990234375,2872.5,2881737,2770.797509765625,2718.7760107421877,0.0185628776728297,0.011847350804267,2820.14990234375,2861.0,2838.199951171875,2761.550048828125,2797.300048828125,2841.2099609375,2814.4,25.262813802726534,35.09719636690962,110.949951171875,38.5,2909.300048828125
2020-12-23,2876.050048828125,2919.0,2865.449951171875,2908.75,2790988,2780.1325073242188,2720.420009765625,0.0126196692776328,0.0120162004480727,2872.5,2820.14990234375,2861.0,2814.199951171875,2810.800048828125,2860.119970703125,2824.1949951171873,33.90063770517264,45.96600470088934,94.550048828125,32.699951171875,2862.75
2020-12-24,2909.0,2921.35009765625,2883.199951171875,2909.35009765625,1807144,2790.535009765625,2722.415009765625,0.0002063077460248,0.0117633790718485,2908.75,2872.5,2820.14990234375,2838.199951171875,2784.300048828125,2874.35,2836.7,37.17412548362842,50.67532335181505,71.150146484375,0.35009765625,2928.25
2020-12-28,2910.0,2949.699951171875,2902.0,2929.39990234375,2108994,2800.975,2726.191005859375,0.0068915063551999,0.0117597053721573,2909.35009765625,2908.75,2872.5,2861.0,2783.60009765625,2888.02998046875,2851.27998046875,43.13995347070861,54.528086068081436,68.39990234375,19.39990234375,3039.449951171875
2020-12-29,2920.0,2952.0,2920.0,2930.5,1994151,2813.5175048828123,2729.5350048828127,0.0003755368652023,0.0109373578492844,2929.39990234375,2909.35009765625,2908.75,2820.14990234375,2797.699951171875,2910.1,2864.5599853515623,23.47760147459346,56.17553460205028,110.35009765625,10.5,3093.0
2020-12-30,2934.39990234375,2947.699951171875,2902.0,2909.300048828125,2637968,2822.6425048828123,2733.4900048828126,-0.0072342437030796,0.0107857131145097,2930.5,2929.39990234375,2909.35009765625,2872.5,2761.550048828125,2917.460009765625,2879.3349853515624,11.410765608912724,44.23276336955019,36.800048828125,-25.099853515625,3051.5
2020-12-31,2900.0,2905.0,2845.0,2862.75,4040956,2828.3025024414064,2735.9650048828125,-0.0160004289852727,0.0115342129898337,2909.300048828125,2930.5,2929.39990234375,2908.75,2814.199951171875,2908.260009765625,2884.189990234375,27.454249150012092,38.594205862136505,-46.0,-37.25,3032.800048828125
2021-01-01,2880.0,2940.0,2879.0,2928.25,2681440,2839.2425048828127,2741.0220068359376,0.0228800978080516,0.0117256164347875,2862.75,2909.300048828125,2930.5,2909.35009765625,2838.199951171875,2912.039990234375,2893.1949951171873,28.904642109028945,37.149718367921146,18.89990234375,48.25,3120.89990234375
2021-01-04,2950.0,3050.75,2940.949951171875,3039.449951171875,5113293,2854.8375,2748.3880078125,0.0379748830092632,0.0139797413048319,2928.25,2862.75,2909.300048828125,2929.39990234375,2861.0,2934.05,2911.039990234375,64.90693778410663,57.33960249249988,110.050048828125,89.449951171875,3176.449951171875
2021-01-05,3039.60009765625,3114.25,3039.60009765625,3093.0,5801309,2872.602502441406,2756.5120068359374,0.0176183354516097,0.0142287668350198,3039.449951171875,2928.25,2862.75,2930.5,2820.14990234375,2966.55,2938.325,95.94645940580524,72.26047761322248,162.5,53.39990234375,3174.85009765625
2021-01-06,3100.0,3113.5,3037.199951171875,3051.5,3726716,2885.3125,2763.7780078125,-0.0134173941157452,0.0143788459958693,3093.0,3039.449951171875,2928.25,2909.300048828125,2872.5,2994.989990234375,2956.225,95.80928015881385,76.2056717224433,142.199951171875,-48.5,3158.949951171875
2021-01-07,3075.0,3080.85009765625,3000.25,3032.800048828125,3717827,2896.4125,2771.831010742188,-0.0061281177033836,0.0145713418346931,3051.5,3093.0,3039.449951171875,2862.75,2908.75,3029.0,2968.6300048828125,60.9845356434435,77.70082270451249,170.050048828125,-42.199951171875,3250.699951171875
2021-01-08,3090.0,3128.0,3060.0,3120.89990234375,5879039,2913.242492675781,2781.805009765625,0.0290490148038828,0.0152425086641371,3032.800048828125,3051.5,3093.0,2928.25,2909.35009765625,3067.52998046875,2989.7849853515627,37.91004789882535,87.89731567527168,192.64990234375,30.89990234375,3233.35009765625
2021-01-11,3230.0,3230.0,3146.550048828125,3176.449951171875,9508039,2932.8849853515626,2792.6810107421875,0.0177993689532969,0.0153969707986763,3120.89990234375,3032.800048828125,3051.5,3039.449951171875,2929.39990234375,3094.92998046875,3014.489990234375,57.16196047071204,102.53862225116566,137.0,-53.550048828125,3221.75
2021-01-12,3176.449951171875,3210.0,3150.0,3174.85009765625,3611458,2951.742492675781,2802.8810107421878,-0.000503660860463,0.0154788848419568,3176.449951171875,3120.89990234375,3032.800048828125,3093.0,2930.5,3111.3,3038.925,67.29333456741335,109.1980209674292,81.85009765625,-1.599853515625,3260.699951171875
2021-01-13,3175.0,3177.0,3126.25,3158.949951171875,3572801,2971.6124877929688,2813.9680078125,-0.0050081566043426,0.0150527796788012,3174.85009765625,3176.449951171875,3120.89990234375,3051.5,2909.300048828125,3132.789990234375,3063.889990234375,60.205794891608186,104.71587145557432,107.449951171875,-16.050048828125,3308.800048828125
2021-01-14,3155.0,3266.5,3120.39990234375,3250.699951171875,6931542,2993.437487792969,2826.3100048828123,0.0290444614248996,0.0156331355611698,3158.949951171875,3174.85009765625,3176.449951171875,3032.800048828125,2862.75,3176.369970703125,3102.6849853515623,47.19016839262072,93.1419901636818,217.89990234375,95.699951171875,3273.85009765625
2021-01-15,3235.0,3274.0,3210.0,3233.35009765625,4131692,3013.194995117188,2837.9140087890623,-0.0053372669813375,0.0158836031152259,3250.699951171875,3158.949951171875,3174.85009765625,3120.89990234375,2928.25,3198.860009765625,3133.1949951171873,40.46123166171561,78.4687294297498,112.4501953125,-1.64990234375,3303.10009765625
2021-01-18,3250.0,3256.75,3187.39990234375,3221.75,4160906,3031.232495117188,2848.635009765625,-0.0035876404675938,0.0160423836931109,3233.35009765625,3250.699951171875,3158.949951171875,3176.449951171875,3039.449951171875,3207.92001953125,3151.425,39.24209191773668,75.38537902013597,45.300048828125,-28.25,3291.300048828125
2021-01-19,3233.0,3279.0,3232.0,3260.699951171875,2975735,3053.2599975585936,2859.700009765625,0.0120896876454954,0.0153501078597632,3221.75,3233.35009765625,3250.699951171875,3174.85009765625,3093.0,3225.089990234375,3168.1949951171873,39.93065581029144,79.4857117113905,85.849853515625,27.699951171875,3261.050048828125
2021-01-20,3270.0,3327.949951171875,3267.10009765625,3308.800048828125,3453446,3075.075,2871.3440087890626,0.0147514639115944,0.0152273268432603,3260.699951171875,3221.75,3233.35009765625,3158.949951171875,3051.5,3255.060009765625,3193.925,33.614311992149,79.15774197228372,149.85009765625,38.800048828125,3196.550048828125
2021-01-21,3305.0,3309.14990234375,3262.10009765625,3273.85009765625,2778546,3093.3300048828123,2883.8290087890623,-0.010562726866573,0.0156693163885009,3308.800048828125,3260.699951171875,3221.75,3250.699951171875,3032.800048828125,3259.6900390625,3218.0300048828126,34.4476389552643,58.698657725116504,23.150146484375,-31.14990234375,3111.35009765625
2021-01-22,3241.89990234375,3325.0,3241.89990234375,3303.10009765625,3052459,3113.0175048828123,2896.135009765625,0.0089344347259332,0.0156196075231503,3273.85009765625,3308.800048828125,3260.699951171875,3233.35009765625,3120.89990234375,3273.6400390625,3236.2500244140624,35.22849518570513,53.22151248071522,69.75,61.2001953125,3139.35009765625
2021-01-25,3308.949951171875,3339.800048828125,3278.64990234375,3291.300048828125,2272887,3131.112512207031,2908.540009765625,-0.0035724163601635,0.0157795807509741,3303.10009765625,3273.85009765625,3308.800048828125,3221.75,3176.449951171875,3287.550048828125,3247.7350341796873,20.100033736365777,51.2381872041059,69.550048828125,-17.64990234375,3203.449951171875
2021-01-27,3300.0,3306.449951171875,3227.0,3261.050048828125,2786662,3147.640014648437,2920.6240087890624,-0.0091908970775151,0.0160994647917908,3291.300048828125,3303.10009765625,3273.85009765625,3260.699951171875,3174.85009765625,3287.620068359375,3256.355029296875,19.983387894625224,44.40995751270969,0.35009765625,-38.949951171875,3200.050048828125
2021-01-28,3230.0,3275.0,3183.800048828125,3196.550048828125,3083938,3162.0025146484377,2931.1480078125,-0.0197789052710731,0.01684785310868,3261.050048828125,3291.300048828125,3303.10009765625,3308.800048828125,3158.949951171875,3265.170068359375,3260.1150390625,41.6007438387645,36.05198198663259,-112.25,-33.449951171875,3188.449951171875
2021-01-29,3210.050048828125,3216.85009765625,3100.0,3111.35009765625,5445659,3174.43251953125,2940.0540087890627,-0.0266537203767887,0.0176892473792243,3196.550048828125,3261.050048828125,3291.300048828125,3273.85009765625,3250.699951171875,3232.670068359375,3246.1800537109375,79.41422736240321,59.44019813655351,-162.5,-98.699951171875,3157.949951171875
2021-02-01,3100.0,3165.0,3044.10009765625,3139.35009765625,3985846,3184.9875244140626,2950.3080126953123,0.0089993086991695,0.0171879180959102,3111.35009765625,3196.550048828125,3261.050048828125,3303.10009765625,3233.35009765625,3199.920068359375,3236.7800537109374,76.83080995854394,68.4451655048656,-163.75,39.35009765625,3214.10009765625
2021-02-02,3174.0,3224.0,3150.0,3203.449951171875,2881837,3193.1875244140624,2961.639013671875,0.020418192148585,0.0157275926197561,3139.35009765625,3111.35009765625,3196.550048828125,3291.300048828125,3221.75,3182.350048828125,3234.950048828125,58.58866090401374,69.13285934496432,-87.85009765625,29.449951171875,3176.89990234375
2021-02-03,3213.0,3236.0,3162.64990234375,3200.050048828125,2505866,3198.540026855469,2972.4350146484376,-0.0010613252573233,0.0153481185282107,3203.449951171875,3139.35009765625,3111.35009765625,3261.050048828125,3260.699951171875,3170.150048828125,3228.88505859375,42.14832365024174,69.28306000647902,-61.0,-12.949951171875,3213.300048828125
2021-02-04,3216.050048828125,3237.85009765625,3176.0,3188.449951171875,2057261,3205.3875244140627,2981.719013671875,-0.0036249738220494,0.0149886254628672,3200.050048828125,3203.449951171875,3139.35009765625,3196.550048828125,3308.800048828125,3168.530029296875,3216.850048828125,41.02050967346929,64.11921126761028,-8.10009765625,-27.60009765625,3206.0
2021-02-05,3198.949951171875,3205.85009765625,3129.0,3157.949951171875,2366135,3211.64501953125,2990.43701171875,-0.0095657766209533,0.0151096305172245,3188.449951171875,3200.050048828125,3203.449951171875,3111.35009765625,3273.85009765625,3177.85,3205.2600341796874,28.012555473633988,63.1386400657943,46.599853515625,-41.0,3190.800048828125
2021-02-08,3189.5,3226.0,3155.14990234375,3214.10009765625,2526592,3216.305029296875,3000.6930126953125,0.0177805688350249,0.0142380497463536,3157.949951171875,3188.449951171875,3200.050048828125,3139.35009765625,3303.10009765625,3192.8,3196.3600341796873,21.52398462333909,53.3247488147372,74.75,24.60009765625,3139.85009765625
2021-02-09,3195.0,3245.800048828125,3164.0,3176.89990234375,2658751,3216.327526855469,3009.8190087890625,-0.011574062469189,0.013988463530067,3214.10009765625,3157.949951171875,3188.449951171875,3203.449951171875,3291.300048828125,3187.489990234375,3184.92001953125,21.51475239935839,41.697469312304804,-26.550048828125,-18.10009765625,3108.800048828125
2021-02-10,3185.0,3219.39990234375,3157.300048828125,3213.300048828125,2127983,3218.2500244140624,3020.49201171875,0.0114577568079878,0.014215169186771,3176.89990234375,3214.10009765625,3157.949951171875,3200.050048828125,3261.050048828125,3190.139990234375,3180.14501953125,24.108244626875855,34.0420474896755,13.25,28.300048828125,3073.10009765625
2021-02-11,3215.0,3219.300048828125,3185.050048828125,3206.0,1165882,3220.602526855469,3030.0760107421875,-0.0022718229599465,0.0141704575194679,3213.300048828125,3176.89990234375,3214.10009765625,3188.449951171875,3196.550048828125,3193.65,3181.0900146484373,25.059492567269604,34.67335487837713,17.550048828125,-9.0,3057.35009765625
2021-02-12,3184.199951171875,3245.5,3182.0,3190.800048828125,2777404,3217.607531738281,3038.9010107421877,-0.0047410951877339,0.012551918008274,3206.0,3213.300048828125,3176.89990234375,3157.949951171875,3111.35009765625,3200.22001953125,3189.035009765625,16.044591168542226,24.539249998203495,32.85009765625,6.60009765625,3071.85009765625
2021-02-15,3209.0,3209.0,3131.550048828125,3139.85009765625,2630853,3212.9325317382813,3047.509013671875,-0.0159677668271903,0.0129698562107066,3190.800048828125,3206.0,3213.300048828125,3214.10009765625,3139.35009765625,3185.37001953125,3189.085009765625,29.06447153097862,24.427018743276896,-74.25,-69.14990234375,2958.449951171875
2021-02-16,3150.0,3167.64990234375,3100.0,3108.800048828125,3435770,3207.2850341796875,3055.134013671875,-0.0098890226801917,0.0131020166259131,3139.85009765625,3190.800048828125,3206.0,3176.89990234375,3203.449951171875,3171.750048828125,3179.62001953125,45.39458541510729,34.50213554086589,-68.099853515625,-41.199951171875,2980.199951171875
2021-02-17,3105.10009765625,3132.85009765625,3045.550048828125,3073.10009765625,3678426,3197.9050415039064,3061.8420166015626,-0.0114835147359613,0.0128540724318955,3108.800048828125,3139.85009765625,3190.800048828125,3213.300048828125,3200.050048828125,3143.71005859375,3166.9250244140626,55.49071689150395,47.17703638760126,-140.199951171875,-32.0,2948.10009765625
2021-02-18,3065.0,3097.89990234375,3031.0,3057.35009765625,4189909,3185.3325439453124,3067.043017578125,-0.0051251177961993,0.0121692923385941,3073.10009765625,3108.800048828125,3139.85009765625,3206.0,3188.449951171875,3113.980078125,3153.8150390625,53.56194078798756,57.59598732523974,-148.64990234375,-7.64990234375,2995.300048828125
2021-02-19,3058.0,3087.14990234375,3016.14990234375,3071.85009765625,3725028,3175.2325439453125,3072.2640185546875,0.0047426691536294,0.0122076897994505,3057.35009765625,3073.10009765625,3108.800048828125,3190.800048828125,3157.949951171875,3090.190087890625,3145.2050537109376,33.61300039647489,63.08329189585536,-118.949951171875,13.85009765625,2894.300048828125
2021-02-22,3096.0,3096.0,2943.14990234375,2958.449951171875,5366696,3158.000036621094,3075.7470166015623,-0.036915911544934,0.0140006272835263,3071.85009765625,3057.35009765625,3073.10009765625,3139.85009765625,3214.10009765625,3053.91005859375,3119.6400390625,56.6292318649485,81.24773976491106,-181.400146484375,-137.550048828125,2924.199951171875
2021-02-23,2970.0,3028.0,2968.0,2980.199951171875,3832829,3142.445031738281,3079.679013671875,0.0073518228663576,0.0142859061540478,2958.449951171875,3071.85009765625,3057.35009765625,3108.800048828125,3176.89990234375,3028.1900390625,3099.9700439453127,54.63550011492468,89.26024126801391,-128.60009765625,10.199951171875,3006.35009765625
2021-02-24,2972.0,3003.35009765625,2921.14990234375,2948.10009765625,3774549,3126.797534179688,3082.6870166015624,-0.010771040212588,0.0143154882559858,2980.199951171875,2958.449951171875,3071.85009765625,3073.10009765625,3213.300048828125,3003.1900390625,3073.450048828125,57.47311728711607,91.22268553744031,-125.0,-23.89990234375,3059.10009765625
2021-02-25,2974.0,3029.89990234375,2968.449951171875,2995.300048828125,4224073,3116.735034179688,3087.3620166015626,0.0160102946332789,0.014596245706833,2948.10009765625,2980.199951171875,2958.449951171875,3057.35009765625,3206.0,2990.780029296875,3052.3800537109373,48.9171113463889,80.96137022055983,-62.050048828125,21.300048828125,3049.699951171875
2021-02-26,2960.0,2972.35009765625,2880.0,2894.300048828125,5553153,3105.882531738281,3088.9640185546878,-0.0337194933240544,0.0152653921673065,2995.300048828125,2948.10009765625,2980.199951171875,3071.85009765625,3190.800048828125,2955.27001953125,3022.7300537109377,38.73874613866284,78.90265388257636,-177.550048828125,-65.699951171875,3008.050048828125
2021-03-01,2926.0,2965.0,2901.800048828125,2924.199951171875,3265871,3095.1250244140624,3090.684018554688,0.0103306159829061,0.0153255372512339,2894.300048828125,2995.300048828125,2948.10009765625,2958.449951171875,3139.85009765625,2948.42001953125,3001.1650390625,40.99812950672351,72.54978133986185,-34.25,-1.800048828125,3006.949951171875
2021-03-02,2960.0,3025.0,2948.0,3006.35009765625,3306469,3085.270031738281,3093.5910205078126,0.0280932042459864,0.0160338706956593,2924.199951171875,2894.300048828125,2995.300048828125,2980.199951171875,3108.800048828125,2953.650048828125,2990.9200439453125,47.256085207238634,62.14966452758166,26.150146484375,46.35009765625,3050.949951171875
2021-03-03,3035.0,3064.0,2996.89990234375,3059.10009765625,3509857,3078.2225341796875,3098.3700244140623,0.0175461933196416,0.0166819273874662,3006.35009765625,2924.199951171875,2894.300048828125,2948.10009765625,3073.10009765625,2975.850048828125,2989.5200439453124,66.25190789007284,60.22050749270666,111.0,24.10009765625,3070.949951171875
2021-03-04,3023.0,3081.449951171875,3016.050048828125,3049.699951171875,3916760,3071.2850341796875,3101.9140234375,-0.0030728469760035,0.0166797569515175,3059.10009765625,3006.35009765625,2924.199951171875,2995.300048828125,3057.35009765625,2986.730029296875,2988.755029296875,74.23088457218837,59.30471058427167,54.39990234375,26.699951171875,3057.949951171875
2021-03-05,3016.10009765625,3063.199951171875,2996.60009765625,3008.050048828125,3203686,3063.7900390625,3103.9000244140625,-0.0136570492214309,0.0168009248147536,3049.699951171875,3059.10009765625,3006.35009765625,2894.300048828125,3071.85009765625,3009.480029296875,2982.3750244140624,53.30179720430968,52.402185119169154,113.75,-8.050048828125,3066.14990234375
2021-03-08,3016.0,3033.0,2996.0,3006.949951171875,2003125,3053.4325317382813,3105.852021484375,-0.0003657178698468,0.0161366270876146,3008.050048828125,3049.699951171875,3059.10009765625,2924.199951171875,2958.449951171875,3026.030029296875,2987.2250244140623,26.117634900339866,52.185772798170916,82.75,-9.050048828125,3110.050048828125
2021-03-09,3006.949951171875,3066.89990234375,2992.10009765625,3050.949951171875,1942397,3047.1350341796874,3108.283022460937,0.0146327676597517,0.0164812878424272,3006.949951171875,3008.050048828125,3049.699951171875,3006.35009765625,2980.199951171875,3034.95,2994.3000244140626,25.31993691393762,55.79839934891729,44.599853515625,44.0,3112.949951171875
2021-03-10,3075.0,3093.199951171875,3060.0,3070.949951171875,3053778,3040.017529296875,3111.092021484375,0.006555335328368,0.0163078543070544,3050.949951171875,3006.949951171875,3008.050048828125,3059.10009765625,2948.10009765625,3037.319970703125,3006.585009765625,28.500360888968235,57.97769850725269,11.849853515625,-4.050048828125,3036.5
2021-03-12,3075.0,3117.0,3041.35009765625,3057.949951171875,2938317,3032.615026855469,3114.06501953125,-0.0042332178012342,0.0163146110525923,3070.949951171875,3050.949951171875,3006.949951171875,3049.699951171875,2995.300048828125,3038.969970703125,3012.85,29.61334986513718,59.973352928816546,8.25,-17.050048828125,3050.199951171875
2021-03-15,3041.0,3099.0,3041.0,3066.14990234375,3097083,3026.38251953125,3118.133017578125,0.0026815190905045,0.0163389836707784,3057.949951171875,3070.949951171875,3050.949951171875,3008.050048828125,2894.300048828125,3050.58994140625,3030.0349853515627,25.57044426904586,44.975028880707995,58.099853515625,25.14990234375,3129.64990234375
2021-03-16,3060.0,3141.0,3060.0,3110.050048828125,4894756,3024.892517089844,3121.769018554688,0.0143176778313474,0.0163663383106233,3066.14990234375,3057.949951171875,3070.949951171875,3006.949951171875,2924.199951171875,3071.2099609375,3048.6199951171875,23.024552547684202,33.253419287585345,103.10009765625,50.050048828125,3142.60009765625
2021-03-17,3105.0,3155.0,3085.300048828125,3112.949951171875,3838390,3025.100012207032,3123.2390185546874,0.0009324294780537,0.0162124845990808,3110.050048828125,3066.14990234375,3057.949951171875,3050.949951171875,3006.35009765625,3083.6099609375,3059.27998046875,25.901152817715932,35.22523588207142,62.0,7.949951171875,3121.10009765625
2021-03-18,3125.949951171875,3146.449951171875,2987.050048828125,3036.5,3656306,3023.2700073242186,3122.1090185546877,-0.0245586830405337,0.0169547276932863,3112.949951171875,3110.050048828125,3066.14990234375,3070.949951171875,3059.10009765625,3076.719970703125,3057.019970703125,33.56036208931937,35.95548775523449,-34.449951171875,-89.449951171875,3064.85009765625
2021-03-19,3030.0,3099.0,3005.0,3050.199951171875,5776626,3022.9125,3122.083017578125,0.0045117573429525,0.0169521435806642,3036.5,3112.949951171875,3110.050048828125,3057.949951171875,3049.699951171875,3075.169970703125,3057.069970703125,34.80006076503057,35.94452342448492,-7.75,20.199951171875,3066.800048828125
2021-03-22,3048.699951171875,3139.449951171875,3018.64990234375,3129.64990234375,2821646,3025.802490234375,3124.0200146484376,0.0260474567056991,0.0179069704236584,3050.199951171875,3036.5,3112.949951171875,3066.14990234375,3008.050048828125,3087.869970703125,3069.2299560546876,41.60657470688549,38.02677445161297,63.5,80.949951171875,3158.550048828125
2021-03-23,3140.0,3169.0,3122.85009765625,3142.60009765625,3305973,3035.0099975585936,3124.4540185546875,0.0041379054260355,0.0155147503714683,3129.64990234375,3050.199951171875,3036.5,3110.050048828125,3006.949951171875,3094.37998046875,3082.794970703125,47.99989070375563,37.53310038863706,32.550048828125,2.60009765625,3177.85009765625
2021-03-24,3111.199951171875,3152.300048828125,3111.14990234375,3121.10009765625,2207104,3042.0550048828127,3123.347021484375,-0.0068414686348525,0.0156360222309707,3142.60009765625,3129.64990234375,3050.199951171875,3112.949951171875,3050.949951171875,3096.010009765625,3089.8099853515623,48.91777259684199,37.47543758520444,8.150146484375,9.900146484375,3165.0
2021-03-25,3112.199951171875,3130.85009765625,3050.0,3064.85009765625,3179786,3047.8925048828123,3121.147021484375,-0.0180224915061968,0.0160371446918726,3121.10009765625,3142.60009765625,3129.64990234375,3036.5,3070.949951171875,3101.680029296875,3089.2,41.353800176890424,37.86415790256797,28.35009765625,-47.349853515625,3238.89990234375
2021-03-26,3090.64990234375,3118.0,3043.050048828125,3066.800048828125,3697370,3051.4675048828126,3119.3040234375,0.0006362305201699,0.0156984788025576,3064.85009765625,3121.10009765625,3142.60009765625,3050.199951171875,3057.949951171875,3105.000048828125,3090.085009765625,36.57816664892319,37.14926337078133,16.60009765625,-23.849853515625,3264.699951171875
2021-03-30,3083.0,3188.449951171875,3060.89990234375,3158.550048828125,4694008,3064.6800048828127,3117.461025390625,0.029917177037694,0.0146409731110767,3066.800048828125,3064.85009765625,3121.10009765625,3129.64990234375,3066.14990234375,3110.780078125,3099.3250244140627,43.14160587495587,41.74180348074296,28.900146484375,75.550048828125,3271.39990234375
2021-03-31,3155.0,3205.0,3132.0,3177.85009765625,3530069,3077.362512207031,3116.351025390625,0.0061104141234948,0.0145825004859353,3158.550048828125,3066.800048828125,3064.85009765625,3142.60009765625,3110.050048828125,3117.830078125,3106.105029296875,51.67725323300661,48.61741770340227,35.25,22.85009765625,3317.35009765625
2021-04-01,3191.10009765625,3215.0,3145.0,3165.0,4285076,3085.2950073242187,3115.216025390625,-0.0040436449994061,0.0135533428284258,3177.85009765625,3158.550048828125,3066.800048828125,3121.10009765625,3112.949951171875,3126.61005859375,3111.3100341796876,55.92634044802547,52.09363748489615,43.89990234375,-26.10009765625,3322.25
2021-04-05,3171.0,3263.0,3151.0,3238.89990234375,5317862,3094.2849975585937,3114.7800244140626,0.0233491002665877,0.0139452065823641,3165.0,3177.85009765625,3158.550048828125,3064.85009765625,3036.5,3161.42001953125,3131.5500244140626,61.73951642926935,58.69865112490633,174.0498046875,67.89990234375,3246.550048828125
2021-04-06,3275.0,3275.0,3230.0,3264.699951171875,2291562,3105.0349975585937,3113.8980224609377,0.0079656826719021,0.0139126194640077,3238.89990234375,3165.0,3177.85009765625,3066.800048828125,3050.199951171875,3201.0,3153.0000244140624,47.770290741156735,64.56678572872617,197.89990234375,-10.300048828125,3104.050048828125
2021-04-07,3259.0,3277.550048828125,3234.800048828125,3271.39990234375,2491268,3118.202490234375,3113.8490185546875,0.0020522410243153,0.0133237742469511,3264.699951171875,3238.89990234375,3165.0,3158.550048828125,3129.64990234375,3223.569970703125,3167.1750244140626,49.333388079965076,73.77429921134068,112.849853515625,12.39990234375,3218.949951171875
2021-04-08,3270.0,3335.0,3266.050048828125,3317.35009765625,2578118,3133.7224975585937,3114.1340185546874,0.0140460343229757,0.0134479133053826,3271.39990234375,3264.699951171875,3238.89990234375,3177.85009765625,3142.60009765625,3251.469970703125,3184.6500244140625,56.00778548049239,86.84513314916427,139.5,47.35009765625,3195.14990234375
2021-04-09,3354.0,3354.35009765625,3308.0,3322.25,2911129,3147.2875,3114.753017578125,0.0014770531296084,0.013273051225324,3317.35009765625,3271.39990234375,3264.699951171875,3165.0,3121.10009765625,3282.919970703125,3204.7650146484375,35.82852338424776,93.52820497600487,157.25,-31.75,3161.800048828125
2021-04-12,3322.25,3338.10009765625,3213.199951171875,3246.550048828125,3791828,3156.0675048828125,3114.463017578125,-0.0227857479635412,0.0145744138286744,3322.25,3317.35009765625,3271.39990234375,3238.89990234375,3064.85009765625,3284.45,3222.935009765625,33.57094056682587,79.99725272587203,7.650146484375,-75.699951171875,3144.550048828125
2021-04-13,3214.0,3214.0,3073.050048828125,3104.050048828125,8654596,3158.372509765625,3112.613017578125,-0.0438927470258581,0.0179101436967784,3246.550048828125,3322.25,3317.35009765625,3264.699951171875,3066.800048828125,3252.32001953125,3226.660009765625,88.74180515920317,72.42835207088734,-160.64990234375,-109.949951171875,3118.800048828125
2021-04-15,3160.300048828125,3237.25,3087.449951171875,3218.949951171875,6062760,3166.0125122070312,3114.765014648437,0.0370161242687205,0.0196506581516886,3104.050048828125,3246.550048828125,3322.25,3271.39990234375,3158.550048828125,3241.830029296875,3232.7,89.02212083274613,68.53098168601286,-52.449951171875,58.64990234375,3109.5
2021-04-16,3229.0,3247.0,3182.60009765625,3195.14990234375,3224657,3170.2675048828123,3115.8810107421878,-0.0073937306230749,0.0195698870681469,3218.949951171875,3104.050048828125,3246.550048828125,3317.35009765625,3177.85009765625,3217.389990234375,3234.42998046875,79.35510060908645,67.19790735852993,-122.2001953125,-33.85009765625,3100.800048828125
2021-04-19,3169.0,3189.0,3135.10009765625,3161.800048828125,2679106,3172.710009765625,3115.0480126953125,-0.0104376491040879,0.0197525510414049,3195.14990234375,3218.949951171875,3104.050048828125,3322.25,3165.0,3185.3,3234.1099853515625,55.07883110144282,67.57184620319222,-160.449951171875,-7.199951171875,3132.0
2021-04-20,3225.0,3225.35009765625,3126.35009765625,3144.550048828125,3141893,3178.112512207031,3113.9380126953124,-0.0054557529678049,0.0188967289317451,3161.800048828125,3195.14990234375,3218.949951171875,3246.550048828125,3238.89990234375,3164.9,3224.675,44.617543021404984,73.18275376163032,-102.0,-80.449951171875,3124.10009765625
2021-04-22,3148.0,3148.0,3105.25,3118.800048828125,1988980,3181.542517089844,3112.5450146484377,-0.0081887709211676,0.019018049741121,3144.550048828125,3161.800048828125,3195.14990234375,3104.050048828125,3264.699951171875,3167.85,3210.085009765625,39.8179514211159,78.65555673819794,14.75,-29.199951171875,3115.25
2021-04-23,3105.0,3119.0,3091.050048828125,3109.5,1615309,3180.535021972656,3111.576015625,-0.0029819317309615,0.0181149998389419,3118.800048828125,3144.550048828125,3161.800048828125,3218.949951171875,3271.39990234375,3145.960009765625,3193.89501953125,34.42214457810689,81.25196732794637,-109.449951171875,4.5,3035.64990234375
2021-04-26,3102.050048828125,3153.0,3088.050048828125,3100.800048828125,2490260,3178.44501953125,3109.3100146484376,-0.0027978617693761,0.0180946312726601,3109.5,3118.800048828125,3144.550048828125,3195.14990234375,3317.35009765625,3127.0900390625,3172.2400146484374,25.39160155331669,73.14602187297399,-94.349853515625,-1.25,3037.0
2021-04-27,3106.0,3136.10009765625,3103.0,3132.0,1471417,3178.9900146484374,3108.4120166015623,0.0100619035992552,0.0181780820199574,3100.800048828125,3109.5,3118.800048828125,3161.800048828125,3322.25,3121.130029296875,3153.2150146484373,17.468887158430288,51.26166150936298,-29.800048828125,26.0,3049.75
2021-04-28,3149.949951171875,3151.0,3112.0,3124.10009765625,1639037,3181.952514648437,3106.628017578125,-0.0025223187559866,0.0176779235383156,3132.0,3100.800048828125,3109.5,3144.550048828125,3246.550048828125,3117.0400390625,3140.97001953125,12.22018785498742,39.8422893672923,-20.449951171875,-25.849853515625,3095.699951171875
2021-04-29,3145.60009765625,3157.35009765625,3105.5,3115.25,1621395,3184.3750122070314,3104.813017578125,-0.0028328470214157,0.0176997871452121,3124.10009765625,3132.0,3100.800048828125,3118.800048828125,3104.050048828125,3116.330029296875,3142.0900146484373,12.195470480658996,38.83378179367165,-3.550048828125,-30.35009765625,3111.449951171875
2021-04-30,3099.0,3132.050048828125,3020.0,3035.64990234375,3072305,3178.2300048828124,3101.7100146484377,-0.0255517527184816,0.0172594771278614,3115.25,3124.10009765625,3132.0,3109.5,3218.949951171875,3101.560009765625,3123.760009765625,38.622481151485026,41.67962511906836,-73.85009765625,-63.35009765625,3132.89990234375
2021-05-03,3024.89990234375,3055.0,3004.0,3037.0,1545831,3171.1875,3099.653012695313,0.0004447474839597,0.017168367404323,3035.64990234375,3115.25,3124.10009765625,3100.800048828125,3195.14990234375,3088.8,3107.94501953125,48.270364291675364,41.58573970549124,-63.800048828125,12.10009765625,3145.5
2021-05-04,3062.800048828125,3090.0,3035.0,3049.75,1990777,3165.425,3098.47201171875,0.0041982219295357,0.0172186958983335,3037.0,3035.64990234375,3115.25,3132.0,3161.800048828125,3072.35,3096.7400146484374,43.66280532502553,40.545089434291775,-82.25,-13.050048828125,3122.60009765625
2021-05-05,3070.0,3099.39990234375,3052.39990234375,3095.699951171875,1939289,3158.265002441406,3098.9240087890626,0.0150667927442822,0.0166752793231008,3049.75,3037.0,3035.64990234375,3124.10009765625,3144.550048828125,3066.669970703125,3091.8550048828124,36.50889009417809,36.92603365706202,-28.400146484375,25.699951171875,3087.60009765625
2021-05-06,3105.5,3134.0,3074.0,3111.449951171875,1791671,3150.602502441406,3100.006005859375,0.0050877023769819,0.0165958418812496,3095.699951171875,3049.75,3037.0,3115.25,3118.800048828125,3065.9099609375,3091.1199951171875,35.26306691749981,36.399499062613884,-3.800048828125,5.949951171875,3051.5
2021-05-07,3133.0,3159.85009765625,3111.800048828125,3132.89990234375,1912540,3143.6775024414064,3101.227001953125,0.0068938763304857,0.0166972034786559,3111.449951171875,3095.699951171875,3049.75,3035.64990234375,3109.5,3085.3599609375,3093.4599853515624,40.787265651266,38.40904452727152,97.25,-0.10009765625,3069.75
2021-05-10,3145.949951171875,3164.199951171875,3125.0,3145.5,2137153,3135.084997558594,3104.9680029296874,0.0040218641032303,0.016335864525273,3132.89990234375,3111.449951171875,3095.699951171875,3037.0,3100.800048828125,3107.0599609375,3097.92998046875,37.34331477584081,41.808784753093086,108.5,-0.449951171875,3088.800048828125
2021-05-11,3125.0,3128.10009765625,3091.14990234375,3122.60009765625,2415625,3125.102502441406,3107.816005859375,-0.0072802105686695,0.0163402091503165,3145.5,3132.89990234375,3111.449951171875,3049.75,3132.0,3121.62998046875,3096.989990234375,19.19459243292654,41.05657746404783,72.85009765625,-2.39990234375,3082.0
2021-05-12,3120.0,3120.0,3070.60009765625,3087.60009765625,1978558,3117.1550048828126,3110.606005859375,-0.0112086078605678,0.015797192642345,3122.60009765625,3145.5,3132.89990234375,3095.699951171875,3124.10009765625,3120.010009765625,3093.339990234375,22.05830055877741,39.98717868927947,-8.099853515625,-32.39990234375,3060.0
2021-05-14,3098.5,3098.5,3040.0,3051.5,2043935,3114.5275024414063,3111.7300048828124,-0.0116919602650786,0.0126772216416728,3087.60009765625,3122.60009765625,3145.5,3111.449951171875,3115.25,3108.02001953125,3086.964990234375,38.235526673569886,41.17024294943292,-59.949951171875,-47.0,3080.5
2021-05-17,3055.0,3075.199951171875,3036.0,3069.75,2890462,3107.0675048828125,3115.23900390625,0.0059806652466001,0.0092414258713209,3051.5,3087.60009765625,3122.60009765625,3132.89990234375,3035.64990234375,3095.3900390625,3090.375,38.39214044884281,37.71491912016977,-63.14990234375,14.75,3081.5
2021-05-18,3100.0,3124.0,3078.0,3088.800048828125,2098538,3101.7500122070314,3118.531005859375,0.00620573298416,0.0093488765278718,3069.75,3051.5,3087.60009765625,3145.5,3037.0,3084.050048828125,3095.5550048828127,26.387822411708953,32.80752193307502,-56.699951171875,-11.199951171875,3114.0
2021-05-19,3084.0,3118.0,3067.10009765625,3082.0,1986041,3097.760009765625,3120.04400390625,-0.0022015179748215,0.0091199847145844,3088.800048828125,3069.75,3051.5,3122.60009765625,3049.75,3075.930029296875,3098.7800048828126,15.602015383718014,29.19024740780811,-40.60009765625,-2.0,3158.5
2021-05-20,3067.10009765625,3088.800048828125,3052.10009765625,3060.0,2329027,3093.532507324219,3120.062001953125,-0.0071382219338091,0.0091685712828701,3082.0,3088.800048828125,3069.75,3087.60009765625,3095.699951171875,3070.410009765625,3095.210009765625,15.320850138740933,31.68523716889594,-27.60009765625,-7.10009765625,3180.0
2021-05-21,3061.0,3088.199951171875,3055.10009765625,3080.5,1685566,3091.6175048828127,3120.6780029296874,0.0066993464052287,0.0091860585015448,3060.0,3082.0,3088.800048828125,3051.5,3111.449951171875,3076.210009765625,3092.1150146484374,11.346070129000001,31.433257392476023,29.0,19.5,3143.60009765625
2021-05-24,3081.5,3105.0,3072.0,3081.5,1652260,3090.2175048828126,3122.147001953125,0.000324622626197,0.0091702448324269,3080.5,3060.0,3082.0,3069.75,3132.89990234375,3078.560009765625,3086.9750244140623,10.880866233859095,28.042672856217163,11.75,0.0,3159.14990234375
2021-05-25,3092.0,3128.25,3082.10009765625,3114.0,1841613,3090.8775024414062,3124.2880029296875,0.0105468116177187,0.0094681554353095,3081.5,3080.5,3060.0,3088.800048828125,3145.5,3083.6,3083.8250244140627,19.350064599340435,21.81608745442803,25.199951171875,22.0,3153.0
2021-05-26,3120.0,3165.0,3103.800048828125,3158.5,1923753,3092.202502441406,3126.43900390625,0.0142903018625561,0.0097419108177803,3114.0,3081.5,3080.5,3082.0,3122.60009765625,3098.9,3087.4150146484376,38.51850204769941,30.23507973891623,76.5,38.5,3129.449951171875
2021-05-27,3161.949951171875,3217.75,3161.800048828125,3180.0,5959785,3094.9974975585938,3128.6200048828123,0.0068070286528414,0.0098143453019028,3158.5,3114.0,3081.5,3060.0,3087.60009765625,3122.9,3096.6550048828126,45.051914498704555,42.091977967414245,120.0,18.050048828125,3141.25
2021-05-28,3189.5,3198.0,3135.64990234375,3143.60009765625,1763701,3096.415002441406,3130.3330078125,-0.0114465101709905,0.010170828370657,3180.0,3158.5,3114.0,3080.5,3051.5,3135.52001953125,3105.8650146484374,38.57819843553768,41.18014078222455,63.10009765625,-45.89990234375,3143.75
2021-05-31,3150.0,3170.35009765625,3128.60009765625,3159.14990234375,1652799,3102.5900024414063,3132.1930078125,0.0049464958024061,0.0081430963836295,3143.60009765625,3180.0,3158.5,3081.5,3069.75,3151.05,3114.8050048828127,24.43060049867702,42.16104926131157,77.64990234375,9.14990234375,3183.199951171875
2021-06-01,3168.60009765625,3169.949951171875,3132.0,3153.0,1377441,3108.390002441406,3133.0520068359374,-0.00194669532433,0.0081850082934345,3159.14990234375,3143.60009765625,3180.0,3114.0,3088.800048828125,3158.85,3121.225,13.363354396480881,42.6463795687296,39.0,-15.60009765625,3200.14990234375
2021-06-02,3150.85009765625,3159.449951171875,3115.0,3129.449951171875,2240078,3112.375,3133.3820068359373,-0.0074690925557009,0.0084254199318332,3153.0,3159.14990234375,3143.60009765625,3158.5,3082.0,3153.039990234375,3125.9699951171874,18.77349372530766,40.37645439147247,-29.050048828125,-21.400146484375,3200.25
2021-06-03,3154.550048828125,3154.550048828125,3122.64990234375,3141.25,1281706,3114.6525024414063,3135.4770068359376,0.0037706462836084,0.0078119928547612,3129.449951171875,3153.0,3159.14990234375,3180.0,3060.0,3145.289990234375,3134.0949951171874,11.419561175684242,33.155533586244225,-38.75,-13.300048828125,3216.800048828125
2021-06-04,3128.0,3156.85009765625,3125.0,3143.75,1836060,3116.2675048828123,3137.3480078125,0.0007958615200955,0.00774550934028,3141.25,3129.449951171875,3153.0,3143.60009765625,3080.5,3145.319970703125,3140.4199951171877,11.414210973985627,27.31370033553174,0.14990234375,15.75,3273.800048828125
2021-06-07,3145.0,3190.449951171875,3133.60009765625,3183.199951171875,2559821,3118.782507324219,3138.4190087890624,0.0125486922216699,0.0080852259221433,3143.75,3141.25,3129.449951171875,3159.14990234375,3081.5,3150.12998046875,3150.589990234375,20.304444033487293,21.18336570353866,24.050048828125,38.199951171875,3276.35009765625
2021-06-08,3198.0,3231.0,3187.199951171875,3200.14990234375,2574057,3121.515002441406,3139.570004882813,0.0053248151017453,0.0081175022041964,3183.199951171875,3143.75,3141.25,3153.0,3114.0,3159.5599609375,3159.20498046875,30.40647424522577,22.1454579700331,47.14990234375,2.14990234375,3262.75
2021-06-09,3202.0,3220.0,3186.199951171875,3200.25,1710925,3125.397497558594,3141.153002929688,3.127905232713779e-05,0.0078915431418025,3200.14990234375,3183.199951171875,3143.75,3129.449951171875,3158.5,3173.719970703125,3163.37998046875,29.34600446445378,25.65515360655201,70.800048828125,-1.75,3274.35009765625
2021-06-10,3210.0,3224.0,3193.0,3216.800048828125,1874324,3131.857495117188,3144.192001953125,0.0051714862364269,0.0073617804667028,3200.25,3200.14990234375,3183.199951171875,3141.25,3180.0,3188.82998046875,3167.0599853515623,27.860294642729187,30.48813330918554,75.550048828125,6.800048828125,3317.75
2021-06-11,3211.550048828125,3309.0,3211.0,3273.800048828125,3452954,3142.9724975585937,3148.332001953125,0.0177194724990026,0.0074039203530244,3216.800048828125,3200.25,3200.14990234375,3143.75,3143.60009765625,3214.839990234375,3180.07998046875,35.03529972832035,44.112997008813565,130.050048828125,62.25,3297.300048828125
2021-06-14,3279.0,3308.699951171875,3270.35009765625,3276.35009765625,1847360,3153.3025024414064,3150.688002929688,0.0007789262600315,0.0074053335499259,3273.800048828125,3216.800048828125,3200.25,3183.199951171875,3159.14990234375,3233.47001953125,3191.8,38.59047872654215,52.67287649123089,93.150146484375,-2.64990234375,3273.10009765625
2021-06-15,3298.0,3298.0,3251.550048828125,3262.75,1304985,3162.0,3152.3860009765626,-0.0041509903553893,0.0075512359504569,3276.35009765625,3273.800048828125,3216.800048828125,3200.14990234375,3153.0,3245.9900390625,3202.775,35.072185542541966,55.06949499470285,62.60009765625,-35.25,3301.199951171875
2021-06-16,3262.10009765625,3294.699951171875,3253.0,3274.35009765625,1635552,3171.6175048828127,3154.5730029296874,0.0035553130507239,0.0074609305403002,3262.75,3276.35009765625,3273.800048828125,3200.25,3129.449951171875,3260.81005859375,3217.2650146484375,25.170467071503648,52.642051298769246,74.10009765625,12.25,3261.39990234375
2021-06-17,3265.5,3336.050048828125,3260.0,3317.75,2273413,3184.5050048828125,3156.1500048828125,0.0132545088488904,0.0073872497624447,3274.35009765625,3262.75,3276.35009765625,3216.800048828125,3141.25,3281.000048828125,3234.9150146484376,21.220904138646087,53.89742821485836,100.949951171875,52.25,3373.60009765625
2021-06-18,3350.89990234375,3358.0,3275.0,3297.300048828125,3380431,3195.345007324219,3156.8020068359374,-0.0061638011218069,0.0077003002253933,3317.75,3274.35009765625,3262.75,3273.800048828125,3143.75,3285.700048828125,3250.27001953125,21.821475029465788,46.38901421412151,23.5,-53.599853515625,3380.800048828125
2021-06-21,3265.0,3286.0,3251.699951171875,3273.10009765625,1130569,3204.925012207031,3156.836010742188,-0.007339323329242,0.0080461312757974,3297.300048828125,3317.75,3274.35009765625,3276.35009765625,3183.199951171875,3285.050048828125,3259.2600341796874,22.21447598112317,40.25209521322824,-3.25,8.10009765625,3336.75
2021-06-22,3304.0,3327.050048828125,3285.0,3301.199951171875,1708688,3214.285009765625,3156.5130078125,0.0085850883496494,0.0079614594371253,3273.10009765625,3297.300048828125,3317.75,3262.75,3200.14990234375,3292.7400390625,3269.3650390625,18.98538379527472,36.249012609275084,38.449951171875,-2.800048828125,3340.85009765625
2021-06-23,3329.0,3329.0,3256.39990234375,3261.39990234375,1467104,3219.4300048828127,3155.296005859375,-0.0120562369492331,0.0081639673495523,3301.199951171875,3273.10009765625,3297.300048828125,3274.35009765625,3200.25,3290.15,3275.480029296875,22.650893494042275,27.36287419722634,-12.9501953125,-67.60009765625,3345.75
2021-06-24,3284.0,3383.0,3278.5,3373.60009765625,4155204,3229.110009765625,3157.8370068359377,0.0344024647918426,0.0109428937417508,3261.39990234375,3301.199951171875,3273.10009765625,3317.75,3216.800048828125,3301.32001953125,3291.1600341796875,43.67654983371751,34.0981005251105,55.85009765625,89.60009765625,3341.5
2021-06-25,3375.25,3399.64990234375,3350.0,3380.800048828125,2722861,3240.970007324219,3163.3720068359376,0.002134204103467,0.0104064591278786,3373.60009765625,3261.39990234375,3301.199951171875,3297.300048828125,3273.800048828125,3318.02001953125,3301.8600341796873,55.984437377915185,43.529284229190345,83.5,5.550048828125,3325.449951171875
2021-06-28,3391.5,3391.5,3333.0,3336.75,1355238,3249.850012207032,3165.7280078125,-0.0130294747373166,0.0110490916518724,3380.800048828125,3373.60009765625,3261.39990234375,3273.10009765625,3276.35009765625,3330.75,3307.9000244140625,50.149226533209344,43.78600144484307,63.64990234375,-54.75,3321.0
2021-06-29,3342.0,3366.300048828125,3326.5,3340.85009765625,1497322,3259.242517089844,3168.64201171875,0.0012287698078219,0.0110000619132791,3336.75,3380.800048828125,3373.60009765625,3301.199951171875,3262.75,3338.680029296875,3315.7100341796877,47.36602012833479,41.75609789058603,39.650146484375,-1.14990234375,3262.300048828125
2021-06-30,3346.0,3382.0,3338.5,3345.75,1693146,3270.05751953125,3172.321010742188,0.0014666633343374,0.0107326200703734,3340.85009765625,3336.75,3380.800048828125,3261.39990234375,3274.35009765625,3355.550048828125,3322.8500244140623,20.180052775694804,39.96401991684655,84.35009765625,-0.25,3274.949951171875
2021-07-01,3358.0,3362.0,3332.35009765625,3341.5,990310,3280.07001953125,3176.260009765625,-0.0012702682507659,0.0107825671251583,3345.75,3340.85009765625,3336.75,3373.60009765625,3317.75,3349.130029296875,3325.2250244140623,17.989263989851032,40.33128242934321,-32.10009765625,-16.5,3258.5
2021-07-02,3331.0,3339.699951171875,3295.199951171875,3325.449951171875,1682274,3289.155017089844,3180.3930078125,-0.004803246694037,0.0109187163311412,3341.5,3345.75,3340.85009765625,3380.800048828125,3297.300048828125,3338.060009765625,3328.0400146484376,7.737631685007882,39.13014710472104,-55.35009765625,-5.550048828125,3208.14990234375
2021-07-05,3342.0,3374.0,3302.0,3321.0,1972858,3296.04501953125,3184.6230078125,-0.0013381500961416,0.0107103540551223,3325.449951171875,3341.5,3345.75,3336.75,3273.10009765625,3334.910009765625,3332.8300048828123,10.94530817278069,34.29000984190536,-15.75,-21.0,3193.10009765625
2021-07-06,3313.0,3328.0,3256.10009765625,3262.300048828125,2159420,3299.1525268554688,3187.8530078125,-0.017675384273374,0.0115557946448419,3321.0,3325.449951171875,3341.5,3340.85009765625,3301.199951171875,3319.2,3328.9400146484377,33.47423947233691,40.006856548049186,-78.550048828125,-50.699951171875,3187.550048828125
2021-07-07,3275.0,3282.699951171875,3241.60009765625,3274.949951171875,2640710,3302.8875244140627,3190.7120068359377,0.0038776023524549,0.0115703820072712,3262.300048828125,3321.0,3325.449951171875,3345.75,3261.39990234375,3305.039990234375,3330.29501953125,34.397433666932194,37.62362871543874,-70.800048828125,-0.050048828125,3214.550048828125
2021-07-08,3298.0,3298.0,3231.89990234375,3258.5,2485811,3304.972521972656,3193.4000048828125,-0.0050229626153488,0.0116114998823502,3274.949951171875,3262.300048828125,3321.0,3341.5,3373.60009765625,3288.439990234375,3318.785009765625,32.371176030499605,40.406584624960544,-83.0,-39.5,3202.949951171875
2021-07-09,3250.0,3282.0,3201.0,3208.14990234375,6365067,3301.6900146484377,3195.258002929688,-0.0154519250134264,0.0114211828138669,3258.5,3274.949951171875,3262.300048828125,3325.449951171875,3380.800048828125,3264.97998046875,3301.5199951171876,40.362336603148556,47.26718775653687,-117.300048828125,-41.85009765625,3194.800048828125
2021-07-12,3235.0,3236.0,3188.35009765625,3193.10009765625,1892226,3297.5275146484373,3198.4070068359374,-0.0046911164208708,0.0114430527082627,3208.14990234375,3258.5,3274.949951171875,3321.0,3336.75,3239.4,3287.1550048828126,36.308645062893056,56.33025122018805,-127.89990234375,-41.89990234375,3184.60009765625
2021-07-13,3214.0,3214.0,3175.0,3187.550048828125,1809339,3293.767517089844,3201.4180078125,-0.00173813806595,0.01142327636952,3193.10009765625,3208.14990234375,3258.5,3262.300048828125,3340.85009765625,3224.45,3271.825,39.74847017624707,60.77807408780351,-74.75,-26.449951171875,3205.800048828125
2021-07-14,3187.0,3222.0,3185.0,3214.550048828125,2044279,3290.7775146484373,3204.7140087890625,0.0084704552356522,0.0115805745391588,3187.550048828125,3193.10009765625,3208.14990234375,3274.949951171875,3345.75,3212.37001953125,3258.7050048828123,28.008471261499352,57.09635160205845,-60.39990234375,27.550048828125,3216.35009765625
2021-07-15,3227.60009765625,3231.85009765625,3194.0,3202.949951171875,2232968,3285.037512207032,3206.8590087890625,-0.0036086225070531,0.0111030311843563,3214.550048828125,3187.550048828125,3193.10009765625,3258.5,3341.5,3201.260009765625,3244.85,10.971541078076198,51.28779743458528,-55.550048828125,-24.650146484375,3212.85009765625
2021-07-16,3213.0,3219.85009765625,3192.0,3194.800048828125,1256526,3279.912512207032,3208.5260107421877,-0.002544498811406,0.0110558626704971,3202.949951171875,3214.550048828125,3187.550048828125,3208.14990234375,3325.449951171875,3198.5900390625,3231.785009765625,10.489466291354736,44.691099382781054,-13.349853515625,-18.199951171875,3197.550048828125
2021-07-19,3180.0,3199.800048828125,3176.0,3184.60009765625,1597058,3275.487512207031,3209.5600146484376,-0.0031926727857715,0.0109796106803035,3194.800048828125,3202.949951171875,3214.550048828125,3193.10009765625,3321.0,3196.8900390625,3218.14501953125,12.157761062549032,33.96445427646975,-8.5,4.60009765625,3182.949951171875
2021-07-20,3184.60009765625,3215.0,3156.14990234375,3205.800048828125,1811945,3270.717517089844,3210.766015625,0.006657021453801,0.0108962786303906,3184.60009765625,3194.800048828125,3202.949951171875,3187.550048828125,3262.300048828125,3200.5400390625,3212.49501953125,11.366452532138348,30.305415867535903,18.25,21.199951171875,3197.800048828125
2021-07-22,3190.0,3224.949951171875,3190.0,3216.35009765625,2859334,3268.4650268554688,3212.641015625,0.0032909254062747,0.0106445098576827,3205.800048828125,3184.60009765625,3194.800048828125,3214.550048828125,3274.949951171875,3200.900048828125,3206.6350341796874,11.935393967205162,21.17811484645844,1.800048828125,26.35009765625,3195.800048828125
2021-07-23,3230.0,3241.550048828125,3206.64990234375,3212.85009765625,1776193,3260.427526855469,3215.146015625,-0.0010881899960301,0.0067352853208817,3216.35009765625,3205.800048828125,3184.60009765625,3202.949951171875,3258.5,3202.880078125,3202.0700439453126,13.122628394331105,11.435198643390171,9.900146484375,-17.14990234375,3167.449951171875
2021-07-26,3200.0,3224.25,3190.85009765625,3197.550048828125,1259611,3251.265026855469,3218.0670166015625,-0.0047621421364433,0.0066662272612098,3212.85009765625,3216.35009765625,3205.800048828125,3194.800048828125,3208.14990234375,3203.430078125,3201.01005859375,12.751699325678175,11.299478357591969,2.75,-2.449951171875,3219.39990234375
2021-07-27,3200.0,3210.0,3161.14990234375,3182.949951171875,1121367,3243.5750244140627,3220.331015625,-0.004566026311801,0.0062347612653215,3197.550048828125,3212.85009765625,3216.35009765625,3184.60009765625,3193.10009765625,3203.100048828125,3199.9950439453123,13.367368679443183,12.482883174236193,-1.650146484375,-17.050048828125,3284.89990234375
2021-07-28,3188.0,3204.449951171875,3132.39990234375,3197.800048828125,1660654,3236.4225219726563,3222.511015625,0.004665514030713,0.0063838207056098,3182.949951171875,3197.550048828125,3212.85009765625,3205.800048828125,3187.550048828125,3201.500048828125,3201.0200439453124,13.441969551079985,11.746560731514004,-8.0,9.800048828125,3273.949951171875
2021-07-29,3200.25,3225.449951171875,3190.300048828125,3195.800048828125,1731997,3228.9250244140626,3224.7870166015623,-0.0006254299735635,0.0063381358692243,3197.800048828125,3182.949951171875,3197.550048828125,3216.35009765625,3214.550048828125,3197.3900390625,3199.1450439453124,10.609563257779687,10.805689180894134,-20.550048828125,-4.449951171875,3283.949951171875
2021-07-30,3219.0,3223.5,3162.35009765625,3167.449951171875,2999943,3220.222521972656,3226.936015625,-0.0088710486335481,0.0065007693087363,3195.800048828125,3197.800048828125,3182.949951171875,3212.85009765625,3202.949951171875,3188.310009765625,3195.5950439453127,13.185333908352542,14.586686681052893,-45.400146484375,-51.550048828125,3309.800048828125
2021-08-02,3180.0,3224.89990234375,3167.0,3219.39990234375,2608669,3214.92001953125,3229.714013671875,0.0164011908546983,0.0077419168970969,3167.449951171875,3195.800048828125,3197.800048828125,3197.550048828125,3194.800048828125,3192.67998046875,3198.055029296875,19.242738890364233,16.399413410292645,21.849853515625,39.39990234375,3322.699951171875
2021-08-03,3229.0,3290.0,3218.949951171875,3284.89990234375,3804735,3213.1150146484374,3233.78201171875,0.0203454065934198,0.0091663789443155,3219.39990234375,3167.449951171875,3195.800048828125,3182.949951171875,3184.60009765625,3213.069970703125,3208.085009765625,44.193364919788316,31.22580583223907,101.949951171875,55.89990234375,3333.89990234375
2021-08-04,3300.0,3305.199951171875,3261.199951171875,3273.949951171875,2929598,3213.697509765625,3236.981010742188,-0.0033334200424378,0.0082696779947065,3284.89990234375,3219.39990234375,3167.449951171875,3197.800048828125,3205.800048828125,3228.299951171875,3214.9,50.31315432903316,37.48182832293685,76.14990234375,-26.050048828125,3344.199951171875
2021-08-05,3275.0,3315.0,3262.5,3283.949951171875,2534521,3214.147509765625,3239.490009765625,0.0030544144379545,0.0082524968936158,3273.949951171875,3284.89990234375,3219.39990234375,3195.800048828125,3216.35009765625,3245.929931640625,3221.6599853515627,51.50789207770124,43.40098058795373,88.14990234375,8.949951171875,3351.75
2021-08-06,3272.550048828125,3324.0,3265.0,3309.800048828125,2292362,3216.712512207031,3242.086010742188,0.0078716478754572,0.0083288335287984,3283.949951171875,3273.949951171875,3284.89990234375,3167.449951171875,3212.85009765625,3274.399951171875,3231.35498046875,33.465752119790565,51.32027259084662,142.35009765625,37.25,3463.39990234375
2021-08-09,3323.89990234375,3337.0,3310.0,3322.699951171875,1510489,3222.4400146484377,3245.6680078125,0.0038974869035721,0.0074134337742493,3309.800048828125,3283.949951171875,3273.949951171875,3219.39990234375,3197.550048828125,3295.0599609375,3243.869970703125,20.331815407743214,57.09525556573755,103.300048828125,-1.199951171875,3472.949951171875
2021-08-10,3315.60009765625,3349.89990234375,3315.60009765625,3333.89990234375,2040777,3229.4800048828124,3249.1630078125,0.0033707380553351,0.0072605640741582,3322.699951171875,3309.800048828125,3283.949951171875,3284.89990234375,3182.949951171875,3304.8599609375,3258.9649658203125,25.390180823059392,59.1179281969531,49.0,18.2998046875,3553.050048828125
2021-08-11,3350.0,3360.0,3327.10009765625,3344.199951171875,1929707,3237.3125,3252.9870068359373,0.0030894895257305,0.0072033048473774,3333.89990234375,3322.699951171875,3309.800048828125,3273.949951171875,3197.800048828125,3318.9099609375,3273.6049560546876,23.3657803038985,60.401368109317296,70.25,-5.800048828125,3560.550048828125
2021-08-12,3326.0,3368.0,3326.0,3351.75,1310205,3244.172497558594,3257.4330078125,0.0022576547270982,0.0070614921691426,3344.199951171875,3333.89990234375,3322.699951171875,3283.949951171875,3195.800048828125,3332.469970703125,3289.199951171875,16.73869256718401,58.17209430543659,67.800048828125,25.75,3559.5
2021-08-13,3360.75,3480.0,3357.5,3463.39990234375,4363584,3257.194995117188,3263.876005859375,0.0333109278268815,0.0097863151305271,3351.75,3344.199951171875,3333.89990234375,3309.800048828125,3167.449951171875,3363.18994140625,3318.7949462890624,57.076426738694835,64.30816099181804,153.599853515625,102.64990234375,3637.39990234375
2021-08-16,3460.0,3494.35009765625,3436.5,3472.949951171875,2083489,3271.102490234375,3270.4600048828124,0.0027574201932796,0.0096719456466956,3463.39990234375,3351.75,3344.199951171875,3322.699951171875,3219.39990234375,3393.23994140625,3344.149951171875,68.78168704604535,70.4552530766094,150.25,12.949951171875,3613.199951171875
2021-08-17,3482.10009765625,3560.800048828125,3463.0,3553.050048828125,4336019,3289.5249877929687,3277.8570068359377,0.0230639942361454,0.0103687744067394,3472.949951171875,3463.39990234375,3351.75,3333.89990234375,3284.89990234375,3437.069970703125,3370.9649658203125,88.51038745399853,92.8641280961352,219.150146484375,70.949951171875,3659.0
2021-08-18,3573.85009765625,3595.0,3536.60009765625,3560.550048828125,2631309,3307.262487792969,3285.065009765625,0.0021108624694081,0.0103927869517597,3553.050048828125,3472.949951171875,3463.39990234375,3344.199951171875,3273.949951171875,3480.339990234375,3399.6249755859376,84.55378608299422,103.24208100795845,216.35009765625,-13.300048828125,3671.85009765625
2021-08-20,3506.0,3575.0,3500.0,3559.5,2836148,3324.419982910156,3292.250009765625,-0.0002949119697026,0.010460202039602,3560.550048828125,3553.050048828125,3472.949951171875,3351.75,3283.949951171875,3521.889990234375,3427.17998046875,49.23484543870294,105.68132118936649,207.75,53.5,3720.14990234375
2021-08-23,3580.0,3673.0,3561.89990234375,3637.39990234375,3744176,3345.6474731445314,3300.662006835937,0.0218850687859952,0.0109891116862675,3559.5,3560.550048828125,3553.050048828125,3463.39990234375,3309.800048828125,3556.689990234375,3459.9399658203124,58.229136683352365,115.56579445579848,174.0,57.39990234375,3701.300048828125
2021-08-24,3657.0,3667.35009765625,3594.39990234375,3613.199951171875,2511141,3366.429968261719,3307.4500048828127,-0.0066530906201107,0.0110967362108794,3637.39990234375,3559.5,3560.550048828125,3472.949951171875,3322.699951171875,3584.739990234375,3488.9899658203126,38.11003305732845,113.73158074219094,140.25,-43.800048828125,3786.449951171875
2021-08-25,3610.0,3697.75,3607.050048828125,3659.0,2123263,3390.232470703125,3315.103002929688,0.0126757581775318,0.0108851168964791,3613.199951171875,3637.39990234375,3559.5,3553.050048828125,3333.89990234375,3605.92998046875,3521.4999755859376,44.9297137535872,110.90302505946488,105.949951171875,49.0,3714.949951171875
2021-08-26,3660.0,3687.60009765625,3647.89990234375,3671.85009765625,1902533,3413.934973144532,3323.2850048828127,0.0035119151834517,0.0109014557540642,3659.0,3613.199951171875,3637.39990234375,3560.550048828125,3344.199951171875,3628.189990234375,3554.264990234375,44.39397535813363,100.62566902815342,111.300048828125,11.85009765625,3836.75
2021-08-27,3666.0,3729.5,3651.10009765625,3720.14990234375,3944728,3440.1524658203125,3332.2010009765627,0.0131540785715436,0.0108299400597039,3671.85009765625,3659.0,3613.199951171875,3559.5,3351.75,3660.319970703125,3591.10498046875,40.18685308825581,84.36913693044275,160.64990234375,54.14990234375,3842.050048828125
2021-08-30,3715.0,3740.35009765625,3687.60009765625,3701.300048828125,2033114,3466.844970703125,3339.872001953125,-0.0050669607436381,0.0105538382926854,3720.14990234375,3671.85009765625,3659.0,3637.39990234375,3463.39990234375,3673.1,3614.8949951171876,41.22294315649929,77.63023433028688,63.900146484375,-13.699951171875,3852.0
2021-08-31,3709.39990234375,3804.10009765625,3703.449951171875,3786.449951171875,3207480,3495.197473144531,3349.655,0.0230054038366085,0.0109313614862913,3701.300048828125,3720.14990234375,3671.85009765625,3613.199951171875,3472.949951171875,3707.75,3646.2449951171875,50.13583361975319,77.23885175643109,173.25,77.050048828125,3815.89990234375
2021-09-01,3796.0,3816.699951171875,3707.0,3714.949951171875,2643336,3516.6999755859374,3358.4919970703127,-0.0188831229573948,0.0120950051700085,3786.449951171875,3701.300048828125,3720.14990234375,3659.0,3553.050048828125,3718.939990234375,3662.4349853515623,42.14144231229085,72.346755375784,55.949951171875,-81.050048828125,3774.14990234375
2021-09-02,3734.0,3859.14990234375,3722.0,3836.75,3403717,3544.839978027344,3369.202998046875,0.0327864575375242,0.0132334872464088,3714.949951171875,3786.449951171875,3701.300048828125,3671.85009765625,3560.550048828125,3751.919970703125,3690.05498046875,57.721203859591235,81.2971366582,164.89990234375,102.75,3791.39990234375
2021-09-03,3825.0,3856.89990234375,3804.550048828125,3842.050048828125,1746812,3572.744982910156,3380.8160009765625,0.0013813901943375,0.013271927606667,3836.75,3714.949951171875,3786.449951171875,3720.14990234375,3559.5,3776.3,3718.3099853515623,66.0853881290687,79.97045616316161,121.900146484375,17.050048828125,3845.35009765625
2021-09-06,3849.699951171875,3877.60009765625,3814.0,3852.0,1723693,3599.85498046875,3390.3839990234374,0.0025897505356313,0.0133262523823543,3842.050048828125,3836.75,3714.949951171875,3701.300048828125,3637.39990234375,3806.439990234375,3739.7699951171876,57.08002357273005,84.51082969619888,150.699951171875,2.300048828125,3885.89990234375
2021-09-07,3864.0,3869.949951171875,3808.25,3815.89990234375,1585039,3624.514978027344,3399.08599609375,-0.0093717802845924,0.0138455921503659,3852.0,3842.050048828125,3836.75,3786.449951171875,3613.199951171875,3812.32998046875,3760.039990234375,56.01103622243855,74.4951771391641,29.449951171875,-48.10009765625,3954.550048828125
2021-09-08,3810.0,3815.0,3756.0,3774.14990234375,4147175,3646.527478027344,3407.833994140625,-0.0109410626768162,0.0144034928497162,3815.89990234375,3852.0,3842.050048828125,3714.949951171875,3659.0,3824.169970703125,3771.55498046875,30.91466533405136,65.49795819137647,59.199951171875,-35.85009765625,3903.300048828125
2021-09-09,3789.699951171875,3808.699951171875,3765.0,3791.39990234375,1441148,3668.8874755859374,3416.844990234375,0.0045705656760712,0.014389818618839,3774.14990234375,3815.89990234375,3852.0,3836.75,3671.85009765625,3815.099951171875,3783.5099609375,32.89057654764979,55.41097407618301,-45.35009765625,1.699951171875,3827.85009765625
2021-09-13,3767.0,3852.39990234375,3767.0,3845.35009765625,1691473,3693.56748046875,3426.8369921875,0.0142296240708212,0.0144576104562798,3791.39990234375,3774.14990234375,3815.89990234375,3842.050048828125,3720.14990234375,3815.7599609375,3796.02998046875,33.592207566407296,53.61962848145664,3.300048828125,78.35009765625,3823.5
2021-09-14,3849.949951171875,3896.5,3825.0,3885.89990234375,1991188,3714.69248046875,3437.724990234375,0.0105451528879556,0.0131096832179449,3845.35009765625,3791.39990234375,3774.14990234375,3852.0,3701.300048828125,3822.53994140625,3814.4899658203126,44.41333107912479,48.95657184778722,33.89990234375,35.949951171875,3862.949951171875
2021-09-15,3882.10009765625,3980.0,3866.0,3954.550048828125,2461369,3738.7724853515615,3450.3069921875,0.0176664732004467,0.0133461581850231,3885.89990234375,3845.35009765625,3791.39990234375,3815.89990234375,3786.449951171875,3850.269970703125,3831.2999755859373,73.1914981895632,64.61469861266988,138.650146484375,72.449951171875,3862.14990234375
2021-09-16,3930.0,3981.75,3892.10009765625,3903.300048828125,2946666,3756.284985351562,3461.9529931640627,-0.0129597550586537,0.0134375557183663,3954.550048828125,3885.89990234375,3845.35009765625,3774.14990234375,3714.949951171875,3876.1,3850.1349853515626,61.461276305596954,53.411026668731964,129.150146484375,-26.699951171875,3869.25
2021-09-17,3920.0,3945.0,3805.0,3827.85009765625,6477148,3769.6499877929687,3473.263994140625,-0.0193297851120943,0.0144781058334156,3903.300048828125,3954.550048828125,3885.89990234375,3791.39990234375,3836.75,3883.3900390625,3849.2449951171875,49.995442607279024,53.73202799162013,36.4501953125,-92.14990234375,3871.300048828125
2021-09-20,3809.0,3871.0,3807.85009765625,3823.5,2002008,3782.849987792969,3484.2349951171877,-0.0011364336495082,0.0144916200054944,3827.85009765625,3903.300048828125,3954.550048828125,3845.35009765625,3842.050048828125,3879.02001953125,3847.389990234375,54.869097425577976,54.32495291112042,-21.85009765625,14.5,3836.949951171875
2021-09-21,3858.0,3871.550048828125,3821.64990234375,3862.949951171875,1568129,3794.127490234375,3496.323994140625,0.0103177589046357,0.0139475486137836,3823.5,3827.85009765625,3903.300048828125,3885.89990234375,3852.0,3874.430029296875,3848.4849853515625,55.109086517091875,54.538136127575754,-22.949951171875,4.949951171875,3779.14990234375
2021-09-22,3862.5,3896.85009765625,3852.449951171875,3862.14990234375,1744067,3806.574987792969,3509.403994140625,-0.000207108256187,0.0137837151580061,3862.949951171875,3823.5,3827.85009765625,3954.550048828125,3815.89990234375,3855.95,3853.1099853515625,32.295790132862436,53.41734081967462,-92.400146484375,-0.35009765625,3791.89990234375
2021-09-23,3870.0,3879.0,3835.0,3869.25,2003869,3817.0874877929687,3522.9269921875,0.0018383796164775,0.0136129489344324,3862.14990234375,3862.949951171875,3823.5,3903.300048828125,3774.14990234375,3849.139990234375,3862.6199951171875,21.65094658530125,45.706932623978744,-34.050048828125,-0.75,3775.550048828125
2021-09-24,3890.0,3944.39990234375,3855.0,3871.300048828125,2320754,3827.0599853515614,3536.6019921875,0.0005298310597983,0.0136220499127773,3869.25,3862.14990234375,3862.949951171875,3827.85009765625,3791.39990234375,3857.82998046875,3870.610009765625,19.59134357108311,38.248822183728244,43.449951171875,-18.699951171875,3730.199951171875
2021-09-27,3900.0,3904.0,3802.89990234375,3836.949951171875,1673362,3832.8999877929687,3549.049990234375,-0.0088730135156142,0.0136258564388882,3871.300048828125,3869.25,3862.14990234375,3823.5,3845.35009765625,3860.519970703125,3869.7699951171876,13.752552479715261,38.95101157529306,13.449951171875,-63.050048828125,3773.300048828125
2021-09-28,3850.0,3850.0,3751.25,3779.14990234375,2253075,3836.79248046875,3560.5739892578126,-0.015064061184971,0.0140610554811069,3836.949951171875,3871.300048828125,3869.25,3862.949951171875,3885.89990234375,3843.7599609375,3859.0949951171874,38.62390575097575,47.68752781478804,-83.800048828125,-70.85009765625,3833.300048828125
2021-09-29,3759.800048828125,3806.0,3722.14990234375,3791.89990234375,2489161,3837.064978027344,3572.515986328125,0.0033737746131987,0.0131067868604256,3779.14990234375,3836.949951171875,3871.300048828125,3862.14990234375,3954.550048828125,3829.7099609375,3842.82998046875,42.81205325099176,38.333201420799796,-70.25,32.099853515625,3810.89990234375
2021-09-30,3805.0,3805.0,3750.10009765625,3775.550048828125,2252412,3840.094982910157,3584.3349853515624,-0.0043117840493414,0.0123776306602937,3791.89990234375,3779.14990234375,3836.949951171875,3869.25,3903.300048828125,3810.969970703125,3830.05498046875,41.66963173274998,37.21239752299883,-93.699951171875,-29.449951171875,3892.89990234375
2021-10-01,3781.75,3810.0,3725.0,3730.199951171875,1578374,3834.76748046875,3594.8229833984374,-0.0120115207240666,0.0101537895350257,3775.550048828125,3791.89990234375,3779.14990234375,3871.300048828125,3827.85009765625,3782.749951171875,3820.2899658203123,38.23500703465829,48.84837427239902,-141.10009765625,-51.550048828125,3935.64990234375
2021-10-04,3724.800048828125,3783.64990234375,3707.449951171875,3773.300048828125,1356860,3831.32998046875,3605.961982421875,0.0115543665809951,0.0105454992700958,3730.199951171875,3775.550048828125,3791.89990234375,3836.949951171875,3823.5,3770.019970703125,3815.269970703125,23.393704774972004,51.01330707792392,-63.64990234375,48.5,3685.60009765625
2021-10-05,3754.0,3840.0,3741.60009765625,3833.300048828125,1877966,3830.394982910156,3618.370981445312,0.0159012003348724,0.0111752597050832,3773.300048828125,3730.199951171875,3775.550048828125,3779.14990234375,3862.949951171875,3780.85,3812.30498046875,37.16055252307839,48.74538040793961,54.150146484375,79.300048828125,3652.85009765625
2021-10-06,3836.0,3857.449951171875,3795.0,3810.89990234375,1678154,3830.144982910156,3630.637978515625,-0.0058435672133787,0.0110497317185437,3833.300048828125,3773.300048828125,3730.199951171875,3791.89990234375,3862.14990234375,3784.65,3807.17998046875,39.472531412186974,45.50923075822072,19.0,-25.10009765625,3655.199951171875
2021-10-07,3830.0,3899.0,3820.050048828125,3892.89990234375,1647233,3836.082482910156,3644.8369775390624,0.0215172274531716,0.0117225200492322,3810.89990234375,3833.300048828125,3773.300048828125,3775.550048828125,3869.25,3808.119970703125,3809.544970703125,61.468198213420436,49.530121757039545,117.349853515625,62.89990234375,3611.449951171875
2021-10-08,3925.0,3989.89990234375,3900.0,3935.64990234375,2934339,3843.294982910156,3659.593974609375,0.0109815307540432,0.0118939809182471,3892.89990234375,3810.89990234375,3833.300048828125,3730.199951171875,3871.300048828125,3849.2099609375,3815.9799560546876,64.93029935943622,61.240664047236585,205.449951171875,10.64990234375,3647.14990234375
2021-10-11,3755.0,3757.5,3660.0,3685.60009765625,11845402,3835.307482910156,3669.3899755859375,-0.0635345650380616,0.0185255922636687,3935.64990234375,3892.89990234375,3810.89990234375,3773.300048828125,3836.949951171875,3831.669970703125,3800.844970703125,95.30397606995544,73.04660564125346,-87.699951171875,-69.39990234375,3634.14990234375
2021-10-12,3706.0,3707.0,3630.60009765625,3652.85009765625,5752877,3823.654992675781,3679.097978515625,-0.0088859342121317,0.0183443159137242,3685.60009765625,3935.64990234375,3892.89990234375,3833.300048828125,3779.14990234375,3795.57998046875,3788.214990234375,124.29083261165253,86.8324707263688,-180.449951171875,-53.14990234375,3608.85009765625
2021-10-13,3650.0,3675.449951171875,3645.0,3655.199951171875,3545655,3808.687487792969,3687.813979492188,0.0006432931691153,0.0177230719286423,3652.85009765625,3685.60009765625,3935.64990234375,3810.89990234375,3791.89990234375,3764.439990234375,3774.5449951171877,138.2174029792758,96.41901387319588,-155.699951171875,5.199951171875,3532.5
2021-10-14,3625.0,3670.0,3608.199951171875,3611.449951171875,6442299,3794.094982910157,3694.34498046875,-0.0119692494485762,0.0176974206461879,3655.199951171875,3652.85009765625,3685.60009765625,3892.89990234375,3775.550048828125,3708.15,3758.1349853515626,129.8820522393387,109.32913363275411,-281.449951171875,-13.550048828125,3498.85009765625
2021-10-18,3603.449951171875,3652.699951171875,3601.449951171875,3647.14990234375,3590107,3785.0599731445313,3701.808979492188,0.0098852127689852,0.0175467139563364,3611.449951171875,3655.199951171875,3652.85009765625,3935.64990234375,3730.199951171875,3650.45,3749.82998046875,26.437408738688013,114.70896826442143,-288.5,43.699951171875,3492.949951171875
2021-10-19,3669.0,3690.10009765625,3625.199951171875,3634.14990234375,3135441,3775.592468261719,3708.812978515625,-0.003564427113798,0.0175468960066594,3647.14990234375,3611.449951171875,3655.199951171875,3685.60009765625,3773.300048828125,3640.1599609375,3735.9149658203123,18.00337205974481,119.86941350307555,-51.4501953125,-34.85009765625,3482.60009765625
2021-10-20,3612.0,3630.0,3578.300048828125,3608.85009765625,2933693,3762.8874755859374,3714.793979492188,-0.0069616844014011,0.0173122948108381,3634.14990234375,3647.14990234375,3611.449951171875,3652.85009765625,3833.300048828125,3631.3599609375,3713.469970703125,20.787938755661052,120.61966622088852,-44.0,-3.14990234375,3489.75
2021-10-21,3604.10009765625,3607.449951171875,3511.25,3532.5,4871211,3746.40498046875,3718.98998046875,-0.0211563505244607,0.0177467947369128,3608.85009765625,3634.14990234375,3647.14990234375,3655.199951171875,3810.89990234375,3606.819970703125,3685.62998046875,44.504058043928616,127.56210821375409,-122.699951171875,-71.60009765625,3421.64990234375
2021-10-22,3560.0,3561.60009765625,3485.0,3498.85009765625,2691670,3727.8849853515626,3722.288984375,-0.0095258039189667,0.0177219060562369,3532.5,3608.85009765625,3634.14990234375,3611.449951171875,3892.89990234375,3584.3,3646.225,65.23564227816509,116.83188411815992,-112.599853515625,-61.14990234375,3397.75
2021-10-25,3503.0,3514.550048828125,3450.0,3492.949951171875,2595594,3708.96748046875,3725.263984375,-0.0016863101646815,0.0176932993462909,3498.85009765625,3532.5,3608.85009765625,3647.14990234375,3935.64990234375,3553.460009765625,3601.9550048828123,64.54059246276579,69.10165148308421,-154.199951171875,-10.050048828125,3476.39990234375
2021-10-26,3494.5,3529.0,3475.0,3482.60009765625,3878763,3691.249987792969,3727.880986328125,-0.002963069514395,0.0176741406263636,3492.949951171875,3498.85009765625,3532.5,3634.14990234375,3685.60009765625,3523.150048828125,3581.6550048828126,51.42653017046412,71.57244695892241,-151.5498046875,-11.89990234375,3484.199951171875
2021-10-27,3483.0,3511.25,3483.0,3489.75,2510813,3676.779992675781,3728.40798828125,0.0020530357041457,0.0175589565764313,3482.60009765625,3492.949951171875,3498.85009765625,3608.85009765625,3652.85009765625,3499.330029296875,3565.3449951171874,19.447687919951267,72.12732644053268,-119.10009765625,6.75,3492.25
2021-10-28,3518.0,3518.0,3415.0,3421.64990234375,2424942,3658.267492675781,3727.3819873046873,-0.0195143198384555,0.0178091501275847,3489.75,3482.60009765625,3492.949951171875,3532.5,3655.199951171875,3477.160009765625,3541.989990234375,31.58028102572408,77.41731431659217,-110.85009765625,-96.35009765625,3508.64990234375
2021-10-29,3400.050048828125,3461.0,3385.949951171875,3397.75,3960501,3639.377490234375,3724.275986328125,-0.0069849058278519,0.0178139832738209,3421.64990234375,3489.75,3482.60009765625,3498.85009765625,3611.449951171875,3456.939990234375,3520.6199951171875,44.10357238282388,85.2152090625927,-101.10009765625,-2.300048828125,3502.75
2021-11-01,3437.949951171875,3487.0,3412.949951171875,3476.39990234375,2020718,3626.687487792969,3722.592983398437,0.0231476425115886,0.0188037025250387,3397.75,3421.64990234375,3489.75,3492.949951171875,3647.14990234375,3453.62998046875,3503.5449951171877,41.2543647904365,73.32176396038403,-16.550048828125,38.449951171875,3505.699951171875
2021-11-02,3494.0,3513.60009765625,3469.75,3484.199951171875,3087414,3612.232482910156,3721.086982421875,0.002243714488332,0.0185286510994723,3476.39990234375,3397.75,3421.64990234375,3482.60009765625,3634.14990234375,3453.949951171875,3488.55,41.54044405674956,57.20607949461899,1.599853515625,-9.800048828125,3484.300048828125
2021-11-03,3504.199951171875,3519.89990234375,3466.050048828125,3492.25,1537639,3595.17998046875,3718.183984375,0.0023104439874115,0.0180096125648531,3484.199951171875,3476.39990234375,3397.75,3489.75,3608.85009765625,3454.449951171875,3476.889990234375,42.09048055638109,38.922769695404384,2.5,-11.949951171875,3488.199951171875
2021-11-04,3512.949951171875,3513.25,3505.0,3508.64990234375,328991,3580.06748046875,3716.092983398437,0.0046960848575416,0.0181217854794033,3492.25,3484.199951171875,3476.39990234375,3421.64990234375,3532.5,3471.849951171875,3474.50498046875,43.1115579565808,35.73696207024992,87.0,-4.300048828125,3526.050048828125
2021-11-08,3548.0,3548.0,3481.199951171875,3502.75,2526082,3560.5599853515623,3712.967983398437,-0.0016815306479591,0.0171197293021328,3508.64990234375,3492.25,3484.199951171875,3397.75,3498.85009765625,3492.849951171875,3474.894970703125,13.1665862287897,36.05204508872148,105.0,-45.25,3553.300048828125
2021-11-09,3508.0,3535.0,3496.0,3505.699951171875,1782692,3539.062487792969,3709.64498046875,0.0008421814779457,0.0167641493460273,3502.75,3508.64990234375,3492.25,3476.39990234375,3492.949951171875,3498.7099609375,3476.169970703125,10.2011738658693,36.97515359094543,29.300048828125,-2.300048828125,3556.39990234375
2021-11-10,3498.0,3519.699951171875,3480.199951171875,3484.300048828125,1516489,3528.9974853515623,3704.927983398437,-0.0061043165820841,0.009792880291778,3505.699951171875,3502.75,3508.64990234375,3484.199951171875,3482.60009765625,3498.72998046875,3476.3399658203125,10.165615729752934,37.01189073490463,0.10009765625,-13.699951171875,3521.89990234375
2021-11-11,3480.0,3510.050048828125,3436.0,3488.199951171875,1284514,3520.764978027344,3700.665981445312,0.0011192785607145,0.0097186808252903,3484.300048828125,3505.699951171875,3502.75,3492.25,3489.75,3497.919970703125,3476.1849609375,10.942688925438192,36.95268817864661,-4.050048828125,8.199951171875,3475.699951171875
2021-11-12,3506.0,3534.14990234375,3485.699951171875,3526.050048828125,1747259,3514.307482910156,3695.4579833984376,0.0108508967909175,0.010138072088138,3488.199951171875,3484.300048828125,3505.699951171875,3508.64990234375,3421.64990234375,3501.4,3486.6249755859376,16.542268635575557,34.499638949117504,17.400146484375,20.050048828125,3458.39990234375
2021-11-15,3528.0,3569.60009765625,3528.0,3553.300048828125,1809157,3511.3999877929687,3692.224985351562,0.0077281943315172,0.010049250588039,3526.050048828125,3488.199951171875,3484.300048828125,3502.75,3397.75,3511.510009765625,3502.17998046875,28.615195646293852,23.18823486642104,50.550048828125,25.300048828125,3464.25
2021-11-16,3569.0,3575.550048828125,3542.0,3556.39990234375,2013204,3506.8624877929688,3686.617983398437,0.0008723872099254,0.0097440518365674,3553.300048828125,3526.050048828125,3488.199951171875,3505.699951171875,3476.39990234375,3521.65,3510.17998046875,34.433146648793674,26.821292590409218,50.699951171875,-12.60009765625,3443.300048828125
2021-11-17,3550.60009765625,3562.85009765625,3506.39990234375,3521.89990234375,1632914,3501.249987792969,3680.21498046875,-0.0097008213213771,0.0099170346265779,3556.39990234375,3553.300048828125,3526.050048828125,3484.300048828125,3484.199951171875,3529.169970703125,3513.9499755859374,27.680589563401423,25.37431255913188,37.599853515625,-28.7001953125,3445.89990234375
2021-11-18,3515.14990234375,3520.85009765625,3451.60009765625,3475.699951171875,2136598,3494.59248046875,3672.688979492188,-0.0131179058045147,0.010186676248293,3521.89990234375,3556.39990234375,3553.300048828125,3488.199951171875,3492.25,3526.669970703125,3512.294970703125,32.45809083491826,27.40536576873091,-12.5,-39.449951171875,3446.85009765625
2021-11-22,3478.39990234375,3515.949951171875,3440.300048828125,3458.39990234375,3167936,3490.8874755859374,3665.538979492188,-0.0049774287398692,0.0091618877125988,3475.699951171875,3521.89990234375,3556.39990234375,3526.050048828125,3508.64990234375,3513.13994140625,3507.269970703125,44.607230662142854,32.31506748042255,-67.650146484375,-20.0,3502.0
2021-11-23,3445.0,3480.949951171875,3407.800048828125,3464.25,2153461,3489.157470703125,3659.340981445313,0.0016915619423552,0.0089547623070006,3458.39990234375,3475.699951171875,3521.89990234375,3553.300048828125,3502.75,3495.329931640625,3503.419970703125,42.280698943768435,35.08788176456817,-89.050048828125,19.25,3529.14990234375
2021-11-24,3472.199951171875,3493.050048828125,3424.0,3443.300048828125,2161746,3486.6749755859373,3652.378984375,-0.0060474709307569,0.0090389316487807,3464.25,3458.39990234375,3475.699951171875,3556.39990234375,3505.699951171875,3472.7099609375,3497.17998046875,29.87424485842802,39.86124117845954,-113.099853515625,-28.89990234375,3577.800048828125
2021-11-25,3443.89990234375,3463.0,3434.050048828125,3445.89990234375,1849619,3484.8399658203125,3644.38998046875,0.0007550470417208,0.0090276635927818,3443.300048828125,3464.25,3458.39990234375,3521.89990234375,3484.300048828125,3457.5099609375,3493.3399658203125,13.358620154186703,42.96841680302005,-76.0,2.0,3642.89990234375
2021-11-26,3425.0,3490.0,3411.89990234375,3446.85009765625,1941251,3482.694970703125,3635.608984375,0.0002757466378677,0.0090100343135796,3445.89990234375,3443.300048828125,3464.25,3475.699951171875,3488.199951171875,3451.739990234375,3489.20498046875,9.084396795730218,45.43673334767774,-28.849853515625,21.85009765625,3640.449951171875
2021-11-29,3447.14990234375,3529.35009765625,3406.449951171875,3502.0,2981745,3486.7124755859377,3626.5579833984375,0.0160000872626431,0.0085708960031558,3446.85009765625,3445.89990234375,3443.300048828125,3458.39990234375,3526.050048828125,3460.460009765625,3486.7999755859373,24.655757490788258,43.87961259489951,43.60009765625,54.85009765625,3536.39990234375
2021-11-30,3491.0,3563.75,3491.0,3529.14990234375,5588446,3493.282470703125,3619.07498046875,0.0077526848497286,0.0084633874476073,3502.0,3446.85009765625,3445.89990234375,3464.25,3553.300048828125,3473.439990234375,3484.3849609375,39.664730433188964,40.33432121511982,64.89990234375,38.14990234375,3584.5
2021-12-01,3535.0,3590.0,3535.0,3577.800048828125,2102118,3498.352478027344,3614.0739794921874,0.0137852309566295,0.0074232135948259,3529.14990234375,3502.0,3446.85009765625,3443.300048828125,3556.39990234375,3500.339990234375,3486.5249755859377,56.25326462319483,44.890171460617296,134.5,42.800048828125,3626.89990234375
2021-12-02,3589.199951171875,3648.0,3574.10009765625,3642.89990234375,3152938,3506.287475585937,3610.4619775390624,0.0181954979672349,0.0083147540482768,3577.800048828125,3529.14990234375,3502.0,3445.89990234375,3521.89990234375,3539.739990234375,3498.6249755859376,74.5914279494671,66.56139999133941,197.0,53.699951171875,3601.75
2021-12-03,3646.449951171875,3665.949951171875,3630.85009765625,3640.449951171875,2486263,3513.697473144531,3606.011977539063,-0.0006725277217468,0.0083405588222955,3642.89990234375,3577.800048828125,3529.14990234375,3446.85009765625,3475.699951171875,3578.4599609375,3515.0999755859375,63.78343814573798,79.4063322585736,193.599853515625,-6.0,3636.800048828125
2021-12-06,3640.449951171875,3658.0,3522.0,3536.39990234375,1849642,3515.0849731445314,3599.4969775390623,-0.0285816451877414,0.0107651035530707,3640.449951171875,3642.89990234375,3577.800048828125,3502.0,3458.39990234375,3585.33994140625,3522.8999755859377,54.67988700806359,77.0127543542482,34.39990234375,-104.050048828125,3609.64990234375
2021-12-07,3562.5,3598.0,3524.300048828125,3584.5,1484458,3519.172473144531,3593.8019775390626,0.0136014305464637,0.0111417247817707,3536.39990234375,3640.449951171875,3642.89990234375,3529.14990234375,3464.25,3596.4099609375,3534.9249755859373,45.24991304540737,76.22147271138567,55.35009765625,22.0,3623.800048828125
2021-12-08,3601.0,3646.449951171875,3601.0,3626.89990234375,1428660,3525.232470703125,3588.913974609375,0.0118286796885898,0.0113905170013486,3584.5,3536.39990234375,3640.449951171875,3577.800048828125,3443.300048828125,3606.229931640625,3553.2849609375,45.52847212913687,73.77201023594252,49.099853515625,25.89990234375,3570.35009765625
2021-12-09,3610.0,3634.75,3566.0,3601.75,1567957,3531.1049682617186,3584.2099755859376,-0.006934269767825,0.0114221544104495,3626.89990234375,3584.5,3536.39990234375,3642.89990234375,3445.89990234375,3597.999951171875,3568.869970703125,40.70653277181386,64.43702296425994,-41.14990234375,-8.25,3581.60009765625
2021-12-10,3585.0,3642.0,3575.10009765625,3636.800048828125,1510718,3538.5349731445312,3581.362978515625,0.0097313941356631,0.0115597726406879,3601.75,3626.89990234375,3584.5,3640.449951171875,3446.85009765625,3597.269970703125,3587.8649658203126,39.77709127727222,51.084588953729174,-3.64990234375,51.800048828125,3584.35009765625
2021-12-13,3650.0,3662.0,3601.699951171875,3609.64990234375,1883864,3542.7149658203125,3577.717978515625,-0.0074653943356395,0.0115598710441993,3636.800048828125,3601.75,3626.89990234375,3536.39990234375,3502.0,3611.919970703125,3598.6299560546877,20.638876830348874,41.40539150841825,73.25,-40.35009765625,3556.89990234375
2021-12-14,3605.0,3635.0,3576.699951171875,3623.800048828125,1747007,3546.2399658203126,3574.682978515625,0.0039200883374277,0.0114783837903455,3609.64990234375,3636.800048828125,3601.75,3584.5,3529.14990234375,3619.77998046875,3608.094970703125,14.00210379363096,33.89501552553492,39.300048828125,18.800048828125,3608.300048828125
2021-12-15,3620.0,3623.0,3558.14990234375,3570.35009765625,1603233,3546.9374755859376,3571.4859814453125,-0.0147496965758803,0.0120100223340628,3623.800048828125,3609.64990234375,3636.800048828125,3626.89990234375,3577.800048828125,3608.47001953125,3607.3499755859375,25.185708188886807,34.70701445265667,-56.5498046875,-49.64990234375,3630.75
2021-12-16,3582.0,3608.449951171875,3570.0,3581.60009765625,2072320,3549.9224853515625,3567.651982421875,0.0031509515011944,0.0117905789586736,3570.35009765625,3623.800048828125,3609.64990234375,3601.75,3642.89990234375,3604.4400390625,3601.2199951171874,27.986201573627106,33.10703850205236,-20.14990234375,-0.39990234375,3662.699951171875
2021-12-17,3602.5,3651.35009765625,3573.699951171875,3584.35009765625,4333992,3555.354992675781,3562.6729833984373,0.000767813246878,0.0113207196138184,3581.60009765625,3570.35009765625,3623.800048828125,3636.800048828125,3640.449951171875,3593.950048828125,3595.610009765625,22.017867472621063,30.360004057292787,-52.449951171875,-18.14990234375,3670.89990234375
2021-12-20,3589.0,3606.0,3510.14990234375,3556.89990234375,2312310,3560.279992675781,3557.5929833984374,-0.007658346580165,0.0114181703144943,3584.35009765625,3581.60009765625,3570.35009765625,3609.64990234375,3536.39990234375,3583.400048828125,3597.660009765625,25.04426783851575,26.344257676922354,-52.75,-32.10009765625,3696.10009765625
2021-12-21,3582.64990234375,3641.199951171875,3566.39990234375,3608.300048828125,2340989,3567.482495117188,3551.900986328125,0.0144508273765324,0.0117820074670957,3556.89990234375,3584.35009765625,3581.60009765625,3623.800048828125,3584.5,3580.300048828125,3600.0400146484376,19.030642437062383,26.09716790664993,-15.5,25.650146484375,3706.550048828125
2021-12-22,3624.0,3636.800048828125,3606.25,3630.75,1224328,3576.854992675781,3545.80298828125,0.0062217528664685,0.011653887897146,3608.300048828125,3556.89990234375,3584.35009765625,3570.35009765625,3626.89990234375,3592.380029296875,3600.4250244140626,28.130178681285297,26.561724473014518,60.39990234375,6.75,3694.699951171875
2021-12-23,3648.0,3670.5,3630.0,3662.699951171875,1792861,3587.694995117188,3545.3449853515626,0.008799821296392,0.011721182029163,3630.75,3608.300048828125,3556.89990234375,3581.60009765625,3601.75,3608.6,3606.52001953125,40.86096868908768,33.09019349600171,81.099853515625,14.699951171875,3733.75
2021-12-24,3685.0,3705.0,3644.800048828125,3670.89990234375,2209923,3598.8974853515624,3545.7059814453123,0.002238772293988,0.011704309183433,3662.699951171875,3630.75,3608.300048828125,3584.35009765625,3636.800048828125,3625.9099609375,3609.9300048828127,46.025866039958395,37.95649159260956,86.5498046875,-14.10009765625,3738.35009765625
2021-12-27,3671.0,3700.0,3653.10009765625,3696.10009765625,1534135,3608.602490234375,3546.523984375,0.0068648549355461,0.0113522372903857,3670.89990234375,3662.699951171875,3630.75,3556.89990234375,3609.64990234375,3653.75,3618.5750244140627,34.50525180819924,46.71913727605805,139.2001953125,25.10009765625,3817.75
2021-12-28,3710.0,3725.0,3693.85009765625,3706.550048828125,1456218,3617.4724975585937,3548.425986328125,0.0028272911706317,0.0112915450245751,3696.10009765625,3670.89990234375,3662.699951171875,3608.300048828125,3623.800048828125,3673.4,3626.8500244140623,29.807650880752767,54.43818908827809,98.25,-3.449951171875,3884.75
2021-12-29,3692.25,3719.949951171875,3685.0,3694.699951171875,1456923,3623.317492675781,3549.376987304688,-0.0031970693772221,0.0110351322957435,3706.550048828125,3696.10009765625,3670.89990234375,3630.75,3570.35009765625,3686.189990234375,3639.285009765625,18.511688017726136,54.30032751217703,63.949951171875,2.449951171875,3860.949951171875
2021-12-30,3681.35009765625,3740.0,3680.0,3733.75,1966475,3627.859997558594,3551.3689892578127,0.0105692070653096,0.0105552654683907,3694.699951171875,3706.550048828125,3696.10009765625,3662.699951171875,3581.60009765625,3700.4,3654.5,22.755664564648438,57.55949205238858,71.050048828125,52.39990234375,3807.449951171875
2021-12-31,3742.800048828125,3760.0,3731.300048828125,3738.35009765625,1207141,3632.755004882813,3553.9589892578124,0.0012320315115501,0.01054525541268,3733.75,3694.699951171875,3706.550048828125,3670.89990234375,3584.35009765625,3713.8900390625,3669.9,20.80462364455818,57.30627870010464,67.4501953125,-4.449951171875,3853.5
2022-01-03,3750.0,3830.0,3745.0,3817.75,2346158,3646.822509765625,3559.6639892578123,0.0212392901332407,0.0088417032935901,3738.35009765625,3733.75,3694.699951171875,3696.10009765625,3556.89990234375,3738.22001953125,3695.985009765625,48.067658520618345,59.48147170995384,121.64990234375,67.75,3879.85009765625
2022-01-04,3831.10009765625,3889.14990234375,3811.699951171875,3884.75,2488606,3661.835009765625,3567.3819873046878,0.0175496038242419,0.0091103598483558,3817.75,3738.35009765625,3733.75,3706.550048828125,3608.300048828125,3773.860009765625,3723.6300048828125,76.41826155265925,76.11651952713261,178.199951171875,53.64990234375,3915.89990234375
2022-01-05,3865.0,3870.0,3812.39990234375,3860.949951171875,1733031,3673.5375122070313,3574.7419873046874,-0.0061265329372868,0.0091898253395053,3884.75,3817.75,3738.35009765625,3694.699951171875,3630.75,3807.110009765625,3746.65,69.1909194051149,79.63415758898566,166.25,-4.050048828125,3859.89990234375
2022-01-06,3812.0,3835.0,3772.0,3807.449951171875,1810293,3683.822509765625,3581.238984375,-0.0138566934761124,0.0097063282481192,3860.949951171875,3884.75,3817.75,3733.75,3662.699951171875,3821.85,3761.125,56.30635239318039,75.739435353076,73.699951171875,-4.550048828125,3897.89990234375
2022-01-07,3820.0,3864.89990234375,3796.39990234375,3853.5,2460591,3694.657507324219,3588.513984375,0.0120947220367142,0.009808672850023,3807.449951171875,3860.949951171875,3884.75,3738.35009765625,3670.89990234375,3844.87998046875,3779.385009765625,31.855965241729255,73.55002184450058,115.14990234375,33.5,3968.14990234375
2022-01-10,3978.0,3978.0,3861.0,3879.85009765625,3937092,3708.167517089844,3597.67798828125,0.0068379648777086,0.0095271881246178,3853.5,3807.449951171875,3860.949951171875,3817.75,3696.10009765625,3857.3,3797.760009765625,30.719696108598377,73.38399951983475,62.10009765625,-98.14990234375,4019.14990234375
2022-01-11,3856.0,3925.0,3856.0,3915.89990234375,1906106,3722.772509765625,3608.040986328125,0.0092915457505116,0.0096102892557201,3879.85009765625,3853.5,3807.449951171875,3884.75,3706.550048828125,3863.52998046875,3818.6949951171873,39.563814551653444,74.3280593025825,31.14990234375,59.89990234375,3990.60009765625
2022-01-12,3925.0,3929.0,3836.550048828125,3859.89990234375,3203744,3737.25,3615.710986328125,-0.0143006719774636,0.0095647767117537,3915.89990234375,3879.85009765625,3853.5,3860.949951171875,3694.699951171875,3863.319970703125,3835.214990234375,39.58371534805406,60.842158873072115,-1.050048828125,-65.10009765625,3914.64990234375
2022-01-13,3918.0,3923.0,3857.0,3897.89990234375,6684507,3753.064990234375,3623.9849853515625,0.0098448148815792,0.0096520682496894,3859.89990234375,3915.89990234375,3879.85009765625,3807.449951171875,3733.75,3881.4099609375,3851.62998046875,26.007479402433784,51.91408456497878,90.449951171875,-20.10009765625,3826.550048828125
2022-01-14,3877.85009765625,3977.0,3860.050048828125,3968.14990234375,3348123,3772.25498046875,3633.5029833984377,0.0180225254008599,0.0100827217671717,3897.89990234375,3859.89990234375,3915.89990234375,3853.5,3738.35009765625,3904.33994140625,3874.6099609375,41.296148227203176,46.808611394675616,114.64990234375,90.2998046875,3833.5
2022-01-17,3992.699951171875,4043.0,3962.300048828125,4019.14990234375,3442604,3795.36748046875,3643.7129833984377,0.0128523370475186,0.0097492603862051,3968.14990234375,3897.89990234375,3859.89990234375,3879.85009765625,3817.75,3932.19990234375,3894.749951171875,62.29401054673733,60.84768081381704,139.2998046875,26.449951171875,3771.35009765625
2022-01-18,4033.949951171875,4041.699951171875,3980.0,3990.60009765625,2389041,3814.482482910156,3653.4699853515626,-0.0071034436090207,0.0099747521047278,4019.14990234375,3968.14990234375,3897.89990234375,3915.89990234375,3884.75,3947.13994140625,3905.3349609375,66.24017658600594,67.73214367724472,74.7001953125,-43.349853515625,3769.89990234375
2022-01-19,4012.0,4012.0,3910.5,3914.64990234375,3102539,3828.677478027344,3661.648984375,-0.0190322742078583,0.0113308864548613,3990.60009765625,4019.14990234375,3968.14990234375,3859.89990234375,3860.949951171875,3958.08994140625,3910.7049560546875,50.98114773923092,65.92686195908949,54.75,-97.35009765625,3649.25
2022-01-20,3910.0,3920.0,3811.0,3826.550048828125,6176776,3836.869982910156,3668.493984375,-0.0225051679494706,0.012689372190752,3914.64990234375,3990.60009765625,4019.14990234375,3897.89990234375,3807.449951171875,3943.819970703125,3912.6149658203126,75.92438988397676,62.80581285365014,-71.349853515625,-83.449951171875,3690.050048828125
2022-01-21,3807.0,3851.550048828125,3771.10009765625,3833.5,3112358,3844.999987792969,3675.3999853515625,0.0018162446807676,0.0126897736566526,3826.550048828125,3914.64990234375,3990.60009765625,3968.14990234375,3853.5,3916.889990234375,3910.6149658203126,88.04896796539018,65.17133809913165,-134.64990234375,26.5,3736.25
2022-01-24,3840.0,3849.64990234375,3740.10009765625,3771.35009765625,3258414,3848.762487792969,3680.305986328125,-0.0162123131195383,0.0132830041974652,3833.5,3826.550048828125,3914.64990234375,4019.14990234375,3879.85009765625,3867.330029296875,3899.7649658203127,85.81128291996919,78.52581399930646,-247.7998046875,-68.64990234375,3800.64990234375
2022-01-25,3769.5,3809.39990234375,3722.199951171875,3769.89990234375,3330501,3851.92998046875,3684.637983398437,-0.000384529485449,0.0132803377013009,3771.35009765625,3833.5,3826.550048828125,3990.60009765625,3915.89990234375,3823.189990234375,3885.1649658203123,59.18130986229147,88.17263981873454,-220.7001953125,0.39990234375,3856.199951171875
2022-01-27,3731.0,3733.39990234375,3625.10009765625,3649.25,5718297,3849.657482910157,3686.4949853515623,-0.0320034763439586,0.0151781729200223,3769.89990234375,3771.35009765625,3833.5,3914.64990234375,3859.89990234375,3770.110009765625,3864.0999755859375,73.84526524248541,115.7343410301843,-265.39990234375,-81.75,3824.60009765625
2022-01-28,3646.0,3729.800048828125,3646.0,3690.050048828125,3143862,3847.472485351562,3689.85798828125,0.0111803929103582,0.0152022470139515,3649.25,3769.89990234375,3771.35009765625,3826.550048828125,3897.89990234375,3742.810009765625,3843.314990234375,72.99000296422413,127.09608134449469,-136.5,44.050048828125,3814.89990234375
2022-01-31,3749.0,3758.0,3721.39990234375,3736.25,2739393,3847.36748046875,3695.068989257813,0.0125201421554017,0.0154761590645924,3690.050048828125,3649.25,3769.89990234375,3833.5,3968.14990234375,3723.360009765625,3820.125,53.00237973497978,122.87397582707067,-97.25,-12.75,3779.0
2022-02-01,3770.0,3808.0,3736.39990234375,3800.64990234375,2105169,3846.5124755859374,3701.913989257812,0.0172365078203411,0.0152118330043022,3736.25,3690.050048828125,3649.25,3771.35009765625,4019.14990234375,3729.219970703125,3798.275,60.69594771961096,101.03699437760626,29.2998046875,30.64990234375,3743.449951171875
2022-02-02,3827.89990234375,3864.0,3800.64990234375,3856.199951171875,1984212,3845.084973144531,3709.75298828125,0.0146159341837481,0.015045782136714,3800.64990234375,3736.25,3690.050048828125,3769.89990234375,3990.60009765625,3746.47998046875,3784.8349853515624,83.23988105820686,79.18774101113485,86.300048828125,28.300048828125,3760.550048828125
2022-02-03,3851.0,3882.5,3816.050048828125,3824.60009765625,1960538,3843.26748046875,3717.378989257813,-0.0081945578330351,0.0150952420688905,3856.199951171875,3800.64990234375,3736.25,3649.25,3914.64990234375,3781.55,3775.8300048828123,67.48159647667165,66.96163054608112,175.35009765625,-26.39990234375,3770.35009765625
2022-02-04,3815.300048828125,3824.699951171875,3769.0,3814.89990234375,2307366,3843.639978027344,3724.7589892578126,-0.0025362639399723,0.0147714494748131,3824.60009765625,3856.199951171875,3800.64990234375,3690.050048828125,3826.550048828125,3806.519970703125,3774.664990234375,44.26494433936621,66.07663995273613,124.849853515625,-0.400146484375,3694.949951171875
2022-02-07,3791.0,3831.800048828125,3756.14990234375,3779.0,1919149,3839.914978027344,3731.4019873046873,-0.0094104441172084,0.0146423291212875,3814.89990234375,3824.60009765625,3856.199951171875,3736.25,3833.5,3815.069970703125,3769.214990234375,28.68583576589462,62.85371911787481,42.75,-12.0,3733.75
2022-02-08,3791.550048828125,3799.699951171875,3721.0,3743.449951171875,2946443,3833.094970703125,3736.230986328125,-0.0094072635163072,0.0146426375487651,3779.0,3814.89990234375,3824.60009765625,3800.64990234375,3771.35009765625,3803.62998046875,3766.4249755859373,43.47019276960418,63.365559169124545,-57.199951171875,-48.10009765625,3817.800048828125
2022-02-09,3750.0,3777.949951171875,3746.10009765625,3760.550048828125,1638721,3825.327478027344,3740.858989257813,0.0045680048830081,0.0144936012552861,3743.449951171875,3779.0,3814.89990234375,3856.199951171875,3769.89990234375,3784.5,3765.489990234375,34.717173576149754,63.37756742264175,-95.64990234375,10.550048828125,3813.10009765625
2022-02-10,3789.800048828125,3789.800048828125,3758.0,3770.35009765625,2112459,3820.849987792969,3744.709990234375,0.0026060147321211,0.0142241338254014,3760.550048828125,3743.449951171875,3779.0,3824.60009765625,3649.25,3773.65,3777.6,26.574037935375035,48.529265421247956,-54.25,-19.449951171875,3784.199951171875
2022-02-11,3752.5,3752.5,3690.0,3694.949951171875,3851488,3810.702490234375,3745.7509912109376,-0.0199981817421267,0.0145790546966891,3770.35009765625,3760.550048828125,3743.449951171875,3814.89990234375,3690.050048828125,3749.660009765625,3778.089990234375,33.313897451801054,47.56217233816684,-119.949951171875,-57.550048828125,3793.89990234375
2022-02-14,3724.0,3793.25,3710.0,3733.75,5951745,3798.982495117188,3747.6169921875,0.0105008320385555,0.0141093778851732,3694.949951171875,3770.35009765625,3760.550048828125,3779.0,3736.25,3740.610009765625,3777.839990234375,29.249119377793196,47.81244269585668,-45.25,9.75,3719.39990234375
2022-02-15,3786.0,3835.0,3748.0,3817.800048828125,3931683,3788.915002441406,3753.244995117188,0.0225108935595914,0.0148256364214323,3733.75,3694.949951171875,3770.35009765625,3743.449951171875,3800.64990234375,3755.480029296875,3779.5550048828127,45.46067915376442,49.01402126924302,74.35009765625,31.800048828125,3586.39990234375
2022-02-16,3844.0,3854.10009765625,3806.0,3813.10009765625,3256906,3780.040002441406,3757.816997070313,-0.0012310626831589,0.0147869683648712,3817.800048828125,3733.75,3694.949951171875,3760.550048828125,3856.199951171875,3765.9900390625,3775.24501953125,52.461316819657924,43.058660567822365,52.550048828125,-30.89990234375,3563.800048828125
2022-02-17,3825.0,3835.0,3779.0,3784.199951171875,3134372,3773.517504882812,3760.962998046875,-0.0075791733089143,0.0143136910197492,3813.10009765625,3817.800048828125,3733.75,3770.35009765625,3824.60009765625,3768.760009765625,3771.2050048828123,53.110700780114556,39.675747041096585,13.849853515625,-40.800048828125,3401.64990234375
2022-02-18,3769.0,3815.949951171875,3757.60009765625,3793.89990234375,3688883,3771.8849975585936,3764.80599609375,0.0025632765966479,0.013458330965859,3784.199951171875,3813.10009765625,3817.800048828125,3694.949951171875,3814.89990234375,3788.55,3769.1050048828124,33.574011643169975,37.60791647758082,98.949951171875,24.89990234375,3520.75
2022-02-21,3810.0,3827.800048828125,3705.550048828125,3719.39990234375,7465922,3766.179992675781,3766.4579931640624,-0.0196367858714396,0.0141161124588098,3793.89990234375,3784.199951171875,3813.10009765625,3733.75,3779.0,3785.67998046875,3763.1449951171876,39.51698361648763,40.47861926999656,-14.35009765625,-90.60009765625,3554.199951171875
2022-02-22,3650.0,3667.89990234375,3570.0,3586.39990234375,5408531,3756.932482910156,3765.992993164063,-0.0357584566037632,0.0157738181989357,3719.39990234375,3793.89990234375,3784.199951171875,3817.800048828125,3743.449951171875,3739.399951171875,3747.439990234375,92.4905578479237,69.22678418858695,-231.400146484375,-63.60009765625,3546.14990234375
2022-02-23,3611.0,3622.89990234375,3555.64990234375,3563.800048828125,2426203,3746.627490234375,3764.7929931640624,-0.0063015430880576,0.0157896677988703,3586.39990234375,3719.39990234375,3793.89990234375,3813.10009765625,3760.550048828125,3689.53994140625,3727.764990234375,108.61805145354059,89.9455557763182,-249.300048828125,-47.199951171875,3544.39990234375
2022-02-24,3474.0,3483.85009765625,3391.10009765625,3401.64990234375,5039136,3734.2474853515614,3761.418989257813,-0.0454992267418858,0.0173224257705442,3563.800048828125,3586.39990234375,3719.39990234375,3784.199951171875,3770.35009765625,3613.029931640625,3690.894970703125,151.52786342547364,134.88900902784422,-382.550048828125,-72.35009765625,3524.35009765625
2022-02-25,3468.0,3530.0,3462.0,3520.75,2549723,3725.782482910157,3760.201987304688,0.0350124501566695,0.0191036056997047,3401.64990234375,3563.800048828125,3586.39990234375,3793.89990234375,3694.949951171875,3558.399951171875,3673.4749755859375,114.80661917821362,145.16416327683038,-273.14990234375,52.75,3484.89990234375
2022-02-28,3490.0,3563.75,3455.89990234375,3554.199951171875,3288942,3716.67998046875,3759.598984375,0.0095008027187033,0.0189930085410027,3520.75,3401.64990234375,3563.800048828125,3719.39990234375,3733.75,3525.3599609375,3655.519970703125,73.07648420959646,147.95770400737297,-165.199951171875,64.199951171875,3599.949951171875
2022-03-02,3552.5,3571.949951171875,3506.0,3546.14990234375,2761341,3703.95498046875,3759.383984375,-0.0022649397723025,0.0184282523759657,3554.199951171875,3520.75,3401.64990234375,3586.39990234375,3817.800048828125,3517.3099609375,3628.3549560546876,66.60147313411791,139.5512440584616,-40.25,-6.35009765625,3632.60009765625
2022-03-03,3562.85009765625,3578.60009765625,3530.10009765625,3544.39990234375,1928039,3688.364978027344,3758.105981445312,-0.000493492956641,0.0179589904125505,3546.14990234375,3554.199951171875,3520.75,3563.800048828125,3813.10009765625,3513.429931640625,3601.4849365234377,63.71869508066593,125.15264087705268,-19.400146484375,-18.4501953125,3620.949951171875
2022-03-04,3501.5,3561.199951171875,3487.050048828125,3524.35009765625,2370257,3673.352478027344,3755.9779833984376,-0.0056567557950337,0.0179371360498772,3544.39990234375,3546.14990234375,3554.199951171875,3401.64990234375,3784.199951171875,3537.969970703125,3575.499951171875,14.60903745447292,108.92477721313617,122.7001953125,22.85009765625,3599.14990234375
2022-03-07,3450.0,3548.0,3431.550048828125,3484.89990234375,3054130,3656.852478027344,3752.421982421875,-0.0111936085290548,0.0180061728434936,3524.35009765625,3544.39990234375,3546.14990234375,3520.75,3793.89990234375,3530.799951171875,3544.599951171875,27.913055931071682,80.09937854812433,-35.85009765625,34.89990234375,3643.0
2022-03-08,3460.0,3609.0,3460.0,3599.949951171875,3300992,3647.8999755859377,3751.0029833984377,0.0330138747315951,0.0197902133927289,3484.89990234375,3524.35009765625,3544.39990234375,3554.199951171875,3719.39990234375,3539.949951171875,3532.6549560546873,41.62963117073122,56.593054619974275,45.75,139.949951171875,3593.89990234375
2022-03-09,3605.0,3654.0,3597.050048828125,3632.60009765625,2719654,3642.357482910156,3749.7329833984377,0.0090696112243855,0.0198689965194492,3599.949951171875,3484.89990234375,3524.35009765625,3546.14990234375,3586.39990234375,3557.239990234375,3537.2749755859377,59.12484198873803,62.992090115810655,86.4501953125,27.60009765625,3655.89990234375
2022-03-10,3684.0,3684.0,3615.0,3620.949951171875,2005441,3635.377478027344,3748.020981445312,-0.0032071095554645,0.0198238777318298,3632.60009765625,3599.949951171875,3484.89990234375,3544.39990234375,3563.800048828125,3572.55,3542.9899658203126,64.62409966737252,68.05499544848507,76.550048828125,-63.050048828125,3672.75
2022-03-11,3603.25,3639.85009765625,3592.85009765625,3599.14990234375,1623423,3626.817468261719,3746.10998046875,-0.0060205330430125,0.0198190552674268,3620.949951171875,3632.60009765625,3599.949951171875,3524.35009765625,3401.64990234375,3587.5099609375,3562.7399658203126,59.098263709195066,48.258150234153455,74.7998046875,-4.10009765625,3626.699951171875
2022-03-14,3580.0,3648.35009765625,3580.0,3643.0,1765688,3624.219970703125,3744.29498046875,0.0121834596629872,0.0195974580200984,3599.14990234375,3620.949951171875,3632.60009765625,3484.89990234375,3520.75,3619.12998046875,3574.9649658203125,19.503917738033095,51.794091451024286,158.10009765625,63.0,3700.949951171875
2022-03-15,3659.0,3659.0,3585.39990234375,3593.89990234375,3651133,3617.227465820312,3741.4059765625,-0.0134779296338869,0.0196209303169287,3643.0,3599.14990234375,3620.949951171875,3599.949951171875,3554.199951171875,3617.919970703125,3578.9349609375,21.112637973071617,51.54651465599433,-6.050048828125,-65.10009765625,3712.39990234375
2022-03-16,3640.5,3668.0,3616.25,3655.89990234375,3090475,3609.132458496094,3738.168974609375,0.0172514543211308,0.0193118441590125,3593.89990234375,3643.0,3599.14990234375,3632.60009765625,3546.14990234375,3622.579931640625,3589.9099609375,26.93216863297248,55.33496428048038,23.2998046875,15.39990234375,3749.85009765625
2022-03-17,3696.60009765625,3710.0,3660.300048828125,3672.75,3600452,3602.114953613281,3733.928974609375,0.0046090150459119,0.0193679353317238,3655.89990234375,3593.89990234375,3643.0,3620.949951171875,3544.39990234375,3632.93994140625,3602.744970703125,34.92526571207444,58.40619861427603,51.800048828125,-23.85009765625,3707.449951171875
2022-03-21,3696.0,3713.949951171875,3615.0,3626.699951171875,2413831,3594.239953613281,3729.243974609375,-0.0125383020429173,0.0194786693766402,3672.75,3655.89990234375,3593.89990234375,3599.14990234375,3524.35009765625,3638.449951171875,3612.9799560546876,30.101770879922377,51.72801953689941,27.550048828125,-69.300048828125,3707.699951171875
2022-03-22,3640.0,3711.0,3625.0,3700.949951171875,2907611,3589.592456054688,3727.113974609375,0.0204731576914731,0.0200985266884644,3626.699951171875,3672.75,3655.89990234375,3643.0,3484.89990234375,3650.03994140625,3634.5849609375,41.34723124928204,34.55840397765951,57.949951171875,60.949951171875,3705.35009765625
2022-03-23,3708.0,3729.800048828125,3690.0,3712.39990234375,1596195,3589.2424560546874,3724.29197265625,0.0030937870878933,0.0196291741382194,3700.949951171875,3626.699951171875,3672.75,3593.89990234375,3599.949951171875,3673.73994140625,3645.8299560546875,34.52167750165737,39.916066971259006,118.5,4.39990234375,3731.550048828125
2022-03-24,3700.0,3758.199951171875,3695.0,3749.85009765625,1879046,3597.4149658203123,3721.69197265625,0.0100878666893771,0.0178156583180721,3712.39990234375,3700.949951171875,3626.699951171875,3655.89990234375,3632.60009765625,3692.52998046875,3657.5549560546874,46.03299338765112,51.218525378631384,93.9501953125,49.85009765625,3739.949951171875
2022-03-25,3759.89990234375,3779.5,3672.0,3707.449951171875,1690133,3604.5974609375,3717.522973632813,-0.0113071577210183,0.0179784860827219,3749.85009765625,3712.39990234375,3700.949951171875,3672.75,3620.949951171875,3699.469970703125,3666.2049560546875,44.907367149171506,51.65203581330196,34.699951171875,-52.449951171875,3758.75
2022-03-28,3695.0,3713.0,3661.199951171875,3707.699951171875,1760990,3619.899963378906,3714.478974609375,6.743179362977969e-05,0.0140918457830298,3707.449951171875,3749.85009765625,3712.39990234375,3626.699951171875,3599.14990234375,3715.669970703125,3677.0599609375,19.53678154801423,47.20938973748092,81.0,12.699951171875,3770.35009765625
2022-03-29,3694.75,3722.0,3691.0,3705.35009765625,2689063,3629.129968261719,3710.627978515625,-0.0006337766126092,0.0121361362816649,3707.699951171875,3707.449951171875,3749.85009765625,3700.949951171875,3643.0,3716.55,3683.294970703125,18.792896795769362,46.320184876809066,4.400146484375,10.60009765625,3814.800048828125
2022-03-30,3738.0,3738.0,3706.199951171875,3731.550048828125,1583455,3637.9974731445313,3705.895981445312,0.00707084363997,0.0120757210012281,3705.35009765625,3707.699951171875,3707.449951171875,3712.39990234375,3593.89990234375,3720.380029296875,3697.0599853515623,19.666751206801056,36.13609118988404,19.150146484375,-6.449951171875,3755.35009765625
2022-03-31,3740.0,3754.64990234375,3720.199951171875,3739.949951171875,2168110,3647.6874755859376,3700.311982421875,0.0022510490905482,0.0120239192048429,3731.550048828125,3705.35009765625,3707.699951171875,3749.85009765625,3655.89990234375,3718.4,3705.464990234375,16.140157566810007,35.26299514979426,-9.900146484375,-0.050048828125,3684.14990234375
2022-04-01,3748.0,3763.0,3728.050048828125,3758.75,1387014,3658.40498046875,3695.67498046875,0.0050268182926442,0.0120093277991397,3739.949951171875,3731.550048828125,3705.35009765625,3707.449951171875,3672.75,3728.660009765625,3714.064990234375,22.49388068916649,36.84913857292228,51.300048828125,10.75,3685.64990234375
2022-04-04,3762.0,3780.0,3737.10009765625,3770.35009765625,1472994,3670.70498046875,3692.788984375,0.0030861583388759,0.0118351806589862,3758.75,3739.949951171875,3731.550048828125,3707.699951171875,3626.699951171875,3741.1900390625,3728.4300048828127,25.18744665009548,25.149680648956636,62.650146484375,8.35009765625,3696.39990234375
2022-04-05,3772.0,3835.60009765625,3772.0,3814.800048828125,2314947,3687.199987792969,3692.553984375,0.0117893431698838,0.011448449399825,3770.35009765625,3758.75,3739.949951171875,3705.35009765625,3700.949951171875,3763.080029296875,3739.8150146484377,32.69443244037235,35.120435007788686,109.449951171875,42.800048828125,3691.10009765625
2022-04-06,3809.300048828125,3809.300048828125,3731.14990234375,3755.35009765625,2051729,3694.9699951171874,3690.990986328125,-0.0155840281039467,0.0101869179528986,3814.800048828125,3770.35009765625,3758.75,3731.550048828125,3712.39990234375,3767.8400390625,3744.1100341796873,28.40786581370118,34.00373033436491,23.800048828125,-53.949951171875,3661.949951171875
2022-04-07,3745.5,3745.5,3679.0,3684.14990234375,2494829,3697.5474853515625,3689.246982421875,-0.0189596691283022,0.0110762045376164,3755.35009765625,3814.800048828125,3770.35009765625,3739.949951171875,3749.85009765625,3756.680029296875,3737.5400146484376,46.98797785596101,38.78272898043289,-55.800048828125,-61.35009765625,3528.050048828125
2022-04-08,3690.0,3705.0,3642.5,3685.64990234375,2296773,3700.782482910157,3687.561982421875,0.0004071495568205,0.0110374359849582,3684.14990234375,3755.35009765625,3814.800048828125,3758.75,3707.449951171875,3742.060009765625,3735.360009765625,56.57682730757317,41.19944474626633,-73.10009765625,-4.35009765625,3471.89990234375
2022-04-11,3690.0,3712.35009765625,3656.10009765625,3696.39990234375,2291660,3705.644982910156,3688.50498046875,0.0029167176169293,0.010920939550435,3685.64990234375,3684.14990234375,3755.35009765625,3770.35009765625,3707.699951171875,3727.269970703125,3734.2300048828124,56.996797305485565,42.18555603938436,-73.9501953125,6.39990234375,3556.800048828125
2022-04-12,3683.0,3739.0,3648.35009765625,3691.10009765625,4483476,3708.0499877929688,3688.525981445313,-0.0014337747071521,0.0106333467596507,3696.39990234375,3685.64990234375,3684.14990234375,3814.800048828125,3705.35009765625,3702.52998046875,3732.8050048828127,29.92051623887945,43.49000376986425,-123.699951171875,8.10009765625,3628.64990234375
2022-04-13,3707.0,3709.85009765625,3655.550048828125,3661.949951171875,1621672,3711.452490234375,3687.03998046875,-0.0078974142432183,0.0103097513217666,3691.10009765625,3696.39990234375,3685.64990234375,3755.35009765625,3731.550048828125,3683.849951171875,3725.8449951171874,13.16250064936161,48.94086024470921,-93.400146484375,-45.050048828125,3612.550048828125
2022-04-18,3610.0,3610.0,3522.5,3528.050048828125,3820792,3705.0599975585938,3681.5879833984377,-0.0365651918046832,0.0126085787074393,3661.949951171875,3691.10009765625,3696.39990234375,3684.14990234375,3739.949951171875,3652.62998046875,3704.6550048828126,70.87505280328648,78.87444618174104,-156.099853515625,-81.949951171875,3548.199951171875
2022-04-19,3550.0,3563.550048828125,3439.14990234375,3471.89990234375,3170014,3695.017492675781,3673.901982421875,-0.0159153486223999,0.0128997691225875,3528.050048828125,3661.949951171875,3691.10009765625,3685.64990234375,3758.75,3609.87998046875,3675.9699951171874,103.11198504285566,104.88669852802875,-213.75,-78.10009765625,3546.300048828125
2022-04-20,3500.0,3569.14990234375,3480.0,3556.800048828125,2640370,3691.522497558594,3668.545981445313,0.0244535121611835,0.0140222862853719,3471.89990234375,3528.050048828125,3661.949951171875,3696.39990234375,3770.35009765625,3581.960009765625,3654.614990234375,92.1445661437953,105.27450137658082,-139.599853515625,56.800048828125,3561.199951171875
2022-04-21,3580.0,3644.0,3567.39990234375,3628.64990234375,2280996,3687.9074951171874,3664.820981445313,0.0202007007785827,0.0140005664914403,3556.800048828125,3471.89990234375,3528.050048828125,3691.10009765625,3814.800048828125,3569.469970703125,3635.9999755859376,76.56837823896815,89.00326513964244,-62.4501953125,48.64990234375,3584.300048828125
2022-04-22,3581.10009765625,3617.0,3571.5,3612.550048828125,1581465,3682.915002441406,3661.491982421875,-0.004436871549726,0.0139889838272086,3628.64990234375,3556.800048828125,3471.89990234375,3661.949951171875,3755.35009765625,3559.589990234375,3621.719970703125,63.769394026492385,78.57091127119445,-49.39990234375,31.449951171875,3546.699951171875
2022-04-25,3558.0,3584.0,3533.10009765625,3548.199951171875,1960694,3672.832495117188,3657.586982421875,-0.0178129290353014,0.0141866399523248,3612.550048828125,3628.64990234375,3556.800048828125,3528.050048828125,3684.14990234375,3563.619970703125,3608.1249755859376,61.88679954373791,78.32975230589864,20.14990234375,-9.800048828125,3542.39990234375
2022-04-26,3575.14990234375,3587.89990234375,3518.14990234375,3546.300048828125,1943469,3664.775,3653.301982421875,-0.0005354552646117,0.0140449944639387,3548.199951171875,3612.550048828125,3628.64990234375,3471.89990234375,3685.64990234375,3578.5,3594.189990234375,39.052004511918156,75.34389306451367,74.400146484375,-28.849853515625,3479.75
2022-04-27,3546.0,3568.449951171875,3506.300048828125,3561.199951171875,1727648,3657.45,3649.118979492188,0.0042015345962262,0.0141092377731076,3546.300048828125,3548.199951171875,3612.550048828125,3556.800048828125,3696.39990234375,3579.37998046875,3580.6699951171877,38.486257956777024,66.5865300553448,4.39990234375,15.199951171875,3513.39990234375
2022-04-28,3588.0,3604.39990234375,3538.050048828125,3584.300048828125,1703660,3651.397497558594,3646.9059814453126,0.0064866050693526,0.014232656953919,3561.199951171875,3546.300048828125,3548.199951171875,3628.64990234375,3691.10009765625,3570.510009765625,3569.989990234375,27.964567651687467,54.34625466343722,-44.349853515625,-3.699951171875,3432.60009765625
2022-04-29,3597.0,3623.25,3536.85009765625,3546.699951171875,2051115,3642.154992675781,3643.16498046875,-0.0104902204458422,0.014213691578463,3584.300048828125,3561.199951171875,3546.300048828125,3612.550048828125,3661.949951171875,3557.339990234375,3558.464990234375,16.281700689555414,43.892765561072885,-65.85009765625,-50.300048828125,3445.10009765625
2022-05-02,3519.89990234375,3547.949951171875,3492.75,3542.39990234375,1324161,3632.277490234375,3637.656977539063,-0.0012124084042418,0.0141745674425675,3546.699951171875,3584.300048828125,3561.199951171875,3548.199951171875,3528.050048828125,3556.17998046875,3559.8999755859377,17.27218072661159,43.013693395875926,-5.800048828125,22.5,3438.75
2022-05-04,3538.5,3545.449951171875,3465.300048828125,3479.75,2305825,3618.327490234375,3630.9899755859374,-0.0176857226939,0.0144376016762944,3542.39990234375,3546.699951171875,3584.300048828125,3546.300048828125,3471.89990234375,3542.869970703125,3560.6849853515623,38.895565215188526,41.26532532616028,-66.550048828125,-58.75,3412.0
2022-05-05,3512.10009765625,3533.0,3485.35009765625,3513.39990234375,1612262,3605.47998046875,3625.573974609375,0.0096702068665133,0.0146747824416561,3479.75,3542.39990234375,3546.699951171875,3561.199951171875,3556.800048828125,3533.3099609375,3556.344970703125,39.13753883793427,43.9164266157162,-47.800048828125,1.2998046875,3408.64990234375
2022-05-06,3459.0,3474.5,3424.5,3432.60009765625,2010812,3586.369982910156,3618.347978515625,-0.0229976111269313,0.0148378540221839,3513.39990234375,3479.75,3542.39990234375,3584.300048828125,3628.64990234375,3502.969970703125,3536.739990234375,47.61013612427517,51.20667340870454,-151.699951171875,-26.39990234375,3414.89990234375
2022-05-09,3398.0,3456.0,3346.85009765625,3445.10009765625,2481830,3570.857482910156,3612.861982421875,0.0036415544031869,0.0147494573834529,3432.60009765625,3513.39990234375,3479.75,3546.699951171875,3612.550048828125,3482.65,3519.9949951171875,45.93202917048483,51.04014425187099,-101.599853515625,47.10009765625,3376.800048828125
2022-05-10,3434.0,3464.800048828125,3422.0,3438.75,1622685,3558.5874877929687,3609.908984375,-0.0018432258791464,0.0143387233491686,3445.10009765625,3432.60009765625,3513.39990234375,3542.39990234375,3548.199951171875,3461.92001953125,3509.05,34.086301990725566,55.830266016897184,-103.64990234375,4.75,3451.60009765625
2022-05-11,3435.0,3448.449951171875,3382.14990234375,3412.0,1841769,3544.904992675781,3606.8729833984376,-0.0077789894583787,0.0143428951073897,3438.75,3445.10009765625,3432.60009765625,3479.75,3546.300048828125,3448.37001953125,3495.6199951171875,38.417416558431675,61.71678457314771,-67.75,-23.0,3448.800048828125
2022-05-12,3378.0,3449.699951171875,3350.10009765625,3408.64990234375,2807195,3530.5174926757813,3607.012983398437,-0.0009818574608001,0.0142738227860686,3412.0,3438.75,3445.10009765625,3513.39990234375,3561.199951171875,3427.42001953125,3480.364990234375,16.262542320295793,62.55359314981461,-104.75,30.64990234375,3261.949951171875
2022-05-13,3435.0,3439.89990234375,3382.14990234375,3414.89990234375,2187823,3516.707482910156,3604.895981445312,0.0018335705276457,0.0143227109332212,3408.64990234375,3412.0,3438.75,3432.60009765625,3584.300048828125,3423.87998046875,3463.4249755859373,16.771567257304618,53.57249346894304,-17.7001953125,-20.10009765625,3293.0
2022-05-16,3415.0,3430.0,3366.60009765625,3376.800048828125,1195813,3502.449987792969,3601.347983398437,-0.0111569459150108,0.0143903742585025,3414.89990234375,3408.64990234375,3412.0,3445.10009765625,3546.699951171875,3410.219970703125,3446.4349853515623,22.1268452841515,51.11280248804186,-68.300048828125,-38.199951171875,3321.75
2022-05-17,3370.0,3467.0,3350.39990234375,3451.60009765625,1754076,3498.627490234375,3599.456987304688,0.0221511631563982,0.0133362864599143,3376.800048828125,3414.89990234375,3408.64990234375,3438.75,3542.39990234375,3412.789990234375,3437.3550048828124,26.569326590714834,38.7378939402107,12.85009765625,81.60009765625,3288.0
2022-05-18,3465.0,3495.0,3443.050048828125,3448.800048828125,1866781,3497.4724975585937,3597.544990234375,-0.0008112321094284,0.0128672386254477,3451.60009765625,3376.800048828125,3414.89990234375,3412.0,3479.75,3420.15,3434.260009765625,31.020025703328496,36.12245118186569,36.800048828125,-16.199951171875,3167.64990234375
2022-05-19,3397.0,3405.0,3230.0,3261.949951171875,4642963,3482.729992675781,3592.296987304688,-0.0541782924526865,0.0164377250410747,3448.800048828125,3451.60009765625,3376.800048828125,3408.64990234375,3513.39990234375,3390.810009765625,3409.1150146484374,78.16616283100474,56.61606487301068,-146.699951171875,-135.050048828125,3226.949951171875
2022-05-20,3310.0,3313.89990234375,3270.050048828125,3293.0,3065125,3465.9474975585936,3588.4589892578124,0.0095188612004821,0.0157633263594904,3261.949951171875,3448.800048828125,3451.60009765625,3414.89990234375,3432.60009765625,3366.430029296875,3395.1550048828126,87.255879306978,66.52546545972945,-121.89990234375,-17.0,3261.300048828125
2022-05-23,3304.800048828125,3338.89990234375,3267.0,3321.75,2293690,3451.4074951171874,3582.894990234375,0.0087306407531126,0.0160482187207713,3293.0,3261.949951171875,3448.800048828125,3376.800048828125,3445.10009765625,3355.42001953125,3382.8199951171873,89.07443521043373,67.66173691584372,-55.050048828125,16.949951171875,3375.25
2022-05-24,3315.14990234375,3324.85009765625,3275.60009765625,3288.0,1711510,3438.397497558594,3576.00298828125,-0.010160307067058,0.0157923075145783,3321.75,3293.0,3261.949951171875,3451.60009765625,3438.75,3322.7,3367.7449951171875,73.61873614622056,70.54793922500133,-163.60009765625,-27.14990234375,3364.35009765625
2022-05-25,3292.85009765625,3292.85009765625,3154.050048828125,3167.64990234375,3548046,3419.464990234375,3566.936987304688,-0.0366028277543339,0.0173925739633583,3288.0,3321.75,3293.0,3448.800048828125,3412.0,3266.469970703125,3343.3099853515623,59.18002775892355,92.4373356703034,-281.150146484375,-125.2001953125,3355.199951171875
2022-05-26,3191.0,3241.5,3180.550048828125,3226.949951171875,2813186,3402.752490234375,3559.49298828125,0.0187205185725383,0.0181064382269184,3167.64990234375,3288.0,3321.75,3261.949951171875,3408.64990234375,3259.469970703125,3325.139990234375,61.857707905675355,95.95763811216293,-35.0,35.949951171875,3423.0
2022-05-27,3253.199951171875,3278.89990234375,3229.199951171875,3261.300048828125,3103153,3386.602490234375,3551.8589892578125,0.0106447568682543,0.0182655163449413,3226.949951171875,3167.64990234375,3288.0,3293.0,3414.89990234375,3253.12998046875,3309.7800048828126,59.12616394162976,92.21365264394937,-31.699951171875,8.10009765625,3440.14990234375
2022-05-30,3297.0,3386.60009765625,3286.35009765625,3375.25,2094624,3378.029992675781,3547.4859912109373,0.0349400390843586,0.0202092753078713,3261.300048828125,3226.949951171875,3167.64990234375,3321.75,3376.800048828125,3263.82998046875,3309.625,76.83709250689662,92.08969860987983,53.5,78.25,3430.949951171875
2022-05-31,3354.14990234375,3383.39990234375,3325.0,3364.35009765625,4840965,3369.1275024414062,3541.654995117188,-0.0032293614824827,0.0202087109156591,3375.25,3261.300048828125,3226.949951171875,3288.0,3451.60009765625,3279.1,3300.9,89.40077149062722,80.55451226723576,76.35009765625,10.2001953125,3362.699951171875
2022-06-01,3388.0,3388.0,3340.050048828125,3355.199951171875,1493835,3362.9,3535.303994140625,-0.002719736715495,0.0198866020163731,3364.35009765625,3375.25,3261.300048828125,3167.64990234375,3448.800048828125,3316.610009765625,3291.539990234375,67.64810771589397,65.48895364469202,187.550048828125,-32.800048828125,3404.14990234375
2022-06-02,3355.0,3432.0,3346.300048828125,3423.0,2657939,3358.3800048828125,3531.229995117188,0.020207454045904,0.0203362516134999,3355.199951171875,3364.35009765625,3375.25,3226.949951171875,3261.949951171875,3355.82001953125,3307.6449951171876,58.94456186981581,76.31199074151294,196.050048828125,68.0,3427.10009765625
2022-06-03,3459.39990234375,3477.300048828125,3431.199951171875,3440.14990234375,1913622,3358.757495117188,3526.013994140625,0.005010196419442,0.0197037371606884,3423.0,3355.199951171875,3364.35009765625,3261.300048828125,3293.0,3391.589990234375,3322.3599853515625,37.675906588415984,86.65990009453694,178.849853515625,-19.25,3359.89990234375
2022-06-06,3418.0,3453.0,3377.14990234375,3430.949951171875,1084210,3358.0499877929688,3520.3849951171874,-0.0026742878749577,0.0196979205132522,3440.14990234375,3423.0,3355.199951171875,3375.25,3321.75,3402.72998046875,3333.27998046875,39.81083420712351,93.20729002288434,55.699951171875,12.949951171875,3219.60009765625
2022-06-07,3401.050048828125,3418.85009765625,3356.0,3362.699951171875,2308256,3354.2474853515623,3512.6419921875,-0.0198924498961835,0.0201931347257786,3430.949951171875,3440.14990234375,3423.0,3364.35009765625,3288.0,3402.399951171875,3340.7499755859376,40.21334767583941,92.16268224968385,-1.650146484375,-38.35009765625,3210.550048828125
2022-06-08,3380.14990234375,3413.949951171875,3346.5,3404.14990234375,2185707,3353.85498046875,3506.575991210937,0.0123263900359085,0.0203337409391371,3362.699951171875,3430.949951171875,3440.14990234375,3355.199951171875,3167.64990234375,3412.18994140625,3364.3999755859377,30.67758184061222,70.63861892411212,48.949951171875,24.0,3206.300048828125
2022-06-09,3385.0,3437.0,3353.10009765625,3427.10009765625,1279197,3354.777490234375,3500.963994140625,0.0067418286417701,0.0203857149659127,3404.14990234375,3362.699951171875,3430.949951171875,3423.0,3226.949951171875,3413.0099609375,3384.414990234375,31.090791815225572,53.6874890598768,4.10009765625,42.10009765625,3142.0
2022-06-10,3382.0,3393.0,3352.0,3359.89990234375,1527582,3352.027490234375,3494.054990234375,-0.0196084717100785,0.0208683438357934,3427.10009765625,3404.14990234375,3362.699951171875,3440.14990234375,3261.300048828125,3396.9599609375,3394.2749755859377,34.141758694770644,34.01409178476374,-80.25,-22.10009765625,3088.89990234375
2022-06-13,3290.0,3293.0,3192.449951171875,3219.60009765625,3030921,3344.167492675781,3483.8159912109377,-0.0417571382378479,0.0227223299973217,3359.89990234375,3427.10009765625,3404.14990234375,3430.949951171875,3375.25,3354.689990234375,3378.7099853515624,80.6692139200012,65.09761903243057,-211.349853515625,-70.39990234375,3112.39990234375
2022-06-14,3190.0,3238.89990234375,3174.699951171875,3210.550048828125,2611493,3332.114990234375,3473.2279931640624,-0.00281092326799,0.0219921150138629,3219.60009765625,3359.89990234375,3427.10009765625,3362.699951171875,3364.35009765625,3324.260009765625,3363.32998046875,102.60644835440202,84.22549917942693,-152.14990234375,20.550048828125,3211.949951171875
2022-06-15,3218.5,3234.0,3201.0,3206.300048828125,1404536,3319.989990234375,3462.178994140625,-0.0013237607062226,0.0219892623647466,3210.550048828125,3219.60009765625,3359.89990234375,3404.14990234375,3355.199951171875,3284.6900390625,3348.439990234375,102.24428775806975,97.87781292742542,-197.849853515625,-12.199951171875,3222.949951171875
2022-06-16,3240.0,3244.85009765625,3133.050048828125,3142.0,2032028,3313.992492675781,3449.6119921875,-0.0200542830829654,0.0189571984660682,3206.300048828125,3210.550048828125,3219.60009765625,3427.10009765625,3423.0,3227.67001953125,3320.339990234375,80.06089376044034,113.22679839980005,-285.10009765625,-98.0,3308.800048828125
2022-06-17,3092.0,3118.75,3023.85009765625,3088.89990234375,5240434,3303.787487792969,3435.0939892578126,-0.0169000947346434,0.0190545379717479,3142.0,3206.300048828125,3210.550048828125,3359.89990234375,3440.14990234375,3173.47001953125,3285.214990234375,56.39856016448342,125.72245175428694,-271.0,-3.10009765625,3293.10009765625
2022-06-20,3094.0,3138.75,3069.0,3112.39990234375,1502769,3293.3199829101563,3422.2349853515625,0.0076078865430921,0.0190197168991453,3088.89990234375,3142.0,3206.300048828125,3219.60009765625,3430.949951171875,3152.02998046875,3253.3599853515625,54.83244724835908,125.04851337617716,-107.2001953125,18.39990234375,3314.699951171875
2022-06-21,3130.0,3237.75,3125.39990234375,3211.949951171875,2964461,3289.51748046875,3412.790986328125,0.0319849800641491,0.0204728036005608,3112.39990234375,3088.89990234375,3142.0,3210.550048828125,3362.699951171875,3152.3099609375,3238.2849853515627,55.208245824195814,119.35995179544653,1.39990234375,81.949951171875,3318.14990234375
2022-06-22,3199.89990234375,3250.550048828125,3183.0,3222.949951171875,3336315,3292.2824829101564,3403.5369873046875,0.0034247108974991,0.0186844151872425,3211.949951171875,3112.39990234375,3088.89990234375,3206.300048828125,3404.14990234375,3155.63994140625,3220.164990234375,59.60586466154824,104.16964432410663,16.64990234375,23.050048828125,3290.5
2022-06-23,3222.949951171875,3318.0,3222.949951171875,3308.800048828125,3692578,3296.374987792969,3395.784990234375,0.0266371178444873,0.0191567580117523,3222.949951171875,3211.949951171875,3112.39990234375,3142.0,3427.10009765625,3188.999951171875,3208.3349853515624,89.32938437925168,82.52701777158096,166.800048828125,85.85009765625,3267.10009765625
2022-06-24,3339.0,3345.0,3277.5,3293.10009765625,2132118,3297.964990234375,3387.824990234375,-0.0047449078034906,0.0190759594448306,3308.800048828125,3222.949951171875,3211.949951171875,3088.89990234375,3359.89990234375,3229.839990234375,3201.6550048828126,78.09646666758806,70.76043839053449,204.2001953125,-45.89990234375,3315.10009765625
2022-06-27,3350.0,3362.89990234375,3306.5,3314.699951171875,2037686,3294.937487792969,3380.879990234375,0.0065591244951825,0.0173709653720113,3293.10009765625,3308.800048828125,3222.949951171875,3112.39990234375,3219.60009765625,3270.3,3211.164990234375,49.04133256557784,79.31378756697073,202.300048828125,-35.300048828125,3235.050048828125
2022-06-28,3307.0,3330.0,3272.60009765625,3318.14990234375,1400046,3292.627478027344,3376.6819873046875,0.0010408034581397,0.017365268525323,3314.699951171875,3293.10009765625,3308.800048828125,3211.949951171875,3210.550048828125,3291.539990234375,3221.9249755859373,39.52659936520719,86.2191732366012,106.199951171875,11.14990234375,3216.300048828125
2022-06-29,3271.0,3333.0,3271.0,3290.5,2133994,3289.39248046875,3373.0539892578126,-0.0083329274317051,0.0174473943643346,3318.14990234375,3314.699951171875,3293.10009765625,3222.949951171875,3206.300048828125,3305.05,3230.344970703125,12.582671926763043,88.60219771659543,67.550048828125,19.5,3260.75
2022-06-30,3272.0,3310.89990234375,3255.0,3267.10009765625,2719603,3281.5974853515627,3367.259990234375,-0.0071113515708098,0.0167701137107881,3290.5,3318.14990234375,3314.699951171875,3308.800048828125,3142.0,3296.710009765625,3242.85498046875,20.68604340736618,83.42278334373474,-41.699951171875,-4.89990234375,3287.85009765625
2022-07-01,3260.0,3333.0,3252.050048828125,3315.10009765625,1502879,3275.3449951171874,3360.988994140625,0.0146919281825599,0.0171249933188823,3267.10009765625,3290.5,3318.14990234375,3293.10009765625,3088.89990234375,3301.110009765625,3265.475,22.022791799594902,65.85740915743082,22.0,55.10009765625,3265.449951171875
2022-07-04,3312.0,3317.949951171875,3225.050048828125,3235.050048828125,2622535,3265.55,3353.438994140625,-0.0241470985701818,0.0178465549541057,3315.10009765625,3267.10009765625,3290.5,3314.699951171875,3112.39990234375,3285.180029296875,3277.7400146484374,34.8224926504345,40.85770885570948,-79.64990234375,-76.949951171875,3113.800048828125
2022-07-05,3255.0,3272.0,3206.949951171875,3216.300048828125,2170627,3258.2300048828124,3346.80099609375,-0.0057958917843611,0.017408273470843,3235.050048828125,3315.10009765625,3267.10009765625,3318.14990234375,3211.949951171875,3264.81005859375,3278.1750244140626,40.10356787735938,40.09546381828485,-101.849853515625,-38.699951171875,3084.699951171875
2022-07-06,3218.5,3268.5,3202.25,3260.75,2182144,3251.060009765625,3341.0899951171878,0.0138202128212727,0.0174764031393688,3216.300048828125,3235.050048828125,3315.10009765625,3290.5,3222.949951171875,3258.86005859375,3281.955029296875,37.4589212081183,35.869755693056064,-29.75,42.25,3038.75
2022-07-07,3271.0,3319.39990234375,3265.050048828125,3287.85009765625,1989921,3244.097509765625,3335.622998046875,0.0083110013512994,0.0175211977067934,3260.75,3216.300048828125,3235.050048828125,3267.10009765625,3308.800048828125,3263.01005859375,3279.8600341796873,39.683418241747326,34.72104880845759,20.75,16.85009765625,2998.75
2022-07-08,3300.0,3305.0,3250.0,3265.449951171875,2136916,3239.3750122070314,3329.24599609375,-0.0068130072293572,0.017069313621002,3287.85009765625,3260.75,3216.300048828125,3315.10009765625,3293.10009765625,3253.080029296875,3277.09501953125,27.832751527983564,34.65041161307749,-49.650146484375,-34.550048828125,2994.60009765625
2022-07-11,3206.14990234375,3225.0,3106.0,3113.800048828125,6974600,3234.085009765625,3320.587998046875,-0.0464407369922565,0.0176751554877021,3265.449951171875,3287.85009765625,3260.75,3235.050048828125,3314.699951171875,3228.830029296875,3257.005029296875,69.34004704019519,59.64794745622454,-121.25,-92.349853515625,3063.5
2022-07-12,3114.89990234375,3136.199951171875,3080.25,3084.699951171875,3734815,3227.7925048828124,3311.433999023437,-0.0093455254672507,0.0177604682869695,3113.800048828125,3265.449951171875,3287.85009765625,3216.300048828125,3318.14990234375,3202.510009765625,3233.6600341796875,95.37417150792265,76.39179362499262,-131.60009765625,-30.199951171875,3074.25
2022-07-13,3104.0,3110.0,3035.0,3038.75,3863530,3219.415002441406,3302.6139990234374,-0.0148960845136392,0.0179971576305996,3084.699951171875,3113.800048828125,3265.449951171875,3260.75,3290.5,3158.110009765625,3208.4850341796873,111.75148175665102,94.83476194510428,-222.0,-65.25,3164.800048828125
2022-07-14,3056.0,3057.0,2967.0,2998.75,4764908,3212.2525024414062,3292.3210009765626,-0.0131633072809543,0.0177075398260771,3038.75,3084.699951171875,3113.800048828125,3287.85009765625,3267.10009765625,3100.289990234375,3181.6500244140625,102.22637100192297,112.69159983652543,-289.10009765625,-57.25,3177.300048828125
2022-07-15,3018.550048828125,3028.89990234375,2953.0,2994.60009765625,4574806,3207.537512207032,3283.5610009765624,-0.0013838773968319,0.0173652977767833,2998.75,3038.75,3084.699951171875,3265.449951171875,3315.10009765625,3046.12001953125,3149.6000244140623,52.49175120746007,116.04658935827601,-270.849853515625,-23.949951171875,3171.0
2022-07-18,3023.0,3076.949951171875,3014.300048828125,3063.5,3202795,3205.092517089844,3275.9289990234374,0.0230080478517566,0.0181113799749574,2994.60009765625,2998.75,3038.75,3113.800048828125,3235.050048828125,3036.060009765625,3132.44501953125,39.4873212321042,114.68307233494427,-50.300048828125,40.5,3166.75
2022-07-19,3030.050048828125,3078.949951171875,3030.050048828125,3074.25,1865074,3198.20751953125,3268.638999023437,0.0035090582666883,0.0164556740561078,3063.5,2994.60009765625,2998.75,3084.699951171875,3216.300048828125,3033.97001953125,3118.2400146484374,36.42727450190608,111.9062288229117,-10.449951171875,44.199951171875,3115.89990234375
2022-07-20,3107.800048828125,3171.949951171875,3098.050048828125,3164.800048828125,3402251,3195.3000244140626,3263.695,0.0294543543394729,0.0178798906308735,3074.25,3063.5,2994.60009765625,3038.75,3260.75,3059.180029296875,3108.64501953125,69.32479841509405,102.00497699688462,126.050048828125,57.0,3188.85009765625
2022-07-21,3167.0,3184.0,3144.050048828125,3177.300048828125,2420640,3188.7250244140623,3259.0680029296877,0.0039496966023584,0.0167333447085349,3164.800048828125,3074.25,3063.5,2998.75,3287.85009765625,3094.8900390625,3097.5900146484373,76.07272390139255,84.99807820153677,178.550048828125,10.300048828125,3260.5
2022-07-22,3185.0,3197.0,3143.5,3171.0,2075886,3182.62001953125,3254.1900048828124,-0.001982830935482,0.0167199483195325,3177.300048828125,3164.800048828125,3074.25,2994.60009765625,3265.449951171875,3130.17001953125,3088.14501953125,56.257235055527644,67.7758134617501,176.39990234375,-14.0,3301.89990234375
2022-07-25,3165.0,3186.449951171875,3149.10009765625,3166.75,1797504,3175.222521972656,3249.98900390625,-0.0013402712078208,0.0166061640875354,3171.0,3177.300048828125,3164.800048828125,3063.5,3113.800048828125,3150.82001953125,3093.4400146484377,43.0714434143096,71.94306445375672,103.25,1.75,3298.800048828125
2022-07-26,3164.699951171875,3168.89990234375,3096.5,3115.89990234375,2639367,3165.1100219726563,3243.275,-0.0160575030097892,0.0168713458127072,3166.75,3171.0,3177.300048828125,3074.25,3084.699951171875,3159.15,3096.560009765625,24.648026145576942,72.19799539951518,41.64990234375,-48.800048828125,3291.800048828125
2022-07-27,3115.0,3194.10009765625,3110.0,3188.85009765625,1389808,3160.0275268554688,3238.0760009765627,0.0234122396735618,0.0178106890863478,3115.89990234375,3166.75,3171.0,3164.800048828125,3038.75,3163.960009765625,3111.57001953125,28.12735568266102,74.41282298359668,24.050048828125,73.85009765625,3339.5
2022-07-28,3216.0,3264.0,3201.64990234375,3260.5,2106333,3159.6975219726564,3238.047001953125,0.0224688838137645,0.0185266468104657,3188.85009765625,3115.89990234375,3166.75,3177.300048828125,2998.75,3180.6,3137.74501953125,52.25456737946282,76.32961420698554,83.199951171875,44.5,3354.949951171875
2022-07-29,3290.0,3317.300048828125,3275.0,3301.89990234375,2430257,3159.037512207032,3238.225,0.0126974090917804,0.0184489621799906,3260.5,3188.85009765625,3115.89990234375,3171.0,2994.60009765625,3206.77998046875,3168.475,74.35843709684485,74.1237178576582,130.89990234375,11.89990234375,3365.050048828125
2022-08-01,3327.0,3327.0,3271.0,3298.800048828125,1306913,3162.225012207032,3237.7660009765623,-0.0009388090515477,0.0175611623030105,3301.89990234375,3260.5,3188.85009765625,3166.75,3063.5,3233.189990234375,3192.0050048828125,79.83507881153346,74.44400309447994,132.050048828125,-28.199951171875,3374.449951171875
2022-08-02,3290.0,3312.89990234375,3271.64990234375,3291.800048828125,1269114,3166.0000122070314,3237.842001953125,-0.0021219837202581,0.017504094536457,3298.800048828125,3301.89990234375,3260.5,3115.89990234375,3074.25,3268.37001953125,3213.760009765625,47.393462575818766,67.68981017780357,175.900146484375,1.800048828125,3354.25
2022-08-03,3280.0,3349.0,3277.050048828125,3339.5,2895824,3169.9375122070314,3241.27900390625,0.0144905372332246,0.0175299374160415,3291.800048828125,3298.800048828125,3301.89990234375,3188.85009765625,3164.800048828125,3298.5,3231.2300048828124,28.202565091425058,75.71779013940782,150.64990234375,59.5,3422.5
2022-08-04,3350.0,3387.89990234375,3307.35009765625,3354.949951171875,2150567,3173.2925048828124,3243.83900390625,0.0046264264626065,0.017472096123455,3339.5,3291.800048828125,3298.800048828125,3260.5,3177.300048828125,3317.389990234375,3248.9949951171875,28.017749030647025,82.21982044210883,94.449951171875,4.949951171875,3401.550048828125
2022-08-05,3361.199951171875,3377.0,3355.0,3365.050048828125,1106933,3178.272509765625,3245.91400390625,0.0030105062082139,0.01737406607886,3354.949951171875,3339.5,3291.800048828125,3301.89990234375,3171.0,3330.02001953125,3268.4,33.06783635603479,84.63050667807786,63.150146484375,3.85009765625,3392.699951171875
2022-08-08,3365.0,3378.89990234375,3336.0,3374.449951171875,1068836,3191.3050048828127,3245.898002929688,0.0027933915416871,0.0131847383009252,3365.050048828125,3354.949951171875,3339.5,3298.800048828125,3166.75,3345.15,3289.1699951171877,32.51414274988932,82.36831012603777,75.64990234375,9.449951171875,3401.10009765625
2022-08-10,3385.0,3385.0,3335.0,3354.25,1878359,3204.782507324219,3245.6960009765626,-0.0059861463243394,0.0130247317979256,3374.449951171875,3365.050048828125,3354.949951171875,3291.800048828125,3115.89990234375,3357.639990234375,3313.0050048828125,13.08884395893387,57.34171614853332,62.449951171875,-30.75,3381.25
2022-08-11,3400.0,3428.699951171875,3375.050048828125,3422.5,1449248,3223.970007324219,3247.042001953125,0.0203473205634643,0.0126735073119794,3354.25,3374.449951171875,3365.050048828125,3339.5,3188.85009765625,3374.239990234375,3336.3699951171875,28.2189340949428,47.96774029199715,83.0,22.5,3385.75
2022-08-12,3419.0,3419.0,3381.25,3401.550048828125,1472354,3244.110009765625,3246.613002929688,-0.006121242124726,0.012200931928374,3422.5,3354.25,3374.449951171875,3354.949951171875,3260.5,3383.560009765625,3350.475,27.94929712383527,43.729990463858364,46.60009765625,-17.449951171875,3354.550048828125
2022-08-16,3411.0,3414.85009765625,3387.5,3392.699951171875,839942,3264.015002441406,3245.66400390625,-0.0026017837542325,0.0122447436348751,3401.550048828125,3422.5,3354.25,3365.050048828125,3301.89990234375,3389.089990234375,3359.5550048828127,26.04164594425529,41.912276239462244,27.64990234375,-18.300048828125,3284.60009765625
2022-08-17,3385.10009765625,3417.949951171875,3371.10009765625,3401.10009765625,1622326,3280.8950073242186,3245.0670068359377,0.0024759473591153,0.0116175792268016,3392.699951171875,3401.550048828125,3422.5,3374.449951171875,3298.800048828125,3394.42001953125,3369.785009765625,25.0026757015598,37.709489146898484,26.650146484375,16.0,3255.35009765625
2022-08-18,3390.0,3392.0,3362.0,3381.25,1430659,3296.245007324219,3245.4380078125,-0.0058363756097413,0.0118785940854669,3401.10009765625,3392.699951171875,3401.550048828125,3354.25,3291.800048828125,3399.82001953125,3378.7300048828124,15.12079788124574,25.92234693950156,27.0,-8.75,3218.199951171875
2022-08-19,3387.0,3421.5,3371.25,3385.75,1398410,3307.2925048828124,3245.070009765625,0.0013308687615527,0.0103812852773388,3381.25,3401.10009765625,3392.699951171875,3422.5,3339.5,3392.47001953125,3383.3550048828124,9.055737819317494,21.96991234496035,-36.75,-1.25,3222.199951171875
2022-08-22,3365.0,3384.10009765625,3347.39990234375,3354.550048828125,1536532,3316.1550048828126,3243.6190087890627,-0.0092150782461418,0.0107572114977938,3385.75,3381.25,3401.10009765625,3401.550048828125,3354.949951171875,3383.07001953125,3383.3150146484377,17.61890175282418,22.027648940996244,-47.0,-10.449951171875,3132.550048828125
2022-08-23,3319.949951171875,3341.89990234375,3270.0,3284.60009765625,1849256,3321.835009765625,3242.1130126953126,-0.0208522604086086,0.0119568315458198,3354.550048828125,3385.75,3381.25,3392.699951171875,3365.050048828125,3361.450048828125,3375.27001953125,46.11989012494609,38.196512721583716,-108.099853515625,-35.349853515625,3211.14990234375
2022-08-24,3292.0,3308.0,3250.199951171875,3255.35009765625,1691923,3326.265014648437,3242.8280126953123,-0.0089051936705694,0.0121799433804906,3284.60009765625,3354.550048828125,3385.75,3401.10009765625,3374.449951171875,3332.300048828125,3363.3600341796873,59.043708020309374,53.843806923831686,-145.75,-36.64990234375,3131.699951171875
2022-08-25,3276.0,3278.14990234375,3214.75,3218.199951171875,1946930,3331.380017089844,3242.981010742188,-0.0114120280061803,0.0118688036597636,3255.35009765625,3284.60009765625,3354.550048828125,3381.25,3354.25,3299.6900390625,3349.755029296875,69.37274087856206,70.89107081676099,-163.050048828125,-57.800048828125,3130.39990234375
2022-08-26,3234.300048828125,3257.0,3216.800048828125,3222.199951171875,1457962,3333.047509765625,3243.2990087890626,0.0012429308497576,0.0107114479521837,3218.199951171875,3255.35009765625,3284.60009765625,3385.75,3422.5,3266.980029296875,3329.7250244140623,55.89942275733495,76.15506952611241,-163.550048828125,-12.10009765625,3133.39990234375
2022-08-29,3125.0,3142.699951171875,3081.0,3132.550048828125,2539173,3326.650012207031,3243.110009765625,-0.0278225757874354,0.0111934009090492,3222.199951171875,3218.199951171875,3255.35009765625,3354.550048828125,3401.550048828125,3222.580029296875,3302.8250244140627,57.10755901485008,93.49948805324811,-222.0,7.550048828125,3127.050048828125
2022-08-30,3155.0,3226.5,3142.10009765625,3211.14990234375,3431525,3322.112512207031,3245.555009765625,0.0250913320746555,0.0123316209926129,3132.550048828125,3222.199951171875,3218.199951171875,3284.60009765625,3392.699951171875,3207.889990234375,3284.67001953125,45.41548709171951,91.71827148629843,-73.4501953125,56.14990234375,3149.60009765625
2022-09-01,3190.0,3190.0,3121.0,3131.699951171875,3546935,3313.7575073242188,3245.941010742188,-0.0247419004369389,0.013395618629392,3211.14990234375,3132.550048828125,3222.199951171875,3255.35009765625,3401.10009765625,3183.1599609375,3257.7300048828124,46.756963069260124,93.2716503010934,-123.650146484375,-58.300048828125,3169.64990234375
2022-09-02,3163.0,3163.0,3120.300048828125,3130.39990234375,2052900,3305.6875,3244.310009765625,-0.0004151256021952,0.0134036579687134,3131.699951171875,3211.14990234375,3132.550048828125,3218.199951171875,3381.25,3165.599951171875,3232.6449951171876,46.79451766550049,90.0367797800472,-87.800048828125,-32.60009765625,3217.64990234375
2022-09-05,3123.64990234375,3147.949951171875,3112.25,3133.39990234375,2147912,3295.382495117188,3242.5190087890624,0.0009583440114964,0.01283428362785,3130.39990234375,3131.699951171875,3211.14990234375,3222.199951171875,3385.75,3147.83994140625,3207.4099853515627,35.408688708937035,76.73908475345023,-88.800048828125,9.75,3242.949951171875
2022-09-06,3135.5,3140.85009765625,3106.35009765625,3127.050048828125,1936453,3283.9875,3238.8840087890626,-0.0020265059403605,0.0127090473784869,3133.39990234375,3130.39990234375,3131.699951171875,3132.550048828125,3354.550048828125,3146.73994140625,3184.6599853515627,36.08146949164143,60.214321180759974,-5.5,-8.449951171875,3229.35009765625
2022-09-07,3102.0,3161.89990234375,3102.0,3149.60009765625,1291534,3273.2150024414063,3236.0140087890627,0.007211284909423,0.0128550384660229,3127.050048828125,3133.39990234375,3130.39990234375,3211.14990234375,3284.60009765625,3134.42998046875,3171.1599853515627,8.794195487583643,49.4980919442254,-61.5498046875,47.60009765625,3120.39990234375
2022-09-08,3170.0,3183.5,3160.10009765625,3169.64990234375,1346113,3262.975,3233.1130078125,0.0063658255225544,0.0129673834087838,3149.60009765625,3127.050048828125,3133.39990234375,3131.699951171875,3255.35009765625,3142.019970703125,3162.5899658203125,17.708060136736197,39.76375086854981,37.949951171875,-0.35009765625,3104.35009765625
2022-09-09,3195.0,3233.5,3168.5,3217.64990234375,1561185,3256.144995117188,3231.1030078125,0.0151436283119177,0.0135623050102442,3169.64990234375,3149.60009765625,3127.050048828125,3130.39990234375,3218.199951171875,3159.469970703125,3162.5349609375,36.457679734570284,39.678568007339386,87.25,22.64990234375,3008.699951171875
2022-09-12,3239.89990234375,3269.800048828125,3225.0,3242.949951171875,1785928,3247.167492675781,3230.1520068359373,0.0078628967090845,0.0127426730384496,3217.64990234375,3169.64990234375,3149.60009765625,3133.39990234375,3222.199951171875,3181.37998046875,3164.6099609375,47.97308016394537,43.50364247424728,109.550048828125,3.050048828125,3028.800048828125
2022-09-13,3263.449951171875,3263.449951171875,3225.0,3229.35009765625,1972678,3238.5574951171875,3229.3970068359376,-0.0041936674078829,0.01272201764866,3242.949951171875,3217.64990234375,3169.64990234375,3127.050048828125,3132.550048828125,3201.839990234375,3174.2899658203123,40.19327168359563,46.25956305857635,102.300048828125,-34.099853515625,3040.300048828125
2022-09-14,3135.0,3141.39990234375,3113.800048828125,3120.39990234375,5090269,3224.942492675781,3225.503002929688,-0.0337374988830019,0.0145120411116973,3229.35009765625,3242.949951171875,3217.64990234375,3149.60009765625,3211.14990234375,3195.999951171875,3165.2149658203125,50.4850166196031,47.11858838237505,-29.2001953125,-14.60009765625,3001.199951171875
2022-09-15,3130.0,3137.75,3100.0,3104.35009765625,2138023,3210.104992675781,3222.88900390625,-0.005143508905844,0.0144308338286817,3120.39990234375,3229.35009765625,3242.949951171875,3169.64990234375,3131.699951171875,3182.939990234375,3162.47998046875,65.2830477422591,49.98658360149158,-65.2998046875,-25.64990234375,3007.39990234375
2022-09-16,3076.0,3094.35009765625,3000.0,3008.699951171875,5322221,3191.477490234375,3218.737001953125,-0.0308116492906486,0.0155906860701029,3104.35009765625,3120.39990234375,3229.35009765625,3217.64990234375,3130.39990234375,3141.15,3150.3099853515623,96.78623621800234,69.6227972305507,-208.949951171875,-67.300048828125,2982.050048828125
2022-09-19,3036.0,3042.0,2987.800048828125,3028.800048828125,2072220,3173.629992675781,3214.0980029296875,0.0066806587504417,0.0157626712914442,3008.699951171875,3104.35009765625,3120.39990234375,3242.949951171875,3133.39990234375,3098.32001953125,3139.85,87.40358605335811,79.58964608743365,-214.14990234375,-7.199951171875,2994.39990234375
2022-09-20,3050.0,3079.949951171875,3030.0,3040.300048828125,1544295,3157.917492675781,3209.147001953125,0.0037968831928834,0.015866670761841,3028.800048828125,3008.699951171875,3104.35009765625,3229.35009765625,3127.050048828125,3060.510009765625,3131.175,49.00764954196426,85.637740678866,-189.050048828125,-9.699951171875,3017.449951171875
2022-09-21,3028.0,3041.39990234375,2998.14990234375,3001.199951171875,2253818,3143.7474853515623,3203.862001953125,-0.0128606048838242,0.0155379760362368,3040.300048828125,3028.800048828125,3008.699951171875,3120.39990234375,3149.60009765625,3036.67001953125,3116.3349853515624,40.915024746452765,94.49054767764873,-119.199951171875,-26.800048828125,3035.64990234375
2022-09-22,2990.0,3029.949951171875,2979.300048828125,3007.39990234375,2017983,3131.349975585937,3201.7339990234377,0.0020658240946105,0.0155636658177998,3001.199951171875,3040.300048828125,3028.800048828125,3104.35009765625,3169.64990234375,3017.27998046875,3100.1099853515625,16.526007616398115,98.17673298124274,-96.9501953125,17.39990234375,2997.300048828125
2022-09-23,3004.0,3022.5,2979.0,2982.050048828125,2652374,3119.54248046875,3199.6810009765627,-0.0084291595194471,0.0155014257617249,3007.39990234375,3001.199951171875,3040.300048828125,3008.699951171875,3217.64990234375,3011.95,3076.55,23.010451063759206,95.05543734378246,-26.64990234375,-21.949951171875,3004.550048828125
2022-09-26,2959.85009765625,3025.85009765625,2926.10009765625,2994.39990234375,2925489,3108.152478027344,3198.7939990234377,0.0041413971306343,0.0155633778763414,2982.050048828125,3007.39990234375,3001.199951171875,3028.800048828125,3242.949951171875,3005.069970703125,3051.6949951171873,21.825049823740972,77.60427224439582,-34.400146484375,34.5498046875,2984.949951171875
2022-09-27,3009.39990234375,3025.0,2976.0,3017.449951171875,2227447,3102.3974731445314,3199.167998046875,0.0076977189352975,0.014646612548383,2994.39990234375,2982.050048828125,3007.39990234375,3040.300048828125,3229.35009765625,3000.499951171875,3030.50498046875,13.35113589145263,46.33576492885731,-22.85009765625,8.050048828125,3091.14990234375
2022-09-28,2980.0,3049.949951171875,2980.0,3035.64990234375,2739767,3093.622473144532,3199.988994140625,0.0060315668748065,0.0133716482078514,3017.449951171875,2994.39990234375,2982.050048828125,3001.199951171875,3120.39990234375,3007.38994140625,3022.02998046875,20.680187128048253,34.23796624941998,34.449951171875,55.64990234375,3101.949951171875
2022-09-29,3054.0,3055.85009765625,2990.0,2997.300048828125,2493902,3086.902478027344,3198.664995117188,-0.012633160854951,0.0125723139239423,3035.64990234375,3017.449951171875,2994.39990234375,3007.39990234375,3104.35009765625,3005.369970703125,3011.3249755859374,21.166512368685076,18.97115215221607,-10.099853515625,-56.699951171875,3064.89990234375
2022-09-30,2990.85009765625,3019.699951171875,2950.10009765625,3004.550048828125,2817353,3080.6099853515625,3197.27099609375,0.0024188435865253,0.0126083965498011,2997.300048828125,3035.64990234375,3017.449951171875,2982.050048828125,3008.699951171875,3009.869970703125,3010.9099853515627,16.938775775124395,19.080030969855468,22.5,13.699951171875,3118.550048828125
2022-10-03,2995.0,3020.699951171875,2974.0,2984.949951171875,1763331,3073.187487792969,3193.673994140625,-0.0065234718469391,0.0126278224241416,3004.550048828125,2997.300048828125,3035.64990234375,2994.39990234375,3028.800048828125,3007.97998046875,3006.5249755859377,19.43908782584569,19.544860459023464,-9.449951171875,-10.050048828125,3069.550048828125
2022-10-04,3029.949951171875,3098.0,3023.0,3091.14990234375,2145875,3071.39248046875,3191.950991210937,0.0355784696256571,0.0152130796501152,2984.949951171875,3004.550048828125,2997.300048828125,3017.449951171875,3040.300048828125,3022.719970703125,3011.6099609375,42.58148524015999,31.972324888980406,73.699951171875,61.199951171875,3100.75
2022-10-06,3111.0,3124.0,3092.449951171875,3101.949951171875,1790816,3069.009973144531,3190.569990234375,0.0034938612391253,0.0151368499523984,3091.14990234375,2984.949951171875,3004.550048828125,3035.64990234375,3001.199951171875,3035.97998046875,3021.6849609375,55.86546097311975,42.476078642357926,66.300048828125,-9.050048828125,3103.300048828125
2022-10-07,3097.39990234375,3105.0,3058.10009765625,3064.89990234375,1939879,3063.7724731445314,3188.53298828125,-0.011944115608354,0.0152433451753844,3101.949951171875,3091.14990234375,2984.949951171875,2997.300048828125,3007.39990234375,3049.499951171875,3027.4349609375,52.22565377623924,44.18496296907299,67.599853515625,-32.5,3099.14990234375
2022-10-10,3010.0,3127.0,3005.0,3118.550048828125,3064063,3058.81748046875,3188.5859912109377,0.0175046977695252,0.0153880398173632,3064.89990234375,3101.949951171875,3091.14990234375,3004.550048828125,2982.050048828125,3072.299951171875,3041.0849609375,52.57922097903145,49.38481836820658,114.0,108.550048828125,3111.75
2022-10-11,3100.0,3145.0,3053.35009765625,3069.550048828125,4730645,3050.1474853515624,3186.199990234375,-0.0157124302104476,0.0155393070559571,3118.550048828125,3064.89990234375,3101.949951171875,2984.949951171875,2994.39990234375,3089.219970703125,3048.5999755859375,22.385274586532933,47.159015455282486,84.60009765625,-30.449951171875,3144.699951171875
2022-10-12,3084.89990234375,3109.89990234375,3062.050048828125,3100.75,1665247,3043.71748046875,3183.004990234375,0.0101643402699318,0.0157928098647165,3069.550048828125,3118.550048828125,3064.89990234375,3091.14990234375,3017.449951171875,3091.139990234375,3056.92998046875,22.995579127874233,48.38636844346258,9.60009765625,15.85009765625,3121.85009765625
2022-10-13,3100.75,3110.0,3052.35009765625,3103.300048828125,2054781,3042.8624877929688,3179.032993164062,0.0008223974290493,0.0139050819178472,3100.75,3069.550048828125,3118.550048828125,3101.949951171875,3035.64990234375,3091.410009765625,3063.6949951171873,23.161572995492843,49.789393273657495,1.35009765625,2.550048828125,3157.300048828125
2022-10-14,3145.0,3150.0,3071.0,3099.14990234375,2245977,3042.602478027344,3175.039990234375,-0.0013373332965151,0.0138595906310582,3103.300048828125,3100.75,3069.550048828125,3064.89990234375,2997.300048828125,3098.260009765625,3073.87998046875,17.806891194869557,44.87300033382157,34.25,-45.85009765625,3137.39990234375
2022-10-17,3072.64990234375,3128.39990234375,3071.449951171875,3111.75,1517005,3047.75498046875,3171.4389892578124,0.0040656625375625,0.0118221971006435,3099.14990234375,3103.300048828125,3100.75,3118.550048828125,3004.550048828125,3096.9,3084.5999755859375,16.04203474201831,38.87385787605774,-6.800048828125,39.10009765625,3161.699951171875
2022-10-18,3150.0,3155.35009765625,3128.550048828125,3144.699951171875,1793722,3053.5499755859373,3167.54298828125,0.0105888812314212,0.0119396831511427,3111.75,3099.14990234375,3103.300048828125,3069.550048828125,2984.949951171875,3111.92998046875,3100.5749755859374,18.951922416545518,22.926125042598134,75.14990234375,-5.300048828125,3162.10009765625
2022-10-19,3159.0,3159.0,3112.0,3121.85009765625,1194289,3057.627478027344,3162.8809912109373,-0.00726614744504,0.0121045758203877,3144.699951171875,3111.75,3099.14990234375,3100.75,3091.14990234375,3116.15,3103.6449951171876,18.173300406382275,23.570257858117536,21.10009765625,-37.14990234375,3157.39990234375
2022-10-20,3105.0,3160.0,3105.0,3157.300048828125,1587601,3065.432482910156,3158.725991210937,0.0113554302938789,0.0118113254792124,3121.85009765625,3144.699951171875,3111.75,3103.300048828125,3101.949951171875,3126.95,3109.1800048828127,23.80168410049949,29.001229443623316,54.0,52.300048828125,3163.25
2022-10-21,3157.800048828125,3160.39990234375,3127.0,3137.39990234375,1021913,3071.932482910156,3153.984990234375,-0.0063029000020955,0.0119784564895704,3157.300048828125,3121.85009765625,3144.699951171875,3099.14990234375,3064.89990234375,3134.6,3116.4300048828127,18.095739784385025,25.559629442218256,38.25,-20.400146484375,3193.14990234375
2022-10-24,3170.10009765625,3178.0,3155.0,3161.699951171875,260949,3080.914978027344,3150.1339892578126,0.0077452825857398,0.0117682382038582,3137.39990234375,3157.300048828125,3121.85009765625,3111.75,3118.550048828125,3144.589990234375,3120.7449951171875,15.99303381538422,29.322600230442095,49.949951171875,-8.400146484375,3259.699951171875
2022-10-25,3180.5,3184.25,3151.14990234375,3162.10009765625,2069643,3089.2999877929688,3144.9259912109374,0.0001265605498796,0.0117818784371656,3161.699951171875,3137.39990234375,3157.300048828125,3144.699951171875,3069.550048828125,3148.07001953125,3130.0,17.812546655815062,25.757641336843086,17.400146484375,-18.39990234375,3241.699951171875
2022-10-27,3160.699951171875,3174.0,3134.35009765625,3157.39990234375,2438421,3096.2974853515625,3140.04298828125,-0.0014864157260497,0.0117596393701836,3162.10009765625,3161.699951171875,3137.39990234375,3121.85009765625,3100.75,3155.17998046875,3135.664990234375,10.197450183284845,24.822426665391827,35.5498046875,-3.300048828125,3206.75
2022-10-28,3150.0,3178.5,3145.0,3163.25,1355739,3102.677490234375,3135.4539892578123,0.0018528212571069,0.0117275740465907,3157.39990234375,3162.10009765625,3161.699951171875,3157.300048828125,3103.300048828125,3156.369970703125,3141.6599853515627,10.833998598844882,23.33195104719377,5.949951171875,13.25,3217.39990234375
2022-10-31,3199.0,3199.0,3177.800048828125,3193.14990234375,1919414,3112.4699829101564,3131.2949853515624,0.0094522729293449,0.0112966139945043,3163.25,3157.39990234375,3162.10009765625,3137.39990234375,3099.14990234375,3167.519970703125,3151.0599853515623,14.498185063040694,23.237718026111768,55.75,-5.85009765625,3233.699951171875
2022-11-01,3214.5,3262.60009765625,3203.449951171875,3259.699951171875,2991060,3125.227478027344,3128.863984375,0.0208415047409074,0.0119587002806756,3193.14990234375,3163.25,3157.39990234375,3161.699951171875,3111.75,3187.119970703125,3165.85498046875,42.96296559934957,37.901000091573884,98.0,45.199951171875,3216.050048828125
2022-11-02,3270.0,3270.0,3222.050048828125,3241.699951171875,1405955,3138.064978027344,3125.9829833984377,-0.0055219806330729,0.011913662777632,3259.699951171875,3193.14990234375,3163.25,3162.10009765625,3144.699951171875,3203.03994140625,3175.55498046875,46.01363530821343,43.83351912239495,79.599853515625,-28.300048828125,3205.64990234375
2022-11-03,3228.050048828125,3228.050048828125,3195.0,3206.75,1422652,3143.8449829101564,3123.026982421875,-0.0107813652399385,0.0098120221459002,3241.699951171875,3259.699951171875,3193.14990234375,3157.39990234375,3121.85009765625,3212.9099609375,3184.044970703125,38.44698778355476,40.36020048916965,49.35009765625,-21.300048828125,3315.949951171875
2022-11-04,3217.0,3220.050048828125,3166.14990234375,3217.39990234375,1464013,3149.61748046875,3121.682978515625,0.0033210890601855,0.0098106052837749,3206.75,3241.699951171875,3259.699951171875,3163.25,3157.300048828125,3223.73994140625,3190.0549560546874,26.834161749834653,40.40980825812397,54.14990234375,0.39990234375,3335.5
2022-11-07,3229.0,3242.800048828125,3195.10009765625,3233.699951171875,1474498,3158.057482910156,3121.2499755859376,0.0050662178538176,0.009272142404214,3217.39990234375,3206.75,3241.699951171875,3193.14990234375,3137.39990234375,3231.849951171875,3199.6849609375,20.705548531483696,37.86164052349526,40.550048828125,4.699951171875,3332.60009765625
2022-11-09,3249.800048828125,3249.800048828125,3201.64990234375,3216.050048828125,1162267,3162.932482910156,3121.2069775390623,-0.0054581138047002,0.0087528520858076,3233.699951171875,3217.39990234375,3206.75,3259.699951171875,3161.699951171875,3223.119970703125,3205.119970703125,14.21118027387958,35.638768265631775,-43.64990234375,-33.75,3355.35009765625
2022-11-10,3170.0,3225.0,3170.0,3205.64990234375,1573092,3169.7374755859373,3120.8759765625,-0.0032338260681498,0.0078541813150243,3216.050048828125,3233.699951171875,3217.39990234375,3241.699951171875,3162.10009765625,3215.9099609375,3209.474951171875,11.268285021099365,32.302406228166554,-36.050048828125,35.64990234375,3349.0
2022-11-11,3269.60009765625,3341.60009765625,3255.050048828125,3315.949951171875,3265394,3180.497473144532,3124.543974609375,0.0344080146579579,0.0105545649004365,3205.64990234375,3216.050048828125,3233.699951171875,3206.75,3157.39990234375,3237.749951171875,3225.3299560546875,44.85271977203869,41.50276048298843,109.199951171875,46.349853515625,3343.449951171875
2022-11-14,3324.0,3349.0,3309.0,3335.5,1342074,3192.107470703125,3127.0309765625,0.0058957611290892,0.0105499934709976,3315.949951171875,3205.64990234375,3216.050048828125,3217.39990234375,3163.25,3261.369970703125,3242.5549560546874,59.996847477818704,48.09576504634156,118.10009765625,11.5,3283.5
2022-11-15,3321.0,3339.949951171875,3292.0,3332.60009765625,1400708,3203.77998046875,3131.0489794921878,-0.0008694055894917,0.0105388253621827,3335.5,3315.949951171875,3205.64990234375,3233.699951171875,3193.14990234375,3281.15,3256.4999755859376,64.71155236717556,52.21904296660405,98.900146484375,11.60009765625,3314.949951171875
2022-11-16,3338.89990234375,3367.89990234375,3321.449951171875,3355.35009765625,1748235,3215.9599853515624,3135.5479833984373,0.0068265016303634,0.0105620610772972,3332.60009765625,3335.5,3315.949951171875,3216.050048828125,3259.699951171875,3309.010009765625,3266.064990234375,59.44974803981835,60.90764207885203,139.300048828125,16.4501953125,3308.300048828125
2022-11-17,3340.0,3360.0,3317.75,3349.0,1417986,3226.1749877929688,3139.8599853515625,-0.0018925290868113,0.0105101741098419,3355.35009765625,3332.60009765625,3335.5,3205.64990234375,3241.699951171875,3337.680029296875,3276.7949951171877,15.355191150421257,65.4224718790672,143.35009765625,9.0,3380.14990234375
2022-11-18,3350.0,3362.75,3321.0,3343.449951171875,1164540,3237.25498046875,3144.1879833984376,-0.0016572256877053,0.0102885901346797,3349.0,3355.35009765625,3332.60009765625,3315.949951171875,3206.75,3343.180029296875,3290.464990234375,9.393791622514124,63.41117374507538,27.5,-6.550048828125,3389.64990234375
2022-11-21,3322.5,3333.699951171875,3273.0,3283.5,1304194,3243.564978027344,3146.8659814453126,-0.0179305663453591,0.0111568009570178,3343.449951171875,3349.0,3355.35009765625,3335.5,3217.39990234375,3332.780029296875,3297.075,28.787568198199526,58.177768120207155,-52.0,-39.0,3395.25
2022-11-22,3280.0,3318.949951171875,3255.25,3314.949951171875,1149739,3252.44248046875,3149.771982421875,0.0095781791295492,0.0110982507415965,3283.5,3343.449951171875,3349.0,3332.60009765625,3233.699951171875,3329.25,3305.2,29.87670542173413,53.85663597456117,-17.650146484375,34.949951171875,3397.35009765625
2022-11-23,3330.0,3330.0,3291.0,3308.300048828125,1150011,3259.7724853515624,3151.5849853515624,-0.0020060340100758,0.0110844027457472,3314.949951171875,3283.5,3343.449951171875,3355.35009765625,3216.050048828125,3319.839990234375,3314.425,26.858025080600935,43.86307660747283,-47.050048828125,-21.699951171875,3390.800048828125
2022-11-24,3316.25,3392.949951171875,3308.300048828125,3380.14990234375,1296591,3270.6749755859373,3154.328984375,0.0217180583547964,0.0118816437578213,3308.300048828125,3314.949951171875,3283.5,3349.0,3205.64990234375,3326.069970703125,3331.875,37.00787109124513,27.40324661063044,31.14990234375,63.89990234375,3475.64990234375
2022-11-25,3383.0,3403.35009765625,3348.0,3389.64990234375,1588981,3282.287475585937,3157.53498046875,0.0028105262412807,0.0118272435502517,3380.14990234375,3308.300048828125,3314.949951171875,3343.449951171875,3315.949951171875,3335.3099609375,3339.2449951171875,46.882264715722954,32.144820221418456,46.199951171875,6.64990234375,3439.14990234375
2022-11-28,3366.0,3417.0,3365.550048828125,3395.25,2195437,3293.8874755859374,3163.031982421875,0.00165211683141,0.0118289078080537,3389.64990234375,3380.14990234375,3308.300048828125,3283.5,3335.5,3357.6599609375,3345.2199951171874,42.43439262546675,36.61380209869605,111.75,29.25,3425.89990234375
2022-11-29,3383.0,3429.0,3383.0,3397.35009765625,1576028,3304.0974853515627,3168.891982421875,0.0006185399178999,0.011764062211287,3395.25,3389.64990234375,3380.14990234375,3314.949951171875,3332.60009765625,3374.139990234375,3351.6949951171873,37.402927360077534,39.72707454328754,82.400146484375,14.35009765625,3385.35009765625
2022-11-30,3383.0,3414.89990234375,3375.0,3390.800048828125,3410702,3310.652490234375,3176.533984375,-0.0019279875902821,0.0110435068879433,3397.35009765625,3395.25,3389.64990234375,3308.300048828125,3355.35009765625,3390.639990234375,3355.239990234375,6.658182341705418,41.62576607672354,82.5,7.800048828125,3380.60009765625
2022-12-01,3425.0,3480.0,3420.0,3475.64990234375,2180856,3322.349987792969,3185.4709814453126,0.025023549691451,0.0120135723785146,3390.800048828125,3397.35009765625,3395.25,3380.14990234375,3349.0,3409.739990234375,3367.90498046875,36.97944963514217,56.22368944469534,95.5,50.64990234375,3350.550048828125
2022-12-02,3458.10009765625,3468.89990234375,3413.0,3439.14990234375,2411749,3333.9699829101564,3193.447978515625,-0.0105016330831787,0.0119961494634468,3475.64990234375,3390.800048828125,3397.35009765625,3389.64990234375,3343.449951171875,3419.639990234375,3377.4749755859375,36.88224532244518,59.639539142899,49.5,-18.9501953125,3292.75
2022-12-05,3433.0,3439.14990234375,3407.0,3425.89990234375,1475065,3344.394982910156,3201.9419775390625,-0.0038526962697875,0.0121107505967845,3439.14990234375,3475.64990234375,3390.800048828125,3395.25,3283.5,3425.769970703125,3391.7149658203125,34.26963544213736,51.09661430289393,30.64990234375,-7.10009765625,3286.449951171875
2022-12-06,3400.050048828125,3407.949951171875,3368.0,3385.35009765625,1166999,3351.977490234375,3209.5009814453124,-0.011836249115089,0.0125562077793317,3425.89990234375,3439.14990234375,3475.64990234375,3397.35009765625,3314.949951171875,3423.369970703125,3398.75498046875,37.06382537755986,43.65241745786024,-12.0,-14.699951171875,3332.10009765625
2022-12-07,3368.300048828125,3393.699951171875,3354.0,3380.60009765625,1167505,3360.2049926757813,3217.471982421875,-0.0014031045129685,0.0124555160457019,3385.35009765625,3425.89990234375,3439.14990234375,3390.800048828125,3308.300048828125,3421.32998046875,3405.9849853515625,39.504946004245795,31.22423801224637,-10.199951171875,12.300048828125,3365.35009765625
2022-12-08,3360.0,3380.60009765625,3339.449951171875,3350.550048828125,1285619,3367.45,3224.5949853515626,-0.0088889688102885,0.0126567925621855,3380.60009765625,3385.35009765625,3425.89990234375,3475.64990234375,3380.14990234375,3396.310009765625,3403.025,35.95731210690311,35.10704724368169,-125.099853515625,-9.449951171875,3305.10009765625
2022-12-09,3374.10009765625,3374.10009765625,3276.35009765625,3292.75,1797896,3366.290002441406,3230.100986328125,-0.0172509134278835,0.0109071684699945,3350.550048828125,3380.60009765625,3385.35009765625,3439.14990234375,3389.64990234375,3367.030029296875,3393.335009765625,49.43315213779194,49.5930843922072,-146.39990234375,-81.35009765625,3240.25
2022-12-12,3255.5,3296.0,3236.10009765625,3286.449951171875,1527610,3363.8375,3235.1169873046874,-0.0019133091877989,0.0108132693859074,3292.75,3350.550048828125,3380.60009765625,3425.89990234375,3395.25,3339.1400390625,3382.4550048828123,47.20374821669572,59.97431827808004,-139.449951171875,30.949951171875,3202.050048828125
2022-12-13,3277.199951171875,3336.449951171875,3267.800048828125,3332.10009765625,1378016,3363.8125,3241.81298828125,0.013890412804886,0.0112930574695302,3286.449951171875,3292.75,3350.550048828125,3385.35009765625,3397.35009765625,3328.4900390625,3375.9300048828127,39.55962001393127,61.698429945222756,-53.25,54.900146484375,3243.949951171875
2022-12-14,3348.800048828125,3377.0,3340.89990234375,3365.35009765625,1213311,3364.3125,3249.028989257813,0.0099786918236302,0.0114139182403673,3332.10009765625,3286.449951171875,3292.75,3380.60009765625,3390.800048828125,3325.4400390625,3373.385009765625,34.844466402418846,61.54159618400113,-15.25,16.550048828125,3268.550048828125
2022-12-15,3358.800048828125,3364.75,3298.949951171875,3305.10009765625,1415694,3362.1175048828127,3255.4319921875,-0.0179030407689114,0.0121094396346869,3365.35009765625,3332.10009765625,3286.449951171875,3350.550048828125,3475.64990234375,3316.350048828125,3356.330029296875,32.50618544658839,53.10608871531088,-45.449951171875,-53.699951171875,3259.699951171875
2022-12-16,3275.0,3292.0,3225.199951171875,3240.25,2703680,3356.9575073242186,3258.413994140625,-0.019621220459325,0.0128371217299488,3305.10009765625,3365.35009765625,3332.10009765625,3292.75,3439.14990234375,3305.850048828125,3336.4400390625,47.195374498210036,55.818788794706855,-52.5,-34.75,3228.35009765625
2022-12-19,3227.0,3245.5,3194.5,3202.050048828125,2120965,3352.885009765625,3260.41599609375,-0.0117891987259856,0.0124919269685561,3240.25,3305.10009765625,3365.35009765625,3286.449951171875,3425.89990234375,3288.970068359375,3314.0550537109375,66.86370653034862,60.634021699932205,-84.39990234375,-24.949951171875,3252.89990234375
2022-12-20,3198.89990234375,3249.0,3163.64990234375,3243.949951171875,1529971,3349.335009765625,3263.9969970703123,0.013085336489067,0.0126741997847261,3202.050048828125,3240.25,3305.10009765625,3332.10009765625,3385.35009765625,3271.3400390625,3299.9150390625,64.21748761686733,58.61427893519742,-88.150146484375,45.050048828125,3259.5
2022-12-21,3249.0,3283.050048828125,3240.0,3268.550048828125,1432566,3347.347509765625,3266.9969970703123,0.0075833776804612,0.0128149752150158,3243.949951171875,3202.050048828125,3240.25,3365.35009765625,3380.60009765625,3251.980029296875,3288.7100341796877,38.05057785820174,51.78895832953486,-96.800048828125,19.550048828125,3257.10009765625
2022-12-22,3294.0,3294.0,3245.10009765625,3259.699951171875,1384101,3341.3250122070312,3270.799995117188,-0.0027076524832235,0.0116987630386242,3268.550048828125,3243.949951171875,3202.050048828125,3305.10009765625,3350.550048828125,3242.9,3279.6250244140624,25.578344221544373,47.528809185950486,-45.400146484375,-34.300048828125,3268.75
2022-12-23,3217.0,3266.85009765625,3217.0,3228.35009765625,1360281,3333.2600219726564,3273.3519970703123,-0.0096174046646086,0.0117737284371047,3259.699951171875,3268.550048828125,3243.949951171875,3240.25,3292.75,3240.52001953125,3273.1850341796876,26.42613476994779,49.85869779398715,-11.89990234375,11.35009765625,3256.699951171875
2022-12-26,3228.35009765625,3272.0,3225.050048828125,3252.89990234375,870157,3326.142517089844,3276.343994140625,0.0076044431195125,0.0119545684472492,3228.35009765625,3259.699951171875,3268.550048828125,3202.050048828125,3286.449951171875,3250.689990234375,3269.830029296875,15.407333704745323,49.995528338446746,50.849853515625,24.5498046875,3261.449951171875
2022-12-27,3269.199951171875,3273.800048828125,3231.5,3259.5,835883,3319.2500122070314,3279.55099609375,0.0020289888574482,0.0119754145452542,3252.89990234375,3228.35009765625,3259.699951171875,3243.949951171875,3332.10009765625,3253.8,3262.57001953125,15.275561113691296,44.96671158681589,15.550048828125,-9.699951171875,3311.35009765625
2022-12-28,3249.800048828125,3266.10009765625,3226.0,3257.10009765625,910795,3312.5650146484377,3282.457998046875,-0.0007362792893849,0.0119787608684522,3259.5,3252.89990234375,3228.35009765625,3268.550048828125,3365.35009765625,3251.510009765625,3251.74501953125,13.233267709578906,26.85850929578099,-11.449951171875,7.300048828125,3314.64990234375
2022-12-29,3231.10009765625,3271.5,3228.0,3268.75,1037927,3302.22001953125,3284.9389990234376,0.0035767713593244,0.0102768760304222,3257.10009765625,3259.5,3252.89990234375,3259.699951171875,3305.10009765625,3253.32001953125,3248.110009765625,15.118192214834858,20.555312190876705,9.050048828125,37.64990234375,3311.10009765625
2022-12-30,3286.050048828125,3299.0,3246.199951171875,3256.699951171875,1163131,3293.097521972656,3287.63599609375,-0.0036864394120459,0.0101274257437963,3268.75,3257.10009765625,3259.5,3228.35009765625,3240.25,3258.989990234375,3249.7550048828125,5.946071054884704,20.514588261557513,28.349853515625,-29.35009765625,3211.550048828125
2023-01-02,3261.0,3266.85009765625,3235.199951171875,3261.449951171875,709547,3284.8750244140624,3289.718994140625,0.001458531664328,0.0101644294235845,3256.699951171875,3268.75,3257.10009765625,3252.89990234375,3202.050048828125,3260.7,3255.6949951171873,4.892969810471991,11.99911608110764,8.550048828125,0.449951171875,3319.949951171875
2023-01-03,3252.0,3320.0,3245.300048828125,3311.35009765625,1245178,3281.1750244140626,3293.197998046875,0.0152999884197042,0.0106396092795199,3261.449951171875,3256.699951171875,3268.75,3259.5,3243.949951171875,3271.07001953125,3262.435009765625,23.032968118871587,20.55095425547631,51.85009765625,59.35009765625,3286.39990234375
2023-01-04,3306.699951171875,3327.35009765625,3286.199951171875,3314.64990234375,1231668,3277.8775146484377,3296.2569970703125,0.0009965133828149,0.0106489502566131,3311.35009765625,3261.449951171875,3256.699951171875,3257.10009765625,3268.550048828125,3282.57998046875,3267.0449951171877,28.123486387286178,26.410345494162723,57.5498046875,7.949951171875,3328.699951171875
2023-01-05,3330.199951171875,3337.300048828125,3281.949951171875,3311.10009765625,1826057,3275.905017089844,3299.236997070313,-0.0010709440791891,0.010483646877854,3314.64990234375,3311.35009765625,3261.449951171875,3268.75,3259.699951171875,3291.05,3272.185009765625,29.27090926426512,29.627806056317468,42.35009765625,-19.099853515625,3334.35009765625
2023-01-06,3300.0,3301.550048828125,3200.0,3211.550048828125,2488376,3271.84501953125,3300.32,-0.0300655509927323,0.0118599979987476,3311.10009765625,3314.64990234375,3311.35009765625,3256.699951171875,3228.35009765625,3282.02001953125,3270.5050048828125,45.16568986004022,32.70599134645512,-45.14990234375,-88.449951171875,3374.550048828125
2023-01-09,3229.0,3327.0,3221.14990234375,3319.949951171875,2885060,3273.52001953125,3303.453999023437,0.0337531412232869,0.0141955178339992,3211.550048828125,3311.10009765625,3314.64990234375,3261.449951171875,3252.89990234375,3293.72001953125,3277.210009765625,46.072931760650945,35.453301057591354,58.5,90.949951171875,3334.050048828125
2023-01-10,3285.0,3298.0,3230.10009765625,3286.39990234375,3864655,3271.235009765625,3305.3189990234373,-0.0101055887352405,0.0140264154046663,3319.949951171875,3211.550048828125,3311.10009765625,3311.35009765625,3259.5,3288.72998046875,3279.9,45.02533224698398,34.97757727460809,-24.9501953125,1.39990234375,3378.39990234375
2023-01-11,3290.10009765625,3349.5,3271.14990234375,3328.699951171875,2720512,3269.4025024414063,3306.6989990234374,0.0128712421144967,0.0141555187041463,3286.39990234375,3319.949951171875,3211.550048828125,3314.64990234375,3257.10009765625,3291.539990234375,3287.0599853515623,47.42203498742224,37.058248434289894,14.050048828125,38.599853515625,3390.0
2023-01-12,3329.0,3350.0,3315.550048828125,3334.35009765625,2250391,3270.8650024414064,3308.552001953125,0.0016974033608483,0.0135492813903063,3328.699951171875,3286.39990234375,3319.949951171875,3311.10009765625,3268.75,3296.189990234375,3293.6199951171875,50.83648444894264,39.201170433380945,23.25,5.35009765625,3373.10009765625
2023-01-13,3342.89990234375,3379.0,3305.0,3374.550048828125,1742837,3277.5800048828123,3311.9080029296874,0.0120563078244639,0.0129061988151236,3334.35009765625,3328.699951171875,3286.39990234375,3211.550048828125,3256.699951171875,3328.789990234375,3305.4050048828126,31.622664759917914,44.257209415335794,163.0,31.650146484375,3363.10009765625
2023-01-16,3317.0,3353.0,3298.050048828125,3334.050048828125,1843607,3284.1800048828127,3314.241005859375,-0.0120016000397044,0.0129183210670682,3374.550048828125,3334.35009765625,3328.699951171875,3319.949951171875,3261.449951171875,3331.610009765625,3312.6650146484376,31.263921223482978,42.15015440201599,14.10009765625,17.050048828125,3414.89990234375
2023-01-17,3330.0,3381.800048828125,3321.0,3378.39990234375,1688475,3290.9025024414063,3317.1350048828126,0.013302095909212,0.0129281087153811,3334.050048828125,3374.550048828125,3334.35009765625,3286.39990234375,3311.35009765625,3350.010009765625,3319.3699951171875,24.301601364146002,46.97457760176741,92.0,48.39990234375,3436.300048828125
2023-01-18,3380.0,3408.949951171875,3372.25,3390.0,2421189,3296.975,3320.61400390625,0.0034336070304177,0.0128688371946441,3378.39990234375,3334.050048828125,3374.550048828125,3328.699951171875,3314.64990234375,3362.27001953125,3326.9050048828126,26.247918202486073,51.91665656506714,61.300048828125,10.0,3429.75
2023-01-19,3380.0,3387.0,3361.0,3373.10009765625,1585044,3302.6450073242186,3323.9630078125,-0.0049852219303097,0.0129217663028286,3390.0,3378.39990234375,3334.050048828125,3334.35009765625,3311.10009765625,3370.02001953125,3333.1050048828124,21.17350286646635,53.497502084949616,38.75,-6.89990234375,3411.050048828125
2023-01-20,3365.0,3394.64990234375,3355.60009765625,3363.10009765625,1529349,3309.3825073242188,3324.9060107421874,-0.002964631855114,0.0126963046026983,3373.10009765625,3390.0,3378.39990234375,3374.550048828125,3211.550048828125,3367.730029296875,3348.260009765625,21.180254787790833,32.63468005905647,-11.449951171875,-1.89990234375,3433.64990234375
2023-01-23,3388.0,3419.0,3355.60009765625,3414.89990234375,1067916,3317.4825073242187,3326.4940087890627,0.0154023975449315,0.0129898350346671,3363.10009765625,3373.10009765625,3390.0,3334.050048828125,3319.949951171875,3383.9,3357.7550048828125,19.860317518145038,37.0031044125603,80.849853515625,26.89990234375,3358.699951171875
2023-01-24,3425.0,3451.949951171875,3417.300048828125,3436.300048828125,1387863,3326.322509765625,3328.5680078125,0.006266698028158,0.013016059378458,3414.89990234375,3363.10009765625,3373.10009765625,3378.39990234375,3286.39990234375,3395.480029296875,3372.74501953125,30.09467352400277,35.20390682850336,57.900146484375,11.300048828125,3408.35009765625
2023-01-25,3425.300048828125,3435.0,3405.0,3429.75,874110,3334.9550048828123,3330.056005859375,-0.001906134137023,0.0130350470329366,3436.300048828125,3414.89990234375,3363.10009765625,3390.0,3328.699951171875,3403.430029296875,3382.8500244140623,33.35845158638077,35.656266425340704,39.75,4.449951171875,3460.39990234375
2023-01-27,3426.0,3446.0,3382.300048828125,3411.050048828125,1785879,3342.0700073242188,3331.2970068359373,-0.0054522782044974,0.0131576375150236,3429.75,3436.300048828125,3414.89990234375,3373.10009765625,3334.35009765625,3411.02001953125,3390.52001953125,28.72831945357097,32.14037656043324,37.949951171875,-14.949951171875,3482.300048828125
2023-01-30,3420.0,3458.449951171875,3385.550048828125,3433.64990234375,1953798,3350.9175048828124,3333.101005859375,0.0066254828255567,0.0131161895471301,3411.050048828125,3429.75,3436.300048828125,3363.10009765625,3374.550048828125,3425.12998046875,3396.4300048828127,11.419315323368611,34.24243924272068,70.5498046875,13.64990234375,3459.949951171875
2023-01-31,3449.0,3449.0,3351.0,3358.699951171875,2820375,3355.7800048828126,3334.6050048828124,-0.0218280702178504,0.0142220172363809,3433.64990234375,3411.050048828125,3429.75,3414.89990234375,3334.050048828125,3413.889990234375,3398.8949951171876,32.396799384406776,29.859742639943057,-56.199951171875,-90.300048828125,3472.550048828125
2023-02-01,3363.0,3419.0,3355.0,3408.35009765625,2205161,3360.6300048828125,3336.4730078125,0.0147825489642359,0.0141961657238905,3358.699951171875,3433.64990234375,3411.050048828125,3436.300048828125,3378.39990234375,3408.3,3401.8900146484375,29.876622010000766,29.067138358213075,-27.949951171875,45.35009765625,3520.10009765625
2023-02-02,3427.0,3469.0,3420.10009765625,3460.39990234375,1813847,3367.9175048828124,3339.5150048828127,0.0152712612249814,0.0145224770446566,3408.35009765625,3358.699951171875,3433.64990234375,3429.75,3390.0,3414.42998046875,3408.9300048828127,37.53952647678779,33.97794493131117,30.64990234375,33.39990234375,3540.85009765625
2023-02-03,3504.0,3504.0,3452.89990234375,3482.300048828125,1804469,3376.477502441406,3341.5580078125,0.0063287906318405,0.014527566735683,3460.39990234375,3408.35009765625,3358.699951171875,3411.050048828125,3373.10009765625,3428.67998046875,3419.85,48.001234186259836,38.43815355560228,71.25,-21.699951171875,3537.550048828125
2023-02-06,3473.14990234375,3473.14990234375,3436.85009765625,3459.949951171875,1138714,3388.897497558594,3342.9640087890625,-0.006418199851495,0.0125554433337609,3482.300048828125,3460.39990234375,3408.35009765625,3433.64990234375,3363.10009765625,3433.939990234375,3429.5349853515627,50.07805498488071,34.55573612817231,26.300048828125,-13.199951171875,3482.39990234375
2023-02-07,3468.89990234375,3493.0,3461.39990234375,3472.550048828125,1455647,3396.5275024414063,3344.510009765625,0.0036416993985657,0.0103949193760997,3459.949951171875,3482.300048828125,3460.39990234375,3358.699951171875,3414.89990234375,3456.710009765625,3435.3,28.58561947681704,36.591811753328564,113.85009765625,3.650146484375,3500.10009765625
2023-02-08,3478.050048828125,3539.89990234375,3478.050048828125,3520.10009765625,1986946,3408.212512207031,3346.965009765625,0.0136931212392954,0.0102612605476979,3472.550048828125,3459.949951171875,3482.300048828125,3408.35009765625,3436.300048828125,3479.060009765625,3443.6800048828127,24.751566652679063,45.38533516580369,111.75,42.050048828125,3520.64990234375
2023-02-09,3515.0,3547.60009765625,3505.300048828125,3540.85009765625,1655427,3418.82001953125,3349.966010742188,0.0058947187364972,0.0100418303854569,3520.10009765625,3472.550048828125,3459.949951171875,3460.39990234375,3429.75,3495.150048828125,3454.7900146484376,34.0070903431156,54.31606735544592,80.4501953125,25.85009765625,3558.050048828125
2023-02-10,3520.0,3542.35009765625,3508.14990234375,3537.550048828125,1187821,3428.980017089844,3351.204013671875,-0.000931993373656,0.0100788827377632,3540.85009765625,3520.10009765625,3472.550048828125,3482.300048828125,3411.050048828125,3506.200048828125,3467.4400146484377,37.576767338407485,57.627086806383005,55.25,17.550048828125,3501.14990234375
2023-02-13,3549.0,3549.0,3473.39990234375,3482.39990234375,1087939,3434.372509765625,3352.069013671875,-0.0155899268485669,0.01065247401667,3537.550048828125,3540.85009765625,3520.10009765625,3459.949951171875,3433.64990234375,3510.6900390625,3472.3150146484377,31.52232999145341,56.50201619254822,22.449951171875,-66.60009765625,3487.300048828125
2023-02-14,3505.0,3524.85009765625,3495.0,3500.10009765625,1579818,3442.675012207031,3353.553017578125,0.0050827578132504,0.01017633214746,3482.39990234375,3537.550048828125,3540.85009765625,3472.550048828125,3358.699951171875,3516.200048828125,3486.455029296875,24.901386096879584,40.272031307644326,27.550048828125,-4.89990234375,3451.0
2023-02-15,3487.0,3526.0,3460.14990234375,3520.64990234375,1429449,3449.787512207032,3356.259013671875,0.0058712048553299,0.0098921946700691,3500.10009765625,3482.39990234375,3537.550048828125,3520.10009765625,3408.35009765625,3516.310009765625,3497.685009765625,24.92411721903783,30.558346620514627,0.5498046875,33.64990234375,3401.550048828125
2023-02-16,3527.199951171875,3575.0,3527.0,3558.050048828125,1618931,3458.1900146484377,3359.8080126953123,0.0106230802612543,0.0100717900618212,3520.64990234375,3500.10009765625,3482.39990234375,3540.85009765625,3460.39990234375,3519.75,3507.4500244140627,29.85671515668529,32.8371681827004,17.199951171875,30.85009765625,3413.800048828125
2023-02-17,3526.14990234375,3538.89990234375,3490.0,3501.14990234375,1061369,3464.5925048828126,3362.820009765625,-0.0159919466290575,0.0107766607618435,3558.050048828125,3520.64990234375,3500.10009765625,3537.550048828125,3482.300048828125,3512.469970703125,3509.335009765625,28.852302860913177,31.75628563625405,-36.400146484375,-25.0,3400.449951171875
2023-02-20,3502.0,3522.0,3475.050048828125,3487.300048828125,1296082,3470.8025024414064,3366.711010742188,-0.0039558013515369,0.0108025539772184,3501.14990234375,3558.050048828125,3520.64990234375,3482.39990234375,3459.949951171875,3513.45,3512.07001953125,27.633020059585743,27.984137974793953,4.900146484375,-14.699951171875,3331.85009765625
2023-02-21,3494.0,3508.89990234375,3444.75,3451.0,1139541,3472.6075073242187,3370.00201171875,-0.0104092129498072,0.0106414628317592,3487.300048828125,3501.14990234375,3558.050048828125,3500.10009765625,3472.550048828125,3503.62998046875,3509.9150146484376,39.66722160643348,31.918797221234495,-49.10009765625,-43.0,3312.85009765625
2023-02-22,3414.949951171875,3447.0,3395.0,3401.550048828125,1218430,3470.870007324219,3371.3910107421875,-0.0143291657988626,0.0110508503425509,3451.0,3487.300048828125,3501.14990234375,3520.64990234375,3520.10009765625,3479.810009765625,3498.060009765625,58.28300258551089,46.43167625434929,-119.099853515625,-13.39990234375,3385.699951171875
2023-02-23,3421.0,3452.39990234375,3408.0,3413.800048828125,1441570,3470.072509765625,3372.360009765625,0.0036012993559275,0.0110812302534626,3401.550048828125,3451.0,3487.300048828125,3558.050048828125,3540.85009765625,3450.960009765625,3485.3550048828124,43.76594649953211,50.615854941220896,-144.25,-7.199951171875,3321.449951171875
2023-02-24,3422.5,3433.949951171875,3382.300048828125,3400.449951171875,977592,3469.5425048828124,3374.267006835937,-0.0039106267107918,0.0110478971024572,3413.800048828125,3401.550048828125,3451.0,3501.14990234375,3537.550048828125,3430.82001953125,3471.6449951171876,37.63634201452268,53.398486035909045,-100.699951171875,-22.050048828125,3342.14990234375
2023-02-27,3390.0,3390.0,3316.0,3331.85009765625,1128022,3464.452514648437,3376.0990087890623,-0.020173757738144,0.0117898595524043,3400.449951171875,3413.800048828125,3401.550048828125,3487.300048828125,3482.39990234375,3399.730029296875,3456.5900146484373,43.12218461429338,68.97906748174613,-155.449951171875,-58.14990234375,3371.85009765625
2023-02-28,3328.5,3392.0,3299.89990234375,3312.85009765625,4116217,3462.160021972656,3378.315009765625,-0.0057025374621041,0.0108347046093813,3331.85009765625,3400.449951171875,3413.800048828125,3451.0,3500.10009765625,3372.100048828125,3437.8650146484374,46.20747976816048,80.33595149221455,-138.14990234375,-15.64990234375,3390.39990234375
2023-03-01,3323.0,3389.0,3315.0,3385.699951171875,1669307,3461.0275146484373,3381.150009765625,0.0219900844795737,0.0114752964290095,3312.85009765625,3331.85009765625,3400.449951171875,3401.550048828125,3520.64990234375,3368.930029296875,3424.37001953125,44.181258670155806,76.10774030141866,-15.85009765625,62.699951171875,3336.85009765625
2023-03-02,3361.0,3369.89990234375,3318.0,3321.449951171875,1556538,3454.080017089844,3382.2080078125,-0.0189768735938226,0.0115887509622169,3385.699951171875,3312.85009765625,3331.85009765625,3413.800048828125,3558.050048828125,3350.460009765625,3400.710009765625,39.822310107886004,66.04352337771334,-92.35009765625,-39.550048828125,3331.0
2023-03-03,3354.0,3358.0,3331.10009765625,3342.14990234375,1043190,3447.072509765625,3383.8570068359377,0.0062322032474315,0.0115851243800427,3321.449951171875,3385.699951171875,3312.85009765625,3400.449951171875,3501.14990234375,3338.8,3384.810009765625,28.432156241679447,57.80113126674442,-58.300048828125,-11.85009765625,3281.949951171875
2023-03-06,3361.89990234375,3404.949951171875,3359.0,3371.85009765625,1334132,3442.667517089844,3386.7270068359376,0.0088865539189826,0.0117809040722741,3342.14990234375,3321.449951171875,3385.699951171875,3331.85009765625,3487.300048828125,3346.8,3373.2650146484375,31.45456185796041,45.2150651807921,40.0,9.9501953125,3214.949951171875
2023-03-08,3364.0,3396.0,3330.85009765625,3390.39990234375,1844590,3438.560009765625,3389.4770068359376,0.0055013728814319,0.0118285612816932,3371.85009765625,3342.14990234375,3321.449951171875,3312.85009765625,3451.0,3362.3099609375,3367.2050048828123,29.593576247749336,36.943287345241785,77.5498046875,26.39990234375,3198.89990234375
2023-03-09,3385.0,3385.0,3330.85009765625,3336.85009765625,1648500,3429.397509765625,3391.0240087890625,-0.0157945393552192,0.0117209742105006,3390.39990234375,3371.85009765625,3342.14990234375,3385.699951171875,3401.550048828125,3352.539990234375,3360.735009765625,27.959660128306577,35.91113770254632,-48.849853515625,-48.14990234375,3185.0
2023-03-10,3312.89990234375,3337.25,3290.0,3331.0,1024404,3418.9050048828126,3392.5020068359377,-0.001753179640991,0.0115526535444078,3336.85009765625,3390.39990234375,3371.85009765625,3321.449951171875,3413.800048828125,3354.45,3352.4550048828123,25.52503840264955,31.603754921570328,9.550048828125,18.10009765625,3179.300048828125
2023-03-13,3333.0,3369.800048828125,3272.0,3281.949951171875,1901233,3406.125,3392.766005859375,-0.0147253223740994,0.011831886101593,3331.0,3336.85009765625,3390.39990234375,3342.14990234375,3400.449951171875,3342.410009765625,3340.6050048828124,41.79194956966894,33.751376360043906,-60.199951171875,-51.050048828125,3143.300048828125
2023-03-14,3280.0,3304.39990234375,3209.39990234375,3214.949951171875,2670334,3392.7525024414062,3391.931005859375,-0.0204146927883761,0.0121329330419589,3281.949951171875,3331.0,3336.85009765625,3371.85009765625,3331.85009765625,3311.02998046875,3328.914990234375,66.03424256339662,52.27956723607507,-156.900146484375,-65.050048828125,3106.10009765625
2023-03-15,3250.0,3260.35009765625,3192.0,3198.89990234375,1780522,3377.692492675781,3390.6800048828127,-0.0049923168546603,0.0119473171643385,3214.949951171875,3281.949951171875,3331.0,3390.39990234375,3312.85009765625,3272.72998046875,3317.519970703125,63.99454016859816,66.62144796285439,-191.5,-51.10009765625,3130.800048828125
2023-03-16,3208.0,3219.800048828125,3172.0,3185.0,1901060,3360.9099975585937,3388.153002929688,-0.004345213282093,0.0116999383699668,3198.89990234375,3214.949951171875,3281.949951171875,3336.85009765625,3385.699951171875,3242.3599609375,3297.4499755859374,61.95698971630946,73.65893007368784,-151.85009765625,-23.0,3124.64990234375
2023-03-17,3150.5,3221.39990234375,3144.0,3179.300048828125,6739966,3341.9724975585937,3385.446005859375,-0.0017896236018445,0.0111475560471991,3185.0,3198.89990234375,3214.949951171875,3331.0,3321.449951171875,3212.019970703125,3283.2349853515625,41.44754290654159,81.78120451513743,-151.699951171875,28.800048828125,3120.5
2023-03-20,3169.64990234375,3169.64990234375,3095.050048828125,3143.300048828125,2289468,3324.0800048828123,3382.0900048828125,-0.0113232470817812,0.0109648320307543,3179.300048828125,3185.0,3198.89990234375,3281.949951171875,3342.14990234375,3184.289990234375,3263.35,26.735097073503763,89.6599633794406,-138.64990234375,-26.349853515625,3122.300048828125
2023-03-21,3143.300048828125,3156.75,3097.449951171875,3106.10009765625,1815297,3305.0200073242186,3379.981005859375,-0.0118346803022332,0.0110544385195681,3143.300048828125,3179.300048828125,3185.0,3214.949951171875,3371.85009765625,3162.52001953125,3236.775,37.62655191727626,93.23991494140617,-108.849853515625,-37.199951171875,3115.89990234375
2023-03-22,3130.050048828125,3143.5,3106.10009765625,3130.800048828125,1123939,3289.010009765625,3376.1980078125,0.007952078296032,0.0114009258358494,3106.10009765625,3143.300048828125,3179.300048828125,3198.89990234375,3390.39990234375,3148.900048828125,3210.8150146484377,33.23466674618542,81.05828280780182,-68.099853515625,0.75,3138.89990234375
2023-03-23,3114.89990234375,3146.35009765625,3101.0,3124.64990234375,1372218,3275.165002441406,3372.9630078125,-0.0019644009162057,0.011190012916848,3130.800048828125,3106.10009765625,3143.300048828125,3185.0,3336.85009765625,3136.830029296875,3189.5949951171874,27.269986099181484,71.62456053491124,-60.35009765625,9.75,3205.89990234375
2023-03-24,3148.89990234375,3170.0,3106.0,3120.5,1329577,3260.5,3368.7990087890626,-0.0013281175406681,0.0110632437838086,3124.64990234375,3130.800048828125,3106.10009765625,3179.300048828125,3331.0,3125.07001953125,3168.5449951171877,13.657293992701739,54.281587824466875,-58.800048828125,-28.39990234375,3200.0
2023-03-27,3135.0,3152.75,3106.0,3122.300048828125,1524217,3246.5925048828126,3364.5580078125,0.0005768462836484,0.0111195513705963,3120.5,3124.64990234375,3130.800048828125,3143.300048828125,3281.949951171875,3120.87001953125,3152.5800048828123,9.12723241656016,38.36595547904859,-21.0,-12.699951171875,3239.800048828125
2023-03-28,3127.0,3149.550048828125,3110.14990234375,3115.89990234375,1303530,3235.794995117188,3359.3850048828126,-0.0020498178856247,0.010468612526672,3122.300048828125,3120.5,3124.64990234375,3106.10009765625,3214.949951171875,3122.82998046875,3142.675,5.490212305204174,32.86647627272933,9.7998046875,-11.10009765625,3220.699951171875
2023-03-29,3129.0,3150.0,3104.10009765625,3138.89990234375,1740616,3227.0974853515627,3355.482001953125,0.0073814951445325,0.0107159951989453,3115.89990234375,3122.300048828125,3120.5,3130.800048828125,3198.89990234375,3124.449951171875,3136.675,8.691498700532371,26.278125846462576,8.099853515625,9.89990234375,3263.39990234375
2023-03-31,3189.949951171875,3213.0,3152.0,3205.89990234375,2382581,3218.107482910156,3352.032001953125,0.0213450578497174,0.0106386620892784,3138.89990234375,3115.89990234375,3122.300048828125,3124.64990234375,3185.0,3140.699951171875,3138.764990234375,37.46968996427305,30.96227089311314,81.25,15.949951171875,3213.800048828125
2023-04-03,3224.949951171875,3224.949951171875,3173.75,3200.0,1521830,3212.0349853515627,3348.232001953125,-0.0018403264367164,0.0099222259637299,3205.89990234375,3138.89990234375,3115.89990234375,3120.5,3179.300048828125,3156.599951171875,3140.8349853515624,43.18656743637639,34.46696746753398,79.5,-24.949951171875,3241.64990234375
2023-04-05,3185.5,3264.35009765625,3185.5,3239.800048828125,2655065,3206.917492675781,3345.5660009765625,0.012437515258789,0.0102777217387615,3200.0,3205.89990234375,3138.89990234375,3122.300048828125,3143.300048828125,3180.099951171875,3150.4849853515625,51.10000336831042,46.60535122905166,117.5,54.300048828125,3188.85009765625
2023-04-06,3225.0,3257.35009765625,3215.0,3220.699951171875,1703464,3199.3599853515625,3342.717998046875,-0.0058954556973843,0.010019464331649,3239.800048828125,3200.0,3205.89990234375,3115.89990234375,3106.10009765625,3201.0599609375,3161.944970703125,37.99652964599561,48.52873077477096,104.800048828125,-4.300048828125,3139.5
2023-04-10,3220.0,3272.0,3215.0,3263.39990234375,2203187,3193.0099853515626,3339.687998046875,0.0132579724343269,0.010474775655408,3220.699951171875,3239.800048828125,3200.0,3138.89990234375,3130.800048828125,3225.9599609375,3175.2049560546875,25.96772261246712,56.52940658125544,124.5,43.39990234375,3130.75
2023-04-11,3264.0,3272.949951171875,3192.14990234375,3213.800048828125,2348779,3186.857482910156,3335.237998046875,-0.0151988279095071,0.0104338185368816,3263.39990234375,3220.699951171875,3239.800048828125,3205.89990234375,3124.64990234375,3227.539990234375,3184.119970703125,24.648861634669117,54.66987505271607,7.900146484375,-50.199951171875,3089.60009765625
2023-04-12,3227.949951171875,3260.949951171875,3199.0,3241.64990234375,2417727,3182.389978027344,3331.47599609375,0.0086657082246857,0.010694448611539,3213.800048828125,3263.39990234375,3220.699951171875,3200.0,3120.5,3235.869970703125,3196.2349609375,19.51897284769508,52.38067882025386,41.64990234375,13.699951171875,3104.800048828125
2023-04-13,3210.0,3230.0,3180.0,3188.85009765625,4174070,3177.7349853515625,3327.0319970703126,-0.016287941720457,0.010802819023524,3241.64990234375,3213.800048828125,3263.39990234375,3239.800048828125,3122.300048828125,3225.67998046875,3202.8899658203127,28.285175651340108,45.75161648655436,-50.949951171875,-21.14990234375,3160.85009765625
2023-04-17,3134.10009765625,3163.39990234375,3070.25,3139.5,5505048,3173.9624877929687,3321.1489990234377,-0.0154758286356958,0.0103935557350883,3188.85009765625,3241.64990234375,3213.800048828125,3220.699951171875,3115.89990234375,3209.439990234375,3205.2499755859376,48.17599654973987,41.142319199876084,-81.199951171875,5.39990234375,3174.800048828125
2023-04-18,3154.949951171875,3156.85009765625,3110.60009765625,3130.75,2617302,3170.554992675781,3316.59,-0.0027870680044592,0.0103621357962796,3139.5,3188.85009765625,3241.64990234375,3263.39990234375,3138.89990234375,3182.910009765625,3204.4349853515623,47.552470241081195,42.65557917727728,-132.64990234375,-24.199951171875,3176.0
2023-04-19,3130.75,3140.0,3071.5,3089.60009765625,3298034,3165.7849975585937,3310.215,-0.0131437841870957,0.0106920291719929,3130.75,3139.5,3188.85009765625,3213.800048828125,3205.89990234375,3158.07001953125,3192.8050048828127,58.549913139288904,55.98395296640927,-124.199951171875,-41.14990234375,3198.14990234375
2023-04-20,3090.0,3113.0,3078.0,3104.800048828125,2419999,3162.0599975585938,3303.103002929688,0.0049197147499462,0.0107861518204224,3089.60009765625,3130.75,3139.5,3241.64990234375,3200.0,3130.700048828125,3183.285009765625,38.14081082247807,62.3561706586036,-136.849853515625,14.800048828125,3187.949951171875
2023-04-21,3110.0,3164.449951171875,3100.800048828125,3160.85009765625,1929184,3162.9375,3296.67400390625,0.018052708047747,0.0113122820306364,3104.800048828125,3089.60009765625,3130.75,3188.85009765625,3239.800048828125,3125.100048828125,3175.3900146484375,28.238639602543156,59.33023806061111,-28.0,50.85009765625,3219.25
2023-04-24,3151.10009765625,3180.949951171875,3126.14990234375,3174.800048828125,1640676,3166.3724975585938,3290.971005859375,0.0044133542372726,0.0109702566375975,3160.85009765625,3104.800048828125,3089.60009765625,3139.5,3220.699951171875,3132.16005859375,3170.8000244140626,36.06659043770021,57.171644043134165,35.300048828125,23.699951171875,3219.39990234375
2023-04-25,3183.0,3191.199951171875,3147.5,3176.0,2024090,3168.632495117188,3285.0400048828124,0.000377961179734,0.0108532480842094,3174.800048828125,3160.85009765625,3104.800048828125,3130.75,3263.39990234375,3141.21005859375,3162.0600341796876,40.96838866879194,47.26497411624626,45.25,-7.0,3179.89990234375
2023-04-26,3181.0,3208.39990234375,3181.0,3198.14990234375,2000029,3172.3074951171875,3278.6010009765623,0.006974150612012,0.0109184435887786,3176.0,3174.800048828125,3160.85009765625,3089.60009765625,3213.800048828125,3162.92001953125,3160.49501953125,35.126845856246184,45.59088208508541,108.5498046875,17.14990234375,3220.699951171875
2023-04-27,3185.0,3199.199951171875,3170.64990234375,3187.949951171875,2434446,3175.679992675781,3271.542998046875,-0.0031893286691784,0.0109491912626208,3198.14990234375,3176.0,3174.800048828125,3104.800048828125,3241.64990234375,3179.55,3155.1250244140624,14.154208125863413,37.395850267643134,83.14990234375,2.949951171875,3230.699951171875
2023-04-28,3200.39990234375,3227.25,3196.25,3219.25,2931312,3180.527490234375,3265.1769970703126,0.0098182372080901,0.0111184560043736,3187.949951171875,3198.14990234375,3176.0,3160.85009765625,3188.85009765625,3191.22998046875,3158.1650146484376,18.34162182212391,41.45715737376114,58.39990234375,18.85009765625,3250.60009765625
2023-05-02,3235.0,3235.0,3210.0,3219.39990234375,2321159,3185.702490234375,3259.9169970703124,4.656436864181046e-05,0.0110921986095949,3219.25,3187.949951171875,3198.14990234375,3174.800048828125,3139.5,3200.149951171875,3166.1550048828126,19.179629964288484,45.00764421171205,44.599853515625,-15.60009765625,3283.25
2023-05-03,3216.0,3216.0,3173.14990234375,3179.89990234375,2468285,3187.752490234375,3253.5129931640627,-0.0122693673349632,0.0114271255677457,3219.39990234375,3219.25,3187.949951171875,3176.0,3130.75,3200.929931640625,3171.0699951171873,17.994688873022177,43.365409772731674,3.89990234375,-36.10009765625,3286.800048828125
2023-05-04,3180.14990234375,3224.449951171875,3178.0,3220.699951171875,1953253,3188.492492675781,3247.513994140625,0.0128306079062592,0.0107568861674014,3179.89990234375,3219.39990234375,3219.25,3198.14990234375,3089.60009765625,3205.43994140625,3184.17998046875,19.85358581901387,35.01126813744019,22.550048828125,40.550048828125,3282.14990234375
2023-05-05,3220.0,3244.0,3210.050048828125,3230.699951171875,1710027,3190.027490234375,3240.9669921875,0.0031049151276452,0.0107622886717917,3220.699951171875,3179.89990234375,3219.39990234375,3187.949951171875,3104.800048828125,3213.98994140625,3196.769970703125,19.642526024245633,24.289814178098084,42.75,10.699951171875,3274.300048828125
2023-05-08,3245.0,3254.85009765625,3231.300048828125,3250.60009765625,928235,3190.567492675781,3235.95599609375,0.0061597012366179,0.0104847681102018,3230.699951171875,3220.699951171875,3179.89990234375,3219.25,3160.85009765625,3220.2599609375,3205.744970703125,25.78461224296903,26.05953588173949,31.35009765625,5.60009765625,3255.050048828125
2023-05-09,3252.60009765625,3298.0,3246.0,3283.25,1107375,3193.694995117188,3231.874995117188,0.01004426916965,0.0106007250576835,3250.60009765625,3230.699951171875,3220.699951171875,3219.39990234375,3174.800048828125,3233.02998046875,3216.5899658203125,38.11503391133559,33.30865232753042,63.85009765625,30.64990234375,3258.14990234375
2023-05-10,3290.0,3306.5,3266.050048828125,3286.800048828125,1559987,3194.8650024414064,3228.59099609375,0.0010812605887839,0.0102028096443975,3283.25,3250.60009765625,3230.699951171875,3179.89990234375,3176.0,3254.410009765625,3227.669970703125,29.974614369395958,36.574797375492885,106.900146484375,-3.199951171875,3208.699951171875
2023-05-11,3309.0,3309.699951171875,3272.0,3282.14990234375,1719623,3198.2824951171874,3226.2029931640627,-0.0014147944551823,0.009536992757315,3286.800048828125,3283.25,3250.60009765625,3220.699951171875,3198.14990234375,3266.7,3236.069970703125,24.85872239487885,38.62996928573351,61.449951171875,-26.85009765625,3199.85009765625
2023-05-12,3279.14990234375,3290.0,3260.0,3274.300048828125,1027479,3199.915002441406,3223.4129931640623,-0.0023916803769442,0.0093945159687656,3282.14990234375,3286.800048828125,3283.25,3230.699951171875,3187.949951171875,3275.42001953125,3244.70498046875,14.606401335186348,36.2565540441111,43.60009765625,-4.849853515625,3222.85009765625
2023-05-15,3284.0,3292.0,3248.35009765625,3255.050048828125,1150390,3203.225,3220.504995117188,-0.005879119113378,0.0086736858869821,3274.300048828125,3282.14990234375,3286.800048828125,3250.60009765625,3219.25,3276.310009765625,3248.2849853515627,12.731207830924603,35.216377912474655,4.449951171875,-28.949951171875,3298.699951171875
2023-05-16,3256.199951171875,3285.0,3250.449951171875,3258.14990234375,986306,3209.1574951171874,3219.0309912109374,0.0009523213066235,0.0077540767211503,3255.050048828125,3274.300048828125,3282.14990234375,3283.25,3219.39990234375,3271.289990234375,3252.1599853515627,14.177073640097413,33.78782123843292,-25.10009765625,1.949951171875,3297.050048828125
2023-05-17,3255.949951171875,3280.0,3198.25,3208.699951171875,1588815,3213.054992675781,3216.94798828125,-0.0151773100237969,0.0085962276972916,3258.14990234375,3255.050048828125,3274.300048828125,3286.800048828125,3179.89990234375,3255.669970703125,3255.039990234375,28.552511664771508,27.606083205852645,-78.10009765625,-47.25,3303.35009765625
2023-05-18,3225.949951171875,3228.949951171875,3195.0,3199.85009765625,1369364,3218.567492675781,3213.2309912109376,-0.0027580807337229,0.0079709197609651,3208.699951171875,3258.14990234375,3255.050048828125,3282.14990234375,3220.699951171875,3239.210009765625,3252.9550048828123,32.867170422873,31.05922083612523,-82.2998046875,-26.099853515625,3293.5
2023-05-19,3210.0,3234.5,3203.050048828125,3222.85009765625,1152449,3224.4699951171874,3211.258994140625,0.0071878367104905,0.008033756255677,3199.85009765625,3208.699951171875,3258.14990234375,3274.300048828125,3230.699951171875,3228.92001953125,3252.17001953125,26.589095293587086,31.775134922252768,-51.449951171875,12.85009765625,3328.89990234375
2023-05-22,3230.0,3308.449951171875,3217.050048828125,3298.699951171875,1333243,3231.3624877929688,3210.3899951171875,0.0235350237266032,0.0086813916538658,3222.85009765625,3199.85009765625,3208.699951171875,3255.050048828125,3250.60009765625,3237.65,3256.9800048828124,40.72259074493154,34.989114318141056,43.64990234375,68.699951171875,3320.35009765625
2023-05-23,3306.0,3327.949951171875,3290.10009765625,3297.050048828125,1687418,3237.474987792969,3208.893994140625,-0.0005001674502598,0.0086841584149218,3298.699951171875,3222.85009765625,3199.85009765625,3258.14990234375,3283.25,3245.430029296875,3258.360009765625,48.576725685496406,36.384665161862806,38.900146484375,-8.949951171875,3316.199951171875
2023-05-24,3276.0,3317.199951171875,3276.0,3303.35009765625,1016555,3243.842492675781,3207.152998046875,0.0019108138289753,0.0086765317829885,3297.050048828125,3298.699951171875,3222.85009765625,3208.699951171875,3286.800048828125,3264.36005859375,3260.0150146484375,49.12407441132881,38.15534985843497,94.650146484375,27.35009765625,3289.5
2023-05-25,3294.0,3306.0,3267.10009765625,3293.5,1374917,3248.609997558594,3206.28599609375,-0.0029818509588913,0.0086619190836793,3303.35009765625,3297.050048828125,3298.699951171875,3199.85009765625,3282.14990234375,3283.0900390625,3261.1500244140625,33.8608883163233,39.04539384472297,93.64990234375,-0.5,3324.0
2023-05-26,3293.5,3338.64990234375,3291.0,3328.89990234375,1791115,3255.6574951171874,3206.243994140625,0.0107484142534537,0.0088234890521026,3293.5,3303.35009765625,3297.050048828125,3222.85009765625,3274.300048828125,3304.3,3266.610009765625,14.200526826925623,44.52202131955492,106.0498046875,35.39990234375,3305.60009765625
2023-05-29,3360.800048828125,3372.0,3312.0,3320.35009765625,1210372,3260.7125,3207.0119970703126,-0.0025683573968325,0.0086945611668168,3328.89990234375,3293.5,3303.35009765625,3298.699951171875,3255.050048828125,3308.630029296875,3273.1400146484375,15.32252564027634,47.33784972975309,21.650146484375,-40.449951171875,3288.89990234375
2023-05-30,3315.0,3326.949951171875,3301.35009765625,3316.199951171875,1344224,3265.5525024414064,3209.0369970703123,-0.0012499123171693,0.0087114363086733,3320.35009765625,3328.89990234375,3293.5,3297.050048828125,3258.14990234375,3312.460009765625,3278.94501953125,14.044422251997535,48.83113988581322,19.14990234375,1.199951171875,3232.300048828125
2023-05-31,3309.0,3327.699951171875,3265.14990234375,3289.5,5815424,3271.032507324219,3210.848999023437,-0.0080513695087776,0.0084057723901698,3316.199951171875,3320.35009765625,3328.89990234375,3303.35009765625,3208.699951171875,3309.689990234375,3287.0250244140625,17.28286502832473,42.143267813166474,-13.85009765625,-19.5,3274.89990234375
2023-06-01,3314.0,3340.0,3297.5,3324.0,1177314,3276.197509765625,3213.6289990234377,0.0104879160966713,0.0082579539761895,3289.5,3316.199951171875,3320.35009765625,3293.5,3199.85009765625,3315.789990234375,3299.4400146484377,15.422388677278898,30.20459188214947,30.5,10.0,3236.449951171875
2023-06-02,3326.25,3335.89990234375,3297.449951171875,3305.60009765625,2030661,3279.942517089844,3216.155,-0.0055354700191786,0.0084005226835196,3324.0,3289.5,3316.199951171875,3328.89990234375,3222.85009765625,3311.130029296875,3307.7150146484373,13.91750898684221,13.735725215242386,-23.2998046875,-20.64990234375,3209.300048828125
2023-06-05,3315.0,3327.0,3285.050048828125,3288.89990234375,1861468,3281.8575073242187,3219.0669970703125,-0.0050520918499309,0.0084247834650786,3305.60009765625,3324.0,3289.5,3320.35009765625,3298.699951171875,3304.839990234375,3306.735009765625,15.701386502129441,14.761678279119268,-31.4501953125,-26.10009765625,3246.89990234375
2023-06-06,3280.0,3288.85009765625,3220.60009765625,3232.300048828125,2022849,3279.310009765625,3221.59099609375,-0.0172093572915644,0.0090042680590836,3288.89990234375,3305.60009765625,3324.0,3316.199951171875,3297.050048828125,3288.060009765625,3300.260009765625,34.31941803272466,27.86609449562555,-83.89990234375,-47.699951171875,3243.699951171875
2023-06-07,3253.0,3278.85009765625,3241.0,3274.89990234375,1567196,3278.7150024414063,3224.4729931640627,0.0131794242094169,0.0095246354868002,3232.300048828125,3288.89990234375,3305.60009765625,3289.5,3303.35009765625,3285.139990234375,3297.414990234375,34.78423529986477,28.946920860809033,-14.60009765625,21.89990234375,3251.050048828125
2023-06-08,3261.0,3270.0,3233.0,3236.449951171875,1759366,3276.4300048828127,3226.708994140625,-0.0117408019537811,0.0098710378153971,3274.89990234375,3232.300048828125,3288.89990234375,3324.0,3293.5,3267.62998046875,3291.7099853515624,32.2776603727231,34.82855801099174,-87.550048828125,-24.550048828125,3216.300048828125
2023-06-09,3245.0,3250.0,3205.35009765625,3209.300048828125,1775689,3273.1800048828127,3228.4849951171877,-0.008388791037513,0.0100165948323411,3236.449951171875,3274.89990234375,3232.300048828125,3305.60009765625,3328.89990234375,3248.369970703125,3279.75,32.68524392464897,40.68189782246901,-96.300048828125,-35.699951171875,3174.89990234375
2023-06-12,3215.0,3254.39990234375,3211.0,3246.89990234375,2324605,3272.772497558594,3230.9769921875,0.0117159046968371,0.0103291130275781,3209.300048828125,3236.449951171875,3274.89990234375,3288.89990234375,3320.35009765625,3239.969970703125,3272.40498046875,23.874601692189337,39.13852770909992,-42.0,31.89990234375,3210.39990234375
2023-06-13,3260.0,3265.0,3239.0,3243.699951171875,1371928,3272.05,3233.532993164062,-0.0009855404441526,0.0103280600553584,3246.89990234375,3209.300048828125,3236.449951171875,3232.300048828125,3316.199951171875,3242.249951171875,3265.15498046875,23.50042511254843,36.76769930428156,11.39990234375,-16.300048828125,3227.699951171875
2023-06-14,3243.699951171875,3255.85009765625,3225.85009765625,3251.050048828125,1658544,3274.1675048828124,3235.77599609375,0.0022659610219479,0.0097123571149747,3243.699951171875,3246.89990234375,3209.300048828125,3274.89990234375,3289.5,3237.47998046875,3261.3099853515623,16.63384521519586,35.94007768381567,-23.849853515625,7.35009765625,3258.199951171875
2023-06-15,3245.300048828125,3247.449951171875,3210.0,3216.300048828125,2273810,3274.9900024414064,3235.9839990234377,-0.0106888542095886,0.0100180838864771,3251.050048828125,3243.699951171875,3246.89990234375,3236.449951171875,3324.0,3233.45,3250.539990234375,19.190258320492983,30.84212695549228,-20.14990234375,-29.0,3238.5
2023-06-16,3197.0,3199.39990234375,3156.0,3174.89990234375,4156189,3272.592492675781,3235.4819970703124,-0.0128719789372447,0.0102930097534248,3216.300048828125,3251.050048828125,3243.699951171875,3209.300048828125,3305.60009765625,3226.569970703125,3237.469970703125,31.94246325799026,32.56222166452786,-34.400146484375,-22.10009765625,3216.35009765625
2023-06-19,3190.0,3214.89990234375,3175.0,3210.39990234375,1468186,3268.177490234375,3234.893994140625,0.0111814548779296,0.0090588728642067,3174.89990234375,3216.300048828125,3251.050048828125,3246.89990234375,3288.89990234375,3219.269970703125,3229.619970703125,30.26135665410037,27.916960694949825,-36.5,20.39990234375,3189.64990234375
2023-06-20,3214.0,3232.5,3201.050048828125,3227.699951171875,1528452,3264.7099853515624,3235.033994140625,0.0053887519793078,0.0091816841461448,3210.39990234375,3174.89990234375,3216.300048828125,3243.699951171875,3232.300048828125,3216.069970703125,3229.1599609375,27.776066366508232,27.905789555394986,-16.0,13.699951171875,3197.35009765625
2023-06-21,3250.0,3261.39990234375,3223.949951171875,3258.199951171875,1645987,3262.452478027344,3234.9299951171874,0.0094494533139384,0.0094589858644621,3227.699951171875,3210.39990234375,3174.89990234375,3251.050048828125,3274.89990234375,3217.499951171875,3227.4899658203126,30.112890176583008,25.236410583918442,7.14990234375,8.199951171875,3215.449951171875
2023-06-22,3260.0,3267.64990234375,3230.10009765625,3238.5,1529603,3259.702478027344,3235.423994140625,-0.0060462683282496,0.0095234253518338,3258.199951171875,3227.699951171875,3210.39990234375,3216.300048828125,3236.449951171875,3221.93994140625,3227.694970703125,31.496584488997108,25.325452760149112,22.199951171875,-21.5,3302.25
2023-06-23,3237.300048828125,3249.39990234375,3209.14990234375,3216.35009765625,1119505,3254.074987792969,3234.917998046875,-0.0068395560734135,0.0092078645221733,3238.5,3258.199951171875,3227.699951171875,3174.89990234375,3209.300048828125,3230.22998046875,3228.3999755859377,18.99339804872389,24.85015021723738,41.4501953125,-20.949951171875,3272.300048828125
2023-06-26,3205.0,3213.89990234375,3173.0,3189.64990234375,1978803,3247.539978027344,3234.933994140625,-0.0083013958374607,0.0093255285106405,3216.35009765625,3238.5,3258.199951171875,3210.39990234375,3246.89990234375,3226.07998046875,3222.6749755859373,25.54601201722396,26.644437252671114,-20.75,-15.35009765625,3308.85009765625
2023-06-27,3202.0,3209.64990234375,3182.300048828125,3197.35009765625,863542,3241.5974853515627,3236.09099609375,0.0024141192758622,0.0093761609717915,3189.64990234375,3216.35009765625,3238.5,3227.699951171875,3243.699951171875,3220.010009765625,3218.039990234375,28.499798506277518,26.612034204004605,-30.349853515625,-4.64990234375,3319.949951171875
2023-06-28,3208.0,3230.949951171875,3193.39990234375,3215.449951171875,1575872,3237.894982910156,3237.7849951171875,0.0056608919770446,0.009394875577492,3197.35009765625,3189.64990234375,3216.35009765625,3258.199951171875,3251.050048828125,3211.460009765625,3214.47998046875,19.011602177087607,23.95391621645604,-42.75,7.449951171875,3322.89990234375
2023-06-30,3220.0,3310.0,3214.10009765625,3302.25,2672406,3236.807482910156,3242.0379931640623,0.0269946819718001,0.0110460268286021,3215.449951171875,3197.35009765625,3189.64990234375,3238.5,3216.300048828125,3224.210009765625,3223.0749755859374,45.1237543435885,36.705487310003676,63.75,82.25,3329.25
2023-07-03,3314.300048828125,3318.800048828125,3268.75,3272.300048828125,1687264,3235.14248046875,3245.3879931640627,-0.0090695589891361,0.0111623396333533,3302.25,3215.449951171875,3197.35009765625,3216.35009765625,3174.89990234375,3235.4,3232.814990234375,49.42015544208823,35.401234266421646,55.949951171875,-42.0,3271.949951171875
2023-07-04,3290.0,3315.0,3277.300048828125,3308.85009765625,1656681,3236.139990234375,3248.3479931640627,0.0111695285526198,0.0113970085485891,3272.300048828125,3302.25,3215.449951171875,3189.64990234375,3210.39990234375,3259.2400390625,3242.660009765625,50.570532806489965,41.61848385844325,119.2001953125,18.85009765625,3272.39990234375
2023-07-05,3320.0,3329.0,3305.0,3319.949951171875,1453008,3240.5224853515624,3251.2509912109376,0.0033545954600624,0.0106299606666317,3308.85009765625,3272.300048828125,3302.25,3197.35009765625,3227.699951171875,3283.760009765625,3251.885009765625,42.067502059123264,47.71187742589527,122.599853515625,-0.050048828125,3259.89990234375
2023-07-06,3306.550048828125,3328.449951171875,3302.0,3322.89990234375,1848238,3242.9224853515625,3254.1889892578124,0.0008885529044899,0.0102615391016368,3319.949951171875,3308.85009765625,3272.300048828125,3215.449951171875,3258.199951171875,3305.25,3258.3550048828124,20.219221069041748,52.78092810253742,107.449951171875,16.349853515625,3340.550048828125
2023-07-07,3302.0,3356.89990234375,3302.0,3329.25,1789326,3247.562487792969,3256.8109912109376,0.0019110108167179,0.0098299791268798,3322.89990234375,3319.949951171875,3308.85009765625,3302.25,3238.5,3310.65,3267.4300048828127,22.674146084004413,56.647800983167365,27.0,27.25,3514.64990234375
2023-07-10,3324.75,3324.75,3265.199951171875,3271.949951171875,1407431,3250.6949829101563,3258.4909912109374,-0.017211098243786,0.010472177390369,3329.25,3322.89990234375,3319.949951171875,3272.300048828125,3216.35009765625,3310.57998046875,3272.989990234375,22.822237583634216,53.73070591916165,-0.35009765625,-52.800048828125,3491.699951171875
2023-07-11,3295.0,3295.0,3260.800048828125,3272.39990234375,1110172,3251.9699829101564,3259.5539892578126,0.0001375177428106,0.0101652517885281,3271.949951171875,3329.25,3322.89990234375,3308.85009765625,3189.64990234375,3303.28994140625,3281.264990234375,28.60253763531167,45.15765043002701,-36.4501953125,-22.60009765625,3496.85009765625
2023-07-12,3280.949951171875,3289.14990234375,3250.10009765625,3259.89990234375,1515240,3252.77998046875,3260.3639892578126,-0.0038198265410799,0.0102058483629144,3272.39990234375,3271.949951171875,3329.25,3319.949951171875,3197.35009765625,3291.279931640625,3287.519970703125,32.23491324759651,35.553450385419325,-60.050048828125,-21.050048828125,3470.050048828125
2023-07-13,3284.0,3367.449951171875,3272.75,3340.550048828125,4585146,3257.25498046875,3263.5769921875,0.0247400683764524,0.0115787852642396,3259.89990234375,3272.39990234375,3271.949951171875,3322.89990234375,3215.449951171875,3294.8099609375,3300.02998046875,37.15432308137165,28.731570974810392,17.650146484375,56.550048828125,3463.300048828125
2023-07-14,3365.0,3524.85009765625,3352.0,3514.64990234375,6306101,3272.172473144531,3269.4559912109376,0.0521171217227234,0.0158502482379016,3340.550048828125,3259.89990234375,3272.39990234375,3329.25,3302.25,3331.88994140625,3321.269970703125,106.9937307551265,73.76760736218556,185.39990234375,149.64990234375,3368.300048828125
2023-07-17,3510.0,3549.89990234375,3477.050048828125,3491.699951171875,2743228,3288.0124755859374,3274.6759912109374,-0.0065297972229242,0.0155435637041035,3514.64990234375,3340.550048828125,3259.89990234375,3271.949951171875,3272.300048828125,3375.83994140625,3343.2099609375,120.49798543502077,88.70026452595205,219.75,-18.300048828125,3394.75
2023-07-18,3476.0,3524.0,3465.0,3496.85009765625,2600090,3302.3349853515624,3279.600991210937,0.0014749682264785,0.0154878742509796,3491.699951171875,3514.64990234375,3340.550048828125,3272.39990234375,3308.85009765625,3420.72998046875,3362.0099609375,113.95952809531505,99.83315178003252,224.4501953125,20.85009765625,3399.14990234375
2023-07-19,3500.0,3516.85009765625,3445.64990234375,3470.050048828125,2405370,3314.452490234375,3283.3369921875,-0.0076640542430136,0.0157170775203826,3496.85009765625,3491.699951171875,3514.64990234375,3259.89990234375,3319.949951171875,3462.760009765625,3377.019970703125,70.14384234312058,104.00349138760426,210.150146484375,-29.949951171875,3388.300048828125
2023-07-20,3453.10009765625,3478.89990234375,3436.050048828125,3463.300048828125,1715404,3324.707495117188,3286.8669921875,-0.0019452169003382,0.0157058004211186,3470.050048828125,3496.85009765625,3491.699951171875,3340.550048828125,3322.89990234375,3487.310009765625,3391.0599853515623,20.80948740640772,105.35368261034553,122.75,10.199951171875,3396.89990234375
2023-07-21,3404.050048828125,3434.89990234375,3359.050048828125,3368.300048828125,3770223,3331.1974975585936,3288.5899951171878,-0.0274304849884852,0.0170377824815637,3463.300048828125,3470.050048828125,3496.85009765625,3514.64990234375,3329.25,3458.0400390625,3394.964990234375,52.11617842815914,103.51577214559867,-146.349853515625,-35.75,3355.39990234375
2023-07-24,3381.0,3413.449951171875,3372.10009765625,3394.75,1680132,3340.117492675781,3290.998994140625,0.0078526113435402,0.016948438822753,3368.300048828125,3463.300048828125,3470.050048828125,3491.699951171875,3271.949951171875,3438.650048828125,3407.2449951171875,54.445305056311255,94.16238747334855,-96.949951171875,13.75,3421.449951171875
2023-07-25,3397.5,3406.800048828125,3380.199951171875,3399.14990234375,1272980,3350.592492675781,3293.8809912109373,0.0012960902404448,0.0167511867312899,3394.75,3368.300048828125,3463.300048828125,3496.85009765625,3272.39990234375,3419.110009765625,3419.9199951171877,45.05861523218989,81.70051826577293,-97.7001953125,1.64990234375,3452.050048828125
2023-07-26,3400.35009765625,3420.85009765625,3385.0,3388.300048828125,1066803,3360.139990234375,3296.483994140625,-0.0031919314614938,0.0168138781199544,3399.14990234375,3394.75,3368.300048828125,3470.050048828125,3259.89990234375,3402.760009765625,3432.760009765625,35.84295202634514,61.300265827270294,-81.75,-12.050048828125,3440.64990234375
2023-07-27,3394.949951171875,3411.64990234375,3385.050048828125,3396.89990234375,1701769,3369.2124877929687,3300.2479931640623,0.0025381027039206,0.01680272314717,3388.300048828125,3399.14990234375,3394.75,3463.300048828125,3340.550048828125,3389.47998046875,3438.3949951171876,12.513167849601698,54.04241453970927,-66.400146484375,1.949951171875,3399.949951171875
2023-07-28,3385.0,3393.699951171875,3331.0,3355.39990234375,2599831,3371.869982910156,3303.3589892578125,-0.0122170217530891,0.0161145135665693,3396.89990234375,3388.300048828125,3399.14990234375,3368.300048828125,3514.64990234375,3386.899951171875,3422.4699951171874,18.06859805968718,52.51725792735562,-12.900146484375,-29.60009765625,3443.550048828125
2023-07-31,3364.39990234375,3426.64990234375,3360.89990234375,3421.449951171875,2743678,3379.327478027344,3307.330986328125,0.0196847024946233,0.0164554460813242,3355.39990234375,3396.89990234375,3388.300048828125,3394.75,3491.699951171875,3392.23994140625,3415.4449951171873,23.955159664725894,46.59197456667096,26.699951171875,57.050048828125,3484.050048828125
2023-08-01,3415.0,3460.0,3415.0,3452.050048828125,1956167,3386.4874755859373,3310.39798828125,0.0089436052237938,0.0164001457274919,3421.449951171875,3355.39990234375,3396.89990234375,3399.14990234375,3496.85009765625,3402.819970703125,3410.964990234375,36.2809005824509,39.51053818143096,52.900146484375,37.050048828125,3470.60009765625
2023-08-02,3434.949951171875,3446.39990234375,3413.60009765625,3440.64990234375,1914899,3392.5224731445314,3313.2699853515624,-0.0033024279263405,0.0164439677358821,3452.050048828125,3421.449951171875,3355.39990234375,3388.300048828125,3470.050048828125,3413.28994140625,3408.0249755859377,38.52722787961599,35.517533452681185,52.349853515625,5.699951171875,3462.5
2023-08-03,3420.0,3433.25,3368.0,3399.949951171875,2026351,3396.3749755859376,3315.201982421875,-0.0118291463319619,0.0167291164565909,3440.64990234375,3452.050048828125,3421.449951171875,3396.89990234375,3463.300048828125,3413.899951171875,3401.6899658203124,38.22581114823984,29.743356780433924,3.050048828125,-20.050048828125,3442.10009765625
2023-08-04,3401.25,3471.0,3401.25,3443.550048828125,2248493,3402.089978027344,3318.202983398437,0.0128237469028689,0.0169276452046402,3399.949951171875,3440.64990234375,3452.050048828125,3355.39990234375,3368.300048828125,3431.52998046875,3409.2149658203125,20.902353126216795,29.87590853251653,88.150146484375,42.300048828125,3448.800048828125
2023-08-07,3453.949951171875,3488.0,3441.25,3484.050048828125,1853889,3412.6949829101563,3321.305986328125,0.0117611184462913,0.0164458222056403,3443.550048828125,3399.949951171875,3440.64990234375,3421.449951171875,3394.75,3444.05,3418.144970703125,30.08583391475684,37.45624667724954,62.60009765625,30.10009765625,3449.85009765625
2023-08-08,3484.050048828125,3489.949951171875,3456.60009765625,3470.60009765625,1634225,3422.604992675781,3324.310986328125,-0.003860435695061,0.0165100984554815,3484.050048828125,3443.550048828125,3399.949951171875,3452.050048828125,3399.14990234375,3447.760009765625,3425.289990234375,32.37559131268556,40.148264687827314,18.550048828125,-13.449951171875,3458.39990234375
2023-08-09,3464.89990234375,3467.0,3425.050048828125,3462.5,1794589,3432.734997558594,3327.236987304688,-0.0023339184660658,0.0164807697956177,3470.60009765625,3484.050048828125,3443.550048828125,3440.64990234375,3388.300048828125,3452.130029296875,3432.7099853515624,32.649440969277954,39.40207862977674,21.85009765625,-2.39990234375,3435.75
2023-08-10,3450.0,3464.89990234375,3430.050048828125,3442.10009765625,1096701,3437.8125,3330.2889892578123,-0.0058916685469314,0.015776704637226,3462.5,3470.60009765625,3484.050048828125,3399.949951171875,3396.89990234375,3460.56005859375,3437.2300048828124,17.93359966849275,37.37827741343816,42.150146484375,-7.89990234375,3367.10009765625
2023-08-11,3438.10009765625,3466.64990234375,3414.0,3448.800048828125,1679974,3434.5200073242186,3332.784990234375,0.0019464719159205,0.0103947213197607,3442.10009765625,3462.5,3470.60009765625,3443.550048828125,3355.39990234375,3461.61005859375,3446.57001953125,16.806999179954595,23.896913098130405,5.25,10.699951171875,3401.64990234375
2023-08-14,3440.699951171875,3455.0,3411.0,3449.85009765625,1190425,3432.4275146484374,3335.669990234375,0.0003044678767276,0.0103116937177184,3448.800048828125,3442.10009765625,3462.5,3484.050048828125,3421.449951171875,3454.770068359375,3449.4100341796875,11.518648718935943,22.20772224717608,-34.199951171875,9.150146484375,3382.14990234375
2023-08-16,3450.0,3466.0,3435.199951171875,3458.39990234375,1328445,3430.5050048828125,3339.059990234375,0.0024783119397879,0.0103245069126508,3449.85009765625,3448.800048828125,3442.10009765625,3470.60009765625,3452.050048828125,3452.330029296875,3450.04501953125,8.116864963188842,22.38169474013619,-12.2001953125,8.39990234375,3398.25
2023-08-17,3455.0,3460.800048828125,3413.199951171875,3435.75,1843241,3428.790002441406,3343.1289892578125,-0.0065492432868738,0.0102867443603824,3458.39990234375,3449.85009765625,3448.800048828125,3462.5,3440.64990234375,3446.980029296875,3449.555029296875,8.542402394897772,22.662109314153735,-26.75,-19.25,3387.75
2023-08-18,3410.0,3410.0,3356.5,3367.10009765625,2526749,3423.9800048828124,3344.9729931640627,-0.0199810528541802,0.011177107863255,3435.75,3458.39990234375,3449.85009765625,3442.10009765625,3399.949951171875,3431.980029296875,3446.2700439453124,37.16140572152539,31.362365053202026,-75.0,-42.89990234375,3381.300048828125
2023-08-21,3375.0,3409.75,3372.0,3401.64990234375,1375579,3425.647497558594,3348.2769921875,0.0102609972039586,0.0096164888875395,3367.10009765625,3435.75,3458.39990234375,3448.800048828125,3443.550048828125,3422.55,3442.080029296875,37.80296477149904,34.41636870111112,-47.150146484375,26.64990234375,3375.550048828125
2023-08-22,3400.0,3411.0,3365.050048828125,3382.14990234375,1222012,3425.0174926757813,3351.7339892578125,-0.0057325123277867,0.0095521068351348,3401.64990234375,3367.10009765625,3435.75,3449.85009765625,3484.050048828125,3409.0099609375,3431.8900146484375,37.70432949803147,35.671575211998686,-67.7001953125,-17.85009765625,3376.14990234375
2023-08-23,3388.0,3402.0,3376.0,3398.25,1330046,3424.9724975585937,3354.7609912109374,0.0047603146286014,0.0096107964666279,3382.14990234375,3401.64990234375,3367.10009765625,3458.39990234375,3470.60009765625,3396.97998046875,3424.6550048828126,25.686933197911006,34.25699912091885,-60.14990234375,10.25,3390.949951171875
2023-08-24,3408.0,3413.050048828125,3378.10009765625,3387.75,1152881,3424.944995117188,3357.6419921875,-0.0030898256455528,0.0096090214922642,3398.25,3382.14990234375,3401.64990234375,3435.75,3462.5,3387.37998046875,3417.1800048828127,13.789056108521793,33.22124049278636,-48.0,-20.25,3356.800048828125
2023-08-25,3375.0,3385.800048828125,3350.25,3381.300048828125,1158046,3424.165002441406,3360.2469921875,-0.0019039041168548,0.0095994690666497,3387.75,3398.25,3382.14990234375,3367.10009765625,3442.10009765625,3390.219970703125,3411.1,9.299414936772205,33.713750916626566,14.199951171875,6.300048828125,3379.199951171875
2023-08-28,3394.0,3394.0,3360.10009765625,3375.550048828125,1037485,3425.172509765625,3363.4319921875,-0.0017005293576335,0.0091848634307192,3381.300048828125,3387.75,3398.25,3401.64990234375,3448.800048828125,3385.0,3403.775,8.576702053629313,32.549965189424064,-26.099853515625,-18.449951171875,3418.5
2023-08-29,3381.050048828125,3389.550048828125,3365.0,3376.14990234375,944517,3422.907507324219,3367.4569921875,0.0001777054130283,0.0079790316311704,3375.550048828125,3381.300048828125,3387.75,3382.14990234375,3449.85009765625,3383.8,3396.40498046875,9.450402694355468,29.1215109919121,-6.0,-4.900146484375,3429.35009765625
2023-08-30,3398.0,3408.10009765625,3383.050048828125,3390.949951171875,1188200,3419.852502441406,3371.0679931640625,0.0043837060723668,0.0077528395294747,3376.14990234375,3375.550048828125,3381.300048828125,3398.25,3458.39990234375,3382.339990234375,3389.6599853515627,6.8720739868602845,19.33333056638449,-7.300048828125,-7.050048828125,3429.89990234375
2023-08-31,3401.0,3417.39990234375,3343.64990234375,3356.800048828125,3417652,3415.660009765625,3373.649995117188,-0.0100708954232568,0.0080084026671631,3390.949951171875,3376.14990234375,3375.550048828125,3387.75,3435.75,3376.15,3381.764990234375,12.453333985180478,13.728217235268955,-30.949951171875,-44.199951171875,3455.25
2023-09-01,3366.0,3389.0,3356.800048828125,3379.199951171875,1277950,3414.622509765625,3376.069995117188,0.006672992736511,0.007781659297909,3356.800048828125,3390.949951171875,3376.14990234375,3381.300048828125,3367.10009765625,3375.72998046875,3382.9749755859375,12.270281441061144,12.793467263859092,-2.10009765625,13.199951171875,3441.89990234375
2023-09-04,3378.0,3432.85009765625,3370.050048828125,3418.5,1828332,3413.370007324219,3379.669995117188,0.0116299862085686,0.0076797930665481,3379.199951171875,3356.800048828125,3390.949951171875,3375.550048828125,3401.64990234375,3384.319970703125,3384.6599853515627,22.707607539909674,16.186198279846412,42.949951171875,40.5,3480.64990234375
2023-09-05,3420.0,3447.0,3405.14990234375,3429.35009765625,1501842,3410.635009765625,3383.9299951171874,0.0031739352512065,0.0071924017359602,3418.5,3379.199951171875,3356.800048828125,3376.14990234375,3382.14990234375,3394.960009765625,3389.3800048828125,29.40005068408147,21.411463466865783,53.2001953125,9.35009765625,3580.800048828125
2023-09-06,3434.0,3443.89990234375,3398.10009765625,3429.89990234375,1314818,3408.6,3388.7349951171877,0.0001603232892073,0.0071574711738721,3429.35009765625,3418.5,3379.199951171875,3390.949951171875,3398.25,3402.75,3392.5449951171877,33.010406333054625,24.92002888166136,38.949951171875,-4.10009765625,3567.85009765625
2023-09-07,3430.800048828125,3460.0,3422.300048828125,3455.25,1885092,3408.2375,3393.8929931640623,0.0073909147141371,0.0073584952123279,3429.89990234375,3429.35009765625,3418.5,3356.800048828125,3387.75,3422.439990234375,3399.2949951171877,27.68176798565586,31.69712783053139,98.449951171875,24.449951171875,3560.050048828125
2023-09-08,3455.25,3465.0,3435.050048828125,3441.89990234375,1518917,3408.227490234375,3398.4219921875,-0.0038637139588307,0.0072878153451911,3455.25,3429.89990234375,3429.35009765625,3379.199951171875,3381.300048828125,3434.97998046875,3405.35498046875,14.034346627413811,33.6096828269802,62.699951171875,-13.35009765625,3598.300048828125
2023-09-11,3462.0,3485.699951171875,3445.0,3480.64990234375,1783604,3409.8199829101563,3401.989990234375,0.0112583169468738,0.0077028382749784,3441.89990234375,3455.25,3429.89990234375,3418.5,3375.550048828125,3447.4099609375,3415.8649658203126,21.386219140980725,39.21860443821661,62.14990234375,18.64990234375,3606.14990234375
2023-09-12,3492.0,3589.89990234375,3483.0,3580.800048828125,4476016,3416.36748046875,3408.159990234375,0.0287734041901017,0.009965324567612,3480.64990234375,3441.89990234375,3455.25,3429.35009765625,3376.14990234375,3477.699951171875,3436.32998046875,60.63996376219752,62.61080622115895,151.449951171875,88.800048828125,3606.050048828125
2023-09-13,3571.10009765625,3588.85009765625,3545.0,3567.85009765625,1754929,3421.839990234375,3413.339990234375,-0.0036164965916243,0.0100399880706014,3580.800048828125,3480.64990234375,3441.89990234375,3429.89990234375,3390.949951171875,3505.289990234375,3454.0199951171876,64.70118582018814,72.56402956805468,137.9501953125,-3.25,3585.300048828125
2023-09-14,3570.050048828125,3597.699951171875,3545.60009765625,3560.050048828125,2604721,3428.054992675781,3418.1419921875,-0.002186204188693,0.0098998686059307,3567.85009765625,3580.800048828125,3480.64990234375,3455.25,3356.800048828125,3526.25,3474.3449951171874,61.32500944519499,70.74951398959772,104.800048828125,-10.0,3603.64990234375
2023-09-15,3567.85009765625,3607.35009765625,3562.449951171875,3598.300048828125,2952897,3439.614990234375,3423.649995117188,0.0107442309729861,0.0086419873266607,3560.050048828125,3567.85009765625,3580.800048828125,3441.89990234375,3379.199951171875,3557.530029296875,3496.2550048828125,45.35167177531127,71.92684110470047,156.400146484375,30.449951171875,3577.14990234375
2023-09-18,3580.050048828125,3619.300048828125,3575.25,3606.14990234375,1395753,3449.839990234375,3429.1879931640624,0.0021815450098947,0.0084899769016856,3598.300048828125,3560.050048828125,3567.85009765625,3480.64990234375,3418.5,3582.630029296875,3515.0199951171876,19.560065605895087,73.83994203709204,125.5,26.099853515625,3585.699951171875
2023-09-20,3580.0,3625.0,3580.0,3606.050048828125,1649396,3461.0349975585937,3435.8699951171875,-2.768978504197328e-05,0.0082757924332617,3606.14990234375,3598.300048828125,3560.050048828125,3580.800048828125,3429.35009765625,3587.680029296875,3532.689990234375,22.068193471350188,72.18485947251828,25.25,26.050048828125,3589.300048828125
2023-09-21,3588.550048828125,3605.0,3528.0,3585.300048828125,2004073,3470.3875,3442.127998046875,-0.005754218526929,0.0085050867121698,3606.050048828125,3606.14990234375,3598.300048828125,3567.85009765625,3429.89990234375,3591.17001953125,3548.2300048828124,19.36206736983009,63.84267205625635,17.449951171875,-3.25,3536.75
2023-09-22,3584.0,3633.75,3565.050048828125,3603.64990234375,1989083,3481.1824951171875,3449.002998046875,0.0051180802905528,0.0084076288758939,3585.300048828125,3606.050048828125,3606.14990234375,3560.050048828125,3455.25,3599.889990234375,3563.0699951171873,8.75591320863912,56.67334431493662,43.599853515625,19.64990234375,3528.60009765625
2023-09-25,3602.5,3620.0,3558.64990234375,3577.14990234375,1238778,3490.974987792969,3453.7349951171877,-0.0073536555209663,0.00866367555683,3603.64990234375,3585.300048828125,3606.050048828125,3598.300048828125,3441.89990234375,3595.6599609375,3576.5949951171874,13.525734811876697,37.40708155971986,-21.150146484375,-25.35009765625,3513.85009765625
2023-09-26,3567.60009765625,3594.949951171875,3536.0,3585.699951171875,1726062,3501.482482910156,3455.15599609375,0.002390184661404,0.0085985191420597,3577.14990234375,3603.64990234375,3585.300048828125,3606.14990234375,3480.64990234375,3591.569970703125,3587.1,12.622448574298648,16.21897338481229,-20.449951171875,18.099853515625,3537.75
2023-09-27,3590.0,3614.0,3555.699951171875,3589.300048828125,1541134,3512.139990234375,3457.107998046875,0.0010040153122887,0.0085859213369048,3585.699951171875,3577.14990234375,3603.64990234375,3606.050048828125,3580.800048828125,3588.219970703125,3587.95,9.70402255324798,16.074208841748792,-16.75,-0.699951171875,3589.35009765625
2023-09-28,3600.0,3602.800048828125,3527.35009765625,3536.75,1755753,3519.429992675781,3457.90599609375,-0.0146407511529391,0.0094469415240157,3589.300048828125,3585.699951171875,3577.14990234375,3585.300048828125,3567.85009765625,3578.5099609375,3584.839990234375,25.228370473722755,22.22644577810205,-48.550048828125,-63.25,3621.39990234375
2023-09-29,3537.199951171875,3568.449951171875,3505.550048828125,3528.60009765625,2243791,3528.019995117188,3459.0769970703127,-0.0023043478741076,0.0090703001053927,3536.75,3589.300048828125,3585.699951171875,3603.64990234375,3560.050048828125,3563.5,3581.6949951171873,28.628507947301163,27.67993337890283,-75.0498046875,-8.599853515625,3638.35009765625
2023-10-03,3534.199951171875,3534.199951171875,3480.10009765625,3513.85009765625,1948148,3534.7525024414062,3460.087998046875,-0.004180127980441,0.009134296777444,3528.60009765625,3536.75,3589.300048828125,3577.14990234375,3598.300048828125,3550.8400390625,3573.25,34.48110273472161,34.1721642474512,-63.2998046875,-20.349853515625,3628.89990234375
2023-10-04,3486.300048828125,3548.0,3477.300048828125,3537.75,1788138,3540.7150024414063,3463.4769970703123,0.0068016283220764,0.0089277100969195,3513.85009765625,3528.60009765625,3536.75,3585.699951171875,3606.14990234375,3541.250048828125,3566.410009765625,28.513513770303536,33.69738375255251,-47.949951171875,51.449951171875,3609.89990234375
2023-10-05,3554.0,3624.0,3551.199951171875,3589.35009765625,2990768,3548.7150024414063,3467.368999023437,0.0145855692618896,0.0093766506047062,3537.75,3513.85009765625,3528.60009765625,3589.300048828125,3606.050048828125,3541.26005859375,3564.7400146484374,28.534599902610022,31.87937184753356,0.050048828125,35.35009765625,3542.550048828125
2023-10-06,3591.0,3634.949951171875,3575.050048828125,3621.39990234375,2075691,3558.290002441406,3471.8139990234376,0.0089291386505951,0.0094746499029095,3589.35009765625,3537.75,3513.85009765625,3536.75,3585.300048828125,3558.1900390625,3568.35,45.3481705827316,36.215339092603735,84.64990234375,30.39990234375,3570.85009765625
2023-10-09,3645.050048828125,3679.0,3631.0,3638.35009765625,4233074,3567.4450073242188,3476.815,0.0046805643589733,0.0094242135648384,3621.39990234375,3589.35009765625,3537.75,3528.60009765625,3603.64990234375,3580.1400390625,3571.82001953125,53.307795307370526,41.281523014088116,109.75,-6.699951171875,3524.050048828125
2023-10-10,3640.050048828125,3648.0,3601.35009765625,3628.89990234375,1848148,3576.7950073242187,3481.455,-0.0025973848197257,0.0093824722961841,3638.35009765625,3621.39990234375,3589.35009765625,3513.85009765625,3577.14990234375,3603.15,3576.99501953125,40.93519447237806,45.09172922728117,115.0498046875,-11.150146484375,3507.050048828125
2023-10-11,3650.0,3650.0,3605.0,3609.89990234375,2426417,3583.2575073242188,3486.545,-0.0052357465103208,0.0093143726134288,3628.89990234375,3638.35009765625,3621.39990234375,3537.75,3585.699951171875,3617.57998046875,3579.4150146484376,18.90793541064958,46.24544195764631,72.14990234375,-40.10009765625,3487.25
2023-10-12,3575.0,3588.64990234375,3538.10009765625,3542.550048828125,4241281,3581.345007324219,3488.967001953125,-0.0186569864366316,0.0080559115075207,3609.89990234375,3628.89990234375,3638.35009765625,3589.35009765625,3589.300048828125,3608.219970703125,3574.7400146484374,38.15938786949964,47.481603070056394,-46.800048828125,-32.449951171875,3455.64990234375
2023-10-13,3530.0,3577.0,3525.0,3570.85009765625,2890357,3581.495007324219,3491.3430029296874,0.0079886094587391,0.0082360063357166,3542.550048828125,3609.89990234375,3628.89990234375,3621.39990234375,3536.75,3598.110009765625,3578.1500244140625,40.423680538141475,45.63883853586224,-50.5498046875,40.85009765625,3494.550048828125
2023-10-16,3566.0,3574.64990234375,3519.10009765625,3524.050048828125,1671104,3579.6950073242188,3493.011005859375,-0.0131061365076182,0.008740277254882,3570.85009765625,3542.550048828125,3609.89990234375,3638.35009765625,3528.60009765625,3575.25,3577.69501953125,44.127680375234725,46.206870663214346,-114.300048828125,-41.949951171875,3410.14990234375
2023-10-17,3530.0,3534.14990234375,3503.35009765625,3507.050048828125,1672065,3575.1325073242188,3495.1530078125,-0.0048239950524122,0.0083744101954063,3524.050048828125,3570.85009765625,3542.550048828125,3628.89990234375,3513.85009765625,3550.880029296875,3577.0150146484375,40.59696004380151,47.28822714469826,-121.849853515625,-22.949951171875,3390.10009765625
2023-10-18,3511.0,3522.699951171875,3484.0,3487.25,1408245,3569.1875122070314,3496.0270068359373,-0.0056457845061952,0.0083884849261381,3507.050048828125,3524.050048828125,3570.85009765625,3609.89990234375,3537.75,3526.350048828125,3571.9650146484373,32.207484239140335,54.146487849463995,-122.64990234375,-23.75,3336.75
2023-10-19,3469.5,3476.85009765625,3451.89990234375,3455.64990234375,1514545,3561.6675048828124,3495.45900390625,-0.0090616094791741,0.0085388919413661,3487.25,3507.050048828125,3524.050048828125,3542.550048828125,3589.35009765625,3508.97001953125,3558.5949951171874,42.939002623398615,64.8296651357255,-86.900146484375,-13.85009765625,3350.949951171875
2023-10-20,3450.39990234375,3499.5,3444.050048828125,3494.550048828125,1481211,3557.1300048828125,3495.938002929688,0.0112569697694178,0.0089903281560377,3455.64990234375,3487.25,3507.050048828125,3570.85009765625,3621.39990234375,3493.710009765625,3545.910009765625,25.443485321674547,63.57338679233528,-76.300048828125,44.150146484375,3378.550048828125
2023-10-23,3473.0,3478.949951171875,3401.300048828125,3410.14990234375,1106272,3547.4550048828123,3494.8910009765623,-0.0241519352434738,0.0102012315804964,3494.550048828125,3455.64990234375,3487.25,3524.050048828125,3638.35009765625,3470.92998046875,3523.089990234375,38.91210830020035,67.53787709141605,-113.900146484375,-62.85009765625,3368.75
2023-10-25,3390.5,3425.0,3377.199951171875,3390.10009765625,1518537,3538.1025146484376,3493.8510009765623,-0.0058794496610603,0.0101711642680407,3410.14990234375,3494.550048828125,3455.64990234375,3507.050048828125,3628.89990234375,3447.539990234375,3499.210009765625,46.23299982383259,68.18302406318324,-116.949951171875,-0.39990234375,3330.64990234375
2023-10-26,3368.050048828125,3373.699951171875,3330.0,3336.75,1984471,3525.655017089844,3491.61,-0.0157370272615647,0.0105023179065381,3390.10009765625,3410.14990234375,3494.550048828125,3487.25,3609.89990234375,3417.439990234375,3471.89501953125,60.65774507717276,73.4243665827146,-150.5,-31.300048828125,3360.10009765625
2023-10-27,3350.0,3362.0,3337.0,3350.949951171875,1108851,3513.737512207031,3489.6319970703125,0.0042556233376414,0.0106010470410174,3336.75,3390.10009765625,3410.14990234375,3455.64990234375,3542.550048828125,3396.5,3452.735009765625,62.22129882009311,77.8065657940532,-104.699951171875,0.949951171875,3350.89990234375
2023-10-30,3350.0,3382.85009765625,3333.75,3378.550048828125,910972,3505.827514648437,3488.035,0.0082364995175765,0.0105557570696901,3350.949951171875,3336.75,3390.10009765625,3494.550048828125,3570.85009765625,3373.3,3433.5050048828125,29.59370194531462,68.58819034234315,-116.0,28.550048828125,3380.25
2023-10-31,3399.0,3399.0,3350.050048828125,3368.75,999811,3497.835009765625,3486.695,-0.0029006670573147,0.0105568134322543,3378.550048828125,3350.949951171875,3336.75,3410.14990234375,3524.050048828125,3365.02001953125,3417.975,21.34915451343571,63.177047385942075,-41.39990234375,-30.25,3370.449951171875
2023-11-01,3355.0,3371.60009765625,3311.0,3330.64990234375,1563475,3488.675,3485.96599609375,-0.011309862012987,0.0107437159627178,3368.75,3378.550048828125,3350.949951171875,3390.10009765625,3507.050048828125,3353.12998046875,3400.3349853515624,20.42409781325601,60.09405686701101,-59.4501953125,-24.35009765625,3381.550048828125
2023-11-02,3343.199951171875,3375.949951171875,3343.199951171875,3360.10009765625,1245384,3479.7925048828124,3485.135,0.0088421768051263,0.0108470751061135,3330.64990234375,3368.75,3378.550048828125,3336.75,3487.25,3357.8,3387.6199951171875,18.3016969655913,52.65145105791243,23.35009765625,16.900146484375,3347.449951171875
2023-11-03,3382.0,3387.89990234375,3344.300048828125,3350.89990234375,1402598,3467.8699951171875,3484.51,-0.0027380717970031,0.0100736293038877,3360.10009765625,3330.64990234375,3368.75,3350.949951171875,3455.64990234375,3357.789990234375,3377.1449951171876,18.306393179859228,47.810526935403985,-0.050048828125,-31.10009765625,3333.449951171875
2023-11-06,3375.0,3392.300048828125,3359.0,3380.25,1099852,3455.8125,3484.15,0.0087588703069647,0.0100627427212087,3350.89990234375,3360.10009765625,3330.64990234375,3378.550048828125,3494.550048828125,3358.12998046875,3365.714990234375,18.79754082374255,24.702367576165486,1.699951171875,5.25,3331.550048828125
2023-11-07,3378.0,3404.14990234375,3366.0,3370.449951171875,1191144,3442.417492675781,3483.8039990234374,-0.0028992082917314,0.0098838838543753,3380.25,3350.89990234375,3360.10009765625,3368.75,3410.14990234375,3358.469970703125,3361.7449951171875,19.051306126913182,19.385597469996945,1.699951171875,-7.550048828125,3404.300048828125
2023-11-08,3371.449951171875,3401.949951171875,3369.550048828125,3381.550048828125,992899,3430.05,3483.808999023437,0.0032933578059484,0.0100076707657668,3370.449951171875,3380.25,3350.89990234375,3330.64990234375,3390.10009765625,3368.65,3360.889990234375,13.156537166699682,18.144881379284673,50.900146484375,10.10009765625,3497.85009765625
2023-11-09,3390.10009765625,3391.5,3342.050048828125,3347.449951171875,2112352,3416.9275024414064,3483.2469970703123,-0.0100841617494519,0.0101107407055069,3381.550048828125,3370.449951171875,3380.25,3360.10009765625,3336.75,3366.119970703125,3361.9599853515624,16.099020776797342,16.831112422444054,-12.650146484375,-42.650146484375,3502.449951171875
2023-11-10,3338.0,3347.449951171875,3322.35009765625,3333.449951171875,1338557,3406.4724975585937,3482.392998046875,-0.004182288071282,0.009483739306148,3347.449951171875,3381.550048828125,3370.449951171875,3350.89990234375,3350.949951171875,3362.62998046875,3360.2099853515624,21.280821271834625,18.887248210489098,-17.449951171875,-4.550048828125,3519.60009765625
2023-11-13,3356.0,3356.0,3327.0,3331.550048828125,1030990,3394.507495117188,3481.205,-0.0005699507631972,0.0091492704518719,3333.449951171875,3347.449951171875,3381.550048828125,3380.25,3378.550048828125,3352.889990234375,3355.5099853515626,22.319573414890954,19.64882619588456,-48.699951171875,-24.449951171875,3510.199951171875
2023-11-15,3383.10009765625,3413.0,3356.050048828125,3404.300048828125,2059802,3388.519995117188,3482.155,0.0218366823051598,0.0104470232110204,3331.550048828125,3333.449951171875,3347.449951171875,3370.449951171875,3368.75,3359.660009765625,3359.064990234375,32.00831729375013,24.84055610147045,33.85009765625,21.199951171875,3530.14990234375
2023-11-16,3430.050048828125,3529.35009765625,3414.199951171875,3497.85009765625,3951984,3388.0599975585938,3484.528002929688,0.0274799657745585,0.0122723405879959,3404.300048828125,3331.550048828125,3333.449951171875,3381.550048828125,3330.64990234375,3382.92001953125,3375.785009765625,70.72891172194971,48.54754523819176,116.300048828125,67.800048828125,3508.25
2023-11-17,3497.85009765625,3524.5,3492.550048828125,3502.449951171875,2021292,3388.819995117188,3486.207001953125,0.0013150516423523,0.0122041053334767,3497.85009765625,3404.300048828125,3331.550048828125,3347.449951171875,3360.10009765625,3413.92001953125,3390.0199951171876,84.01576432741503,62.346184211729806,155.0,4.599853515625,3457.10009765625
2023-11-20,3491.25,3533.89990234375,3491.25,3519.60009765625,1475621,3392.0175048828123,3488.012001953125,0.0048966142909869,0.0120392881682353,3502.449951171875,3497.85009765625,3404.300048828125,3333.449951171875,3350.89990234375,3451.150048828125,3406.8900146484375,80.61802873053811,72.57032290394882,186.150146484375,28.35009765625,3470.14990234375
2023-11-21,3519.60009765625,3539.050048828125,3501.0,3510.199951171875,1807236,3392.8,3489.6180029296875,-0.00267079958619,0.0118146292655492,3519.60009765625,3502.449951171875,3497.85009765625,3331.550048828125,3380.25,3486.880029296875,3419.885009765625,46.89520143605136,78.6501532953942,178.64990234375,-9.400146484375,3513.75
2023-11-22,3500.0,3532.64990234375,3481.10009765625,3530.14990234375,1798051,3398.8,3491.116000976562,0.0056834230099098,0.0103601534484834,3510.199951171875,3519.60009765625,3502.449951171875,3404.300048828125,3370.449951171875,3512.05,3435.8550048828124,13.055949641866714,83.55752083788954,125.849853515625,30.14990234375,3487.60009765625
2023-11-23,3530.0,3544.0,3500.0,3508.25,2729804,3404.707495117188,3492.4430029296877,-0.0062036749003803,0.0103730174211717,3530.14990234375,3510.199951171875,3519.60009765625,3497.85009765625,3381.550048828125,3514.12998046875,3448.525,10.87430990775828,84.01286468974041,10.39990234375,-21.75,3511.64990234375
2023-11-24,3494.25,3504.550048828125,3453.0,3457.10009765625,1989733,3410.725,3491.972006835937,-0.014579890926744,0.0102730039050857,3508.25,3530.14990234375,3510.199951171875,3502.449951171875,3347.449951171875,3505.060009765625,3459.4900146484374,28.18539103123211,76.14204871466053,-45.349853515625,-37.14990234375,3512.449951171875
2023-11-28,3457.10009765625,3481.25,3433.0,3470.14990234375,1689195,3416.6849975585938,3489.75900390625,0.0037747835812873,0.0102675723647,3457.10009765625,3508.25,3530.14990234375,3519.60009765625,3333.449951171875,3495.169970703125,3473.160009765625,30.396965931589214,61.947425900833466,-49.4501953125,13.0498046875,3531.60009765625
2023-11-29,3481.0,3518.0,3475.800048828125,3513.75,1441634,3423.444995117188,3488.677001953125,0.0125643268686468,0.010454293146948,3470.14990234375,3457.10009765625,3508.25,3510.199951171875,3331.550048828125,3495.87998046875,3491.3800048828125,30.873527324514175,37.72979404993798,3.550048828125,32.75,3604.10009765625
2023-11-30,3499.449951171875,3516.64990234375,3481.0,3487.60009765625,3266235,3429.3875,3487.228002929688,-0.0074421635983635,0.0106147826228435,3513.75,3470.14990234375,3457.10009765625,3530.14990234375,3404.300048828125,3487.37001953125,3499.710009765625,24.211208644506975,22.482870937016994,-42.5498046875,-11.849853515625,3614.89990234375
2023-12-01,3500.0,3516.949951171875,3490.050048828125,3511.64990234375,1172141,3438.4375,3485.495,0.0068958034218606,0.0102051393514444,3487.60009765625,3513.75,3470.14990234375,3508.25,3497.85009765625,3488.05,3501.089990234375,24.97978059318847,22.77760515876245,3.39990234375,11.64990234375,3626.699951171875
2023-12-04,3544.64990234375,3547.800048828125,3498.0,3512.449951171875,1625213,3446.054992675781,3483.6210009765623,0.0002278270472211,0.0101135717893188,3511.64990234375,3487.60009765625,3513.75,3457.10009765625,3502.449951171875,3499.119970703125,3502.089990234375,19.498061821609735,23.06168753983866,55.349853515625,-32.199951171875,3642.89990234375
2023-12-05,3538.0,3538.0,3502.800048828125,3531.60009765625,1377656,3455.0900024414063,3482.132001953125,0.0054520766845334,0.0100659114284685,3512.449951171875,3511.64990234375,3487.60009765625,3470.14990234375,3519.60009765625,3511.410009765625,3503.289990234375,15.661785854050613,24.35025773943304,61.4501953125,-6.39990234375,3672.10009765625
2023-12-06,3532.60009765625,3612.85009765625,3525.14990234375,3604.10009765625,1896572,3466.282507324219,3482.508002929688,0.0205289381569886,0.0107602995665211,3531.60009765625,3512.449951171875,3511.64990234375,3513.75,3510.199951171875,3529.480029296875,3512.6800048828127,44.53794717465227,40.234896289808766,90.35009765625,71.5,3593.550048828125
2023-12-07,3605.0,3630.550048828125,3591.699951171875,3614.89990234375,1967653,3478.5050048828125,3482.733002929688,0.0029965329471628,0.0106628317991055,3604.10009765625,3531.60009765625,3512.449951171875,3487.60009765625,3530.14990234375,3554.939990234375,3521.1550048828126,50.58678912659403,51.63448006548213,127.2998046875,9.89990234375,3667.25
2023-12-08,3633.0,3645.0,3602.050048828125,3626.699951171875,1641155,3490.7625,3483.72400390625,0.0032642809336087,0.0106628721399606,3614.89990234375,3604.10009765625,3531.60009765625,3511.64990234375,3508.25,3577.95,3533.0,52.11585764826407,61.069389702359516,115.050048828125,-6.300048828125,3861.0
2023-12-11,3622.89990234375,3653.0,3615.0,3642.89990234375,1102503,3505.5349975585937,3484.8680029296875,0.0044668573055348,0.0101678979450532,3626.699951171875,3614.89990234375,3604.10009765625,3512.449951171875,3457.10009765625,3604.039990234375,3551.57998046875,42.97977995372737,63.622384115403726,130.449951171875,20.0,3859.199951171875
2023-12-12,3638.949951171875,3698.39990234375,3631.0,3672.10009765625,2236866,3522.4675048828126,3486.52400390625,0.0080156458028708,0.0099975737554554,3642.89990234375,3626.699951171875,3614.89990234375,3531.60009765625,3470.14990234375,3632.139990234375,3571.775,26.578356443871716,66.87145440613115,140.5,33.150146484375,3816.199951171875
2023-12-13,3643.550048828125,3650.0,3563.0,3593.550048828125,3850968,3535.5675048828125,3487.6600048828127,-0.0213910423842368,0.0115589106618215,3672.10009765625,3642.89990234375,3626.699951171875,3604.10009765625,3513.75,3630.02998046875,3579.7550048828125,29.607108187561398,63.871894424779626,-10.550048828125,-50.0,3780.050048828125
2023-12-14,3630.0,3678.0,3627.60009765625,3667.25,3290396,3548.7150024414063,3490.4330029296875,0.0205089535891975,0.0114535366146358,3593.550048828125,3672.10009765625,3642.89990234375,3614.89990234375,3487.60009765625,3640.5,3597.7199951171874,32.072680998920355,60.23288929932301,52.35009765625,37.25,3787.5
2023-12-15,3666.699951171875,3895.949951171875,3666.699951171875,3861.0,8531230,3566.8724975585938,3497.3760009765624,0.0528325039198309,0.0150513917500834,3667.25,3593.550048828125,3672.10009765625,3626.699951171875,3511.64990234375,3687.360009765625,3632.6550048828126,101.93764459462788,95.65897739593488,234.300048828125,194.300048828125,3824.0
2023-12-18,3858.10009765625,3929.0,3830.14990234375,3859.199951171875,2521612,3584.709997558594,3503.805,-0.0004662131126974,0.0150799410773931,3861.0,3667.25,3593.550048828125,3642.89990234375,3512.449951171875,3730.62001953125,3667.3300048828123,122.22955414703439,109.14086774510447,216.300048828125,1.099853515625,3795.550048828125
2023-12-19,3845.0,3855.10009765625,3790.0,3816.199951171875,2004435,3599.539990234375,3508.3419970703126,-0.0111422057794499,0.0155044151853575,3859.199951171875,3861.0,3667.25,3672.10009765625,3531.60009765625,3759.439990234375,3695.789990234375,121.9699199748078,106.89844954683531,144.099853515625,-28.800048828125,3811.199951171875
2023-12-20,3827.25,3898.800048828125,3766.550048828125,3780.050048828125,2586083,3613.0324951171874,3511.515,-0.0094727484949128,0.015735157542865,3816.199951171875,3859.199951171875,3861.0,3593.550048828125,3604.10009765625,3796.739990234375,3713.3849853515626,79.77389511944453,104.58510047970587,186.5,-47.199951171875,3799.89990234375
2023-12-21,3756.25,3806.699951171875,3743.35009765625,3787.5,1517562,3625.9,3514.497998046875,0.0019708604583648,0.0157339870465011,3780.050048828125,3816.199951171875,3859.199951171875,3667.25,3614.89990234375,3820.789990234375,3730.6449951171876,38.344506512488685,100.69593042165194,120.25,31.25,3793.39990234375
2023-12-22,3800.0,3845.949951171875,3762.0,3824.0,2413058,3641.6875,3518.4,0.0096369636963695,0.0156105997497357,3787.5,3780.050048828125,3816.199951171875,3861.0,3626.699951171875,3813.389990234375,3750.375,31.626191661694545,97.33954745029769,-37.0,24.0,3811.10009765625
2023-12-26,3819.85009765625,3834.0,3790.14990234375,3795.550048828125,1285231,3658.609997558594,3522.113002929688,-0.0074398407876241,0.0152299285779596,3824.0,3787.5,3780.050048828125,3859.199951171875,3642.89990234375,3800.660009765625,3765.6400146484375,18.7770669348171,90.32937825209594,-63.64990234375,-24.300048828125,3783.199951171875
2023-12-27,3799.0,3818.199951171875,3768.0,3811.199951171875,1293976,3675.6625,3527.4860009765625,0.0041232238127335,0.015228906452754,3795.550048828125,3824.0,3787.5,3816.199951171875,3672.10009765625,3799.660009765625,3779.55,17.85296583649278,84.8696281225895,-5.0,12.199951171875,3691.75
2023-12-28,3824.0,3838.0,3792.10009765625,3799.89990234375,1682889,3689.9699951171874,3532.0669970703125,-0.0029649582737453,0.0152084237318954,3811.199951171875,3795.550048828125,3824.0,3780.050048828125,3593.550048828125,3803.62998046875,3800.1849853515623,14.244448042977107,54.14568258552142,19.849853515625,-24.10009765625,3666.800048828125
2023-12-29,3792.0,3822.60009765625,3765.39990234375,3793.39990234375,1574996,3705.2599853515626,3537.453994140625,-0.0017105713747856,0.0150338691625559,3799.89990234375,3811.199951171875,3795.550048828125,3787.5,3667.25,3804.8099609375,3812.7999755859373,12.73905078081255,28.222807401771913,5.89990234375,1.39990234375,3737.89990234375
2024-01-01,3790.0,3832.0,3773.0,3811.10009765625,825907,3720.232495117188,3543.5349951171875,0.0046660504476641,0.0150219990457046,3793.39990234375,3799.89990234375,3811.199951171875,3824.0,3861.0,3802.22998046875,3807.8099853515623,8.472903631712331,22.60626492517686,-12.89990234375,21.10009765625,3678.300048828125
2024-01-02,3811.10009765625,3811.10009765625,3767.25,3783.199951171875,1344068,3733.769995117188,3549.453994140625,-0.0073207593003219,0.0152207047046034,3811.10009765625,3793.39990234375,3799.89990234375,3795.550048828125,3859.199951171875,3799.7599609375,3800.2099853515624,11.980984201035678,14.856775933028244,-12.35009765625,-27.900146484375,3689.89990234375
2024-01-03,3767.0,3771.85009765625,3687.050048828125,3691.75,1803075,3741.777490234375,3554.17599609375,-0.0241726454726632,0.016446449537478,3783.199951171875,3811.10009765625,3793.39990234375,3811.199951171875,3816.199951171875,3775.869970703125,3787.764990234375,48.10352390383431,36.43201354879435,-119.449951171875,-75.25,3713.050048828125
2024-01-04,3701.75,3719.0,3651.0,3666.800048828125,3598144,3744.912487792969,3557.62099609375,-0.0067582992271618,0.0159840290623683,3691.75,3783.199951171875,3811.10009765625,3799.89990234375,3780.050048828125,3749.25,3776.439990234375,65.25237943909895,52.95287735282641,-133.099853515625,-34.949951171875,3735.550048828125
2024-01-05,3675.0,3747.75,3674.85009765625,3737.89990234375,1963127,3751.062487792969,3564.17599609375,0.0193901637855458,0.0165046323111429,3666.800048828125,3691.75,3783.199951171875,3793.39990234375,3787.5,3738.15,3771.47998046875,60.40499343949226,54.11208795879332,-55.5,62.89990234375,3882.800048828125
2024-01-08,3737.89990234375,3739.75,3672.39990234375,3678.300048828125,1067805,3753.642492675781,3569.939995117188,-0.0159447430569915,0.0169674718185867,3737.89990234375,3666.800048828125,3691.75,3811.10009765625,3824.0,3711.589990234375,3756.9099853515627,48.291257602099996,57.883371437919656,-132.800048828125,-59.599853515625,3903.800048828125
2024-01-09,3709.949951171875,3752.35009765625,3682.75,3689.89990234375,1370944,3755.992492675781,3577.0029931640624,0.0031535908875406,0.016955239595884,3678.300048828125,3737.89990234375,3666.800048828125,3783.199951171875,3795.550048828125,3692.92998046875,3746.344970703125,27.063239958180947,59.66151148605461,-93.300048828125,-20.050048828125,3861.300048828125
2024-01-10,3690.0,3729.25,3688.0,3713.050048828125,1292227,3758.039990234375,3584.2449951171875,0.0062739226258334,0.0169205337569999,3689.89990234375,3678.300048828125,3737.89990234375,3691.75,3811.199951171875,3697.189990234375,3736.52998046875,28.470871996654257,55.751937259073685,21.300048828125,23.050048828125,3884.60009765625
2024-01-11,3724.0,3773.0,3707.0,3735.550048828125,1777909,3765.139990234375,3591.3849951171874,0.0060597082463516,0.01613013726393,3713.050048828125,3689.89990234375,3678.300048828125,3666.800048828125,3799.89990234375,3710.939990234375,3730.0949951171874,26.669248516034394,51.14861731169674,68.75,11.550048828125,3902.60009765625
2024-01-12,3848.0,3905.25,3821.60009765625,3882.800048828125,6813450,3775.917492675781,3601.66599609375,0.0394185590007538,0.0177420422608687,3735.550048828125,3713.050048828125,3689.89990234375,3737.89990234375,3793.39990234375,3739.92001953125,3739.035009765625,82.84749189671213,68.35992410017856,144.900146484375,34.800048828125,3943.050048828125
2024-01-15,3960.0,3965.0,3885.0,3903.800048828125,2801505,3778.057495117188,3613.1289990234377,0.0054084680477786,0.0133604289703181,3882.800048828125,3735.550048828125,3713.050048828125,3678.300048828125,3811.10009765625,3785.02001953125,3748.3050048828127,100.42960328906189,83.76722119241873,225.5,-56.199951171875,3858.25
2024-01-16,3899.0,3899.0,3855.550048828125,3861.300048828125,1432672,3778.1625,3623.152998046875,-0.0108868280824879,0.0136065763107851,3903.800048828125,3882.800048828125,3735.550048828125,3689.89990234375,3783.199951171875,3819.300048828125,3756.1150146484374,88.37367396457563,90.73330043533049,171.400146484375,-37.699951171875,3841.800048828125
2024-01-17,3819.0,3909.949951171875,3812.550048828125,3884.60009765625,3458696,3781.5825073242186,3633.827001953125,0.006034249743217,0.0133991781519635,3861.300048828125,3903.800048828125,3882.800048828125,3713.050048828125,3691.75,3853.61005859375,3775.4000244140625,67.69190318338907,95.88142659858592,171.550048828125,65.60009765625,3810.300048828125
2024-01-18,3898.0,3908.800048828125,3862.0,3902.60009765625,2239110,3787.710009765625,3644.27400390625,0.0046336816010636,0.0131900136220494,3884.60009765625,3861.300048828125,3903.800048828125,3735.550048828125,3666.800048828125,3887.020068359375,3798.980029296875,17.388856238601942,95.19860487542029,167.050048828125,4.60009765625,3801.0
2024-01-19,3945.0,3963.550048828125,3915.050048828125,3943.050048828125,2941975,3795.487512207031,3655.726005859375,0.0103648721774407,0.0133325811339259,3902.60009765625,3884.60009765625,3861.300048828125,3882.800048828125,3737.89990234375,3899.070068359375,3819.4950439453123,30.020938241631207,102.40534908495673,60.25,-1.949951171875,3800.550048828125
2024-01-23,3900.0,3933.89990234375,3842.75,3858.25,2618854,3797.2000122070312,3665.2600048828126,-0.0215062065604081,0.0141964402328139,3943.050048828125,3902.60009765625,3884.60009765625,3903.800048828125,3678.300048828125,3889.96005859375,3837.4900390625,34.76338162352656,89.88228176088556,-45.550048828125,-41.75,3815.949951171875
2024-01-24,3880.0,3883.64990234375,3805.60009765625,3841.800048828125,2657709,3799.5125122070312,3675.1470068359376,-0.0042635783507742,0.0141200204848205,3858.25,3943.050048828125,3902.60009765625,3861.300048828125,3689.89990234375,3886.06005859375,3852.6800537109375,39.54715915357005,73.51325160073159,-19.5,-38.199951171875,3854.14990234375
2024-01-25,3839.89990234375,3861.0,3778.699951171875,3810.300048828125,2205154,3799.467517089844,3684.6840087890623,-0.0081992814825457,0.0142311898885711,3841.800048828125,3858.25,3943.050048828125,3884.60009765625,3713.050048828125,3871.200048828125,3862.4050537109374,52.17580696799885,57.726898937540625,-74.300048828125,-29.599853515625,3966.300048828125
2024-01-29,3800.800048828125,3820.0,3780.85009765625,3801.0,1646747,3799.522521972656,3694.0730078125,-0.002440765480132,0.0142257611837561,3810.300048828125,3841.800048828125,3858.25,3902.60009765625,3735.550048828125,3850.880029296875,3868.950048828125,56.49519260821722,43.769056161085096,-101.60009765625,0.199951171875,3973.300048828125
2024-01-30,3807.449951171875,3847.800048828125,3787.0,3800.550048828125,1411621,3799.880029296875,3701.9980078125,-0.0001183770512693,0.0142194905735739,3801.0,3810.300048828125,3841.800048828125,3943.050048828125,3882.800048828125,3822.380029296875,3860.725048828125,26.188602410935456,48.36413242279855,-142.5,-6.89990234375,4136.0
2024-01-31,3811.199951171875,3834.0,3796.449951171875,3815.949951171875,2459358,3800.122521972656,3708.360004882813,0.0040520193513826,0.0142099763710276,3800.550048828125,3801.0,3810.300048828125,3858.25,3903.800048828125,3813.92001953125,3851.9400390625,16.883452440411066,47.64380981640434,-42.300048828125,4.75,4083.39990234375
2024-02-01,3820.0,3904.89990234375,3805.050048828125,3854.14990234375,2363107,3803.67001953125,3715.39400390625,0.0100106006789066,0.0142582154947011,3815.949951171875,3800.550048828125,3801.0,3841.800048828125,3861.300048828125,3816.389990234375,3851.2250244140623,22.084199817810184,47.54127420560157,12.349853515625,34.14990234375,4134.10009765625
2024-02-02,3875.050048828125,3984.39990234375,3872.0,3966.300048828125,2826510,3817.397521972656,3724.328002929688,0.0290985429539663,0.0142789879417364,3854.14990234375,3815.949951171875,3800.550048828125,3810.300048828125,3884.60009765625,3847.589990234375,3859.39501953125,69.85625563902927,59.44412157242657,156.0,91.25,4133.7001953125
2024-02-05,3983.0,4022.0,3962.10009765625,3973.300048828125,1691523,3832.722521972656,3733.590004882813,0.0017648689997793,0.0140765280179572,3966.300048828125,3854.14990234375,3815.949951171875,3801.0,3902.60009765625,3882.05,3866.4650146484373,82.48411374924179,68.64583900914171,172.300048828125,-9.699951171875,4120.7001953125
2024-02-06,3997.0,4149.89990234375,3990.0,4136.0,4474396,3852.6275268554687,3745.7070068359376,0.0409483173111633,0.0160015486744273,3973.300048828125,3966.300048828125,3854.14990234375,3800.550048828125,3943.050048828125,3949.139990234375,3885.760009765625,125.05752935622301,108.25439863881415,335.449951171875,139.0,4149.5
2024-02-07,4153.0,4155.0,4073.949951171875,4083.39990234375,2124267,3872.88251953125,3757.210004882813,-0.0127176251586678,0.0157920811499057,4136.0,3973.300048828125,3966.300048828125,3815.949951171875,3858.25,4002.62998046875,3908.275,110.15646237569219,124.14445531553154,267.449951171875,-69.60009765625,4100.10009765625
2024-02-08,4090.0,4158.0,4086.050048828125,4134.10009765625,2345173,3895.092529296875,3770.750004882813,0.0124161719461763,0.0158598156901849,4083.39990234375,4136.0,3973.300048828125,3854.14990234375,3841.800048828125,4058.62001953125,3937.5050048828125,83.81739162413768,140.13514739309898,279.9501953125,44.10009765625,4103.2001953125
2024-02-09,4136.5498046875,4184.75,4100.0,4133.7001953125,2100596,3916.125036621094,3784.021010742188,-9.673262240961213e-05,0.0159140499419559,4134.10009765625,4083.39990234375,4136.0,3966.300048828125,3810.300048828125,4092.100048828125,3969.84501953125,70.01948755670723,144.75781392926828,167.400146484375,-2.849609375,4128.2998046875
2024-02-12,4130.0,4159.60009765625,4105.5498046875,4120.7001953125,1013716,3935.3825439453126,3796.1600146484375,-0.0031448821602354,0.0160296590546108,4133.7001953125,4134.10009765625,4083.39990234375,3973.300048828125,3801.0,4121.580078125,4001.8150390625,22.19280453784504,138.49237612126507,147.400146484375,-9.2998046875,4103.7998046875
2024-02-13,4125.4501953125,4170.0,4081.5,4149.5,1257415,3948.7175415039055,3809.398012695312,0.0069890560638847,0.0138626755567422,4120.7001953125,4133.7001953125,4134.10009765625,4136.0,3800.550048828125,4124.280078125,4036.7100341796877,25.02608730727281,125.49806937169694,13.5,24.0498046875,4030.64990234375
2024-02-14,4107.0,4114.89990234375,4049.5,4100.10009765625,1391283,3958.5325439453127,3821.1670166015615,-0.0119050252665984,0.0142664932018412,4149.5,4120.7001953125,4133.7001953125,4083.39990234375,3815.949951171875,4127.6201171875,4065.125048828125,18.458897329696118,99.41889160262346,16.7001953125,-6.89990234375,3991.5
2024-02-15,4128.0,4146.2998046875,4083.0,4103.2001953125,1091582,3970.627551269531,3832.982021484375,0.0007561029200291,0.0139226756536634,4100.10009765625,4149.5,4120.7001953125,4134.10009765625,3854.14990234375,4121.44013671875,4090.030078125,20.774414594930043,66.41087893675403,-30.89990234375,-24.7998046875,4087.10009765625
2024-02-16,4113.25,4147.9501953125,4100.10009765625,4128.2998046875,1307556,3982.812536621094,3844.916015625,0.0061170813463291,0.0139235961505908,4103.2001953125,4100.10009765625,4149.5,4133.7001953125,3966.300048828125,4120.36005859375,4106.230053710938,20.107326843634493,50.79884436774322,-5.400390625,15.0498046875,4052.10009765625
2024-02-19,4123.0498046875,4128.2998046875,4055.0,4103.7998046875,772291,3992.872521972656,3854.910009765625,-0.0059346465031878,0.0140636788891857,4128.2998046875,4103.2001953125,4100.10009765625,4120.7001953125,3973.300048828125,4116.97998046875,4119.280029296875,21.413897630881802,20.702132434768377,-16.900390625,-19.25,4001.050048828125
2024-02-20,4082.10009765625,4098.0,4010.0,4030.64990234375,1193648,3997.2525146484377,3863.225009765625,-0.0178249197878014,0.0146460739420791,4103.7998046875,4128.2998046875,4103.2001953125,4149.5,4136.0,4093.2099609375,4108.74501953125,36.75758977122814,33.86752338469416,-118.85009765625,-51.4501953125,4104.39990234375
2024-02-21,4013.0,4063.35009765625,3980.60009765625,3991.5,1885939,4003.9150146484376,3870.521010742188,-0.0097130495806606,0.0139023099428004,4030.64990234375,4103.7998046875,4128.2998046875,4100.10009765625,4083.39990234375,4071.48994140625,4099.555029296875,57.75622812925722,50.09163014635261,-108.60009765625,-21.5,4118.9501953125
2024-02-22,3971.0,4094.949951171875,3971.0,4087.10009765625,2982052,4016.180017089844,3879.405014648437,0.0239509201193159,0.0146662612449809,3991.5,4030.64990234375,4103.7998046875,4103.2001953125,4134.10009765625,4068.269921875,4094.855029296875,55.96744968577199,48.67512057930549,-16.10009765625,116.10009765625,4095.10009765625
2024-02-23,4130.0,4130.0,4046.39990234375,4052.10009765625,2538072,4028.27001953125,3887.005014648437,-0.0085635289480848,0.0146813806634427,4087.10009765625,3991.5,4030.64990234375,4128.2998046875,4133.7001953125,4053.02998046875,4086.69501953125,44.7940258621923,48.277652909154405,-76.19970703125,-77.89990234375,4094.35009765625
2024-02-26,4036.0,4050.0,3982.75,4001.050048828125,1379284,4038.272521972656,3895.155014648437,-0.0125984175113671,0.015057027053647,4052.10009765625,4087.10009765625,3991.5,4103.7998046875,4120.7001953125,4032.480029296875,4074.7300048828124,38.855034384556795,53.46201060899085,-102.749755859375,-34.949951171875,4080.699951171875
2024-02-27,3999.0,4124.0,3999.0,4104.39990234375,2960475,4053.465014648437,3903.898012695312,0.0258306825094316,0.0158982244843911,4001.050048828125,4052.10009765625,4087.10009765625,4030.64990234375,4149.5,4047.230029296875,4070.2199951171874,50.299505620120655,48.085604186538916,73.75,105.39990234375,4012.10009765625
2024-02-28,4095.60009765625,4154.89990234375,4089.0,4118.9501953125,1939225,4068.615026855469,3909.057016601562,0.0035450475867231,0.0158984939725934,4104.39990234375,4001.050048828125,4052.10009765625,3991.5,4100.10009765625,4072.720068359375,4072.1050048828124,47.194800172670504,49.72849310117873,127.4501953125,23.35009765625,4064.300048828125
2024-02-29,4099.0,4138.10009765625,4064.550048828125,4095.10009765625,3772719,4080.6625366210938,3913.77501953125,-0.0057903340718691,0.0159737069775486,4118.9501953125,4104.39990234375,4001.050048828125,4087.10009765625,4103.2001953125,4074.320068359375,4071.2949951171877,47.934009643736196,49.22918003314496,8.0,-3.89990234375,4108.60009765625
2024-03-01,4107.2001953125,4140.0,4086.800048828125,4094.35009765625,2043265,4087.0650390625,3919.338022460937,-0.0001831457063599,0.0147671627436166,4095.10009765625,4118.9501953125,4104.39990234375,4052.10009765625,4128.2998046875,4082.770068359375,4067.9000244140625,46.7470309155806,45.92063283392134,42.25,-12.85009765625,4122.35009765625
2024-03-04,4105.0,4117.89990234375,4075.89990234375,4080.699951171875,1749271,4092.435034179688,3925.351020507812,-0.0033338982155406,0.0148097946172261,4094.35009765625,4095.10009765625,4118.9501953125,4001.050048828125,4103.7998046875,4098.700048828125,4065.5900390625,14.12835802559044,44.47224384925721,79.64990234375,-24.300048828125,4192.25
2024-03-05,4062.0,4064.0,3980.0,4012.10009765625,2070859,4086.2400390625,3929.8430224609374,-0.0168108055815093,0.0120794391479475,4080.699951171875,4094.35009765625,4095.10009765625,4104.39990234375,4030.64990234375,4080.240087890625,4063.73505859375,40.50201978234775,46.43511052977856,-92.2998046875,-49.89990234375,4149.0
2024-03-06,3994.050048828125,4072.0,3958.449951171875,4064.300048828125,1744204,4085.285046386719,3934.6490234375,0.0130106303186126,0.0121859025326539,4012.10009765625,4080.699951171875,4094.35009765625,4118.9501953125,3991.5,4069.31005859375,4071.0150634765623,34.350906655964366,38.95639474278298,-54.650146484375,70.25,4207.60009765625
2024-03-07,4065.0,4124.0,4037.699951171875,4108.60009765625,2688905,4084.010046386719,3940.910024414063,0.0108997978239568,0.0121079781369289,4064.300048828125,4012.10009765625,4080.699951171875,4095.10009765625,4087.10009765625,4072.01005859375,4073.1650634765624,37.289644028317554,40.50526398153758,13.5,43.60009765625,4219.25
2024-03-11,4089.0,4153.0,4089.0,4122.35009765625,2304068,4083.4425415039054,3947.13302734375,0.0033466386781824,0.01213457476768,4108.60009765625,4064.300048828125,4012.10009765625,4094.35009765625,4052.10009765625,4077.61005859375,4080.1900634765625,43.12862273054426,42.489235557272856,28.0,33.35009765625,4152.5
2024-03-12,4122.35009765625,4229.9501953125,4121.0498046875,4192.25,4039801,4087.0200317382814,3954.980029296875,0.0169563236231418,0.0126862150982264,4122.35009765625,4108.60009765625,4064.300048828125,4080.699951171875,4001.050048828125,4099.920068359375,4099.31005859375,67.2391226246053,45.80946234912444,111.550048828125,69.89990234375,3977.300048828125
2024-03-13,4205.0,4241.0,4131.89990234375,4149.0,2837260,4086.995031738281,3962.09203125,-0.0103166557337944,0.012840953856894,4192.25,4122.35009765625,4108.60009765625,4012.10009765625,4104.39990234375,4127.300048828125,4103.770068359375,47.519928000028266,48.45482255887115,136.89990234375,-56.0,3970.89990234375
2024-03-14,4153.4501953125,4225.0,4086.0,4207.60009765625,2919608,4092.370031738281,3970.02203125,0.014123908810858,0.0128821514391093,4149.0,4192.25,4122.35009765625,4064.300048828125,4118.9501953125,4155.96005859375,4112.63505859375,43.02525790591409,58.59008891710331,143.300048828125,54.14990234375,3972.949951171875
2024-03-15,4192.60009765625,4239.0,4177.0,4219.25,3373143,4098.172521972656,3978.7430322265623,0.0027687760417725,0.0128849365706857,4207.60009765625,4149.0,4192.25,4108.60009765625,4095.10009765625,4178.0900390625,4125.050048828125,40.983722003223846,67.01006369246095,110.64990234375,26.64990234375,3910.89990234375
2024-03-18,4215.25,4254.75,4117.85009765625,4152.5,1526904,4099.382531738282,3987.9580322265615,-0.0158203472181074,0.0133926232834516,4219.25,4207.60009765625,4149.0,4122.35009765625,4094.35009765625,4184.12001953125,4130.8650390625,31.956093260639,66.57160675020313,30.14990234375,-62.75,3877.5
2024-03-19,4051.25,4058.0,3966.60009765625,3977.300048828125,8931209,4093.057543945312,3994.1680322265615,-0.0421914391744431,0.0164066786523931,4152.5,4219.25,4207.60009765625,4192.25,4080.699951171875,4141.130029296875,4120.525048828125,96.89230488458843,81.56968774535524,-214.949951171875,-73.949951171875,3840.89990234375
2024-03-20,3986.0,4018.0,3960.199951171875,3970.89990234375,1817913,4090.0700439453126,3998.8280322265614,-0.0016091686334454,0.0159484015403499,3977.300048828125,4152.5,4219.25,4149.0,4012.10009765625,4105.510009765625,4116.405029296875,122.60190221808202,88.40845512879473,-178.10009765625,-15.10009765625,3876.300048828125
2024-03-21,3990.050048828125,4008.39990234375,3948.0,3972.949951171875,3829582,4089.142541503906,4004.7210302734375,0.0005162680698436,0.0158049869599615,3970.89990234375,3977.300048828125,4152.5,4207.60009765625,4064.300048828125,4058.57998046875,4107.27001953125,118.59864095954534,98.53055976044583,-234.650146484375,-17.10009765625,3916.75
2024-03-22,3897.0,3938.0,3855.0,3910.89990234375,5852485,4080.3325317382814,4009.1410302734375,-0.0156181300018195,0.0150947382778986,3972.949951171875,3970.89990234375,3977.300048828125,4219.25,4108.60009765625,3996.9099609375,4087.5,91.16077048779772,116.44042728370876,-308.35009765625,13.89990234375,3883.800048828125
2024-03-26,3875.0,3946.699951171875,3871.449951171875,3877.5,3440925,4071.602526855469,4012.430029296875,-0.0085402089487726,0.0150942129539424,3910.89990234375,3972.949951171875,3970.89990234375,4152.5,4122.35009765625,3941.9099609375,4063.014990234375,45.184684405619066,132.88076176082544,-275.0,2.5,3947.300048828125
2024-03-27,3888.5,3895.0,3829.39990234375,3840.89990234375,1968575,4063.59501953125,4014.537026367188,-0.0094390967520954,0.0149946620716736,3877.5,3910.89990234375,3972.949951171875,3977.300048828125,4192.25,3914.629931640625,4027.87998046875,57.87096949973461,141.10847168144832,-136.400146484375,-47.60009765625,4003.300048828125
2024-03-28,3850.10009765625,3915.0,3840.5,3876.300048828125,4311783,4052.1900268554687,4014.4070263671874,0.0092166282341212,0.0137872114130674,3840.89990234375,3877.5,3910.89990234375,3970.89990234375,4149.0,3895.7099609375,4000.6099853515625,49.77258356718847,141.4505399347448,-94.599853515625,26.199951171875,3979.25
2024-04-01,3897.699951171875,3933.300048828125,3888.050048828125,3916.75,1569676,4042.080017089844,4014.666025390625,0.0104351961051374,0.0140369630985659,3876.300048828125,3840.89990234375,3877.5,3972.949951171875,4207.60009765625,3884.469970703125,3971.5249755859377,30.635847261876687,122.83797361251857,-56.199951171875,19.050048828125,3972.550048828125
2024-04-02,3890.0,3909.85009765625,3873.0,3883.800048828125,2142666,4031.5150146484375,4015.116025390625,-0.0084125744997446,0.0140822841450103,3916.75,3876.300048828125,3840.89990234375,3910.89990234375,4219.25,3879.05,3937.97998046875,26.96872098602866,88.74296086680208,-27.099853515625,-6.199951171875,3946.550048828125
2024-04-03,3851.0,3981.0,3851.0,3947.300048828125,3973090,4024.1625122070313,4016.3700244140623,0.0163499663220716,0.0147002425687182,3883.800048828125,3916.75,3876.300048828125,3877.5,4152.5,3893.010009765625,3917.4599853515624,40.590962504751516,47.99900557893686,69.800048828125,96.300048828125,3984.64990234375
2024-04-04,3975.89990234375,4028.64990234375,3935.25,4003.300048828125,3394637,4020.292517089844,4018.3840234375,0.014186912397659,0.0151154177650761,3947.300048828125,3883.800048828125,3916.75,3840.89990234375,3977.300048828125,3925.4900390625,3920.0599853515623,51.87526591138406,52.12722058140568,162.400146484375,27.400146484375,4001.39990234375
2024-04-05,3978.0,4002.0,3960.5,3979.25,1636819,4018.650012207031,4019.1080224609377,-0.0060075559000792,0.0147023126382402,4003.300048828125,3947.300048828125,3883.800048828125,3876.300048828125,3970.89990234375,3946.080029296875,3920.8949951171876,47.73602576930823,53.090083182691174,102.949951171875,1.25,3941.199951171875
2024-04-08,3983.0,4032.64990234375,3960.0,3972.550048828125,2302538,4014.062512207032,4021.3940234375,-0.0016837221013695,0.0143650448525836,3979.25,4003.300048828125,3947.300048828125,3916.75,3972.949951171875,3957.2400390625,3920.8550048828124,45.641523995636504,53.04664878193067,55.800048828125,-10.449951171875,3872.800048828125
2024-04-09,3984.0,4015.85009765625,3925.050048828125,3946.550048828125,1876992,4005.960009765625,4023.4890234375,-0.0065449143951427,0.0141294728133525,3972.550048828125,3979.25,4003.300048828125,3883.800048828125,3910.89990234375,3969.7900390625,3924.42001953125,23.800872232771145,53.49928394670795,62.75,-37.449951171875,3862.0
2024-04-10,3956.39990234375,3990.199951171875,3918.0,3984.64990234375,2101965,3999.075,4026.976020507812,0.0096539643598181,0.0143221477645188,3946.550048828125,3972.550048828125,3979.25,3947.300048828125,3877.5,3977.260009765625,3935.135009765625,20.62728557414978,53.78723603117715,37.349853515625,28.25,3826.199951171875
2024-04-12,3971.0,4013.35009765625,3945.5,4001.39990234375,4354821,3989.5324951171874,4030.9840185546873,0.0042036315386573,0.0137239679375431,3984.64990234375,3946.550048828125,3972.550048828125,4003.300048828125,3840.89990234375,3976.87998046875,3951.185009765625,20.036643360382154,45.91339232903742,-1.900146484375,30.39990234375,3864.60009765625
2024-04-15,4001.39990234375,4064.199951171875,3919.050048828125,3941.199951171875,4200329,3979.142492675781,4033.7970166015625,-0.0150447225073939,0.0139099419567286,4001.39990234375,3984.64990234375,3946.550048828125,3979.25,3876.300048828125,3969.269970703125,3957.675,25.41532295431002,38.068798312365736,-38.050048828125,-60.199951171875,3874.699951171875
2024-04-16,3902.0,3928.699951171875,3862.85009765625,3872.800048828125,3051420,3962.402490234375,4034.934018554688,-0.0173550957046501,0.0137127041321451,3941.199951171875,4001.39990234375,3984.64990234375,3972.550048828125,3916.75,3949.319970703125,3953.2800048828126,49.722804068028694,45.18952992693371,-99.75,-29.199951171875,3831.050048828125
2024-04-18,3876.800048828125,3936.0,3850.0,3862.0,3476284,3944.539990234375,4035.0910205078126,-0.002788692597593,0.0136233420552997,3872.800048828125,3941.199951171875,4001.39990234375,3946.550048828125,3883.800048828125,3932.4099609375,3951.1,63.39714434141314,49.256576910329855,-84.550048828125,-14.800048828125,3852.199951171875
2024-04-19,3838.0,3852.550048828125,3800.89990234375,3826.199951171875,2957749,3928.224987792969,4032.289018554688,-0.0092698210326579,0.0134094856158104,3862.0,3872.800048828125,3941.199951171875,3984.64990234375,3947.300048828125,3900.719970703125,3938.989990234375,70.01262195775159,63.20597064222531,-158.449951171875,-11.800048828125,3821.35009765625
2024-04-22,3837.0,3878.0,3812.0,3864.60009765625,1728883,3922.589990234375,4030.11501953125,0.0100361055288324,0.0103063911712717,3826.199951171875,3862.0,3872.800048828125,4001.39990234375,4003.300048828125,3873.360009765625,3925.1199951171875,41.92978718897331,62.742203906476924,-136.7998046875,27.60009765625,3870.199951171875
2024-04-23,3877.050048828125,3895.0,3860.60009765625,3874.699951171875,1807586,3917.779992675781,4024.889018554688,0.002613427847748,0.0103447527632863,3864.60009765625,3826.199951171875,3862.0,3941.199951171875,3979.25,3860.060009765625,3914.664990234375,19.669239994336888,61.416890086626154,-66.5,-2.35009765625,3820.64990234375
2024-04-24,3890.0,3898.0,3824.449951171875,3831.050048828125,1317312,3910.6849975585938,4019.842021484375,-0.011265363226525,0.0105762591621492,3874.699951171875,3864.60009765625,3826.199951171875,3872.800048828125,3972.550048828125,3851.710009765625,3900.514990234375,21.668945210258073,62.88160206927025,-41.75,-58.949951171875,3863.300048828125
2024-04-25,3811.199951171875,3873.64990234375,3811.0,3852.199951171875,2856271,3907.75,4014.204018554688,0.0055206541481283,0.0101671871917634,3831.050048828125,3874.699951171875,3864.60009765625,3862.0,3946.550048828125,3849.75,3891.07998046875,20.936336225877692,62.282318871667364,-9.800048828125,41.0,3843.39990234375
2024-04-26,3855.14990234375,3876.800048828125,3802.550048828125,3821.35009765625,2039178,3904.942504882813,4007.9570166015615,-0.0080083728536054,0.0101462948957573,3852.199951171875,3831.050048828125,3874.699951171875,3826.199951171875,3984.64990234375,3848.780029296875,3874.75,22.363844346147584,56.12686903845747,-4.849853515625,-33.7998046875,3921.050048828125
2024-04-29,3838.0,3877.800048828125,3819.199951171875,3870.199951171875,1110693,3906.407507324219,4002.94701171875,0.0127834017473527,0.0103513431538584,3821.35009765625,3852.199951171875,3831.050048828125,3864.60009765625,4001.39990234375,3849.9,3861.6300048828125,23.467173637399142,34.336878966510845,5.599853515625,32.199951171875,3978.949951171875
2024-04-30,3872.0,3881.75,3810.0,3820.64990234375,2203078,3903.625,3996.370009765625,-0.012802968697553,0.0105370555257607,3870.199951171875,3821.35009765625,3852.199951171875,3874.699951171875,3941.199951171875,3839.089990234375,3849.575,21.558536784878033,22.375463592635285,-54.050048828125,-51.35009765625,3976.949951171875
2024-05-02,3778.050048828125,3871.10009765625,3778.050048828125,3863.300048828125,2491044,3900.952502441406,3991.634008789063,0.0111630606243748,0.0105786048660689,3820.64990234375,3870.199951171875,3821.35009765625,3831.050048828125,3872.800048828125,3845.539990234375,3848.625,23.305341729507735,21.462891518809574,32.25,85.25,3960.199951171875
2024-05-03,3890.14990234375,3893.60009765625,3797.60009765625,3843.39990234375,2962234,3898.932495117188,3986.438002929688,-0.0051510745302869,0.0104770280577982,3863.300048828125,3820.64990234375,3870.199951171875,3852.199951171875,3862.0,3843.77998046875,3846.764990234375,23.00702358591644,20.97542495495552,-8.800048828125,-46.75,3893.89990234375
2024-05-06,3853.0,3939.949951171875,3853.0,3921.050048828125,2053831,3897.619995117188,3982.2930078125,0.0202035043080015,0.0108320638918452,3843.39990234375,3863.300048828125,3820.64990234375,3821.35009765625,3826.199951171875,3863.719970703125,3856.25,37.40601658047982,30.1024381892969,99.699951171875,68.050048828125,3947.800048828125
2024-05-07,3930.800048828125,3988.0,3913.5,3978.949951171875,2062112,3896.402490234375,3979.796010742188,0.0147664277738699,0.0108734895932263,3921.050048828125,3843.39990234375,3863.300048828125,3870.199951171875,3864.60009765625,3885.469970703125,3867.6849853515623,64.16285151399785,49.25373764866505,108.75,48.14990234375,3901.199951171875
2024-05-08,3961.0,3984.300048828125,3938.60009765625,3976.949951171875,1247685,3896.287487792969,3978.72201171875,-0.0005026451763764,0.0107893950824567,3978.949951171875,3921.050048828125,3843.39990234375,3820.64990234375,3874.699951171875,3916.72998046875,3877.9099853515627,62.74649506016827,60.25638998989259,156.300048828125,15.949951171875,3880.39990234375
2024-05-09,3962.0,3971.0,3910.050048828125,3960.199951171875,1726486,3895.669982910156,3978.096010742187,-0.0042117703782177,0.0108252326841793,3976.949951171875,3978.949951171875,3921.050048828125,3863.300048828125,3831.050048828125,3936.1099609375,3890.8249755859374,56.801085183968176,62.88022821887,96.89990234375,-1.800048828125,3900.949951171875
2024-05-10,3962.60009765625,3973.60009765625,3885.050048828125,3893.89990234375,1672489,3893.0374755859375,3974.2320068359377,-0.0167415912442769,0.0113710929189131,3960.199951171875,3976.949951171875,3978.949951171875,3843.39990234375,3852.199951171875,3946.2099609375,3894.994970703125,37.3561815310958,61.39940461032368,50.5,-68.7001953125,3834.10009765625
2024-05-13,3884.5,3955.0,3870.0,3947.800048828125,931326,3891.194982910156,3972.146005859375,0.0138422013498427,0.011606197435936,3893.89990234375,3960.199951171875,3976.949951171875,3921.050048828125,3821.35009765625,3951.5599609375,3907.6399658203127,34.67106825757281,57.44062820095279,26.75,63.300048828125,3820.199951171875
2024-05-14,3936.0,3945.800048828125,3892.89990234375,3901.199951171875,1058317,3886.1849853515614,3970.14900390625,-0.0118040673488726,0.0118219333058799,3947.800048828125,3893.89990234375,3960.199951171875,3978.949951171875,3870.199951171875,3936.0099609375,3910.7399658203126,36.69209184224853,56.01433447974412,-77.75,-34.800048828125,3832.0
2024-05-15,3904.5,3926.949951171875,3875.5,3880.39990234375,1115021,3883.144982910156,3965.66900390625,-0.0053317053953814,0.0114158210861401,3901.199951171875,3947.800048828125,3893.89990234375,3976.949951171875,3820.64990234375,3916.699951171875,3916.7149658203125,35.1327904019422,47.94179882295819,-96.550048828125,-24.10009765625,3893.449951171875
2024-05-16,3891.10009765625,3909.5,3843.5,3900.949951171875,2599399,3884.552478027344,3961.3089990234375,0.0052958585056435,0.0107842300338796,3880.39990234375,3901.199951171875,3947.800048828125,3960.199951171875,3863.300048828125,3904.849951171875,3920.4799560546876,25.450696678614598,44.64598462019841,-59.25,9.849853515625,3849.5
2024-05-17,3919.0,3920.0,3830.0,3834.10009765625,2765804,3883.157482910157,3956.088999023437,-0.0171368139433685,0.0114645188263067,3900.949951171875,3880.39990234375,3901.199951171875,3893.89990234375,3843.39990234375,3892.889990234375,3919.5499755859373,41.11382590053799,46.48879447361893,-59.7998046875,-84.89990234375,3847.050048828125
2024-05-21,3830.60009765625,3844.75,3810.050048828125,3820.199951171875,1908117,3882.857482910156,3950.60599609375,-0.0036253999974784,0.0113003892429715,3834.10009765625,3900.949951171875,3880.39990234375,3947.800048828125,3921.050048828125,3867.369970703125,3909.4649658203125,37.99262092986339,56.077302812088725,-127.60009765625,-10.400146484375,3839.89990234375
2024-05-22,3835.0,3841.25,3817.550048828125,3832.0,1311168,3881.227478027344,3945.631997070313,0.0030888563370892,0.0110796956108516,3820.199951171875,3834.10009765625,3900.949951171875,3901.199951171875,3978.949951171875,3853.52998046875,3894.769970703125,35.08061281201954,55.09103974473239,-69.199951171875,-3.0,3803.64990234375
2024-05-23,3840.949951171875,3905.0,3825.5,3893.449951171875,2095742,3882.164978027344,3943.258994140625,0.0160359997838921,0.011660894636255,3832.0,3820.199951171875,3834.10009765625,3880.39990234375,3976.949951171875,3856.139990234375,3886.419970703125,37.94782004790838,46.982469784093695,13.050048828125,52.5,3736.10009765625
2024-05-24,3878.25,3883.800048828125,3844.300048828125,3849.5,1309452,3883.0874755859377,3938.9629931640634,-0.0112881767386393,0.0116620871739822,3893.449951171875,3832.0,3820.199951171875,3900.949951171875,3960.199951171875,3845.85,3875.3499755859375,28.57833778200087,40.22205448496564,-51.449951171875,-28.75,3670.949951171875
2024-05-27,3855.0,3908.35009765625,3841.35009765625,3847.050048828125,1841538,3882.82998046875,3933.7319921875,-0.000636433607449,0.0115982443878902,3849.5,3893.449951171875,3832.0,3834.10009765625,3893.89990234375,3848.439990234375,3870.664990234375,27.824113761986883,40.54848702103787,12.949951171875,-7.949951171875,3702.85009765625
2024-05-28,3858.0,3870.0,3830.0,3839.89990234375,1801993,3883.757470703125,3928.08298828125,-0.0018586050073752,0.0114554825514036,3847.050048828125,3849.5,3893.449951171875,3820.199951171875,3947.800048828125,3852.37998046875,3859.8749755859376,23.950683217045757,30.96601614813447,19.699951171875,-18.10009765625,3715.0
2024-05-29,3848.89990234375,3848.89990234375,3800.0,3803.64990234375,1568095,3880.429968261719,3920.310986328125,-0.0094403502492016,0.0112574503379151,3839.89990234375,3847.050048828125,3849.5,3832.0,3901.199951171875,3846.7099609375,3850.119970703125,31.988561271927257,31.85374817654442,-28.35009765625,-45.25,3746.449951171875
2024-05-30,3777.0,3794.39990234375,3715.449951171875,3736.10009765625,2919230,3876.202478027344,3912.05298828125,-0.0177592066624945,0.0115852027659548,3803.64990234375,3839.89990234375,3847.050048828125,3893.449951171875,3880.39990234375,3815.239990234375,3835.689990234375,47.93535255086124,46.10780276486262,-157.349853515625,-40.89990234375,3830.39990234375
2024-05-31,3740.0,3749.800048828125,3653.75,3670.949951171875,10956800,3866.584973144531,3901.3199853515625,-0.0174380088277734,0.0117615912145679,3736.10009765625,3803.64990234375,3839.89990234375,3849.5,3900.949951171875,3779.52998046875,3812.689990234375,74.9350305479918,63.878168111022354,-178.550048828125,-69.050048828125,3893.949951171875
2024-06-03,3732.800048828125,3751.550048828125,3696.0,3702.85009765625,2156773,3859.557482910156,3890.991987304688,0.0086898886960284,0.0120012004085267,3670.949951171875,3736.10009765625,3803.64990234375,3847.050048828125,3834.10009765625,3750.689990234375,3799.564990234375,70.04133569936421,71.96259545589375,-144.199951171875,-29.949951171875,3858.699951171875
2024-06-04,3700.0,3745.0,3591.5,3715.0,3395997,3849.25498046875,3882.241987304688,0.0032812298697806,0.0109162947393078,3702.85009765625,3670.949951171875,3736.10009765625,3839.89990234375,3820.199951171875,3725.710009765625,3789.0449951171877,49.544234501797035,76.17689157519304,-124.89990234375,15.0,3852.10009765625
2024-06-05,3716.0,3783.800048828125,3700.0,3746.449951171875,2799670,3837.62998046875,3877.6249853515615,0.0084656665334792,0.0104693226865825,3715.0,3702.85009765625,3670.949951171875,3803.64990234375,3832.0,3714.27001953125,3780.489990234375,29.66342917258747,75.61862904609573,-57.199951171875,30.449951171875,3831.64990234375
2024-06-06,3781.0,3839.89990234375,3741.5,3830.39990234375,4328036,3830.302478027344,3874.8149853515615,0.0224078667180955,0.0119064045373439,3746.449951171875,3715.0,3702.85009765625,3736.10009765625,3893.449951171875,3733.12998046875,3774.1849853515623,60.726400476624306,67.32764762738856,94.2998046875,49.39990234375,3878.14990234375
2024-06-07,3837.300048828125,3915.0,3837.300048828125,3893.949951171875,4552445,3826.989978027344,3873.2349853515625,0.0165909697285757,0.0125752527980593,3830.39990234375,3746.449951171875,3715.0,3670.949951171875,3849.5,3777.72998046875,3778.62998046875,81.85610819142109,73.99010820213174,223.0,56.64990234375,3832.050048828125
2024-06-10,3895.0,3905.89990234375,3841.89990234375,3858.699951171875,1734661,3825.22998046875,3872.190986328125,-0.009052504639766,0.0121722838180161,3893.949951171875,3830.39990234375,3746.449951171875,3702.85009765625,3847.050048828125,3808.899951171875,3779.794970703125,75.65215418358045,75.26777932267666,155.849853515625,-36.300048828125,3815.10009765625
2024-06-11,3845.0,3879.949951171875,3841.0,3852.10009765625,1419898,3820.444982910156,3871.68298828125,-0.0017103826675148,0.0117033891073191,3858.699951171875,3893.949951171875,3830.39990234375,3715.0,3839.89990234375,3836.319970703125,3781.014990234375,55.18776631008178,76.44002117646185,137.10009765625,7.10009765625,3801.699951171875
2024-06-12,3874.39990234375,3893.5,3827.449951171875,3831.64990234375,2177001,3816.96748046875,3871.49798828125,-0.0053088431749067,0.0114805116190312,3852.10009765625,3858.699951171875,3893.949951171875,3746.449951171875,3803.64990234375,3853.3599609375,3783.814990234375,25.86571569269137,77.86087779227093,85.199951171875,-42.75,3787.25
2024-06-13,3856.800048828125,3890.0,3852.0,3878.14990234375,1932323,3816.85498046875,3871.534985351562,0.0121357642752164,0.0117810242231643,3831.64990234375,3852.10009765625,3858.699951171875,3830.39990234375,3736.10009765625,3862.9099609375,3798.019970703125,24.018250339467357,81.07979374460756,47.75,21.349853515625,3810.75
2024-06-14,3889.0,3889.0,3828.0,3832.050048828125,1860730,3813.409985351562,3869.840986328125,-0.0118870736501868,0.012001795642651,3878.14990234375,3831.64990234375,3852.10009765625,3893.949951171875,3670.949951171875,3850.52998046875,3814.12998046875,19.557856459058733,67.97166794583494,-61.89990234375,-56.949951171875,3816.800048828125
2024-06-18,3826.050048828125,3842.0,3795.050048828125,3815.10009765625,1774045,3812.4599853515615,3868.4669873046873,-0.0044232071491494,0.0114145329539646,3832.050048828125,3878.14990234375,3831.64990234375,3858.699951171875,3702.85009765625,3841.810009765625,3825.35498046875,24.178387697453502,55.71659572100763,-43.599853515625,-10.949951171875,3838.449951171875
2024-06-19,3827.64990234375,3833.85009765625,3792.949951171875,3801.699951171875,1509050,3811.534985351562,3865.554985351562,-0.0035123970908672,0.0114127690039425,3815.10009765625,3832.050048828125,3878.14990234375,3852.10009765625,3715.0,3831.72998046875,3834.0249755859377,28.86725508712946,41.591534785206676,-50.400146484375,-25.949951171875,3855.85009765625
2024-06-20,3796.0,3809.949951171875,3780.050048828125,3787.25,2846526,3809.2974853515625,3861.233984375,-0.0038009183674321,0.0114128592162069,3801.699951171875,3815.10009765625,3832.050048828125,3831.64990234375,3746.449951171875,3822.85,3838.10498046875,35.062321833519164,33.20098882999552,-44.39990234375,-8.75,3934.14990234375
2024-06-21,3827.0,3877.800048828125,3798.050048828125,3810.75,4642195,3805.162487792969,3857.863984375,0.0062050300349858,0.0108603561335764,3787.25,3801.699951171875,3815.10009765625,3878.14990234375,3830.39990234375,3809.37001953125,3836.139990234375,16.562360059873622,34.27189615563997,-67.39990234375,-16.25,3904.14990234375
2024-06-24,3808.75,3857.0,3791.300048828125,3816.800048828125,1702154,3803.527490234375,3854.748984375,0.0015876268000065,0.0105979061197605,3810.75,3787.25,3801.699951171875,3832.050048828125,3893.949951171875,3806.32001953125,3828.425,12.16096408037762,27.904393922748323,-15.25,8.050048828125,3978.199951171875
2024-06-25,3817.0,3847.64990234375,3792.89990234375,3838.449951171875,1338808,3803.097485351562,3852.586982421875,0.0056722652658729,0.0106832012062121,3816.800048828125,3810.75,3787.25,3815.10009765625,3858.699951171875,3810.989990234375,3826.4,18.958875183978993,26.142382636677635,23.349853515625,21.449951171875,4017.39990234375
2024-06-26,3844.5,3866.949951171875,3841.0,3855.85009765625,1639845,3803.894995117188,3850.010986328125,0.0045331179787984,0.0107220269521864,3838.449951171875,3816.800048828125,3810.75,3801.699951171875,3852.10009765625,3821.82001953125,3826.775,26.350676140424518,26.575311248776398,54.150146484375,11.35009765625,3965.25
2024-06-27,3831.0,3942.0,3818.10009765625,3934.14990234375,4526556,3810.419995117188,3848.665986328125,0.0203067553728537,0.0113501629766348,3855.85009765625,3838.449951171875,3816.800048828125,3787.25,3831.64990234375,3851.2,3837.025,49.710241884313994,43.21934301032015,146.89990234375,103.14990234375,4020.949951171875
2024-06-28,3917.800048828125,3960.0,3897.85009765625,3904.14990234375,2731571,3818.8224853515626,3847.9249853515626,-0.007625535565416,0.0106372516484723,3934.14990234375,3855.85009765625,3838.449951171875,3810.75,3878.14990234375,3869.87998046875,3839.625,48.23695134291758,46.61675832915371,93.39990234375,-13.650146484375,4011.800048828125
2024-07-01,3884.0,4001.699951171875,3884.0,3978.199951171875,2658723,3834.1849853515614,3850.032983398437,0.018967009638557,0.0101955065267893,3904.14990234375,3934.14990234375,3855.85009765625,3816.800048828125,3832.050048828125,3902.1599609375,3854.239990234375,57.03719206419951,63.74232609637686,161.39990234375,94.199951171875,3993.199951171875
2024-07-02,3993.60009765625,4023.39990234375,3982.550048828125,4017.39990234375,2307449,3849.9124755859375,3853.1409814453127,0.0098536905266231,0.010226499271376,3978.199951171875,3904.14990234375,3934.14990234375,3838.449951171875,3815.10009765625,3937.949951171875,3874.469970703125,62.907922514516436,79.97531692580344,178.949951171875,23.7998046875,3985.5
2024-07-03,4020.0,4026.10009765625,3955.0,3965.25,1821198,3862.424975585937,3855.921982421875,-0.0129810085158128,0.0109208340456532,4017.39990234375,3978.199951171875,3904.14990234375,3855.85009765625,3801.699951171875,3959.829931640625,3890.8249755859374,43.13022679205336,80.16312395903175,109.39990234375,-54.75,3909.14990234375
2024-07-04,3999.85009765625,4047.35009765625,3982.10009765625,4020.949951171875,2518001,3876.1499755859377,3859.0489794921873,0.0140470212904293,0.0111285500531997,3965.25,4017.39990234375,3978.199951171875,3934.14990234375,3787.25,3977.18994140625,3914.194970703125,47.46106046021998,80.6765179739988,86.800048828125,21.099853515625,3923.699951171875
2024-07-05,4010.0,4026.75,3988.0,4011.800048828125,1668616,3885.219982910157,3861.790981445312,-0.0022755573819274,0.0102684586122633,4020.949951171875,3965.25,4017.39990234375,3904.14990234375,3810.75,3998.719970703125,3934.2999755859373,25.276028475192877,77.00078071055826,107.650146484375,1.800048828125,4183.9501953125
2024-07-08,4022.0,4031.25,3978.050048828125,3993.199951171875,1758882,3890.182482910156,3865.0339794921874,-0.0046363471334228,0.009807463926777,4011.800048828125,4020.949951171875,3965.25,3978.199951171875,3816.800048828125,4001.719970703125,3951.9399658203124,23.02123951906968,66.59443074108664,15.0,-28.800048828125,4169.2001953125
2024-07-09,3985.0,4006.949951171875,3975.10009765625,3985.5,1305801,3896.5224853515615,3867.69998046875,-0.0019282658684836,0.0095371376758147,3993.199951171875,4011.800048828125,4020.949951171875,4017.39990234375,3838.449951171875,3995.339990234375,3966.644970703125,21.98645216619199,53.74557825199202,-31.89990234375,0.5,4178.4501953125
2024-07-10,3983.699951171875,4003.300048828125,3902.0,3909.14990234375,2669716,3899.3749755859376,3869.4559765625,-0.0191569684246016,0.0106003553470646,3985.5,3993.199951171875,4011.800048828125,3965.25,3855.85009765625,3984.119970703125,3971.974951171875,44.236568193932854,43.132066839949296,-56.10009765625,-74.550048828125,4315.5498046875
2024-07-11,3931.0,3980.0,3895.60009765625,3923.699951171875,4872189,3903.977478027344,3870.5259765625,0.0037220493436185,0.0105189839751688,3909.14990234375,3985.5,3993.199951171875,4020.949951171875,3934.14990234375,3964.669970703125,3970.9299560546874,45.35998969668727,44.26209548081262,-97.25,-7.300048828125,4302.39990234375
2024-07-12,3980.0,4199.9501953125,3971.300048828125,4183.9501953125,13509164,3919.267492675781,3877.791982421875,0.0663277639420152,0.0178785016620622,3923.699951171875,3909.14990234375,3985.5,4011.800048828125,3904.14990234375,3999.1,3998.9099853515627,109.73325921853052,75.07139137918006,172.150146484375,203.9501953125,4287.35009765625
2024-07-15,4235.7001953125,4240.0,4157.0498046875,4169.2001953125,4848030,3936.125,3883.909985351562,-0.0035253765727243,0.0175840121825626,4183.9501953125,3923.699951171875,3909.14990234375,3993.199951171875,3978.199951171875,4034.300048828125,4018.010009765625,133.10672540911375,91.67767509601444,176.000244140625,-66.5,4302.35009765625
2024-07-16,4172.0,4194.5498046875,4144.89990234375,4178.4501953125,2029521,3954.292504882813,3890.610991210937,0.0022186509562194,0.0174716055785588,4169.2001953125,4183.9501953125,3923.699951171875,3985.5,4017.39990234375,4072.890087890625,4034.1150390625,143.022258572015,104.76965539262868,192.9501953125,6.4501953125,4306.25
2024-07-18,4160.0,4325.0,4160.0,4315.5498046875,5613364,3979.984997558594,3898.500986328125,0.0328111148791008,0.0184343922411385,4178.4501953125,4169.2001953125,4183.9501953125,3909.14990234375,3965.25,4154.170068359375,4069.14501953125,142.18138015943993,133.74198401761922,406.39990234375,155.5498046875,4322.5
2024-07-19,4317.39990234375,4358.75,4285.25,4302.39990234375,3903354,4005.742492675781,3904.9699853515626,-0.0030470978065104,0.0184129459488831,4315.5498046875,4178.4501953125,4169.2001953125,3923.699951171875,4020.949951171875,4229.91005859375,4097.290014648437,72.51733864957913,150.97679469999738,378.699951171875,-15.0,4387.85009765625
2024-07-22,4299.9501953125,4319.9501953125,4265.0,4287.35009765625,1896386,4029.5724975585936,3911.17798828125,-0.0034980022845625,0.0185499391107836,4302.39990234375,4315.5498046875,4178.4501953125,4183.9501953125,4011.800048828125,4250.5900390625,4124.84501953125,70.85865986772828,158.59362842638896,103.39990234375,-12.60009765625,4381.10009765625
2024-07-23,4283.0,4361.7001953125,4266.2998046875,4302.35009765625,2365208,4053.85,3918.0209912109376,0.0034986645966235,0.0185305540717615,4287.35009765625,4302.39990234375,4315.5498046875,4169.2001953125,3993.199951171875,4277.22001953125,4155.760034179688,56.10885940328465,160.20393192106243,133.14990234375,19.35009765625,4365.35009765625
2024-07-24,4287.5,4339.10009765625,4268.10009765625,4306.25,1809793,4077.2400024414064,3926.2679931640623,0.0009064586226663,0.0185678179744415,4302.35009765625,4287.35009765625,4302.39990234375,4178.4501953125,3985.5,4302.77998046875,4187.835034179688,10.16759544251328,154.32951490972772,127.7998046875,18.75,4385.35009765625
2024-07-25,4295.0,4343.0,4274.2001953125,4322.5,2810342,4100.572497558594,3933.7619921875,0.0037735849056603,0.0185715929180207,4306.25,4302.35009765625,4287.35009765625,4315.5498046875,3909.14990234375,4304.17001953125,4229.1700439453125,12.546610150645963,123.71194702936891,6.9501953125,27.5,4397.10009765625
2024-07-26,4350.0,4422.4501953125,4337.0498046875,4387.85009765625,3552210,4123.257507324219,3943.494995117188,0.0151185882374205,0.0183949848450437,4322.5,4306.25,4302.35009765625,4302.39990234375,3923.699951171875,4321.26005859375,4275.58505859375,39.270041664889554,73.07960542276575,85.4501953125,37.85009765625,4283.0498046875
2024-07-29,4415.0,4431.0,4371.0,4381.10009765625,1746803,4147.105017089843,3953.508999023437,-0.0015383387877369,0.0182136083255622,4387.85009765625,4322.5,4306.25,4287.35009765625,4183.9501953125,4340.01005859375,4295.300048828125,41.357215252199666,72.19981952816556,93.75,-33.89990234375,4155.0498046875
2024-07-30,4391.10009765625,4398.0,4327.2998046875,4365.35009765625,1797906,4166.462524414063,3962.797001953125,-0.0035949874800682,0.0180619032790388,4381.10009765625,4387.85009765625,4322.5,4302.35009765625,4169.2001953125,4352.61005859375,4314.9150390625,36.303312299093044,59.69709031092052,63.0,-25.75,4171.2001953125
2024-07-31,4350.0,4414.0,4345.0,4385.35009765625,2330091,4184.860034179687,3973.822001953125,0.0045815340242099,0.0180227681007381,4365.35009765625,4381.10009765625,4387.85009765625,4306.25,4178.4501953125,4368.430078125,4335.605029296875,27.12476714505652,39.625146708063255,79.10009765625,35.35009765625,4200.4501953125
2024-08-01,4399.39990234375,4419.2998046875,4365.0498046875,4397.10009765625,2202244,4206.4525390625,3985.360004882813,0.0026793755887994,0.0175555663103863,4385.35009765625,4365.35009765625,4381.10009765625,4322.5,4315.5498046875,4383.35009765625,4343.76005859375,11.644472937655692,43.2637346653993,74.60009765625,-2.2998046875,4172.5498046875
2024-08-02,4365.0,4398.0,4270.0,4283.0498046875,2811282,4219.557531738281,3994.3810009765625,-0.0259376158003638,0.0187462763679264,4397.10009765625,4385.35009765625,4365.35009765625,4387.85009765625,4302.39990234375,4362.3900390625,4341.825048828125,45.7866069072971,45.684165030966106,-104.80029296875,-81.9501953125,4228.75
2024-08-05,4239.0,4239.0,4110.5,4155.0498046875,2787771,4226.72001953125,3999.612998046875,-0.029885246690317,0.0201448335259218,4283.0498046875,4397.10009765625,4385.35009765625,4381.10009765625,4287.35009765625,4317.17998046875,4328.59501953125,101.00224378223103,73.74921557235473,-226.05029296875,-83.9501953125,4195.64990234375
2024-08-06,4170.9501953125,4258.25,4160.7998046875,4171.2001953125,2203067,4235.620031738281,4006.047001953125,0.0038869306949773,0.0200883647998218,4155.0498046875,4283.0498046875,4397.10009765625,4365.35009765625,4302.35009765625,4278.35,4315.480029296875,114.29863687351148,89.01611979859943,-194.14990234375,0.25,4196.9501953125
2024-08-07,4228.0,4244.9501953125,4180.2998046875,4200.4501953125,1237666,4246.367541503906,4013.1150048828126,0.007012370212504,0.0200871442403681,4171.2001953125,4155.0498046875,4283.0498046875,4385.35009765625,4306.25,4241.37001953125,4304.900048828125,100.04808526294971,96.23012675320874,-184.89990234375,-27.5498046875,4295.25
2024-08-08,4181.0,4232.0,4160.0,4172.5498046875,2441283,4259.537536621094,4019.768002929688,-0.0066422381715501,0.019554442288024,4200.4501953125,4171.2001953125,4155.0498046875,4397.10009765625,4322.5,4196.4599609375,4289.905029296875,51.08393921523051,104.50967971641674,-224.55029296875,-8.4501953125,4416.0498046875
2024-08-09,4217.0,4253.64990234375,4205.5498046875,4228.75,1302536,4274.7900390625,4028.270004882813,0.013469029237078,0.0196827914261931,4172.5498046875,4200.4501953125,4171.2001953125,4283.0498046875,4387.85009765625,4185.6,4273.99501953125,29.12656522476475,99.95325322636674,-54.2998046875,11.75,4490.0
2024-08-12,4230.0,4239.0,4186.35009765625,4195.64990234375,936912,4275.375024414063,4037.4610009765615,-0.0078273952483003,0.0132401934730065,4228.75,4172.5498046875,4200.4501953125,4155.0498046875,4381.10009765625,4193.72001953125,4255.45,23.619058642955043,94.95212688953863,40.60009765625,-34.35009765625,4523.2998046875
2024-08-13,4213.0,4234.0,4183.0,4196.9501953125,1495593,4276.762524414063,4047.981005859375,0.0003099145541252,0.0132107880436758,4195.64990234375,4228.75,4172.5498046875,4171.2001953125,4365.35009765625,4198.87001953125,4238.610009765625,20.013237977971553,87.97190244637248,25.75,-16.0498046875,4551.5
2024-08-14,4209.0,4306.2001953125,4188.14990234375,4295.25,3226545,4282.602514648437,4059.82900390625,0.0234217229447444,0.0141784883434792,4196.9501953125,4195.64990234375,4228.75,4200.4501953125,4385.35009765625,4217.82998046875,4229.6,47.674211748467286,74.91857277526314,94.7998046875,86.25,4502.0
2024-08-16,4350.0,4427.0,4325.10009765625,4416.0498046875,3457058,4287.627514648438,4073.85,0.028124045093417,0.013662629426696,4295.25,4196.9501953125,4195.64990234375,4172.5498046875,4397.10009765625,4266.52998046875,4231.494970703125,92.8354407781336,79.71230961236539,243.5,66.0498046875,4463.89990234375
2024-08-19,4421.0,4494.25,4390.35009765625,4490.0,2055210,4297.00751953125,4088.721000976562,0.016745779278577,0.0140471408207673,4416.0498046875,4295.25,4196.9501953125,4228.75,4283.0498046875,4318.77998046875,4252.189990234375,131.65759232091295,114.0519285551166,261.25,69.0,4502.4501953125
2024-08-20,4505.0,4565.0,4500.0,4523.2998046875,2212298,4308.805004882813,4102.578999023437,0.007416437569599,0.0140248828853049,4490.0,4416.0498046875,4295.25,4195.64990234375,4155.0498046875,4384.3099609375,4289.014990234375,136.5021402040862,136.45271515518598,327.64990234375,18.2998046875,4497.14990234375
2024-08-21,4518.0,4560.0,4492.5498046875,4551.5,1896990,4321.2625,4115.73,0.0062344298477134,0.014045628858618,4523.2998046875,4490.0,4416.0498046875,4196.9501953125,4171.2001953125,4455.219921875,4327.044970703125,102.7607071149517,152.0706530106042,354.5498046875,33.5,4506.0498046875
2024-08-22,4560.0,4560.9501953125,4497.2001953125,4502.0,1829872,4331.05,4128.596000976562,-0.0108755355377347,0.014377365658365,4551.5,4523.2998046875,4490.0,4295.25,4200.4501953125,4496.569921875,4357.199951171875,50.71473901083025,154.06317182427546,206.75,-58.0,4511.7998046875
2024-08-23,4500.0,4506.0,4455.0,4463.89990234375,1809253,4338.119995117188,4140.831997070312,-0.0084629270671368,0.0145714659728368,4502.0,4551.5,4523.2998046875,4416.0498046875,4172.5498046875,4506.13994140625,4386.3349609375,33.218419389276235,142.36879466760334,47.85009765625,-36.10009765625,4553.75
2024-08-26,4489.0,4552.14990234375,4485.0,4502.4501953125,1844164,4343.85,4154.248002929688,0.0086360119653465,0.0143276072476995,4463.89990234375,4502.0,4551.5,4490.0,4228.75,4508.62998046875,4413.70498046875,32.15574828806901,134.81609337861158,12.4501953125,13.4501953125,4521.0498046875
2024-08-27,4505.0,4510.0,4486.7998046875,4497.14990234375,930697,4349.652490234375,4166.628002929688,-0.0011772019098108,0.0143239526717083,4502.4501953125,4463.89990234375,4502.0,4523.2998046875,4195.64990234375,4503.4,4443.85498046875,31.288150970024724,112.49850576561312,-26.14990234375,-7.85009765625,4512.35009765625
2024-08-28,4498.75,4562.5,4457.2998046875,4506.0498046875,1848058,4356.687475585937,4180.107998046875,0.0019790094920144,0.0142756783923244,4497.14990234375,4502.4501953125,4463.89990234375,4551.5,4196.9501953125,4494.3099609375,4474.76494140625,17.292057270502752,72.46086343708618,-45.4501953125,7.2998046875,4479.25
2024-08-29,4460.0,4556.0,4460.0,4511.7998046875,2133641,4363.0099609375,4194.0419921875,0.0012760622383751,0.0142594974201103,4506.0498046875,4497.14990234375,4502.4501953125,4502.0,4295.25,4496.269921875,4496.419921875,18.865389459400053,36.07365257295093,9.7998046875,51.7998046875,4475.9501953125
2024-08-30,4500.0,4592.25,4487.7998046875,4553.75,3637222,4370.842456054687,4209.082993164063,0.0092978849081282,0.0143642547107055,4511.7998046875,4506.0498046875,4497.14990234375,4463.89990234375,4416.0498046875,4514.23994140625,4510.18994140625,22.72193260296205,27.16824828067281,89.85009765625,53.75,4456.75
2024-09-02,4576.0,4588.0,4512.0,4521.0498046875,1216500,4382.742456054688,4223.758989257813,-0.0071809377573428,0.013002261540296,4553.75,4511.7998046875,4506.0498046875,4502.4501953125,4490.0,4517.95986328125,4513.294921875,21.81359619611045,26.36689273217278,18.599609375,-54.9501953125,4449.5498046875
2024-09-03,4521.0498046875,4555.89990234375,4495.89990234375,4512.35009765625,1717263,4400.607470703125,4237.790991210937,-0.0019242670191843,0.0105822494747727,4521.0498046875,4553.75,4511.7998046875,4497.14990234375,4523.2998046875,4520.99990234375,4512.199951171875,19.07575506151291,26.13155328855764,15.2001953125,-8.69970703125,4507.85009765625
2024-09-04,4476.9501953125,4487.0,4436.7001953125,4479.25,1265505,4416.0099609375,4251.039990234375,-0.0073354453754469,0.0108919387579809,4512.35009765625,4521.0498046875,4553.75,4506.0498046875,4551.5,4515.63994140625,4504.974951171875,26.605641996534555,23.955797001491575,-26.7998046875,2.2998046875,4479.35009765625
2024-09-05,4481.0,4499.0,4454.14990234375,4475.9501953125,1688793,4429.7849609375,4263.789995117188,-0.000736686875593,0.0109029146039999,4479.25,4512.35009765625,4521.0498046875,4511.7998046875,4502.0,4508.47001953125,4502.369970703125,32.15171512023424,25.670235196917364,-35.849609375,-5.0498046875,4517.7001953125
2024-09-06,4473.9501953125,4518.9501953125,4440.0,4456.75,1649179,4443.994970703125,4275.807993164062,-0.0042896356024264,0.0108029473084117,4475.9501953125,4479.25,4512.35009765625,4553.75,4463.89990234375,4489.07001953125,4501.65498046875,26.822634703518478,26.929480402240536,-97.0,-17.2001953125,4522.60009765625
2024-09-09,4455.0,4490.25,4430.5,4449.5498046875,1184938,4455.0349609375,4286.115991210938,-0.0016155708335671,0.0105840145454167,4456.75,4475.9501953125,4479.25,4521.0498046875,4502.4501953125,4474.77001953125,4496.36494140625,24.466843137244076,31.55461592634275,-71.5,-5.4501953125,4513.25
2024-09-10,4442.4501953125,4539.9501953125,4440.4501953125,4507.85009765625,1385591,4470.644970703125,4298.189995117187,0.0131025149796799,0.0105332612468334,4449.5498046875,4456.75,4475.9501953125,4512.35009765625,4497.14990234375,4473.87001953125,4497.4349609375,22.762276628695712,31.764913048435567,-4.5,65.39990234375,4505.64990234375
2024-09-11,4521.4501953125,4549.35009765625,4471.25,4479.35009765625,1325919,4484.764965820313,4308.212998046875,-0.0063223042875401,0.0107461071214335,4507.85009765625,4449.5498046875,4456.75,4479.25,4506.0498046875,4473.8900390625,4494.764990234375,22.76823451537735,32.080881499874664,0.10009765625,-42.10009765625,4346.14990234375
2024-09-12,4510.25,4532.60009765625,4431.2998046875,4517.7001953125,2742216,4495.887475585938,4318.21900390625,0.0085615316552989,0.0097503629123973,4479.35009765625,4507.85009765625,4449.5498046875,4475.9501953125,4511.7998046875,4482.2400390625,4495.355029296875,30.1663846800696,32.48077018765878,41.75,7.4501953125,4296.14990234375
2024-09-13,4530.0,4547.0,4505.0,4522.60009765625,1458786,4501.214990234375,4329.366005859375,0.0010846010429894,0.0076746555208925,4517.7001953125,4479.35009765625,4507.85009765625,4456.75,4553.75,4495.41005859375,4492.2400390625,30.626737602457702,27.346121790315696,65.85009765625,-7.39990234375,4284.89990234375
2024-09-16,4527.0,4546.0498046875,4494.4501953125,4513.25,1155120,4502.377490234375,4339.212006835937,-0.0020674164096656,0.0067714289374729,4522.60009765625,4517.7001953125,4479.35009765625,4449.5498046875,4521.0498046875,4508.15009765625,4491.46005859375,16.99666047449909,26.532214299368434,63.7001953125,-13.75,4268.5
2024-09-17,4513.25,4535.7998046875,4466.0,4505.64990234375,1699364,4501.494995117188,4349.08900390625,-0.0016839522863235,0.0065693898016905,4513.25,4522.60009765625,4517.7001953125,4507.85009765625,4512.35009765625,4507.71005859375,4490.7900390625,17.034807555851806,26.025829547121756,-2.2001953125,-7.60009765625,4271.2998046875
2024-09-18,4497.0498046875,4497.0498046875,4321.0,4346.14990234375,2961779,4491.227490234375,4356.148002929687,-0.0353999985478301,0.0100865462843016,4505.64990234375,4513.25,4522.60009765625,4479.35009765625,4479.25,4481.07001953125,4477.480029296875,75.67971486922735,52.822687972105896,-133.2001953125,-150.89990234375,4274.75
2024-09-19,4390.0498046875,4422.2001953125,4281.7998046875,4296.14990234375,2927551,4480.934985351562,4362.3610009765625,-0.011504435218177,0.0101157677631092,4346.14990234375,4505.64990234375,4513.25,4517.7001953125,4475.9501953125,4436.7599609375,4459.5,107.17561577933252,78.00113054382754,-221.55029296875,-93.89990234375,4292.5
2024-09-20,4316.89990234375,4330.7001953125,4227.5,4284.89990234375,5447908,4471.9849853515625,4369.876000976563,-0.002618623710933,0.0100118877589891,4296.14990234375,4346.14990234375,4505.64990234375,4522.60009765625,4456.75,4389.219921875,4442.314990234375,112.18190832817072,95.61611515160337,-237.7001953125,-32.0,4308.7001953125
2024-09-23,4300.0,4309.39990234375,4253.0,4268.5,1702319,4460.2874755859375,4376.772001953125,-0.0038273711679425,0.0096982605624994,4284.89990234375,4296.14990234375,4346.14990234375,4513.25,4449.5498046875,4340.269921875,4424.210009765625,96.88711083319279,110.13293906428007,-244.75,-31.5,4268.5
2024-09-24,4251.64990234375,4291.0,4240.0,4271.2998046875,3012026,4448.994970703125,4378.518994140625,0.0006559223819841,0.00972123998366,4268.5,4284.89990234375,4296.14990234375,4505.64990234375,4507.85009765625,4293.39990234375,4400.55498046875,31.507120041066752,115.44774710604383,-234.35009765625,19.64990234375,4287.89990234375
2024-09-25,4252.35009765625,4289.60009765625,4240.0,4274.75,2713073,4437.42998046875,4380.629990234375,0.0008077623838798,0.0096961590040769,4271.2998046875,4268.5,4284.89990234375,4346.14990234375,4479.35009765625,4279.119921875,4380.094970703125,11.362895753515014,118.03283132191306,-71.39990234375,22.39990234375,4232.75
2024-09-26,4260.0,4316.7998046875,4260.0,4292.5,3964251,4426.464990234375,4382.910986328125,0.0041522896075794,0.0097774444574439,4274.75,4271.2998046875,4268.5,4296.14990234375,4517.7001953125,4278.38994140625,4357.574951171875,10.034982536884705,110.07669633518147,-3.64990234375,32.5,4252.25
2024-09-27,4335.0,4378.0,4300.0498046875,4308.7001953125,3012477,4414.2125,4382.773994140625,0.0037740699621433,0.009502511296777,4292.5,4274.75,4271.2998046875,4284.89990234375,4522.60009765625,4283.15,4336.1849609375,17.072233373493912,94.0638303673902,23.80029296875,-26.2998046875,4272.85009765625
2024-09-30,4286.89990234375,4298.75,4260.0498046875,4268.5,2503416,4401.585009765625,4382.09599609375,-0.0093300052197259,0.009567557197562,4308.7001953125,4292.5,4274.75,4268.5,4513.25,4283.15,4311.7099609375,17.072233373493912,72.16570998547671,0.0,-18.39990234375,4253.25
2024-10-01,4255.5498046875,4295.75,4242.9501953125,4287.89990234375,1823365,4390.3625,4382.1069921875,0.0045448992254304,0.0097079659743127,4268.5,4308.7001953125,4292.5,4271.2998046875,4505.64990234375,4286.47001953125,4289.9349609375,15.754891338307178,23.766734564999588,16.60009765625,32.35009765625,4252.9501953125
2024-10-03,4262.60009765625,4279.0,4210.0,4232.75,3350119,4378.0375,4380.714990234375,-0.0128617513467619,0.0099289008618655,4287.89990234375,4268.5,4308.7001953125,4274.75,4346.14990234375,4278.07001953125,4278.594970703125,29.10561820745509,20.83737395990846,-42.0,-29.85009765625,4227.39990234375
2024-10-04,4225.0,4298.0,4224.0498046875,4252.25,2965463,4366.852490234375,4379.634990234375,0.0046069340263421,0.0100578027263593,4232.75,4287.89990234375,4268.5,4292.5,4296.14990234375,4270.02001953125,4274.20498046875,29.677367711853712,21.34616045560448,-40.25,27.25,4149.2001953125
2024-10-07,4273.89990234375,4297.25,4229.39990234375,4272.85009765625,1472619,4357.657495117188,4378.6419921875,0.0048445170571462,0.0101794596953958,4252.25,4232.75,4287.89990234375,4308.7001953125,4284.89990234375,4262.85,4273.0,21.08193575404726,21.01285762466551,-35.85009765625,-1.0498046875,4136.64990234375
2024-10-08,4272.60009765625,4279.39990234375,4203.9501953125,4253.25,1541867,4347.842504882812,4375.949990234375,-0.0045871250355824,0.0101943862784951,4272.85009765625,4252.25,4232.75,4268.5,4268.5,4259.8,4271.475,21.16315820329722,21.909962016271187,-15.25,-19.35009765625,4116.7998046875
2024-10-09,4260.0,4295.0,4246.7001953125,4252.9501953125,1082504,4335.097509765625,4373.3869921875,-7.048837653556017e-05,0.0095591969380478,4253.25,4272.85009765625,4252.25,4287.89990234375,4271.2998046875,4252.81005859375,4269.6400390625,14.182171631716026,22.681085607176986,-34.94970703125,-7.0498046875,4094.949951171875
2024-10-10,4253.25,4293.85009765625,4198.60009765625,4227.39990234375,2378875,4322.5,4370.62798828125,-0.0060076633384775,0.00955345968677,4252.9501953125,4253.25,4272.85009765625,4232.75,4274.75,4251.7400390625,4264.905029296875,16.140642410110758,26.16995536299561,-5.35009765625,-25.85009765625,4109.0
2024-10-11,4143.0,4241.9501953125,4112.4501953125,4149.2001953125,5759183,4304.075,4365.904990234375,-0.0184982989160534,0.0097665841479138,4227.39990234375,4252.9501953125,4253.25,4252.25,4292.5,4231.130078125,4250.575048828125,48.560241959175784,43.123133608832774,-103.0498046875,6.2001953125,4123.0498046875
2024-10-14,4140.0,4165.39990234375,4122.2001953125,4136.64990234375,2137590,4284.777490234375,4360.695986328125,-0.0030247499223895,0.0096925166923917,4149.2001953125,4227.39990234375,4252.9501953125,4272.85009765625,4308.7001953125,4203.8900390625,4233.37001953125,56.807203200541686,50.96482216718863,-136.2001953125,-3.35009765625,4079.85009765625
2024-10-15,4131.0498046875,4169.9501953125,4095.0,4116.7998046875,2759474,4264.95498046875,4357.370986328125,-0.0047985926111376,0.0096770798170066,4136.64990234375,4149.2001953125,4227.39990234375,4253.25,4268.5,4176.6,4218.2,59.85984748027665,60.94617153411799,-136.4501953125,-14.25,4015.5
2024-10-16,4085.0,4115.0,4067.199951171875,4094.949951171875,2359151,4244.419982910156,4356.168989257812,-0.0053074850739028,0.0096546619949346,4116.7998046875,4136.64990234375,4149.2001953125,4252.9501953125,4287.89990234375,4144.999951171875,4198.905004882812,50.44147123431084,66.69953540207786,-158.000244140625,9.949951171875,4066.25
2024-10-17,4112.7998046875,4129.9501953125,4092.949951171875,4109.0,2522659,4232.562487792969,4354.924985351562,0.0034310672891384,0.0065735409743269,4094.949951171875,4116.7998046875,4136.64990234375,4227.39990234375,4232.75,4121.319970703125,4186.530004882812,21.678936997553805,71.05981218051629,-118.39990234375,-3.7998046875,4047.89990234375
2024-10-18,4090.0,4146.14990234375,4080.0,4123.0498046875,2361000,4223.907482910156,4353.376977539063,0.0034192759035045,0.0063752206076667,4109.0,4094.949951171875,4116.7998046875,4149.2001953125,4252.25,4116.089892578125,4173.6099853515625,15.562953228355946,69.51164664678382,-26.150390625,33.0498046875,4057.550048828125
2024-10-21,4132.60009765625,4139.9501953125,4070.0,4079.85009765625,1595450,4213.654992675782,4351.522983398438,-0.0104776097980034,0.0066494074941714,4123.0498046875,4109.0,4094.949951171875,4136.64990234375,4272.85009765625,4104.729931640625,4154.309985351562,17.422594702436474,65.57797549170407,-56.7998046875,-52.75,4090.85009765625
2024-10-22,4066.0,4089.800048828125,4006.35009765625,4015.5,1928049,4201.004992675781,4347.257983398437,-0.0157726622586494,0.007287594861468,4079.85009765625,4123.0498046875,4109.0,4116.7998046875,4253.25,4084.469970703125,4130.534985351563,41.76767890348814,68.74333673647574,-101.2998046875,-50.5,4075.25
2024-10-23,3999.60009765625,4113.5498046875,3995.14990234375,4066.25,1966476,4190.752502441406,4344.669985351563,0.0126385257128627,0.008057977677868,4015.5,4079.85009765625,4123.0498046875,4094.949951171875,4252.9501953125,4078.72998046875,4111.864965820312,41.93911034548594,55.96844004523753,-28.699951171875,66.64990234375,4084.64990234375
2024-10-24,4004.0,4079.0,4004.0,4047.89990234375,2676744,4179.409997558594,4341.688979492187,-0.0045127814709499,0.0080333929948363,4066.25,4015.5,4079.85009765625,4109.0,4227.39990234375,4066.5099609375,4093.9149658203123,39.75905920143939,41.7843395942658,-61.10009765625,43.89990234375,3968.449951171875
2024-10-25,4057.050048828125,4092.0,4032.699951171875,4057.550048828125,1759676,4167.6625,4336.93498046875,0.0023839884179912,0.0079635290021358,4047.89990234375,4066.25,4015.5,4123.0498046875,4149.2001953125,4053.410009765625,4084.749951171875,24.23124864993657,38.20900849384371,-65.499755859375,0.5,3984.199951171875
2024-10-28,4068.949951171875,4134.0,4051.0,4090.85009765625,1532534,4156.769995117187,4330.430986328125,0.0082069348319542,0.0082133239307038,4057.550048828125,4047.89990234375,4066.25,4079.85009765625,4136.64990234375,4055.610009765625,4080.169970703125,27.50952370604559,33.785597877217924,11.0,21.900146484375,3964.14990234375
2024-10-29,4095.85009765625,4103.5,4060.10009765625,4075.25,1445885,4147.107495117188,4322.135986328125,-0.0038134121964497,0.0080652493212555,4090.85009765625,4057.550048828125,4047.89990234375,4015.5,4116.7998046875,4067.560009765625,4076.014990234375,16.507569560216794,31.239260131957614,59.75,-20.60009765625,3971.35009765625
2024-10-30,4075.0,4107.0,4060.050048828125,4084.64990234375,1935002,4136.944995117187,4313.36298828125,0.0023065829933746,0.0079806048948641,4075.25,4090.85009765625,4057.550048828125,4066.25,4094.949951171875,4071.239990234375,4074.9849853515625,18.11516238290071,30.710914135196575,18.39990234375,9.64990234375,4139.64990234375
2024-10-31,4070.0,4078.300048828125,3960.0,3968.449951171875,3740372,4123.729992675781,4301.701987304688,-0.0284479585643803,0.009644132174828,4084.64990234375,4075.25,4090.85009765625,4047.89990234375,4109.0,4055.35,4060.92998046875,50.17770897550318,43.08351436035243,-79.449951171875,-101.550048828125,4150.89990234375
2024-11-01,3989.85009765625,3998.949951171875,3976.050048828125,3984.199951171875,154895,4110.327490234375,4291.345986328125,0.0039688039899177,0.0096180551508924,3968.449951171875,4084.64990234375,4075.25,4057.550048828125,4123.0498046875,4040.67998046875,4047.0449951171877,59.27194062177219,43.21316612580352,-73.35009765625,-5.650146484375,4147.0
2024-11-04,3966.300048828125,3991.89990234375,3913.25,3964.14990234375,2269192,4094.89248046875,4281.350986328125,-0.0050323902097905,0.0094347643325955,3984.199951171875,3968.449951171875,4084.64990234375,4090.85009765625,4079.85009765625,4015.33994140625,4035.4749755859375,59.54384116147094,48.60631837452227,-126.7001953125,-2.150146484375,4198.7001953125
2024-11-05,3941.10009765625,3986.0,3941.10009765625,3971.35009765625,967590,4080.7974853515625,4270.728984375,0.0018163277095659,0.0095114084290947,3964.14990234375,3984.199951171875,3968.449951171875,4075.25,4015.5,3994.5599609375,4031.0599853515623,50.91347899153258,52.473534710864364,-103.89990234375,30.25,4197.39990234375
2024-11-06,4003.60009765625,4149.7998046875,3975.25,4139.64990234375,3792017,4075.132470703125,4263.578984375,0.0423784860435307,0.0139767284968096,3971.35009765625,3964.14990234375,3984.199951171875,4084.64990234375,4066.25,4005.5599609375,4038.3999755859377,75.33031084293404,62.17888618107979,55.0,136.0498046875,4150.35009765625
2024-11-07,4169.7001953125,4205.7998046875,4085.050048828125,4150.89990234375,3724349,4071.307470703125,4256.475986328125,0.00271762111903,0.0139568041933656,4139.64990234375,3971.35009765625,3964.14990234375,3968.449951171875,4047.89990234375,4042.049951171875,4048.6999755859374,94.58801685918684,71.72556486171403,182.449951171875,-18.80029296875,4145.89990234375
2024-11-08,4155.0,4169.75,4117.64990234375,4147.0,1648039,4071.1974609375,4249.179990234375,-0.0009395317727483,0.0133242240469603,4150.89990234375,4139.64990234375,3971.35009765625,3984.199951171875,4057.550048828125,4074.6099609375,4057.644970703125,97.66612872786635,78.2343001783294,162.800048828125,-8.0,4019.5
2024-11-11,4128.2001953125,4234.2998046875,4117.64990234375,4198.7001953125,1406487,4074.299975585937,4242.078994140625,0.0124668905986256,0.0135834108509433,4147.0,4150.89990234375,4139.64990234375,3964.14990234375,4090.85009765625,4121.52001953125,4068.42998046875,87.10465621755587,89.88652296505084,234.55029296875,70.5,4039.550048828125
2024-11-12,4216.0,4218.0,4164.35009765625,4197.39990234375,1587640,4078.32998046875,4235.60599609375,-0.0003096894058313,0.0135224333695227,4198.7001953125,4147.0,4150.89990234375,3971.35009765625,4075.25,4166.72998046875,4080.644970703125,28.878767628473128,98.776375557507,226.0498046875,-18.60009765625,4072.85009765625
2024-11-13,4178.10009765625,4196.75,4131.0498046875,4150.35009765625,1098813,4081.099987792969,4228.36599609375,-0.0112092737842844,0.0137313891356565,4197.39990234375,4198.7001953125,4147.0,4139.64990234375,4084.64990234375,4168.87001953125,4087.214990234375,26.68334673868395,101.2269534781428,10.7001953125,-27.75,4244.60009765625
2024-11-14,4135.0,4160.0,4116.4501953125,4145.89990234375,1825432,4082.944982910156,4221.698994140625,-0.0010722457642822,0.0137222199391941,4150.35009765625,4197.39990234375,4198.7001953125,4150.89990234375,3968.449951171875,4167.87001953125,4104.959985351563,27.60301226579427,93.34047644265377,-5.0,10.89990234375,4315.10009765625
2024-11-18,4213.0,4213.0,3990.199951171875,4019.5,3313944,4077.767492675781,4212.569990234375,-0.0304879291157738,0.0153457676124681,4145.89990234375,4150.35009765625,4197.39990234375,4147.0,3984.199951171875,4142.37001953125,4108.489990234375,73.10020541190607,88.82430521938484,-127.5,-193.5,4352.7001953125
2024-11-19,4019.89990234375,4132.14990234375,4014.10009765625,4039.550048828125,1776233,4075.752490234375,4204.2259912109375,0.004988194757588,0.0152408187371726,4019.5,4145.89990234375,4150.35009765625,4198.7001953125,3964.14990234375,4110.539990234375,4116.030004882812,76.98646629716359,77.71597227454177,-159.150146484375,19.650146484375,4332.5498046875
2024-11-21,4044.89990234375,4092.449951171875,4024.0,4072.85009765625,2384347,4078.619995117188,4196.691997070313,0.0082435044560928,0.0149071900195958,4039.550048828125,4019.5,4145.89990234375,4197.39990234375,3971.35009765625,4085.630029296875,4126.180004882813,60.168548414144226,61.69814957805544,-124.5498046875,27.9501953125,4244.89990234375
2024-11-22,4071.0,4254.9501953125,4054.0,4244.60009765625,3096553,4087.5375,4191.426997070313,0.0421694871851126,0.0173949229638494,4072.85009765625,4039.550048828125,4019.5,4150.35009765625,4139.64990234375,4104.480029296875,4136.675024414062,91.90647387263144,72.26523740703344,94.25,173.60009765625,4270.85009765625
2024-11-25,4280.0,4328.10009765625,4252.2001953125,4315.10009765625,4052167,4100.897509765625,4188.141997070313,0.0166093385426175,0.0176000842279571,4244.60009765625,4072.85009765625,4039.550048828125,4145.89990234375,4150.89990234375,4138.320068359375,4153.095043945313,132.95362523501672,91.85578674854946,169.2001953125,35.10009765625,4276.64990234375
2024-11-26,4321.0498046875,4366.60009765625,4310.0,4352.7001953125,2060669,4115.655017089844,4184.841997070313,0.0087136096047164,0.0176387191817412,4315.10009765625,4244.60009765625,4072.85009765625,4019.5,4147.0,4204.960107421875,4173.665063476563,141.72404701459976,111.31096576169922,333.2001953125,31.650390625,4302.75
2024-11-27,4358.9501953125,4377.39990234375,4324.0498046875,4332.5498046875,1558993,4127.740002441406,4181.040991210937,-0.0046294000783009,0.0176981399431423,4352.7001953125,4315.10009765625,4244.60009765625,4039.550048828125,4198.7001953125,4263.56005859375,4187.050024414062,114.11802441595327,122.17347014246258,292.999755859375,-26.400390625,4354.39990234375
2024-11-28,4319.0,4339.9501953125,4233.0,4244.89990234375,2558544,4136.222497558594,4175.6739892578125,-0.0202305585152002,0.0183987078718791,4332.5498046875,4352.7001953125,4315.10009765625,4072.85009765625,4197.39990234375,4297.97001953125,4191.800024414062,50.37206358263009,123.53635302262764,172.0498046875,-74.10009765625,4464.0498046875
2024-11-29,4220.0,4298.7001953125,4195.64990234375,4270.85009765625,2017425,4145.532507324218,4170.977993164062,0.0061132643665335,0.018419535894574,4244.89990234375,4332.5498046875,4352.7001953125,4244.60009765625,4150.35009765625,4303.22001953125,4203.850024414062,44.43733863501654,124.91324425578554,26.25,50.85009765625,4445.5
2024-12-02,4270.0,4288.2001953125,4230.0498046875,4276.64990234375,1670944,4160.9425048828125,4169.587993164063,0.0013579977182254,0.0169393549858156,4270.85009765625,4244.89990234375,4332.5498046875,4315.10009765625,4145.89990234375,4295.52998046875,4216.925024414062,45.18810581071124,125.01640632029259,-38.4501953125,6.64990234375,4452.14990234375
2024-12-03,4314.35009765625,4325.0,4265.4501953125,4302.75,2010905,4176.870007324219,4169.719995117188,0.0061029306237918,0.0169466532504964,4276.64990234375,4270.85009765625,4244.89990234375,4352.7001953125,4019.5,4285.53994140625,4245.250024414063,33.36371697458177,105.94975043890732,-49.9501953125,-11.60009765625,4432.5498046875
2024-12-04,4313.5498046875,4386.9501953125,4289.0498046875,4354.39990234375,3302642,4196.382507324219,4171.109995117187,0.0120039282653534,0.0168974564085359,4302.75,4276.64990234375,4270.85009765625,4332.5498046875,4039.550048828125,4289.9099609375,4276.735009765625,41.49949416111771,82.13560564546944,21.85009765625,40.85009765625,4427.4501953125
2024-12-05,4400.7998046875,4489.0,4360.0,4464.0498046875,3746747,4221.017492675781,4175.020991210938,0.0251814038220814,0.0174752208119009,4354.39990234375,4302.75,4276.64990234375,4244.89990234375,4072.85009765625,4333.73994140625,4315.85498046875,79.9723013450916,65.76927124879568,219.14990234375,63.25,4454.9501953125
2024-12-06,4453.0,4465.0,4412.75,4445.5,1842087,4236.309997558594,4178.504995117188,-0.0041553758356418,0.0153460655077949,4464.0498046875,4354.39990234375,4302.75,4270.85009765625,4244.60009765625,4368.669921875,4335.944970703125,83.691302567774,71.97597519994119,174.64990234375,-7.5,4473.89990234375
2024-12-09,4430.4501953125,4469.39990234375,4415.5498046875,4452.14990234375,2066639,4251.372497558594,4182.052993164062,0.0014958727575637,0.0153525355087317,4445.5,4464.0498046875,4354.39990234375,4276.64990234375,4315.10009765625,4403.769921875,4349.649951171875,71.34092382092744,80.14963891415023,175.5,21.69970703125,4415.2001953125
2024-12-10,4426.14990234375,4493.7998046875,4412.10009765625,4432.5498046875,2087828,4265.649987792969,4184.853989257813,-0.0044023894267198,0.015426021620498,4452.14990234375,4445.5,4464.0498046875,4302.75,4352.7001953125,4429.7298828125,4357.634912109375,43.622725803704185,84.35452123460803,129.7998046875,6.39990234375,4328.5
2024-12-11,4431.85009765625,4448.64990234375,4407.0,4427.4501953125,1635256,4277.087487792969,4187.228989257813,-0.0011504911619057,0.0153070341264641,4432.5498046875,4452.14990234375,4445.5,4354.39990234375,4332.5498046875,4444.33994140625,4367.124951171875,14.790966696702062,86.52903816687981,73.05029296875,-4.39990234375,4347.85009765625
2024-12-12,4430.0498046875,4485.0,4426.0,4454.9501953125,1914642,4289.965002441406,4190.957993164063,0.0062112499942099,0.015307508286759,4427.4501953125,4432.5498046875,4452.14990234375,4464.0498046875,4244.89990234375,4442.52001953125,4388.12998046875,12.068854362840614,78.70314719421397,-9.099609375,24.900390625,4271.89990234375
2024-12-13,4434.9501953125,4494.89990234375,4394.39990234375,4473.89990234375,1967048,4306.142492675781,4194.677993164062,0.0042536293786603,0.0149330505686135,4454.9501953125,4427.4501953125,4432.5498046875,4445.5,4270.85009765625,4448.2,4408.4349609375,18.689133564928408,70.8885311771118,28.39990234375,38.94970703125,4170.2998046875
2024-12-16,4459.0,4475.0,4397.0,4415.2001953125,1646224,4319.607507324219,4198.326997070312,-0.0131204783997288,0.0153790961592358,4473.89990234375,4454.9501953125,4427.4501953125,4452.14990234375,4276.64990234375,4440.81005859375,4422.289990234375,23.438558320532426,53.73339850229093,-36.94970703125,-43.7998046875,4158.2998046875
2024-12-17,4410.0,4432.9501953125,4318.0,4328.5,3225027,4335.057507324219,4199.851997070313,-0.0196367529165601,0.0142776840764039,4415.2001953125,4473.89990234375,4454.9501953125,4432.5498046875,4302.75,4420.00009765625,4424.864990234375,56.07474734721227,47.63979403862543,-104.0498046875,-81.5,4179.5
2024-12-18,4311.7001953125,4362.0,4289.60009765625,4347.85009765625,1575404,4350.472509765625,4201.351997070313,0.0044703933594201,0.0142758968078843,4328.5,4415.2001953125,4473.89990234375,4427.4501953125,4354.39990234375,4404.080078125,4424.210009765625,64.14903077161503,48.74836163358161,-79.60009765625,36.14990234375,4169.10009765625
2024-12-19,4282.0,4364.0,4262.0,4271.89990234375,3015763,4360.425,4201.724995117187,-0.0174684484530507,0.0149925329123565,4347.85009765625,4328.5,4415.2001953125,4454.9501953125,4464.0498046875,4367.47001953125,4404.99501953125,78.49003231534267,66.08632899809466,-183.05029296875,-10.10009765625,4164.85009765625
2024-12-20,4329.0,4382.0,4152.5,4170.2998046875,4116989,4356.709985351563,4200.071987304687,-0.0237833516652643,0.0129160684237706,4271.89990234375,4347.85009765625,4328.5,4473.89990234375,4445.5,4306.75,4377.475,91.86526886985943,97.28212214526374,-303.60009765625,-158.7001953125,4158.7998046875
2024-12-23,4200.0498046875,4217.0,4114.89990234375,4158.2998046875,2195338,4348.869970703125,4198.689985351562,-0.0028774909627629,0.0122512979552696,4170.2998046875,4271.89990234375,4347.85009765625,4415.2001953125,4452.14990234375,4255.369921875,4348.089990234375,87.79715824340724,114.98837565053525,-256.900390625,-41.75,4094.800048828125
2024-12-24,4158.2998046875,4218.0,4158.2998046875,4179.5,1181886,4340.2099609375,4199.2959814453125,0.0050982844691962,0.0121142609899372,4158.2998046875,4170.2998046875,4271.89990234375,4328.5,4432.5498046875,4225.569921875,4322.785009765625,81.85566672690109,121.96841257622036,-149.0,21.2001953125,4112.4501953125
2024-12-26,4179.5,4199.9501953125,4143.14990234375,4169.10009765625,1208464,4332.0374755859375,4199.9449853515625,-0.0024883125598157,0.0120988645523732,4179.5,4158.2998046875,4170.2998046875,4347.85009765625,4427.4501953125,4189.819921875,4296.95,46.49593492829684,124.66685242672058,-178.75,-10.39990234375,4175.75
2024-12-27,4163.0,4180.9501953125,4147.25,4164.85009765625,858100,4328.034985351563,4200.905991210938,-0.0010194046437956,0.0112990612641163,4169.10009765625,4179.5,4158.2998046875,4271.89990234375,4454.9501953125,4168.4099609375,4267.939990234375,7.776963585881115,117.35365953688559,-107.0498046875,1.85009765625,4099.89990234375
2024-12-30,4151.0,4199.2998046875,4112.0,4158.7998046875,1527169,4322.432470703125,4202.18298828125,-0.0014527036572468,0.0111782340387694,4164.85009765625,4169.10009765625,4179.5,4170.2998046875,4473.89990234375,4166.1099609375,4236.42998046875,8.721499931412561,96.32711641479106,-11.5,7.7998046875,4095.0
2024-12-31,4135.0,4139.9501953125,4032.050048828125,4094.800048828125,1555429,4313.339978027344,4201.898989257813,-0.0153889965531014,0.011590732061848,4158.7998046875,4164.85009765625,4169.10009765625,4158.2998046875,4415.2001953125,4153.410009765625,4204.389965820313,33.62260946807977,82.55963679239078,-63.499755859375,-40.199951171875,4028.300048828125
2025-01-01,4094.39990234375,4134.0,4085.449951171875,4112.4501953125,763161,4303.824987792968,4201.686997070313,0.0043103805494546,0.0115306865058909,4094.800048828125,4158.7998046875,4164.85009765625,4179.5,4328.5,4140.000048828125,4182.784985351563,33.98456641495701,74.3316230386335,-67.0498046875,18.05029296875,4108.39990234375
2025-01-02,4120.0,4183.0,4096.9501953125,4175.75,1720835,4294.892492675781,4203.604995117187,0.0153922361806717,0.0117726525912901,4112.4501953125,4094.800048828125,4158.7998046875,4169.10009765625,4347.85009765625,4141.330029296875,4165.574975585938,35.50424250848905,46.62839741500547,6.64990234375,55.75,4038.85009765625
2025-01-03,4179.9501953125,4179.9501953125,4092.300048828125,4099.89990234375,1791953,4276.684997558594,4205.292993164063,-0.0181644249910195,0.0104113499506787,4175.75,4112.4501953125,4094.800048828125,4164.85009765625,4271.89990234375,4128.339990234375,4148.374975585937,36.612023892099224,32.689944435452716,-64.9501953125,-80.05029296875,4265.64990234375
2025-01-06,4105.5,4149.64990234375,4066.39990234375,4095.0,2085593,4259.159997558594,4205.867993164063,-0.0011951273105348,0.0104329451009453,4099.89990234375,4175.75,4112.4501953125,4158.7998046875,4170.2998046875,4115.580029296875,4140.844995117188,34.392705660428696,35.61971369559539,-63.7998046875,-10.5,4291.10009765625
2025-01-07,4114.9501953125,4140.35009765625,4011.550048828125,4028.300048828125,2669054,4237.967504882812,4205.47599609375,-0.0162881443643162,0.0106904562495802,4095.0,4099.89990234375,4175.75,4094.800048828125,4158.2998046875,4102.280029296875,4127.84501953125,52.51897326900899,49.54299697067579,-66.5,-86.650146484375,4233.0498046875
2025-01-08,4034.89990234375,4126.0,4017.75,4108.39990234375,2181277,4221.760009765625,4206.492993164063,0.0198842818421449,0.0120473911394898,4028.300048828125,4095.0,4099.89990234375,4112.4501953125,4179.5,4101.469970703125,4120.735009765625,52.35386759261795,46.30206394015413,-4.05029296875,73.5,4249.60009765625
2025-01-09,4101.0,4137.75,4025.300048828125,4038.85009765625,2392472,4202.330004882812,4205.452993164063,-0.016928684242209,0.0123821834127094,4108.39990234375,4028.300048828125,4095.0,4175.75,4169.10009765625,4074.089990234375,4107.710009765625,37.48039121773697,49.401283137356,-136.89990234375,-62.14990234375,4206.2998046875
2025-01-10,4200.0,4297.0,4170.0,4265.64990234375,7894300,4192.864990234375,4209.260991210937,0.0561545487462167,0.018286514796631,4038.85009765625,4108.39990234375,4028.300048828125,4099.89990234375,4164.85009765625,4107.239990234375,4117.789990234375,95.07044068425746,68.8221063818344,165.75,65.64990234375,4124.2998046875
2025-01-13,4245.0,4322.9501953125,4227.39990234375,4291.10009765625,4003771,4183.725,4213.389995117188,0.0059663113230452,0.0183213794986562,4265.64990234375,4038.85009765625,4108.39990234375,4095.0,4158.7998046875,4146.460009765625,4131.02001953125,124.61663898501146,87.70695692831879,196.10009765625,46.10009765625,4077.800048828125
2025-01-14,4302.0,4313.89990234375,4219.0498046875,4233.0498046875,3441709,4174.61748046875,4218.6819921875,-0.0135280677792756,0.0183347077598952,4291.10009765625,4265.64990234375,4038.85009765625,4028.300048828125,4094.800048828125,4187.4099609375,4144.844995117188,108.70688864861347,92.14691405239289,204.749755859375,-68.9501953125,4035.85009765625
2025-01-15,4218.0,4256.4501953125,4207.4501953125,4249.60009765625,1653474,4170.6724853515625,4223.989995117187,0.0039097798826801,0.0178896167994143,4233.0498046875,4291.10009765625,4265.64990234375,4108.39990234375,4112.4501953125,4215.65,4158.559985351562,101.12649909086532,96.87488082097659,141.2001953125,31.60009765625,4156.60009765625
2025-01-16,4260.0,4294.0,4191.85009765625,4206.2998046875,2637705,4163.594970703125,4228.832993164063,-0.0101892629832701,0.017963778462563,4249.60009765625,4233.0498046875,4291.10009765625,4038.85009765625,4175.75,4249.13994140625,4161.614965820312,32.12325901955905,97.95290676684941,167.44970703125,-53.7001953125,4145.4501953125
2025-01-17,4159.89990234375,4160.60009765625,4100.0498046875,4124.2998046875,1761466,4156.2149658203125,4231.891987304687,-0.0194945685774987,0.0180639883444739,4206.2998046875,4249.60009765625,4233.0498046875,4265.64990234375,4099.89990234375,4220.869921875,4164.054956054688,62.137198972240654,96.53846911044154,-141.35009765625,-35.60009765625,4152.35009765625
2025-01-20,4145.7998046875,4145.7998046875,4068.10009765625,4077.800048828125,1287799,4151.589978027344,4230.654990234375,-0.0112745818833357,0.0174621730574501,4124.2998046875,4206.2998046875,4249.60009765625,4291.10009765625,4095.0,4178.209912109375,4162.3349609375,73.96190709046016,98.04694023023738,-213.300048828125,-67.999755859375,4065.14990234375
2025-01-21,4095.300048828125,4111.0,4030.0,4035.85009765625,1971591,4145.467492675782,4228.353994140625,-0.0102873977805583,0.0175827718012271,4077.800048828125,4124.2998046875,4206.2998046875,4233.0498046875,4028.300048828125,4138.769970703125,4163.0899658203125,88.54774540373356,96.92275564018529,-197.19970703125,-59.449951171875,4040.300048828125
2025-01-22,4050.0,4163.14990234375,4044.199951171875,4156.60009765625,2409223,4144.322497558594,4228.54599609375,0.0299193471209755,0.018889248938877,4035.85009765625,4077.800048828125,4124.2998046875,4249.60009765625,4108.39990234375,4120.169970703125,4167.909985351563,66.45977966232026,95.08182120380077,-93.0,106.60009765625,4099.7998046875
2025-01-23,4168.0,4191.35009765625,4140.0498046875,4145.4501953125,1822998,4143.140002441406,4227.48099609375,-0.0026824573165066,0.0188905863326102,4156.60009765625,4035.85009765625,4077.800048828125,4206.2998046875,4038.85009765625,4108.000048828125,4178.569995117187,50.36818369011149,84.37785648532565,-60.849609375,-22.5498046875,4100.0498046875
2025-01-24,4104.0,4178.0,4104.0,4152.35009765625,1910099,4142.515002441406,4226.58,0.0016644518734183,0.0188933773075854,4145.4501953125,4156.60009765625,4035.85009765625,4124.2998046875,4265.64990234375,4113.610107421875,4167.240014648438,54.06407475352385,78.80883494717271,28.05029296875,48.35009765625,4112.39990234375
2025-01-27,4102.0,4156.35009765625,4041.050048828125,4065.14990234375,1551782,4137.832507324219,4224.87599609375,-0.0210002030805926,0.0194701747721199,4152.35009765625,4145.4501953125,4156.60009765625,4077.800048828125,4291.10009765625,4111.080078125,4144.644995117187,56.404172395154845,71.39344350777561,-12.650146484375,-36.85009765625,4073.14990234375
2025-01-28,4070.800048828125,4102.0,4028.300048828125,4040.300048828125,2468272,4135.107507324219,4222.7639990234375,-0.0061128996746954,0.0192172340853651,4065.14990234375,4152.35009765625,4145.4501953125,4035.85009765625,4233.0498046875,4111.970068359375,4125.37001953125,54.93638327006272,70.89148562384337,4.449951171875,-30.5,4068.64990234375
2025-01-29,4054.0,4107.85009765625,4054.0,4099.7998046875,1217089,4134.474987792969,4224.369995117188,0.0147265686063668,0.0194935422311654,4040.300048828125,4065.14990234375,4152.35009765625,4156.60009765625,4249.60009765625,4100.610009765625,4110.389990234375,48.94651666287639,55.98326675044119,-56.80029296875,45.7998046875,4107.0498046875
2025-01-30,4099.89990234375,4129.89990234375,4058.5,4100.0498046875,1531251,4130.689978027343,4225.579990234375,6.09785872260904e-05,0.0191558966878781,4099.7998046875,4040.300048828125,4065.14990234375,4145.4501953125,4206.2998046875,4091.529931640625,4099.764990234375,42.309805216367785,44.70453131789037,-45.400390625,0.14990234375,4091.10009765625
2025-01-31,4110.0,4128.4501953125,4085.25,4112.39990234375,1492943,4131.314978027343,4226.370986328125,0.0030121823501096,0.0187226166954204,4100.0498046875,4099.7998046875,4040.300048828125,4152.35009765625,4124.2998046875,4083.539892578125,4098.575,29.907097534146324,44.13360926317747,-39.9501953125,2.39990234375,4082.75
2025-02-01,4113.0,4135.89990234375,4056.0,4073.14990234375,437172,4130.222473144531,4222.941982421875,-0.0095443052553402,0.0188507229504832,4112.39990234375,4100.0498046875,4099.7998046875,4065.14990234375,4077.800048828125,4085.139892578125,4098.1099853515625,28.873422415422716,44.40051777445447,8.0,-39.85009765625,4029.39990234375
2025-02-03,4030.89990234375,4077.0,3998.699951171875,4068.64990234375,1265713,4132.239965820312,4218.012978515625,-0.0011047960688632,0.0184663577837321,4073.14990234375,4112.39990234375,4100.0498046875,4040.300048828125,4035.85009765625,4090.80986328125,4101.389965820313,18.94243542586035,40.31359567192823,28.349853515625,37.75,4036.949951171875
2025-02-04,4083.699951171875,4118.85009765625,4066.050048828125,4107.0498046875,2547132,4132.1724609375,4213.099970703125,0.0094379962064639,0.0180366498756184,4068.64990234375,4073.14990234375,4112.39990234375,4099.7998046875,4156.60009765625,4092.25986328125,4096.4349365234375,20.047865159675748,35.53562520646505,7.25,23.349853515625,3963.550048828125
2025-02-05,4150.0,4150.0,4076.0,4091.10009765625,1693912,4134.7849609375,4208.2709765625,-0.0038834949147794,0.0176181092910193,4107.0498046875,4068.64990234375,4073.14990234375,4100.0498046875,4145.4501953125,4090.469921875,4090.9999267578123,19.57236577323543,31.083395941643087,-8.94970703125,-58.89990234375,3950.14990234375
2025-02-06,4105.39990234375,4139.5,4051.550048828125,4082.75,2284536,4125.639965820313,4205.027978515625,-0.0020410396853974,0.0118559616405052,4091.10009765625,4107.0498046875,4068.64990234375,4112.39990234375,4152.35009765625,4084.53994140625,4084.0399169921875,15.29019143473132,22.398903723793715,-29.64990234375,-22.64990234375,3910.14990234375
2025-02-07,4090.0,4090.0,4008.0,4029.39990234375,1548940,4112.554956054688,4200.198974609375,-0.0130671967806625,0.0119361572377615,4082.75,4091.10009765625,4107.0498046875,4073.14990234375,4065.14990234375,4075.78994140625,4080.4649169921877,29.423792389883197,27.921099726855545,-43.75,-60.60009765625,3934.85009765625
2025-02-10,4040.0,4052.0,4014.35009765625,4036.949951171875,1339511,4102.749963378907,4195.404975585938,0.0018737402618522,0.0117210906797483,4029.39990234375,4082.75,4091.10009765625,4068.64990234375,4040.300048828125,4069.449951171875,4080.1299072265624,34.34976541821047,28.471240050051502,-31.699951171875,-3.050048828125,3904.5
2025-02-11,4018.39990234375,4040.0,3955.0,3963.550048828125,1810908,4088.4474609375,4188.6209765625,-0.0181820194036448,0.0121382381963892,4036.949951171875,4029.39990234375,4082.75,4107.0498046875,4099.7998046875,4040.75,4066.504931640625,50.995661292957166,45.51320017410124,-143.499755859375,-54.849853515625,3873.199951171875
2025-02-12,3971.10009765625,4021.75,3940.14990234375,3950.14990234375,1678002,4075.6399658203127,4180.5359765625,-0.0033808445255628,0.012033075655006,3963.550048828125,4036.949951171875,4029.39990234375,4091.10009765625,4100.0498046875,4012.5599609375,4051.51494140625,55.00473555164631,56.57767401592322,-140.9501953125,-20.9501953125,3784.10009765625
2025-02-13,3968.0,3984.449951171875,3902.25,3910.14990234375,2277310,4064.932470703125,4169.457978515625,-0.0101261979896678,0.0115318813815306,3950.14990234375,3963.550048828125,4036.949951171875,4082.75,4112.39990234375,3978.03994140625,4031.28994140625,54.095063332565914,67.49147133300863,-172.60009765625,-57.85009765625,3779.39990234375
2025-02-14,3925.0,3948.0,3900.0,3934.85009765625,1681975,4057.7849731445312,4159.24498046875,0.0063169433217111,0.0115062411436348,3910.14990234375,3950.14990234375,3963.550048828125,4029.39990234375,4073.14990234375,3959.12998046875,4017.4599609375,47.81392948236043,71.9811640943685,-94.5498046875,9.85009765625,3786.0
2025-02-17,3856.5,3934.0,3856.199951171875,3904.5,1799806,4051.217468261719,4148.291982421875,-0.0077131521920816,0.0114194306179452,3934.85009765625,3910.14990234375,3950.14990234375,4036.949951171875,4068.64990234375,3932.639990234375,4001.044970703125,25.320823559233254,77.51459754230015,-132.449951171875,48.0,3675.60009765625
2025-02-18,3898.39990234375,3924.39990234375,3864.5,3873.199951171875,2149879,4037.0474609375,4137.104985351562,-0.0080164038489243,0.0087481367115682,3904.5,3934.85009765625,3910.14990234375,3963.550048828125,4107.0498046875,3914.569970703125,3977.6599853515627,29.621085880902584,77.25525101266204,-90.35009765625,-25.199951171875,3629.550048828125
2025-02-19,3872.199951171875,3874.949951171875,3768.14990234375,3784.10009765625,4366672,4018.979956054688,4124.237983398438,-0.0230041966949491,0.0097701156438672,3873.199951171875,3904.5,3934.85009765625,3950.14990234375,4091.10009765625,3881.360009765625,3946.9599853515624,58.633573200472,87.4879263582412,-166.0498046875,-88.099853515625,3612.550048828125
2025-02-20,3761.5,3788.0,3751.300048828125,3779.39990234375,2888572,4000.3324462890623,4110.726977539062,-0.0012420906400999,0.0096948569071631,3784.10009765625,3873.199951171875,3904.5,3910.14990234375,4082.75,3855.210009765625,3916.6249755859376,70.53275252647016,87.76392608124011,-130.75,17.89990234375,3483.25
2025-02-21,3776.10009765625,3817.0,3775.0,3786.0,1833931,3986.374951171875,4096.968979492188,0.0017463348221384,0.0089839233675493,3779.39990234375,3784.10009765625,3873.199951171875,3934.85009765625,4029.39990234375,3825.439990234375,3892.2849853515627,58.98238773972701,86.75822688255339,-148.85009765625,9.89990234375,3493.050048828125
2025-02-24,3743.14990234375,3763.199951171875,3670.0,3675.60009765625,2508516,3968.139953613281,4082.176977539063,-0.0291600375973982,0.0106573334131894,3786.0,3779.39990234375,3784.10009765625,3904.5,4036.949951171875,3779.660009765625,3856.15,70.06811589269105,94.69830805856951,-228.89990234375,-67.5498046875,3532.050048828125
2025-02-25,3625.0,3658.0,3621.25,3629.550048828125,4101954,3944.627465820312,4068.197978515625,-0.0125285797161364,0.009751333499874,3675.60009765625,3786.0,3779.39990234375,3873.199951171875,3963.550048828125,3730.930029296875,3822.75,73.39684634055533,110.23565329945188,-243.64990234375,4.550048828125,3547.050048828125
2025-02-27,3611.699951171875,3638.0,3600.699951171875,3612.550048828125,3823856,3920.252478027344,4053.491977539063,-0.0046837761626923,0.0096526347520135,3629.550048828125,3675.60009765625,3786.0,3784.10009765625,3950.14990234375,3696.62001953125,3788.9900146484374,81.92873117351971,118.28544175063956,-171.550048828125,0.85009765625,3601.60009765625
2025-02-28,3584.949951171875,3600.0,3457.0,3483.25,7085018,3888.794982910156,4037.7189794921874,-0.0357919051862184,0.0114266842137482,3612.550048828125,3629.550048828125,3675.60009765625,3779.39990234375,3910.14990234375,3637.3900390625,3746.3000244140626,109.52462197091174,143.95056909310892,-296.14990234375,-101.699951171875,3611.199951171875
2025-03-03,3485.0,3523.25,3476.14990234375,3493.050048828125,4990439,3859.789990234375,4024.173984375,0.0028134784549271,0.0116817094248238,3483.25,3612.550048828125,3629.550048828125,3786.0,3934.85009765625,3578.800048828125,3702.12001953125,85.97637580198806,147.407820077595,-292.949951171875,8.050048828125,3589.64990234375
2025-03-04,3474.0,3551.0,3464.300048828125,3532.050048828125,2797737,3832.959997558594,4011.648989257813,0.0111650275417851,0.012343489907165,3493.050048828125,3483.25,3612.550048828125,3675.60009765625,3904.5,3550.0900390625,3664.8750244140624,67.56800005797922,137.29766147069446,-143.550048828125,58.050048828125,3575.300048828125
2025-03-05,3520.85009765625,3600.35009765625,3520.85009765625,3547.050048828125,2501894,3804.960009765625,3998.999990234375,0.0042468254392309,0.0120308496949482,3532.050048828125,3493.050048828125,3483.25,3629.550048828125,3873.199951171875,3533.5900390625,3632.2600341796874,51.46804085063964,119.95457681564594,-82.5,26.199951171875,3506.199951171875
2025-03-06,3557.0,3609.449951171875,3536.10009765625,3601.60009765625,2786513,3780.485009765625,3987.649990234375,0.01537899045043,0.0130416611374821,3547.050048828125,3532.050048828125,3493.050048828125,3612.550048828125,3784.10009765625,3531.400048828125,3614.0100341796874,47.33535031458235,107.52565911975519,-10.949951171875,44.60009765625,3511.050048828125
2025-03-07,3600.0,3625.0,3574.39990234375,3611.199951171875,2051315,3756.907507324219,3976.576987304688,0.0026654412636961,0.0131638704132818,3601.60009765625,3547.050048828125,3532.050048828125,3483.25,3779.39990234375,3556.9900390625,3597.1900390625,49.340401215841176,90.6034534784544,127.949951171875,11.199951171875,3497.699951171875
2025-03-10,3606.5,3622.10009765625,3582.60009765625,3589.64990234375,1004626,3734.920007324218,3965.193989257813,-0.0059675590162576,0.0130595545680392,3611.199951171875,3601.60009765625,3547.050048828125,3493.050048828125,3786.0,3576.310009765625,3577.555029296875,34.82075080713496,61.853939304673816,96.599853515625,-16.85009765625,3497.699951171875
2025-03-11,3558.0,3588.75,3537.64990234375,3575.300048828125,1995450,3711.837512207031,3954.8039892578126,-0.0039975635245809,0.012946328919108,3589.64990234375,3611.199951171875,3601.60009765625,3532.050048828125,3675.60009765625,3584.960009765625,3567.5250244140625,25.089350958108106,51.44514640251252,43.25,17.300048828125,3497.10009765625
2025-03-12,3565.0,3569.25,3486.85009765625,3506.199951171875,3174167,3688.970007324219,3942.678984375,-0.0193270765285556,0.0130055589679965,3575.300048828125,3589.64990234375,3611.199951171875,3547.050048828125,3629.550048828125,3576.789990234375,3555.1900146484377,41.68374299921891,49.678481917668535,-40.85009765625,-58.800048828125,3563.14990234375
2025-03-13,3502.300048828125,3524.300048828125,3484.10009765625,3511.050048828125,1693004,3667.0150146484375,3929.3849853515626,0.0013832918041736,0.0130999271990753,3506.199951171875,3575.300048828125,3589.64990234375,3601.60009765625,3612.550048828125,3558.67998046875,3545.0400146484376,47.477557642946,46.95092254722562,-90.550048828125,8.75,3578.10009765625
2025-03-17,3489.0,3530.449951171875,3477.35009765625,3497.699951171875,2690906,3646.392517089844,3917.340986328125,-0.0038023091299156,0.0130660854160269,3511.050048828125,3506.199951171875,3575.300048828125,3611.199951171875,3483.25,3535.97998046875,3546.485009765625,43.01232546999756,45.02060977812042,-113.5,8.699951171875,3628.949951171875
2025-03-18,3497.699951171875,3497.699951171875,3497.699951171875,3497.699951171875,0,3624.535009765625,3905.3949853515614,0.0,0.0128404134055784,3497.699951171875,3511.050048828125,3506.199951171875,3589.64990234375,3493.050048828125,3517.589990234375,3546.95,32.765004174222334,44.427497085535,-91.949951171875,0.0,3657.75
2025-03-19,3547.0,3547.0,3462.75,3497.10009765625,3051244,3604.1650146484376,3894.770986328125,-0.0001714994207618,0.0128916535879278,3497.699951171875,3497.699951171875,3511.050048828125,3575.300048828125,3532.050048828125,3501.95,3543.4550048828123,6.334831419614889,47.02845094624745,-78.199951171875,-49.89990234375,3635.800048828125
2025-03-20,3512.0,3578.949951171875,3512.0,3563.14990234375,2845192,3588.662512207032,3883.865986328125,0.0188870214872507,0.0139648316674969,3497.10009765625,3497.699951171875,3497.699951171875,3506.199951171875,3547.050048828125,3513.339990234375,3545.064990234375,28.45710337808924,47.438991115300595,56.949951171875,51.14990234375,3651.199951171875
2025-03-21,3475.0,3616.25,3465.0,3578.10009765625,4161925,3578.362512207031,3874.650986328125,0.0041957806217094,0.0133339981548075,3563.14990234375,3497.10009765625,3497.699951171875,3511.050048828125,3601.60009765625,3526.75,3542.714990234375,40.400225255445,44.83797479506993,67.050048828125,103.10009765625,3606.14990234375
2025-03-24,3600.0,3649.75,3566.60009765625,3628.949951171875,1834751,3570.8400146484373,3861.916987304688,0.0142114116787657,0.0138608467331266,3578.10009765625,3563.14990234375,3497.10009765625,3497.699951171875,3611.199951171875,3553.0,3544.489990234375,56.31235429588165,48.084148712660465,131.25,28.949951171875,3550.800048828125
2025-03-25,3645.0,3710.0,3638.0,3657.75,3135390,3564.4275146484374,3849.2499853515615,0.007936193448693,0.0140156559191332,3628.949951171875,3578.10009765625,3563.14990234375,3497.699951171875,3589.64990234375,3585.010009765625,3551.3,62.2004591201084,58.815547866090306,160.050048828125,12.75,3543.949951171875
2025-03-26,3647.75,3680.5,3625.85009765625,3635.800048828125,1734499,3562.4375122070314,3837.304990234375,-0.0060009435231699,0.0124954633809972,3657.75,3628.949951171875,3578.10009765625,3497.10009765625,3575.300048828125,3612.75,3557.35,40.24775953045352,64.4046659328503,138.699951171875,-11.949951171875,3403.14990234375
2025-03-27,3614.85009765625,3663.0,3610.5,3651.199951171875,2528474,3563.5200073242186,3825.336987304688,0.0042356296102459,0.012202796552701,3635.800048828125,3657.75,3628.949951171875,3563.14990234375,3506.199951171875,3630.360009765625,3571.85,31.413354750677296,67.84020013166756,88.050048828125,36.349853515625,3299.39990234375
2025-03-28,3651.0,3660.949951171875,3591.89990234375,3606.14990234375,2051919,3563.2,3813.333989257813,-0.0123384228282721,0.0124863552630757,3651.199951171875,3635.800048828125,3657.75,3578.10009765625,3511.050048828125,3635.969970703125,3581.3599853515625,20.278486172944923,64.97528231699734,28.0498046875,-44.85009765625,3274.050048828125
2025-04-01,3572.699951171875,3584.0,3525.0,3550.800048828125,2618493,3566.577502441406,3801.863994140625,-0.0153487389638604,0.0099907013321557,3606.14990234375,3651.199951171875,3635.800048828125,3628.949951171875,3497.699951171875,3620.339990234375,3586.6699951171877,43.669272596908534,59.30058288435787,-78.14990234375,-21.89990234375,3292.949951171875
2025-04-02,3544.0,3564.10009765625,3530.050048828125,3543.949951171875,1764313,3569.1224975585938,3791.1869921875,-0.0019291702044756,0.0100018763789679,3550.800048828125,3606.14990234375,3651.199951171875,3657.75,3497.699951171875,3597.57998046875,3591.2949951171877,48.66687911511824,53.06647755292945,-113.800048828125,-0.050048828125,3246.60009765625
2025-04-03,3491.0,3502.0,3396.14990234375,3403.14990234375,4537821,3562.677490234375,3778.53298828125,-0.0397296944844175,0.0131858811235766,3543.949951171875,3550.800048828125,3606.14990234375,3635.800048828125,3497.10009765625,3551.049951171875,3581.8999755859377,93.5293055861114,75.26818175770853,-232.650146484375,-87.85009765625,3231.5
2025-04-04,3362.60009765625,3399.64990234375,3295.5,3299.39990234375,5317367,3550.294982910156,3761.388984375,-0.0304864619476642,0.0145662610423037,3403.14990234375,3543.949951171875,3550.800048828125,3651.199951171875,3563.14990234375,3480.68994140625,3555.5249755859377,126.03173580271884,117.1352554154841,-351.800048828125,-63.2001953125,3248.199951171875
2025-04-07,3100.0,3291.39990234375,3056.050048828125,3274.050048828125,6623955,3533.91748046875,3743.960981445312,-0.0076831709601548,0.0138893340145732,3299.39990234375,3403.14990234375,3543.949951171875,3606.14990234375,3578.10009765625,3414.269970703125,3525.119970703125,130.80307200427896,146.42399150292712,-332.099853515625,174.050048828125,3273.800048828125
2025-04-08,3302.050048828125,3349.0,3255.300048828125,3292.949951171875,5557558,3518.00498046875,3726.772978515625,0.0057726369670234,0.0139926194051451,3274.050048828125,3299.39990234375,3403.14990234375,3550.800048828125,3628.949951171875,3362.699951171875,3491.519970703125,113.15755047389001,158.0409654044878,-257.85009765625,-9.10009765625,3298.89990234375
2025-04-09,3260.550048828125,3270.0,3212.050048828125,3246.60009765625,2990265,3500.852490234375,3710.401982421875,-0.0140754807096689,0.0141536558240635,3292.949951171875,3274.050048828125,3299.39990234375,3543.949951171875,3657.75,3303.22998046875,3450.40498046875,59.50367914297728,163.38142763599114,-297.349853515625,-13.949951171875,3321.60009765625
2025-04-11,3289.550048828125,3298.949951171875,3206.0,3231.5,7108961,3483.662487792969,3694.225981445312,-0.004651049467765,0.014152184456018,3246.60009765625,3292.949951171875,3274.050048828125,3403.14990234375,3635.800048828125,3268.9,3409.9749755859375,29.28827769697042,162.4272911596565,-171.64990234375,-58.050048828125,3314.39990234375
2025-04-15,3314.39990234375,3314.39990234375,3238.60009765625,3248.199951171875,3512160,3470.762487792969,3677.193984375,0.0051678635840552,0.0138997954742576,3231.5,3246.60009765625,3292.949951171875,3299.39990234375,3651.199951171875,3258.660009765625,3369.6749755859373,24.52128575507188,144.9844412721232,-51.199951171875,-66.199951171875,3413.0
2025-04-16,3248.199951171875,3278.10009765625,3229.0,3273.800048828125,2384391,3458.8999877929687,3660.668989257813,0.0078813182812265,0.0140998980385465,3248.199951171875,3231.5,3246.60009765625,3274.050048828125,3606.14990234375,3258.610009765625,3336.439990234375,24.482283394305355,120.83522388471557,-0.25,25.60009765625,3401.60009765625
2025-04-17,3245.5,3303.60009765625,3218.0,3298.89990234375,2932346,3448.9599853515624,3644.398989257813,0.0076668865359108,0.0143141281681195,3273.800048828125,3248.199951171875,3231.5,3292.949951171875,3550.800048828125,3259.8,3311.2499755859376,26.619975043089912,94.58918018936076,5.949951171875,53.39990234375,3448.0
2025-04-21,3290.10009765625,3354.0,3284.10009765625,3321.60009765625,2432946,3440.154992675781,3629.367993164063,0.0068811409816866,0.0144674307210447,3298.89990234375,3273.800048828125,3248.199951171875,3246.60009765625,3543.949951171875,3274.8,3289.014990234375,36.587248234925354,48.91934147529647,75.0,31.5,3443.5
2025-04-22,3322.60009765625,3333.89990234375,3295.0,3314.39990234375,2710498,3431.019982910156,3614.282993164063,-0.0021676887948012,0.0144575564807718,3321.60009765625,3298.89990234375,3273.800048828125,3231.5,3403.14990234375,3291.37998046875,3280.139990234375,30.3038381955563,30.49203372098571,82.89990234375,-8.2001953125,3472.5
2025-04-23,3365.0,3420.89990234375,3337.300048828125,3413.0,3543923,3423.512487792969,3600.4019970703125,0.0297490045140678,0.0154746023067975,3314.39990234375,3321.60009765625,3298.89990234375,3248.199951171875,3299.39990234375,3324.339990234375,3291.5,52.840309990294195,52.023730531456216,164.800048828125,48.0,3453.699951171875
2025-04-24,3401.10009765625,3412.5,3387.699951171875,3401.60009765625,2252175,3414.687487792969,3586.611997070313,-0.0033401413254467,0.0154064827639746,3413.0,3314.39990234375,3321.60009765625,3273.800048828125,3274.050048828125,3349.9,3304.2550048828125,53.189899099545755,61.957732956603245,127.800048828125,0.5,3431.0
2025-04-25,3420.0,3477.800048828125,3405.0,3448.0,2742991,3405.639990234375,3573.9169970703124,0.0136406105984416,0.0153745623912584,3401.60009765625,3413.0,3314.39990234375,3298.89990234375,3292.949951171875,3379.72001953125,3319.760009765625,58.934484132193965,76.50679975282452,149.10009765625,28.0,3454.300048828125
2025-04-28,3435.0,3457.800048828125,3405.0,3443.5,1593296,3394.927490234375,3562.1989990234374,-0.0013051044083526,0.0151839606134138,3448.0,3401.60009765625,3413.0,3321.60009765625,3246.60009765625,3404.1,3339.45,53.87749305430284,80.80282514644574,121.89990234375,8.5,3460.0
2025-04-29,3455.0,3495.0,3430.39990234375,3472.5,1578332,3386.762487792969,3550.91,0.0084216640046463,0.0153704297907031,3443.5,3448.0,3401.60009765625,3314.39990234375,3231.5,3435.72001953125,3363.55,28.480086621802123,80.96835387622114,158.10009765625,17.5,3445.10009765625
2025-04-30,3472.0,3509.89990234375,3366.0,3453.699951171875,2809332,3376.887487792969,3540.712998046875,-0.0054139809440244,0.0153097108548412,3472.5,3443.5,3448.0,3413.0,3248.199951171875,3443.860009765625,3384.1,26.077973393094855,74.23777407497728,40.699951171875,-18.300048828125,3448.89990234375
2025-05-02,3472.0,3491.5,3420.0,3431.0,1721761,3368.129992675781,3530.33,-0.0065726471589324,0.0151716202178512,3453.699951171875,3472.5,3443.5,3401.60009765625,3273.800048828125,3449.739990234375,3399.8199951171873,15.222118884038762,64.25951914187505,29.39990234375,-41.0,3440.300048828125
2025-05-05,3450.0,3504.5,3446.39990234375,3454.300048828125,1284443,3363.304992675781,3521.213002929688,0.0067910372568129,0.014981782185003,3431.0,3453.699951171875,3472.5,3448.0,3298.89990234375,3451.0,3415.360009765625,15.302614634389945,55.30909386480941,6.300048828125,4.300048828125,3620.39990234375
2025-05-06,3460.0,3473.0,3437.0,3460.0,1324763,3359.107495117188,3511.7160009765626,0.001650103086386,0.0149948549045082,3454.300048828125,3431.0,3453.699951171875,3443.5,3321.60009765625,3454.3,3429.2,15.058054809590558,45.72650227142627,16.5,0.0,3515.0
2025-05-07,3420.60009765625,3459.5,3420.60009765625,3445.10009765625,1477128,3361.2050048828123,3502.528002929688,-0.0043063301571532,0.0119794934988031,3460.0,3454.300048828125,3431.0,3472.5,3314.39990234375,3448.82001953125,3442.27001953125,11.294106118234247,21.560544385857007,-27.39990234375,24.5,3548.699951171875
2025-05-08,3448.0,3477.0,3428.699951171875,3448.89990234375,2543591,3368.6800048828127,3494.042001953125,0.0011029591535192,0.0094744230516903,3445.10009765625,3460.0,3454.300048828125,3453.699951171875,3413.0,3447.860009765625,3445.860009765625,10.975106909910295,18.979681158337616,-4.800048828125,0.89990234375,3579.89990234375
2025-05-09,3399.0,3446.199951171875,3398.10009765625,3440.300048828125,2531757,3376.9925048828127,3487.1660009765624,-0.002493506265514,0.0092563113461242,3448.89990234375,3445.10009765625,3460.0,3431.0,3401.60009765625,3449.72001953125,3449.7300048828124,7.704005211159247,11.373748504907464,9.300048828125,41.300048828125,3561.300048828125
2025-05-12,3505.0,3630.5,3502.199951171875,3620.39990234375,2228678,3393.3650024414064,3483.9860009765625,0.0523500424263787,0.0144948098175603,3440.300048828125,3448.89990234375,3445.10009765625,3454.300048828125,3448.0,3482.939990234375,3466.9699951171874,77.18519975701275,55.09316124639924,166.099853515625,115.39990234375,3518.800048828125
2025-05-13,3620.39990234375,3623.0,3510.5,3515.0,3062887,3406.7849975585937,3478.5660009765625,-0.029112779026294,0.0158543472508296,3620.39990234375,3440.300048828125,3448.89990234375,3460.0,3443.5,3493.939990234375,3474.1199951171875,77.01756507501783,56.33444125472469,55.0,-105.39990234375,3498.300048828125
2025-05-14,3521.0,3561.0,3508.60009765625,3548.699951171875,2119499,3422.644995117188,3476.027998046875,0.0095874683277026,0.0157602550773875,3515.0,3620.39990234375,3440.300048828125,3445.10009765625,3472.5,3514.6599609375,3481.739990234375,74.48750500164448,61.04736380550796,103.599853515625,27.699951171875,3525.800048828125
2025-05-15,3564.0,3600.0,3514.10009765625,3579.89990234375,3548330,3439.229992675781,3475.0349951171875,0.008791938343948,0.0157854133774342,3548.699951171875,3515.0,3620.39990234375,3448.89990234375,3453.699951171875,3540.8599609375,3494.3599853515625,68.3615722718494,67.32797621885003,131.0,15.89990234375,3477.0
2025-05-16,3593.89990234375,3593.89990234375,3546.10009765625,3561.300048828125,1666727,3453.604992675781,3474.0099951171874,-0.0051956350800332,0.0159295256297155,3579.89990234375,3548.699951171875,3515.0,3440.300048828125,3431.0,3565.0599609375,3507.389990234375,38.956769384306135,66.30416571257858,121.0,-32.599853515625,3514.60009765625
2025-05-19,3550.0,3550.0,3503.699951171875,3518.800048828125,2537377,3464.6,3474.72099609375,-0.0119338442190471,0.0163121837340289,3561.300048828125,3579.89990234375,3548.699951171875,3620.39990234375,3454.300048828125,3544.739990234375,3513.839990234375,27.76456298093378,63.649914092779376,-101.599853515625,-31.199951171875,3537.300048828125
2025-05-20,3531.800048828125,3558.0,3494.0,3498.300048828125,2038374,3473.4349975585938,3474.82599609375,-0.0058258496406543,0.0164148060042936,3518.800048828125,3561.300048828125,3579.89990234375,3515.0,3460.0,3541.4,3517.6699951171877,32.7868391848605,61.153595272352554,-16.699951171875,-33.5,3498.699951171875
2025-05-21,3508.0,3537.0,3498.300048828125,3525.800048828125,1440153,3484.0050048828125,3474.70099609375,0.0078609609284978,0.0164107878245863,3498.300048828125,3518.800048828125,3561.300048828125,3548.699951171875,3445.10009765625,3536.82001953125,3525.739990234375,33.11002634746064,55.58408992643498,-22.89990234375,17.800048828125,3497.699951171875
2025-05-22,3495.0,3497.800048828125,3451.300048828125,3477.0,2034383,3487.2050048828123,3473.299995117188,-0.0138408441069551,0.0155756999399796,3525.800048828125,3498.300048828125,3518.800048828125,3579.89990234375,3448.89990234375,3516.2400390625,3528.55,31.583127742626306,51.85293891674064,-102.89990234375,-18.0,3498.10009765625
2025-05-23,3477.0,3535.0,3465.60009765625,3514.60009765625,1274331,3492.8550048828124,3471.559995117188,0.0108139481323699,0.015687229503041,3477.0,3525.800048828125,3498.300048828125,3561.300048828125,3440.300048828125,3506.900048828125,3535.9800048828124,19.53256045603702,42.233532802350815,-46.699951171875,37.60009765625,3463.39990234375
2025-05-26,3521.0,3545.0,3510.10009765625,3537.300048828125,967470,3497.3200073242188,3470.0819970703124,0.0064587579073398,0.0154815822391665,3514.60009765625,3477.0,3525.800048828125,3518.800048828125,3620.39990234375,3510.600048828125,3527.67001953125,23.665289306677117,30.253570037224478,18.5,16.300048828125,3449.800048828125
2025-05-27,3532.0,3540.0,3483.10009765625,3498.699951171875,2467680,3500.0800048828123,3468.262998046875,-0.0109123051828859,0.0157169098313297,3537.300048828125,3514.60009765625,3477.0,3498.300048828125,3515.0,3510.680029296875,3526.0400146484376,23.61394721200948,31.42835380604201,0.39990234375,-33.300048828125,3405.199951171875
2025-05-28,3520.0,3529.0,3493.0,3497.699951171875,1222933,3501.3400024414063,3466.71099609375,-0.0002858204515837,0.0156182014894602,3498.699951171875,3537.300048828125,3514.60009765625,3525.800048828125,3548.699951171875,3505.060009765625,3520.9400146484377,22.429993042653454,31.480610048495386,-28.10009765625,-22.300048828125,3380.89990234375
2025-05-29,3504.699951171875,3532.5,3486.5,3498.10009765625,3188072,3503.560009765625,3466.5489990234373,0.0001144027475086,0.0155572801724333,3497.699951171875,3498.699951171875,3537.300048828125,3477.0,3579.89990234375,3509.280029296875,3512.7600341796874,17.207932443181985,24.256801858684277,21.10009765625,-6.599853515625,3371.10009765625
2025-05-30,3490.0,3506.699951171875,3453.10009765625,3463.39990234375,3404365,3505.1800048828127,3465.59599609375,-0.0099197262353211,0.0156578989437668,3498.10009765625,3497.699951171875,3498.699951171875,3514.60009765625,3561.300048828125,3499.039990234375,3502.97001953125,26.15742092483234,22.15445190356671,-51.2001953125,-26.60009765625,3384.199951171875
2025-06-02,3450.0,3460.0,3418.60009765625,3449.800048828125,1877585,3504.9550048828123,3464.637998046875,-0.0039267349711541,0.0156176656499979,3463.39990234375,3498.10009765625,3497.699951171875,3537.300048828125,3518.800048828125,3481.539990234375,3496.07001953125,23.271938165145592,26.91082724967758,-87.5,-0.199951171875,3421.89990234375
2025-06-03,3446.0,3473.5,3400.5,3405.199951171875,2848125,3502.2150024414063,3462.787998046875,-0.012928313822536,0.0158770517681173,3449.800048828125,3463.39990234375,3498.10009765625,3498.699951171875,3498.300048828125,3462.839990234375,3486.760009765625,38.57207451167619,39.30417999253396,-93.5,-40.800048828125,3462.89990234375
2025-06-04,3389.0,3394.800048828125,3370.0,3380.89990234375,2544807,3499.004992675781,3460.463994140625,-0.0071361591614501,0.015923609854974,3405.199951171875,3449.800048828125,3463.39990234375,3497.699951171875,3525.800048828125,3439.47998046875,3472.2699951171876,46.69510299337173,48.860344670884444,-116.800048828125,-8.10009765625,3471.89990234375
2025-06-05,3409.0,3409.0,3363.699951171875,3371.10009765625,3584683,3495.1150024414064,3456.622998046875,-0.0028985787720915,0.015923295326626,3380.89990234375,3405.199951171875,3449.800048828125,3498.10009765625,3477.0,3414.07998046875,3461.6800048828127,41.03480476565511,58.28807368640063,-127.0,-37.89990234375,3434.199951171875
2025-06-06,3371.10009765625,3390.89990234375,3358.699951171875,3384.199951171875,2070390,3492.3099975585938,3452.7449951171875,0.0038859283723828,0.015956121054952,3371.10009765625,3380.89990234375,3405.199951171875,3463.39990234375,3514.60009765625,3398.239990234375,3448.639990234375,31.38971094372514,59.702687907316815,-79.199951171875,13.099853515625,3445.699951171875
2025-06-09,3400.0,3434.0,3390.89990234375,3421.89990234375,1718678,3482.3849975585936,3448.603994140625,0.0111399892783581,0.0104581977398588,3384.199951171875,3371.10009765625,3380.89990234375,3449.800048828125,3537.300048828125,3392.6599609375,3437.0999755859375,20.536090040371853,51.21024791095687,-27.900146484375,21.89990234375,3496.300048828125
2025-06-10,3440.0,3485.800048828125,3423.199951171875,3462.89990234375,2419874,3479.779992675781,3444.7069921875,0.0119816479646053,0.0089347736639948,3421.89990234375,3384.199951171875,3371.10009765625,3405.199951171875,3498.699951171875,3404.199951171875,3433.519970703125,38.0705434595198,47.545674296553415,57.699951171875,22.89990234375,3515.300048828125
2025-06-11,3470.0,3489.0,3449.10009765625,3471.89990234375,2847013,3475.939990234375,3441.4289892578126,0.0025989778087169,0.0086428089476565,3462.89990234375,3421.89990234375,3384.199951171875,3380.89990234375,3497.699951171875,3422.399951171875,3430.9399658203124,45.2262540746349,44.262732388723535,91.0,1.89990234375,3451.39990234375
2025-06-12,3471.89990234375,3474.699951171875,3423.199951171875,3434.199951171875,4060134,3468.654992675781,3437.0889892578125,-0.0108585939204137,0.0085808641217391,3471.89990234375,3462.89990234375,3421.89990234375,3371.10009765625,3498.10009765625,3435.019921875,3424.549951171875,34.97464423346675,37.601014511787156,63.099853515625,-37.699951171875,3424.0
2025-06-13,3393.199951171875,3450.5,3393.199951171875,3445.699951171875,2178493,3462.874987792969,3433.879990234375,0.0033486693155637,0.0086280737555034,3434.199951171875,3471.89990234375,3462.89990234375,3384.199951171875,3463.39990234375,3447.319921875,3422.7799560546873,20.41963858976042,35.949349550033965,61.5,52.5,3435.699951171875
2025-06-16,3440.0,3509.0,3426.199951171875,3496.300048828125,1934088,3461.749987792969,3432.789990234375,0.0146849982219261,0.0089974135014625,3445.699951171875,3434.199951171875,3471.89990234375,3421.89990234375,3449.800048828125,3462.199951171875,3427.4299560546874,24.05018526197531,42.28224637357973,74.400146484375,56.300048828125,3393.60009765625
2025-06-17,3510.0,3520.0,3488.10009765625,3515.300048828125,2111940,3462.599987792969,3432.2169921875,0.0054343162013135,0.0089845575439615,3496.300048828125,3445.699951171875,3434.199951171875,3462.89990234375,3405.199951171875,3472.67998046875,3438.4399658203124,33.85122233274842,49.55902447485887,52.400146484375,5.300048828125,3390.39990234375
2025-06-18,3519.10009765625,3538.0,3443.10009765625,3451.39990234375,2696327,3458.87998046875,3433.1819921875,-0.0181777218435954,0.0096874294583041,3515.300048828125,3496.300048828125,3445.699951171875,3471.89990234375,3380.89990234375,3468.57998046875,3445.4899658203126,35.184528619869695,45.29526368654439,-20.5,-67.7001953125,3444.800048828125
2025-06-19,3450.0,3451.0,3413.0,3424.0,2672768,3456.22998046875,3435.673994140625,-0.0079387793704066,0.0093607436650833,3451.39990234375,3515.300048828125,3496.300048828125,3434.199951171875,3371.10009765625,3466.539990234375,3450.7799560546873,37.86946216996018,38.17077763973164,-10.199951171875,-26.0,3441.800048828125
2025-06-20,3425.0,3446.300048828125,3410.89990234375,3435.699951171875,2351248,3452.2849731445312,3438.9069921875,0.0034170418142158,0.0090207503092899,3424.0,3451.39990234375,3515.300048828125,3445.699951171875,3384.199951171875,3464.539990234375,3455.9299560546874,39.475262638196,30.988096079457627,-10.0,10.699951171875,3441.10009765625
2025-06-23,3415.0,3425.0,3370.0,3393.60009765625,3123421,3445.099975585937,3440.919995117188,-0.0122536467427154,0.0091652074686531,3435.699951171875,3424.0,3451.39990234375,3496.300048828125,3421.89990234375,3444.0,3453.0999755859375,45.13174183541692,35.41694146643503,-102.699951171875,-21.39990234375,3462.0
2025-06-24,3434.60009765625,3442.10009765625,3382.0,3390.39990234375,3403048,3439.684973144532,3443.7959912109377,-0.0009430089640527,0.0089247341316856,3393.60009765625,3435.699951171875,3424.0,3515.300048828125,3462.89990234375,3419.019970703125,3445.8499755859375,26.536581693476023,40.27526578386479,-124.900146484375,-44.2001953125,3429.699951171875
2025-06-25,3407.300048828125,3450.0,3400.0,3444.800048828125,1757699,3437.039978027344,3448.0619921875,0.0160453480566609,0.0097534772054024,3390.39990234375,3393.60009765625,3435.699951171875,3451.39990234375,3471.89990234375,3417.7,3443.139990234375,24.61809047068912,39.22575225778321,-6.599853515625,37.5,3423.300048828125
2025-06-26,3444.800048828125,3451.39990234375,3415.300048828125,3441.800048828125,2879106,3434.224975585937,3451.933994140625,-0.0008708778325233,0.0097515476075216,3444.800048828125,3390.39990234375,3393.60009765625,3424.0,3434.199951171875,3421.260009765625,3443.9,26.934900777399257,39.10673678507698,17.800048828125,-3.0,3400.800048828125
2025-06-27,3455.0,3466.39990234375,3431.0,3441.10009765625,1778433,3433.1099853515625,3455.279995117188,-0.0002033677616203,0.0095105530418944,3441.800048828125,3444.800048828125,3390.39990234375,3435.699951171875,3445.699951171875,3422.3400390625,3443.4400146484377,27.754460825399775,39.11026509395154,5.400146484375,-13.89990234375,3419.800048828125
2025-06-30,3439.89990234375,3464.89990234375,3430.0,3462.0,1468351,3433.7199829101564,3458.5419970703124,0.00607361069153,0.0095714212148834,3441.10009765625,3441.800048828125,3444.800048828125,3393.60009765625,3496.300048828125,3436.02001953125,3440.010009765625,26.890794541240496,35.27535499354171,68.39990234375,22.10009765625,3411.699951171875
2025-07-01,3455.0,3485.0,3413.5,3429.699951171875,2375183,3434.9449829101563,3460.703994140625,-0.0093298812328495,0.0093423317395715,3462.0,3441.10009765625,3441.800048828125,3390.39990234375,3515.300048828125,3443.880029296875,3431.45,11.643761511256407,23.34315432265251,39.300048828125,-25.300048828125,3406.199951171875
2025-07-02,3487.199951171875,3489.89990234375,3420.0,3423.300048828125,3090585,3437.064990234375,3462.8819970703125,-0.0018660239772763,0.0091916912828348,3429.699951171875,3462.0,3441.10009765625,3444.800048828125,3451.39990234375,3439.580029296875,3428.6400146484375,14.769460794832511,22.344744864158628,-21.5,-63.89990234375,3383.800048828125
2025-07-03,3430.0,3435.300048828125,3397.60009765625,3400.800048828125,2531870,3438.5499877929688,3462.637998046875,-0.0065726052870248,0.0093026722038845,3423.300048828125,3429.699951171875,3462.0,3441.800048828125,3424.0,3431.380029296875,3426.32001953125,22.55718448254342,24.021515344234356,-41.0,-29.199951171875,3382.0
2025-07-04,3408.0,3427.0,3390.10009765625,3419.800048828125,1109320,3440.3299926757813,3463.0019970703124,0.0055869206443193,0.0093431393096746,3400.800048828125,3423.300048828125,3429.699951171875,3441.10009765625,3435.699951171875,3427.12001953125,3424.730029296875,22.272090662124963,23.857318946492803,-21.300048828125,11.800048828125,3266.0
2025-07-07,3418.300048828125,3426.10009765625,3408.39990234375,3411.699951171875,1639174,3439.819995117188,3462.27599609375,-0.0023685880871969,0.0090211395412198,3419.800048828125,3400.800048828125,3423.300048828125,3462.0,3393.60009765625,3417.060009765625,3426.5400146484376,11.172853016719358,21.83395629670354,-50.300048828125,-6.60009765625,3222.699951171875
2025-07-08,3405.0,3425.0,3393.39990234375,3406.199951171875,2325242,3436.984997558594,3461.529995117188,-0.0016120995628912,0.0085625603266636,3411.699951171875,3419.800048828125,3400.800048828125,3429.699951171875,3390.39990234375,3412.360009765625,3428.12001953125,9.314683731066475,19.359583152753654,-23.5,1.199951171875,3252.300048828125
2025-07-09,3410.0,3414.0,3367.0,3383.800048828125,2034938,3432.5800048828123,3459.75599609375,-0.0065762147451278,0.0086170344650682,3406.199951171875,3411.699951171875,3419.800048828125,3423.300048828125,3444.800048828125,3404.460009765625,3422.02001953125,13.518415644055658,22.820744861775008,-39.5,-26.199951171875,3233.10009765625
2025-07-10,3380.0,3399.0,3356.0,3382.0,3035012,3429.970007324219,3458.3219970703126,-0.0005319607548172,0.0083150174214625,3383.800048828125,3406.199951171875,3411.699951171875,3400.800048828125,3441.800048828125,3400.7,3416.0400146484376,16.965837759464023,24.81000108542086,-18.800048828125,2.0,3209.199951171875
2025-07-11,3299.89990234375,3335.0,3261.10009765625,3266.0,7635550,3420.985009765625,3455.0219970703124,-0.0342992312241277,0.0111280524769986,3382.0,3383.800048828125,3406.199951171875,3419.800048828125,3441.10009765625,3369.939990234375,3398.5300048828126,59.58134299925357,52.023305888533805,-153.800048828125,-33.89990234375,3189.89990234375
2025-07-14,3266.0,3272.0,3200.0,3222.699951171875,3924009,3407.3050048828127,3450.3899951171875,-0.0132578226662967,0.0105824388039985,3266.0,3382.0,3383.800048828125,3411.699951171875,3462.0,3332.139990234375,3374.6,82.14511625776113,71.1173797878833,-189.0,-43.300048828125,3158.199951171875
2025-07-15,3206.0,3259.39990234375,3206.0,3252.300048828125,2590889,3394.1550048828126,3446.23599609375,0.0091848754475223,0.0107898471510926,3222.699951171875,3266.0,3382.0,3406.199951171875,3429.699951171875,3301.360009765625,3356.860009765625,76.06540432649237,77.66976837396425,-153.89990234375,46.300048828125,3159.60009765625
2025-07-16,3227.0,3244.89990234375,3220.60009765625,3233.10009765625,2540733,3383.2400146484374,3441.99599609375,-0.0059034993338923,0.0102668977891537,3252.300048828125,3222.699951171875,3266.0,3383.800048828125,3423.300048828125,3271.22001953125,3337.8400146484373,64.15750822258344,82.71636354669478,-150.699951171875,6.10009765625,3179.10009765625
2025-07-17,3224.10009765625,3242.0,3204.10009765625,3209.199951171875,2947640,3372.5000122070314,3437.2019970703127,-0.0073923311256898,0.0102543734075166,3233.10009765625,3252.300048828125,3222.699951171875,3382.0,3400.800048828125,3236.660009765625,3318.6800048828127,22.73244859759074,88.50060355767646,-172.800048828125,-14.900146484375,3148.0
2025-07-18,3225.0,3228.800048828125,3187.0,3189.89990234375,3432645,3360.210009765625,3432.193994140625,-0.0060139751719356,0.0101511870389828,3209.199951171875,3233.10009765625,3252.300048828125,3266.0,3419.800048828125,3221.439990234375,3295.689990234375,23.635167248522702,89.172028036805,-76.10009765625,-35.10009765625,3135.800048828125
2025-07-21,3190.0,3197.60009765625,3152.0,3158.199951171875,3844346,3348.4400024414062,3422.9499951171874,-0.0099376005963647,0.0100607432052827,3189.89990234375,3209.199951171875,3233.10009765625,3222.699951171875,3411.699951171875,3208.539990234375,3270.339990234375,36.74285496026831,88.55872506262315,-64.5,-31.800048828125,3079.300048828125
2025-07-22,3159.60009765625,3180.10009765625,3154.60009765625,3159.60009765625,3198036,3336.900012207031,3415.8419970703126,0.0004433368710095,0.0100843219067912,3158.199951171875,3189.89990234375,3209.199951171875,3252.300048828125,3406.199951171875,3190.0,3245.6800048828127,32.25547911015237,80.49021756250598,-92.699951171875,0.0,3056.0
2025-07-23,3159.60009765625,3182.0,3157.60009765625,3179.10009765625,1922875,3323.6150146484374,3408.45,0.0061716671089055,0.0092889688726626,3159.60009765625,3158.199951171875,3189.89990234375,3233.10009765625,3383.800048828125,3179.2,3225.210009765625,21.445589194675073,66.22655276079038,-54.0,19.5,3053.60009765625
2025-07-24,3165.10009765625,3173.699951171875,3140.0,3148.0,2934778,3308.925012207031,3399.812001953125,-0.0097826733040516,0.0093463652406951,3179.10009765625,3159.60009765625,3158.199951171875,3209.199951171875,3382.0,3166.960009765625,3201.810009765625,17.058790319248793,41.33372470985411,-61.199951171875,-17.10009765625,3036.800048828125
2025-07-25,3140.0,3156.89990234375,3125.60009765625,3135.800048828125,2568917,3293.660009765625,3391.302001953125,-0.0038754609821711,0.0092953205207604,3148.0,3179.10009765625,3159.60009765625,3189.89990234375,3266.0,3156.1400390625,3188.7900146484376,15.994959930183777,39.32492643727528,-54.099853515625,-4.199951171875,3003.0
2025-07-28,3110.0,3118.0,3069.89990234375,3079.300048828125,3374473,3274.525012207031,3382.512001953125,-0.0180177304420652,0.0094006856484485,3135.800048828125,3148.0,3179.10009765625,3158.199951171875,3222.699951171875,3140.36005859375,3174.4500244140627,37.677768365518986,50.22158032687915,-78.89990234375,-30.699951171875,3074.39990234375
2025-07-29,3060.0,3074.0,3041.199951171875,3056.0,4785312,3255.8400146484373,3373.6660009765624,-0.0075666704961058,0.0093740455863199,3079.300048828125,3135.800048828125,3148.0,3159.60009765625,3252.300048828125,3119.6400390625,3154.82001953125,50.69097861543167,54.58558543973772,-103.60009765625,-4.0,3063.89990234375
2025-07-30,3060.0,3069.0,3047.199951171875,3053.60009765625,2880121,3237.355017089844,3364.222001953125,-0.0007853083585569,0.0094004439721867,3056.0,3079.300048828125,3135.800048828125,3179.10009765625,3233.10009765625,3094.5400390625,3136.87001953125,44.592674692514514,55.489690927748484,-125.5,-6.39990234375,3032.300048828125
2025-07-31,3041.699951171875,3059.800048828125,3015.0,3036.800048828125,2968371,3219.155017089844,3355.418002929688,-0.0055017187224416,0.0093979938873453,3053.60009765625,3056.0,3079.300048828125,3148.0,3209.199951171875,3072.300048828125,3119.630029296875,38.590412558144635,57.27337910397158,-111.199951171875,-4.89990234375,3047.0
2025-08-01,3029.89990234375,3036.800048828125,3000.0,3003.0,2053847,3198.3150146484377,3345.1860009765624,-0.01113015288615,0.0090888177063812,3036.800048828125,3053.60009765625,3056.0,3135.800048828125,3189.89990234375,3045.7400390625,3100.9400390625,28.284076524882558,62.08749284682348,-132.800048828125,-26.89990234375,3036.39990234375
2025-08-04,3009.10009765625,3079.39990234375,2991.60009765625,3074.39990234375,2519252,3181.4500122070312,3335.927998046875,0.02377619125666,0.0113129348855497,3003.0,3036.800048828125,3053.60009765625,3079.300048828125,3158.199951171875,3044.760009765625,3092.5600341796876,26.88060248664037,59.0829430320493,-4.900146484375,65.2998046875,3040.800048828125
2025-08-05,3074.39990234375,3077.5,3042.0,3063.89990234375,1927996,3164.335009765625,3327.2319970703124,-0.0034153006549327,0.0112905827116238,3074.39990234375,3003.0,3036.800048828125,3056.0,3159.60009765625,3046.339990234375,3082.9900146484374,27.918558237327762,54.59785071429227,7.89990234375,-10.5,3035.39990234375
2025-08-06,3063.0,3066.800048828125,3026.0,3032.300048828125,1487081,3146.760009765625,3317.9239990234373,-0.0103136050533023,0.0113449981162369,3063.89990234375,3074.39990234375,3003.0,3053.60009765625,3179.10009765625,3042.07998046875,3068.310009765625,28.157840626999313,44.72834903811845,-21.300048828125,-30.699951171875,3036.199951171875
2025-08-07,3016.0,3051.60009765625,3010.89990234375,3047.0,2543076,3130.010009765625,3308.9019970703125,0.0048477891155778,0.0115289637454676,3032.300048828125,3063.89990234375,3074.39990234375,3036.800048828125,3148.0,3044.119970703125,3058.210009765625,28.0489619610888,35.10167587283965,10.199951171875,31.0,3022.300048828125
2025-08-08,3048.10009765625,3059.800048828125,3025.0,3036.39990234375,2762140,3118.5300048828126,3300.361997070313,-0.0034788636876436,0.0092632042029846,3047.0,3032.300048828125,3063.89990234375,3003.0,3135.800048828125,3050.799951171875,3048.2699951171876,17.976469605511273,22.500806290881677,33.39990234375,-11.7001953125,3011.199951171875
2025-08-11,3036.39990234375,3049.89990234375,3021.300048828125,3040.800048828125,1884215,3109.435009765625,3292.1819970703127,0.0014491327314885,0.0090369485569222,3036.39990234375,3047.0,3032.300048828125,3074.39990234375,3079.300048828125,3044.07998046875,3044.4199951171877,12.347713940512786,19.72389249929993,-33.599853515625,4.400146484375,3016.199951171875
2025-08-12,3041.0,3096.39990234375,3026.89990234375,3035.39990234375,3358232,3098.5900024414063,3284.78599609375,-0.0017758966053871,0.0085891784756922,3040.800048828125,3036.39990234375,3047.0,3063.89990234375,3056.0,3038.37998046875,3042.3599853515625,5.6993116108880555,19.45398152942825,-28.5,-5.60009765625,3098.60009765625
2025-08-13,3036.10009765625,3044.39990234375,3028.60009765625,3036.199951171875,2148166,3088.7449951171875,3277.8919970703123,0.0002635727923385,0.0086056387783234,3035.39990234375,3040.800048828125,3036.39990234375,3032.300048828125,3053.60009765625,3039.1599609375,3040.619970703125,4.8650211375287435,19.112084492485153,3.89990234375,0.099853515625,3102.60009765625
2025-08-14,3034.0,3055.89990234375,3019.10009765625,3022.300048828125,3342174,3079.4,3270.91599609375,-0.004578058944499,0.0085546476150548,3036.199951171875,3035.39990234375,3040.800048828125,3047.0,3036.800048828125,3034.219970703125,3039.169970703125,6.990111389137519,19.965104828191,-24.699951171875,-11.699951171875,3054.0
2025-08-18,3046.5,3049.0,3003.39990234375,3011.199951171875,2945609,3070.4650024414063,3263.45599609375,-0.0036727318522044,0.0085266457426988,3022.300048828125,3036.199951171875,3035.39990234375,3036.39990234375,3003.0,3029.17998046875,3039.9899658203126,12.182039221520284,18.42335471079345,-25.199951171875,-35.300048828125,3140.60009765625
2025-08-19,3011.199951171875,3025.0,3011.10009765625,3016.199951171875,2650784,3063.3650024414064,3255.3419970703126,0.0016604676145979,0.0084124452308989,3011.199951171875,3022.300048828125,3036.199951171875,3040.800048828125,3074.39990234375,3024.2599609375,3034.169970703125,11.247561172432974,15.267895230704541,-24.60009765625,5.0,3157.199951171875
2025-08-20,3010.89990234375,3103.39990234375,3010.89990234375,3098.60009765625,4952358,3060.3150024414062,3248.0560009765627,0.0273191923010145,0.0107025350862203,3016.199951171875,3011.199951171875,3022.300048828125,3035.39990234375,3063.89990234375,3036.9,3037.639990234375,35.740506517921766,24.140651955085715,63.2001953125,87.7001953125,3093.699951171875
2025-08-21,3130.0,3130.0,3083.10009765625,3102.60009765625,3230726,3056.4900024414064,3240.6700048828125,0.0012909055295731,0.0105873388915015,3098.60009765625,3016.199951171875,3011.199951171875,3036.199951171875,3032.300048828125,3050.180029296875,3044.6699951171877,46.21620954189119,31.520770201506455,66.400146484375,-27.39990234375,3084.699951171875
2025-08-22,3086.0,3095.699951171875,3050.0,3054.0,1593791,3051.790002441406,3233.066005859375,-0.0156643125528691,0.0109159153035882,3102.60009765625,3098.60009765625,3016.199951171875,3022.300048828125,3047.0,3056.52001953125,3045.3699951171875,43.53180900805434,31.65570100528679,31.699951171875,-32.0,3112.60009765625
2025-08-25,3087.300048828125,3152.0,3077.10009765625,3140.60009765625,3448370,3052.0300048828126,3226.9640087890625,0.028356286069499,0.0127632650948859,3054.0,3102.60009765625,3098.60009765625,3011.199951171875,3036.39990234375,3082.400048828125,3055.7900146484376,48.07999828781888,43.36062275350503,129.400146484375,53.300048828125,3111.5
2025-08-26,3129.0,3162.0,3120.0,3157.199951171875,5522097,3055.925,3220.182006835937,0.0052855674073286,0.0120615220596275,3140.60009765625,3054.0,3102.60009765625,3016.199951171875,3040.800048828125,3110.600048828125,3067.4300048828127,40.25890399142706,53.36007129136621,141.0,28.199951171875,3097.5
2025-08-28,3145.0,3146.5,3086.5,3093.699951171875,3116051,3057.8099975585938,3211.7500048828124,-0.0201127584511808,0.0128485181030946,3157.199951171875,3140.60009765625,3054.0,3098.60009765625,3035.39990234375,3109.62001953125,3073.260009765625,40.68147486237905,52.651862807616816,-4.900146484375,-51.300048828125,3095.699951171875
2025-08-29,3093.0,3115.0,3077.199951171875,3084.699951171875,2271789,3059.364990234375,3204.416005859375,-0.0029091379713765,0.0128701204145679,3093.699951171875,3157.199951171875,3140.60009765625,3102.60009765625,3036.199951171875,3106.039990234375,3078.110009765625,42.21248939290945,51.06876326246109,-17.900146484375,-8.300048828125,3048.300048828125
2025-09-01,3090.0,3131.10009765625,3090.0,3112.60009765625,1246862,3063.154992675781,3198.1880078125,0.009044687303793,0.0129189849108909,3084.699951171875,3093.699951171875,3157.199951171875,3054.0,3022.300048828125,3117.760009765625,3087.1400146484375,30.723188228576152,47.994874461803114,58.60009765625,22.60009765625,3019.0
2025-09-02,3121.10009765625,3155.0,3103.10009765625,3111.5,2185229,3068.5799926757813,3191.7040087890623,-0.0003534336637328,0.012593355942505,3112.60009765625,3084.699951171875,3093.699951171875,3140.60009765625,3011.199951171875,3111.939990234375,3097.17001953125,27.945536988970847,40.2106639220255,-29.10009765625,-9.60009765625,3049.39990234375
2025-09-03,3129.89990234375,3141.89990234375,3088.0,3097.5,1799774,3069.734997558594,3185.7820068359374,-0.0044994375703036,0.011546011572605,3111.5,3112.60009765625,3084.699951171875,3157.199951171875,3016.199951171875,3100.0,3105.3000244140626,11.948269438792199,28.548330483378706,-59.699951171875,-32.39990234375,3110.0
2025-09-04,3116.0,3118.0,3090.800048828125,3095.699951171875,1481391,3071.325,3179.8880078125,-0.0005811295651735,0.0115135866442542,3097.5,3111.5,3112.60009765625,3093.699951171875,3098.60009765625,3100.4,3105.010009765625,11.715847974169407,28.6385440800527,2.0,-20.300048828125,3124.199951171875
2025-09-05,3097.10009765625,3103.39990234375,3028.60009765625,3048.300048828125,2802055,3072.125,3171.9580078125,-0.0153115298935243,0.0118127966329441,3095.699951171875,3097.5,3111.5,3084.699951171875,3102.60009765625,3093.12001953125,3099.5800048828123,26.229597670355318,33.82447885138449,-36.39990234375,-48.800048828125,3133.39990234375
2025-09-08,3050.0,3064.89990234375,3016.0,3019.0,2626187,3070.725,3163.5020068359377,-0.0096119307019625,0.0119632112464821,3048.300048828125,3095.699951171875,3097.5,3112.60009765625,3054.0,3074.4,3096.0800048828123,39.09627658454183,40.26296708709214,-93.60009765625,-31.0,3111.89990234375
2025-09-09,3032.10009765625,3060.0,3030.800048828125,3049.39990234375,2489301,3071.375,3155.668002929688,0.0100695271095561,0.0121612852385733,3019.0,3048.300048828125,3095.699951171875,3111.5,3140.60009765625,3061.97998046875,3086.9599853515624,33.879882777759995,39.37738270449125,-62.10009765625,17.2998046875,3145.699951171875
2025-09-10,3056.39990234375,3122.699951171875,3053.39990234375,3110.0,2079428,3074.834997558594,3148.628002929688,0.0198727945159549,0.0129278410008593,3049.39990234375,3019.0,3048.300048828125,3097.5,3157.199951171875,3064.47998046875,3082.239990234375,37.43122465409143,32.196636048234254,12.5,53.60009765625,3172.800048828125
2025-09-11,3139.0,3139.0,3110.10009765625,3124.199951171875,2263446,3079.275,3142.518002929688,0.004565900698352,0.0129286626510498,3110.0,3049.39990234375,3019.0,3095.699951171875,3093.699951171875,3070.17998046875,3085.289990234375,44.815523667860546,34.74653135780428,28.5,-14.800048828125,3176.699951171875
2025-09-12,3144.0,3148.699951171875,3121.0,3133.39990234375,1447167,3084.1349975585936,3136.72,0.0029447382740097,0.0129288307860088,3124.199951171875,3110.0,3049.39990234375,3048.300048828125,3084.699951171875,3087.199951171875,3090.1599853515627,50.25772265558931,37.922347479571876,85.099853515625,-10.60009765625,3169.199951171875
2025-09-15,3134.0,3134.0,3096.0,3111.89990234375,1732539,3088.614990234375,3130.9419970703125,-0.0068615563509523,0.0129966841888159,3133.39990234375,3124.199951171875,3110.0,3019.0,3112.60009765625,3105.779931640625,3090.0899658203125,32.92465118666976,37.87692975426418,92.89990234375,-22.10009765625,3073.800048828125
2025-09-16,3128.0,3150.0,3109.10009765625,3145.699951171875,2573429,3095.339990234375,3125.459995117188,0.0108615475718445,0.0130957444735154,3111.89990234375,3133.39990234375,3124.199951171875,3049.39990234375,3111.5,3125.03994140625,3093.5099609375,14.969059740463678,41.40460724457178,96.300048828125,17.699951171875,3062.39990234375
2025-09-17,3152.0,3182.39990234375,3142.39990234375,3172.800048828125,2418271,3103.169995117188,3120.6819970703127,0.008614965850813,0.0131708692282302,3145.699951171875,3111.89990234375,3133.39990234375,3110.0,3097.5,3137.599951171875,3101.0399658203123,23.25053652572738,48.45738265083708,62.800048828125,20.800048828125,3035.39990234375
2025-09-18,3185.0,3203.0,3161.39990234375,3176.699951171875,2633138,3107.074987792969,3116.0919970703126,0.001229167386451,0.0118179336614312,3172.800048828125,3145.699951171875,3111.89990234375,3124.199951171875,3095.699951171875,3148.099951171875,3109.1399658203127,27.204548309687937,53.92678063539343,52.5,-8.300048828125,2957.39990234375
2025-09-19,3170.0,3180.5,3144.0,3169.199951171875,4901694,3110.40498046875,3111.799995117188,-0.0023609406350239,0.0118464462270145,3176.699951171875,3172.800048828125,3145.699951171875,3133.39990234375,3048.300048828125,3155.2599609375,3121.2299560546876,27.079234018745748,52.299252947099546,35.800048828125,-0.800048828125,2899.10009765625
2025-09-22,3095.0,3106.89990234375,3065.0,3073.800048828125,3634901,3111.394982910156,3105.63599609375,-0.0301022036518945,0.0132771591636564,3169.199951171875,3176.699951171875,3172.800048828125,3111.89990234375,3019.0,3147.639990234375,3126.7099609375,43.00709968191108,42.31526435754883,-38.099853515625,-21.199951171875,2896.10009765625
2025-09-23,3070.0,3080.699951171875,3052.0,3062.39990234375,3177741,3107.484973144531,3101.563994140625,-0.0037088119927388,0.0115479516247444,3073.800048828125,3169.199951171875,3176.699951171875,3145.699951171875,3049.39990234375,3130.97998046875,3128.0099609375,57.603757901033305,39.80127420546254,-83.300048828125,-7.60009765625,2888.39990234375
2025-09-24,3050.0,3057.0,3033.0,3035.39990234375,1625714,3101.394970703125,3097.8179931640625,-0.0088166147012139,0.0115618756867163,3062.39990234375,3073.800048828125,3169.199951171875,3172.800048828125,3110.0,3103.499951171875,3120.549951171875,64.9685402008091,49.38850480081425,-137.400146484375,-14.60009765625,2914.199951171875
2025-09-25,3022.0,3029.60009765625,2951.0,2957.39990234375,4974361,3094.579968261719,3091.919990234375,-0.0256967788460996,0.0120805865611311,3035.39990234375,3062.39990234375,3073.800048828125,3176.699951171875,3124.199951171875,3059.63994140625,3103.8699462890627,76.24324043427418,71.31729567522883,-219.300048828125,-64.60009765625,2901.89990234375
2025-09-26,2941.0,2954.800048828125,2891.300048828125,2899.10009765625,3934636,3085.2999755859373,3085.239990234375,-0.019713196257732,0.012702292106535,2957.39990234375,3035.39990234375,3062.39990234375,3169.199951171875,3133.39990234375,3005.619970703125,3080.4399658203124,74.88488893841188,95.06982388323463,-270.099853515625,-41.89990234375,2988.39990234375
2025-09-29,2916.0,2929.300048828125,2894.0,2896.10009765625,3110035,3074.474975585937,3078.9779931640624,-0.0010348038698027,0.0123946220064654,2899.10009765625,2957.39990234375,3035.39990234375,3073.800048828125,3111.89990234375,2970.07998046875,3058.8599853515625,76.58591805131148,110.39270634978574,-177.699951171875,-19.89990234375,2973.699951171875
2025-09-30,2911.0,2915.300048828125,2885.10009765625,2888.39990234375,2253458,3063.319970703125,3072.9479931640626,-0.0026588153215876,0.0123742806041852,2896.10009765625,2899.10009765625,2957.39990234375,3062.39990234375,3145.699951171875,2935.27998046875,3033.12998046875,62.36000032582842,117.65017602089567,-174.0,-22.60009765625,3027.199951171875
2025-10-01,2891.0,2924.800048828125,2866.60009765625,2914.199951171875,1952902,3054.1549682617188,3068.0679931640625,0.0089322980544315,0.0126857480332773,2888.39990234375,2896.10009765625,2899.10009765625,3035.39990234375,3172.800048828125,2911.039990234375,3007.269970703125,27.557039974558563,111.81497518568997,-121.199951171875,23.199951171875,3061.699951171875
2025-10-03,2924.0,2924.0,2891.10009765625,2901.89990234375,2899519,3044.4649658203125,3062.9139892578123,-0.0042207291998542,0.0126758016928673,2914.199951171875,2888.39990234375,2896.10009765625,2957.39990234375,3176.699951171875,2899.939990234375,2979.7899658203123,9.431484036158041,98.52699823049639,-55.5,-22.10009765625,3028.300048828125
2025-10-06,2902.0,2993.60009765625,2895.60009765625,2988.39990234375,2112774,3041.4699584960936,3059.0999853515623,0.0298080577934949,0.0143075548396411,2901.89990234375,2914.199951171875,2888.39990234375,2899.10009765625,3169.199951171875,2917.799951171875,2961.7099609375,40.57514994398481,73.25544887829307,89.2998046875,86.39990234375,3007.199951171875
2025-10-07,2995.0,3004.5,2955.5,2973.699951171875,3062943,3039.2049560546875,3055.613984375,-0.0049190040330098,0.014195101107125,2988.39990234375,2901.89990234375,2914.199951171875,2896.10009765625,3073.800048828125,2933.319921875,2951.699951171875,44.81894152079651,62.24933397292453,77.599853515625,-21.300048828125,2960.300048828125
2025-10-08,2975.0,3043.0,2968.0,3027.199951171875,4121889,3038.0949584960936,3053.441982421875,0.0179910552101656,0.0146145461082449,2973.699951171875,2988.39990234375,2901.89990234375,2888.39990234375,3062.39990234375,2961.079931640625,2948.1799560546874,52.386809196910804,55.97289361323649,138.800048828125,52.199951171875,2969.800048828125
2025-10-09,3034.0,3066.0,3020.0,3061.699951171875,3211304,3035.6799560546874,3053.08998046875,0.0113966703741008,0.0141142121361532,3027.199951171875,2973.699951171875,2988.39990234375,2914.199951171875,3035.39990234375,2990.579931640625,2950.8099609375,60.31773552002031,60.92525874549679,147.5,27.699951171875,2970.699951171875
2025-10-10,3050.0,3070.0,3006.89990234375,3028.300048828125,8817365,3030.8849609375,3052.5359814453127,-0.01090894041755,0.0142347171133848,3061.699951171875,3027.199951171875,2973.699951171875,2901.89990234375,2957.39990234375,3015.8599609375,2957.8999755859377,35.05772779053835,65.7145237585021,126.400146484375,-21.699951171875,2962.199951171875
2025-10-13,3027.0,3035.5,2998.199951171875,3007.199951171875,2866865,3024.5749633789064,3051.607978515625,-0.0069676377228258,0.0142457974660032,3028.300048828125,3061.699951171875,3027.199951171875,2988.39990234375,2899.10009765625,3019.619970703125,2968.7099609375,32.27394341927574,63.83145498583621,18.800048828125,-19.800048828125,3015.199951171875
2025-10-14,3021.0,3027.199951171875,2955.5,2960.300048828125,3611416,3016.994970703125,3050.077978515625,-0.0155958709448215,0.01453501242141,3007.199951171875,3028.300048828125,3061.699951171875,2973.699951171875,2896.10009765625,3016.939990234375,2975.1299560546877,37.218016995347206,58.742813095540626,-13.39990234375,-60.699951171875,3006.699951171875
2025-10-15,2971.0,2979.699951171875,2951.0,2969.800048828125,4282226,3008.1999755859374,3049.4139794921875,0.0032091341564381,0.0142659512561039,2960.300048828125,3007.199951171875,3028.300048828125,3027.199951171875,2888.39990234375,3005.460009765625,2983.269970703125,41.82905890584691,50.442673868432266,-57.39990234375,-1.199951171875,3073.199951171875
2025-10-16,2969.89990234375,2975.0,2943.10009765625,2970.699951171875,3251495,2998.094970703125,3047.33998046875,0.0003030178223968,0.014035854971359,2969.800048828125,2960.300048828125,3007.199951171875,3061.699951171875,2914.199951171875,2987.260009765625,2988.919970703125,29.102454105530413,44.681941313568245,-91.0,0.800048828125,3063.199951171875
2025-10-17,2970.0,2988.800048828125,2955.39990234375,2962.199951171875,4374683,2987.369970703125,3045.3059814453127,-0.0028612785335816,0.0139977957023823,2970.699951171875,2969.800048828125,2960.300048828125,3028.300048828125,2901.89990234375,2974.039990234375,2994.9499755859374,19.089843427171587,34.554530935506016,-66.10009765625,-7.800048828125,3084.89990234375
2025-10-20,2985.5,3023.0,2978.5,3015.199951171875,3133039,2979.669970703125,3044.963979492188,0.0178921075125373,0.0147869807663347,2962.199951171875,2970.699951171875,2969.800048828125,3007.199951171875,2988.39990234375,2975.639990234375,2997.62998046875,22.580123246428958,35.02613986342497,8.0,29.699951171875,3057.89990234375
2025-10-21,3031.10009765625,3031.800048828125,2996.0,3006.699951171875,310644,2976.3149658203124,3044.157978515625,-0.002819050191579,0.0132765964426325,3015.199951171875,2962.199951171875,2970.699951171875,2960.300048828125,2973.699951171875,2984.919970703125,3000.92998046875,24.17780514689806,34.06234860108481,46.39990234375,-24.400146484375,3057.60009765625
2025-10-23,3055.0,3098.0,3036.10009765625,3073.199951171875,5564758,2976.8549682617186,3044.893979492188,0.0221172717863256,0.014223439955878,3006.699951171875,3015.199951171875,2962.199951171875,2969.800048828125,3027.199951171875,3005.599951171875,3005.52998046875,44.05876757242123,40.50161812224889,103.39990234375,18.199951171875,3035.300048828125
2025-10-24,3080.0,3090.0,3058.300048828125,3063.199951171875,2684318,2978.244970703125,3045.3419775390626,-0.0032539373157892,0.0140901281524209,3073.199951171875,3006.699951171875,3015.199951171875,2970.699951171875,3061.699951171875,3024.099951171875,3005.67998046875,45.147535923908066,40.73486705622337,92.5,-16.800048828125,3058.0
2025-10-27,3066.5,3094.199951171875,3060.199951171875,3084.89990234375,1946312,2984.619970703125,3046.3319775390623,0.007084079236673,0.0127158738009635,3063.199951171875,3073.199951171875,3006.699951171875,2962.199951171875,3028.300048828125,3048.63994140625,3011.3399658203125,35.38067431164998,47.583539093885044,122.699951171875,18.39990234375,3016.800048828125
2025-10-28,3076.0,3090.199951171875,3040.199951171875,3057.89990234375,3470737,2992.5599609375,3046.7659765625,-0.0087523099143304,0.0119344129238418,3084.89990234375,3063.199951171875,3073.199951171875,3015.199951171875,3007.199951171875,3057.179931640625,3016.4099609375,30.041742720175588,49.74532719226366,42.699951171875,-18.10009765625,2990.199951171875
2025-10-29,3057.89990234375,3076.0,3046.10009765625,3057.60009765625,2895420,3000.6349609375,3047.4719775390627,-9.804267538982005e-05,0.0119206609411983,3057.89990234375,3084.89990234375,3063.199951171875,3006.699951171875,2960.300048828125,3067.3599609375,3026.1399658203127,11.659849394287729,46.990487657942545,50.900146484375,-0.2998046875,3010.89990234375
2025-10-30,3049.10009765625,3063.800048828125,3032.800048828125,3035.300048828125,2241536,3007.9799682617186,3047.9539794921875,-0.0072933176726475,0.0120760621384128,3057.60009765625,3057.89990234375,3084.89990234375,3073.199951171875,2969.800048828125,3059.77998046875,3032.6899658203124,17.679510107608312,42.62712913809876,-37.89990234375,-13.800048828125,2991.800048828125
2025-10-31,3035.0,3067.39990234375,3025.10009765625,3058.0,1868085,3015.169970703125,3048.78998046875,0.0074786514699392,0.0120399615646872,3035.300048828125,3057.60009765625,3057.89990234375,3063.199951171875,2970.699951171875,3058.739990234375,3041.419970703125,17.580703505555704,37.1024936396619,-5.199951171875,23.0,3025.199951171875
2025-11-03,3046.89990234375,3058.0,3010.0,3016.800048828125,2194877,3020.914978027344,3047.153979492188,-0.0134728421098349,0.0124806309201121,3058.0,3035.300048828125,3057.60009765625,3084.89990234375,2962.199951171875,3045.12001953125,3046.87998046875,18.597205548285775,26.711560752942432,-68.099853515625,-30.099853515625,3047.0
2025-11-04,3019.60009765625,3029.300048828125,2976.0,2990.199951171875,2670720,3021.00498046875,3044.9059765625,-0.0088173220716377,0.0108336513112458,3016.800048828125,3058.0,3035.300048828125,3057.89990234375,3015.199951171875,3031.580029296875,3044.37998046875,28.808228177828386,30.854621057769034,-67.699951171875,-29.400146484375,3131.800048828125
2025-11-06,2990.10009765625,3024.0,2990.0,3010.89990234375,2542721,3022.864978027344,3044.043974609375,0.0069225976556392,0.010869268117866,2990.199951171875,3016.800048828125,3058.0,3057.60009765625,3006.699951171875,3022.239990234375,3044.7999755859373,25.661732637865324,30.308480349794472,-46.7001953125,20.7998046875,3105.699951171875
2025-11-07,3001.0,3004.0,2960.5,2991.800048828125,1830520,3021.0949829101564,3041.0679736328125,-0.0063435697416434,0.0101686208434023,3010.89990234375,2990.199951171875,3016.800048828125,3035.300048828125,3073.199951171875,3013.539990234375,3036.6599853515627,27.439355815384072,32.672235992792544,-43.5,-9.199951171875,3106.0
2025-11-10,2993.0,3047.89990234375,2992.0,3025.199951171875,1556656,3019.269982910156,3038.4279736328126,0.0111638150272885,0.0101543588637995,2991.800048828125,3010.89990234375,2990.199951171875,3058.0,3063.199951171875,3006.97998046875,3032.8599853515625,15.457737304762524,31.428645179861086,-32.800048828125,32.199951171875,3102.199951171875
2025-11-11,3045.0,3055.699951171875,3018.0,3047.0,2806868,3020.20498046875,3037.493974609375,0.0072061513883339,0.0099883506885877,3025.199951171875,2991.800048828125,3010.89990234375,3016.800048828125,3084.89990234375,3013.019970703125,3029.0699951171873,23.86696137380187,26.326970612138815,30.199951171875,2.0,3087.10009765625
2025-11-12,3060.0,3136.39990234375,3057.10009765625,3131.800048828125,4460315,3026.4349853515623,3038.4359765625,0.0278306691263947,0.0115537994912306,3047.0,3025.199951171875,2991.800048828125,2990.199951171875,3057.89990234375,3041.339990234375,3036.460009765625,54.443464983403594,41.38459409306682,141.60009765625,71.800048828125,3147.699951171875
2025-11-13,3131.800048828125,3131.89990234375,3102.0,3105.699951171875,1740435,3033.70498046875,3038.2979736328125,-0.0083338965608664,0.0110726632546775,3131.800048828125,3047.0,3025.199951171875,3010.89990234375,3057.60009765625,3060.3,3041.2699951171876,57.60763683558082,46.58334017093171,94.800048828125,-26.10009765625,3144.800048828125
2025-11-14,3090.0,3113.10009765625,3077.300048828125,3106.0,2210794,3040.514978027344,3038.1879736328124,9.661230409974132e-05,0.0110834198584396,3105.699951171875,3131.800048828125,3047.0,2991.800048828125,3035.300048828125,3083.139990234375,3048.339990234375,44.895657381976676,50.75491568660709,114.199951171875,16.0,3150.60009765625
2025-11-17,3106.0,3123.5,3086.60009765625,3102.199951171875,2232853,3047.089978027344,3038.28197265625,-0.0012234542266983,0.0111031516322484,3106.0,3105.699951171875,3131.800048828125,3025.199951171875,3058.0,3098.539990234375,3052.7599853515626,31.156516940337383,53.53790892893782,77.0,-3.800048828125,3141.199951171875
2025-11-18,3102.0,3105.0,3078.0,3087.10009765625,2548350,3053.3349853515624,3038.1099755859377,-0.0048674662347025,0.0111604465030698,3102.199951171875,3106.0,3105.699951171875,3047.0,3016.800048828125,3106.560009765625,3059.789990234375,16.0920102368024,52.90314611958864,40.10009765625,-14.89990234375,3119.199951171875
2025-11-19,3097.0,3155.0,3083.5,3147.699951171875,3151053,3059.9599853515624,3040.0979736328127,0.0196300254603447,0.0112956117829481,3087.10009765625,3102.199951171875,3106.0,3131.800048828125,2990.199951171875,3109.739990234375,3075.539990234375,22.58697081267414,53.32650843776655,15.89990234375,50.699951171875,3162.89990234375
2025-11-20,3148.0,3164.5,3138.10009765625,3144.800048828125,2700767,3066.864990234375,3042.613974609375,-0.0009212766110919,0.0112590295026706,3147.699951171875,3087.10009765625,3102.199951171875,3105.699951171875,3010.89990234375,3117.560009765625,3088.9300048828127,27.14685648281978,52.08874729250066,39.10009765625,-3.199951171875,3136.60009765625
2025-11-21,3144.800048828125,3170.0,3135.199951171875,3150.60009765625,4177037,3070.734997558594,3044.637978515625,0.0018443299217978,0.0102489844539114,3144.800048828125,3147.699951171875,3087.10009765625,3106.0,2991.800048828125,3126.480029296875,3104.810009765625,29.614131371038866,42.5132198775818,44.60009765625,5.800048828125,3137.5
2025-11-24,3158.0,3178.89990234375,3131.0,3141.199951171875,6703764,3074.6349975585936,3045.2619775390626,-0.0029836050888742,0.0102428473002246,3150.60009765625,3144.800048828125,3147.699951171875,3102.199951171875,3025.199951171875,3134.280029296875,3116.410009765625,26.603294033326375,33.17835838395501,39.0,-16.800048828125,3133.39990234375
2025-11-25,3145.300048828125,3149.800048828125,3115.0,3119.199951171875,2737920,3076.35,3045.1619775390627,-0.0070036929651016,0.0103088772391259,3141.199951171875,3150.60009765625,3144.800048828125,3087.10009765625,3047.0,3140.7,3123.6300048828125,12.513230010588092,22.548668864263753,32.099853515625,-26.10009765625,3135.699951171875
2025-11-26,3118.800048828125,3178.0,3117.0,3162.89990234375,2508527,3081.6,3045.7519775390624,0.0140099871300194,0.0104767932509689,3119.199951171875,3141.199951171875,3150.60009765625,3147.699951171875,3131.800048828125,3143.739990234375,3126.739990234375,15.999627696679502,25.722098902623404,15.199951171875,44.099853515625,3180.0
2025-11-27,3180.0,3180.0,3125.0,3136.60009765625,2836233,3085.55,3046.2459814453123,-0.0083150923201874,0.010711212119987,3162.89990234375,3119.199951171875,3141.199951171875,3144.800048828125,3105.699951171875,3142.1,3129.8300048828123,16.281575842729353,24.751417281420675,-8.199951171875,-43.39990234375,3229.199951171875
2025-11-28,3140.0,3147.300048828125,3125.0,3137.5,1616690,3090.6599975585937,3046.081982421875,0.0002869037542982,0.0105224550723801,3136.60009765625,3162.89990234375,3119.199951171875,3150.60009765625,3106.0,3139.47998046875,3132.9800048828124,15.61205204164225,23.3462550157268,-13.10009765625,-2.5,3238.199951171875
2025-12-01,3137.89990234375,3154.0,3122.199951171875,3133.39990234375,1747647,3094.429992675781,3045.293979492188,-0.0013068040338645,0.010452077985403,3137.5,3136.60009765625,3162.89990234375,3141.199951171875,3102.199951171875,3137.919970703125,3136.1,15.78595557961313,20.711911552564086,-7.800048828125,-4.5,3236.5
2025-12-02,3131.0,3144.0,3120.39990234375,3135.699951171875,2512003,3100.374987792969,3044.4739794921875,0.0007340425415871,0.0098635797063489,3133.39990234375,3137.5,3136.60009765625,3119.199951171875,3087.10009765625,3141.219970703125,3140.9599853515624,12.215000304080766,11.661067964457756,16.5,4.699951171875,3208.300048828125
2025-12-03,3140.0,3211.89990234375,3139.0,3180.0,3952112,3109.864990234375,3044.68998046875,0.0141276427968082,0.0098759485429584,3135.699951171875,3133.39990234375,3137.5,3162.89990234375,3147.699951171875,3144.639990234375,3144.189990234375,19.825573750010197,16.99081727060199,17.10009765625,40.0,3189.199951171875
2025-12-04,3194.0,3250.0,3187.39990234375,3229.199951171875,5025905,3120.779992675781,3047.797978515625,0.0154716827584513,0.0102275973953099,3180.0,3135.699951171875,3133.39990234375,3136.60009765625,3144.800048828125,3163.1599609375,3152.62998046875,41.6623752471243,31.8192425694676,92.599853515625,35.199951171875,3191.89990234375
2025-12-05,3230.0,3271.60009765625,3222.39990234375,3238.199951171875,5244013,3133.099987792969,3051.313979492188,0.002787068046602,0.009962847001502,3229.199951171875,3180.0,3135.699951171875,3137.5,3150.60009765625,3183.299951171875,3161.3899658203127,49.71791566122308,41.71717446429202,100.699951171875,8.199951171875,3220.5
2025-12-08,3243.0,3259.89990234375,3208.60009765625,3236.5,2544725,3143.664990234375,3055.3359814453124,-0.0005249679443851,0.0098635557089028,3238.199951171875,3229.199951171875,3180.0,3133.39990234375,3141.199951171875,3203.919970703125,3170.919970703125,45.00496874153352,47.1269849801386,103.10009765625,-6.5,3230.199951171875
2025-12-09,3230.0,3233.699951171875,3181.199951171875,3208.300048828125,2734893,3151.729992675781,3060.353984375,-0.008713100933686,0.0101798086129279,3236.5,3238.199951171875,3229.199951171875,3135.699951171875,3119.199951171875,3218.439990234375,3179.82998046875,24.56037473911471,44.6181347037124,72.60009765625,-21.699951171875,3205.10009765625
2025-12-10,3225.0,3225.0,3178.10009765625,3189.199951171875,1386849,3154.599987792969,3066.1559814453126,-0.0059533389538258,0.0084310207225067,3208.300048828125,3236.5,3238.199951171875,3180.0,3162.89990234375,3220.27998046875,3182.4599853515624,21.05508990807002,44.28318096670627,9.199951171875,-35.800048828125,3217.800048828125
2025-12-11,3205.0,3208.39990234375,3153.10009765625,3191.89990234375,1914362,3158.9099853515627,3072.0719775390626,0.0008465920021361,0.0081444569700241,3189.199951171875,3208.300048828125,3236.5,3229.199951171875,3136.60009765625,3212.819970703125,3187.9899658203126,23.563061519400158,41.2703511310429,-37.300048828125,-13.10009765625,3280.800048828125
2025-12-12,3197.699951171875,3223.0,3185.699951171875,3220.5,1146554,3164.6349853515626,3078.713979492188,0.0089602113259408,0.0083092264394909,3191.89990234375,3189.199951171875,3208.300048828125,3238.199951171875,3137.5,3209.27998046875,3196.2899658203123,19.830867730495086,38.22149281366448,-17.699951171875,22.800048828125,3282.0
2025-12-15,3211.10009765625,3238.199951171875,3197.300048828125,3230.199951171875,1562190,3171.0349853515627,3085.0339794921874,0.0030119395037648,0.0082808501573964,3220.5,3191.89990234375,3189.199951171875,3236.5,3133.39990234375,3208.019970703125,3205.969970703125,17.76112924104355,32.32756768746785,-6.300048828125,19.099853515625,3324.89990234375
2025-12-16,3220.0,3220.0,3191.10009765625,3205.10009765625,1734623,3176.9349853515623,3091.097983398437,-0.007770371461531,0.0084326410587043,3230.199951171875,3220.5,3191.89990234375,3208.300048828125,3135.699951171875,3207.37998046875,3212.9099853515627,17.806109380080095,21.04726874411005,-3.199951171875,-14.89990234375,3310.0
2025-12-17,3200.5,3236.89990234375,3200.5,3217.800048828125,1376350,3180.439990234375,3095.685986328125,0.0039624195141867,0.0073593734529496,3205.10009765625,3230.199951171875,3220.5,3189.199951171875,3180.0,3213.1,3216.689990234375,14.855145297260057,17.59055589452408,28.60009765625,17.300048828125,3319.0
2025-12-18,3228.0,3287.800048828125,3221.0,3280.800048828125,2307422,3187.239990234375,3101.82798828125,0.0195785937733898,0.0084113931192194,3217.800048828125,3205.10009765625,3230.199951171875,3191.89990234375,3229.199951171875,3230.880029296875,3221.85,29.308303554274058,26.81664572721107,88.900146484375,52.800048828125,3280.0
2025-12-19,3299.0,3317.89990234375,3278.800048828125,3282.0,3902511,3193.8099853515623,3106.9239892578125,0.0003657495592588,0.0084207369762015,3280.800048828125,3217.800048828125,3205.10009765625,3220.5,3238.199951171875,3243.180029296875,3226.2300048828124,36.003343682920935,32.712636976271405,61.5,-17.0,3251.5
2025-12-22,3310.0,3328.60009765625,3291.0,3324.89990234375,2632816,3202.994982910156,3112.18798828125,0.0130712682339275,0.0086741980556357,3282.0,3280.800048828125,3217.800048828125,3230.199951171875,3236.5,3262.12001953125,3235.0699951171873,49.75188965676829,45.313563278901626,94.699951171875,14.89990234375,3246.800048828125
